base,name,family,x,y,z
1.2,muon,lepton,-0.6269165567621628,-0.1183351404662385,16.74918461424223
1.2,tau,lepton,0.282522214619719,0.3157712342706104,11.09597171977255
1.2,neutron,baryon,0.5863178914875102,0.8100810639199266,26.300073716822478
1.2,Lambda,baryon,0.42717774984354395,-0.3104162085377314,13.84879890259473
1.2,Sigma_plus,baryon,0.040483583697558355,-0.5080219621381533,13.362837396118582
1.2,Xi_minus,baryon,-0.04223883002065477,0.5214307175913533,13.719169493736818
1.2,Omega_minus,baryon,0.03895224219188254,-0.5141597087857065,13.521150664275083
1.2,Delta_1232,baryon,0.004043787250525547,-0.010826754867518258,0.22225309913704822
1.2,pi0,meson,-0.1144338665014852,0.21913470947687233,6.439541066697468
1.2,pi_plus,meson,-0.07607599147045024,-0.564451892272021,14.943771874719356
1.2,K_plus,meson,-0.5049451330492922,-0.28151092836329716,15.169617903259415
1.2,K_short,meson,-0.4214001956974243,-0.2636977012749048,13.032361426487812
1.2,K_long,meson,-0.5012605957954103,0.3326621724735567,15.789274872247002
1.2,eta,meson,0.15619159787601938,-0.10087728190935462,4.82282926003031
1.2,rho_770,meson,0.0,-0.0,-0.08265966936381419
1.2,omega_782,meson,-0.00597273268134578,-0.04696286531186195,1.1663292053773442
1.2,phi_1020,meson,0.06267470175779384,-0.00733531576335275,1.582156678747984
1.2,D0,meson,-0.12336346692156476,0.41213306758051665,11.267197457307917
1.2,D_plus,meson,-0.3145044657839178,0.31544492128489027,11.669317322546195
1.2,Ds_plus,meson,-0.159442255803372,-0.4040634882522537,11.377567751184174
1.2,J_psi,meson,0.1405076057417906,0.03287257862399154,3.7244148040524654
1.2,B_plus,meson,-0.3857028423994228,-0.2687839328042366,12.320353652430827
1.2,B0,meson,0.20950203153713093,0.4194462061020699,12.287050836244319
1.2,Bs0,meson,-0.03685392434163215,0.46766524892271627,12.293879496489762
1.2,Upsilon_1S,meson,0.10800453755327934,0.13338418018759687,4.445367569337434
1.2,W,boson,0.031685833320371906,-0.009255262848267106,0.7882310922760309
1.2,Z,boson,-0.016988742645453057,-0.027270258157000717,0.7649959817301074
1.2,Higgs,boson,-0.1380894544997796,-0.03643212674917483,3.685178675832777
1.2,top,quark,-0.03445360563600702,0.03093228015862645,1.1389084362748172
1.40418410041841,muon,lepton,-0.4856657110051689,-0.4137105168660017,16.74918461424223
1.40418410041841,tau,lepton,-0.04168119366662019,0.4216550156715096,11.09597171977255
1.40418410041841,neutron,baryon,-0.7994681513813867,0.6007084774887301,26.300073716822478
1.40418410041841,Lambda,baryon,0.4891561871353945,-0.19891022364749555,13.84879890259473
1.40418410041841,Sigma_plus,baryon,-0.3194428197185814,-0.3970913238713966,13.362837396118582
1.40418410041841,Xi_minus,baryon,0.4873215652929019,0.190241436101138,13.719169493736818
1.40418410041841,Omega_minus,baryon,-0.10918077819163524,-0.5039415055180972,13.521150664275083
1.40418410041841,Delta_1232,baryon,-0.011544190438361501,-0.0005500031015241214,0.22225309913704822
1.40418410041841,pi0,meson,-0.10470078970393928,-0.22394837649638022,6.439541066697468
1.40418410041841,pi_plus,meson,-0.37906810943269087,0.4250892418996306,14.943771874719356
1.40418410041841,K_plus,meson,0.46307257050849193,-0.3460950514248803,15.169617903259415
1.40418410041841,K_short,meson,-0.40310303269141906,0.2908995490310654,13.032361426487812
1.40418410041841,K_long,meson,0.4842998918905559,0.35690323703602345,15.789274872247002
1.40418410041841,eta,meson,-0.041708805160644014,-0.18119717664620213,4.82282926003031
1.40418410041841,rho_770,meson,-0.0,0.0,-0.08265966936381419
1.40418410041841,omega_782,meson,0.04019151219667533,-0.02501652656400166,1.1663292053773442
1.40418410041841,phi_1020,meson,-0.00711681335996252,-0.06269988887849769,1.582156678747984
1.40418410041841,D0,meson,-0.38589328352601215,0.1901541061711461,11.267197457307917
1.40418410041841,D_plus,meson,0.25090051806906,0.36805908139201704,11.669317322546195
1.40418410041841,Ds_plus,meson,0.19528024962410734,0.388013865191688,11.377567751184174
1.40418410041841,J_psi,meson,-0.012024953505910369,0.1437998407157034,3.7244148040524654
1.40418410041841,B_plus,meson,-0.4242976210875501,-0.2024426188038284,12.320353652430827
1.40418410041841,B0,meson,-0.2634253905858442,0.38785729930774865,12.287050836244319
1.40418410041841,Bs0,meson,-0.3638420431578916,0.29612153656905116,12.293879496489762
1.40418410041841,Upsilon_1S,meson,0.09770418814580889,0.14110354806022213,4.445367569337434
1.40418410041841,W,boson,-0.018843610655687456,0.027102956684719213,0.7882310922760309
1.40418410041841,Z,boson,0.01199902532173767,0.029804492076718866,0.7649959817301074
1.40418410041841,Higgs,boson,0.1427913912044484,-0.0025721394621628013,3.685178675832777
1.40418410041841,top,quark,-0.00713082969856111,-0.045749406170390555,1.1389084362748172
1.60836820083682,muon,lepton,0.35906538353799616,0.5273515193458744,16.74918461424223
1.60836820083682,tau,lepton,0.03546116944828884,-0.4222236132759216,11.09597171977255
1.60836820083682,neutron,baryon,-0.9095940863169248,0.4154980121941363,26.300073716822478
1.60836820083682,Lambda,baryon,0.4240315374279126,0.314700345965578,13.84879890259473
1.60836820083682,Sigma_plus,baryon,-0.00965465746284053,-0.5095409916316563,13.362837396118582
1.60836820083682,Xi_minus,baryon,-0.5159154337071771,0.0866335805105782,13.719169493736818
1.60836820083682,Omega_minus,baryon,-0.5136222368205461,-0.04549374851379505,13.521150664275083
1.60836820083682,Delta_1232,baryon,0.010234805650594312,0.0053683879874135395,0.22225309913704822
1.60836820083682,pi0,meson,0.07414145432098937,0.23583505984302172,6.439541066697468
1.60836820083682,pi_plus,meson,-0.47523148923620484,0.31392439664036315,14.943771874719356
1.60836820083682,K_plus,meson,-0.5780940953669758,-0.005020665291647444,15.169617903259415
1.60836820083682,K_short,meson,0.3028780464775182,0.39418205381962634,13.032361426487812
1.60836820083682,K_long,meson,-0.6014309713670443,-0.014390711326743267,15.789274872247002
1.60836820083682,eta,meson,-0.12562436887568032,0.1370786606188963,4.82282926003031
1.60836820083682,rho_770,meson,-0.0,-0.0,-0.08265966936381419
1.60836820083682,omega_782,meson,-0.02753265547764359,-0.03851151952769826,1.1663292053773442
1.60836820083682,phi_1020,meson,-0.03177058013296016,-0.05452114576741446,1.582156678747984
1.60836820083682,D0,meson,-0.3588564360291733,-0.23726413273960004,11.267197457307917
1.60836820083682,D_plus,meson,-0.43047929983550653,-0.11448200633981832,11.669317322546195
1.60836820083682,Ds_plus,meson,0.3017959659079172,0.3124233192896369,11.377567751184174
1.60836820083682,J_psi,meson,0.13833830056790772,0.04105494236586136,3.7244148040524654
1.60836820083682,B_plus,meson,-0.1569213556504346,-0.4431559243759878,12.320353652430827
1.60836820083682,B0,meson,-0.45790036142061635,-0.10076447807870603,12.287050836244319
1.60836820083682,Bs0,meson,-0.4274793701895452,-0.19321072654403723,12.293879496489762
1.60836820083682,Upsilon_1S,meson,-0.16646224824596512,-0.04179281714976532,4.445367569337434
1.60836820083682,W,boson,0.01390795969684154,-0.02993694340890424,0.7882310922760309
1.60836820083682,Z,boson,-0.00864600565428791,-0.030943996879021964,0.7649959817301074
1.60836820083682,Higgs,boson,0.08810109666301764,-0.11240193090106708,3.685178675832777
1.60836820083682,top,quark,-0.045994208026201994,-0.005328200932369797,1.1389084362748172
1.81255230125523,muon,lepton,0.3628785097173489,-0.5247349443261868,16.74918461424223
1.81255230125523,tau,lepton,0.409906620849266,-0.10726992276659551,11.09597171977255
1.81255230125523,neutron,baryon,0.4461434933253561,-0.8949614423892506,26.300073716822478
1.81255230125523,Lambda,baryon,-0.39137971964731066,-0.35448690742131256,13.84879890259473
1.81255230125523,Sigma_plus,baryon,-0.045788626238195226,-0.5075713115128901,13.362837396118582
1.81255230125523,Xi_minus,baryon,0.3918470053231975,0.3465978021115965,13.719169493736818
1.81255230125523,Omega_minus,baryon,-0.29942215802363836,0.41979025071438336,13.521150664275083
1.81255230125523,Delta_1232,baryon,0.007393551908782342,-0.00888291767726034,0.22225309913704822
1.81255230125523,pi0,meson,0.2245940878192375,-0.10330840438530453,6.439541066697468
1.81255230125523,pi_plus,meson,0.3531457833756894,-0.4468574166908811,14.943771874719356
1.81255230125523,K_plus,meson,-0.06946927401848961,-0.5739268334426234,15.169617903259415
1.81255230125523,K_short,meson,-0.47840641555767427,0.13506259343265384,13.032361426487812
1.81255230125523,K_long,meson,0.41210579828678573,0.43828656939313937,15.789274872247002
1.81255230125523,eta,meson,-0.08740818718761047,-0.16410926258154718,4.82282926003031
1.81255230125523,rho_770,meson,-0.0,-0.0,-0.08265966936381419
1.81255230125523,omega_782,meson,-0.047114769750741296,-0.004624145901410899,1.1663292053773442
1.81255230125523,phi_1020,meson,0.044482055403509226,0.044757924939117025,1.582156678747984
1.81255230125523,D0,meson,-0.3095341349390123,-0.29876550950836345,11.267197457307917
1.81255230125523,D_plus,meson,0.1921035909540867,0.40188899923362303,11.669317322546195
1.81255230125523,Ds_plus,meson,0.4135485359141512,0.13291630418240297,11.377567751184174
1.81255230125523,J_psi,meson,-0.12622380181279202,0.0699324356261526,3.7244148040524654
1.81255230125523,B_plus,meson,-0.14642095773715283,-0.4467352552732337,12.320353652430827
1.81255230125523,B0,meson,-0.4234070526796378,-0.2013769817351216,12.287050836244319
1.81255230125523,Bs0,meson,-0.38449292713925276,-0.2687641824522275,12.293879496489762
1.81255230125523,Upsilon_1S,meson,0.04192457892088377,0.16642911205291466,4.445367569337434
1.81255230125523,W,boson,0.031282017558543686,0.010539796063675447,0.7882310922760309
1.81255230125523,Z,boson,0.031206494322673466,-0.007644545029748224,0.7649959817301074
1.81255230125523,Higgs,boson,-0.015734835330796802,0.14194510298219995,3.685178675832777
1.81255230125523,top,quark,-0.039001370408246534,0.02495495949529876,1.1389084362748172
2.01673640167364,muon,lepton,0.6322312977089132,-0.08550532620248924,16.74918461424223
2.01673640167364,tau,lepton,-0.37400359269487277,0.19912706194222562,11.09597171977255
2.01673640167364,neutron,baryon,-0.47657083745125656,0.8791360741608821,26.300073716822478
2.01673640167364,Lambda,baryon,-0.5099374167617521,0.1371236065405405,13.84879890259473
2.01673640167364,Sigma_plus,baryon,0.3322935489695658,-0.3864016457999464,13.362837396118582
2.01673640167364,Xi_minus,baryon,0.5121438115784323,0.10669033822827018,13.719169493736818
2.01673640167364,Omega_minus,baryon,-0.38180975510824594,0.34655272934224424,13.521150664275083
2.01673640167364,Delta_1232,baryon,-0.0014817955390981881,-0.01146189854557926,0.22225309913704822
2.01673640167364,pi0,meson,0.16047586230512126,0.18804953687106157,6.439541066697468
2.01673640167364,pi_plus,meson,0.5389619308182497,0.18415627140106122,14.943771874719356
2.01673640167364,K_plus,meson,0.15686577996382997,-0.5564270996765633,15.169617903259415
2.01673640167364,K_short,meson,0.08781884470458307,-0.4892876997291561,13.032361426487812
2.01673640167364,K_long,meson,0.28229405092984006,-0.5312592349330193,15.789274872247002
2.01673640167364,eta,meson,0.09035849677957423,-0.16250348707710618,4.82282926003031
2.01673640167364,rho_770,meson,-0.0,-0.0,-0.08265966936381419
2.01673640167364,omega_782,meson,0.022397557944777713,-0.04170771693695577,1.1663292053773442
2.01673640167364,phi_1020,meson,0.021980933868038604,0.05915034779327516,1.582156678747984
2.01673640167364,D0,meson,0.42807573629306106,-0.04270098782684491,11.267197457307917
2.01673640167364,D_plus,meson,-0.1485702806920538,0.41993502956712536,11.669317322546195
2.01673640167364,Ds_plus,meson,-0.24745210237855697,0.3570106335988877,11.377567751184174
2.01673640167364,J_psi,meson,0.02234122105522094,0.14256178849342038,3.7244148040524654
2.01673640167364,B_plus,meson,-0.4383169159348165,0.16996989843527416,12.320353652430827
2.01673640167364,B0,meson,-0.23052868202987686,0.40826798526601743,12.287050836244319
2.01673640167364,Bs0,meson,-0.28571300438788544,0.3720713317537016,12.293879496489762
2.01673640167364,Upsilon_1S,meson,-0.14388396105266715,-0.09356134569473443,4.445367569337434
2.01673640167364,W,boson,-0.028162802510979423,-0.017219421544421135,0.7882310922760309
2.01673640167364,Z,boson,-0.03205146412867957,-0.0022333839416603094,0.7649959817301074
2.01673640167364,Higgs,boson,0.1173734817745992,0.08136008283932891,3.685178675832777
2.01673640167364,top,quark,-0.003364001544656625,-0.04617943688202356,1.1389084362748172
2.22092050209205,muon,lepton,-0.31988448411301784,0.551997727744815,16.74918461424223
2.22092050209205,tau,lepton,0.4203838265421557,0.052987852647470225,11.09597171977255
2.22092050209205,neutron,baryon,0.789606567893461,-0.6136134515633676,26.300073716822478
2.22092050209205,Lambda,baryon,0.5145010929808663,-0.11885990831995327,13.84879890259473
2.22092050209205,Sigma_plus,baryon,-0.47203904300172483,-0.19210511821841778,13.362837396118582
2.22092050209205,Xi_minus,baryon,-0.44206872531956326,-0.2797308601203734,13.719169493736818
2.22092050209205,Omega_minus,baryon,0.5122050685523502,0.059358664571061884,13.521150664275083
2.22092050209205,Delta_1232,baryon,-0.007290416416551758,-0.008967756952667478,0.22225309913704822
2.22092050209205,pi0,meson,-0.2145353554811407,-0.12284018865409468,6.439541066697468
2.22092050209205,pi_plus,meson,0.4061128493177513,0.39933175279045185,14.943771874719356
2.22092050209205,K_plus,meson,0.09183721786318202,-0.5707748379118365,15.169617903259415
2.22092050209205,K_short,meson,-0.3872732472337026,-0.311663335297176,13.032361426487812
2.22092050209205,K_long,meson,-0.5542753240623487,-0.23389136586794834,15.789274872247002
2.22092050209205,eta,meson,0.1614360418046941,-0.09225207671872002,4.82282926003031
2.22092050209205,rho_770,meson,0.0,-0.0,-0.08265966936381419
2.22092050209205,omega_782,meson,-0.03146509680281179,0.03537134344596747,1.1663292053773442
2.22092050209205,phi_1020,meson,-0.05780600048927392,-0.025305955923666683,1.582156678747984
2.22092050209205,D0,meson,-0.4285210331822711,-0.03797281244039728,11.267197457307917
2.22092050209205,D_plus,meson,-0.20353431466453037,-0.3962225891042787,11.669317322546195
2.22092050209205,Ds_plus,meson,0.21537368865892778,-0.37723110914622926,11.377567751184174
2.22092050209205,J_psi,meson,-0.0021325327006292798,-0.1442859868489027,3.7244148040524654
2.22092050209205,B_plus,meson,-0.4441090836812473,-0.1542031353783356,12.320353652430827
2.22092050209205,B0,meson,-0.45191542528696416,0.12489463326863727,12.287050836244319
2.22092050209205,Bs0,meson,-0.46413626550819914,0.06816541520028643,12.293879496489762
2.22092050209205,Upsilon_1S,meson,0.08090167775786267,-0.15136458698248406,4.445367569337434
2.22092050209205,W,boson,-0.005086123638374007,0.03261569054814074,0.7882310922760309
2.22092050209205,Z,boson,0.008464339309574543,0.03099418198106365,0.7649959817301074
2.22092050209205,Higgs,boson,-0.09483265869858318,-0.1067837260432163,3.685178675832777
2.22092050209205,top,quark,-0.01054848001749575,0.04508421526935723,1.1389084362748172
2.4251046025104603,muon,lepton,-0.6227508281140015,-0.13859646710871087,16.74918461424223
2.4251046025104603,tau,lepton,0.2290461239227218,-0.35646619371602745,11.09597171977255
2.4251046025104603,neutron,baryon,-0.6361444679330337,0.7715699682583541,26.300073716822478
2.4251046025104603,Lambda,baryon,0.5278940684380322,-0.01291917150114225,13.84879890259473
2.4251046025104603,Sigma_plus,baryon,-0.05438399094906543,-0.5067224250930172,13.362837396118582
2.4251046025104603,Xi_minus,baryon,-0.28261103728009956,-0.4402330219517995,13.719169493736818
2.4251046025104603,Omega_minus,baryon,0.3173769231924475,0.40638574278051737,13.521150664275083
2.4251046025104603,Delta_1232,baryon,-0.010207631584015659,-0.005419879494402917,0.22225309913704822
2.4251046025104603,pi0,meson,-0.01893444457260153,-0.2464885748036206,6.439541066697468
2.4251046025104603,pi_plus,meson,0.3117527378469921,-0.47665891957728196,14.943771874719356
2.4251046025104603,K_plus,meson,-0.5218633049514867,0.24875023843856783,15.169617903259415
2.4251046025104603,K_short,meson,0.3492991138736977,-0.35370147248569106,13.032361426487812
2.4251046025104603,K_long,meson,0.5828583545946114,0.1490048468045864,15.789274872247002
2.4251046025104603,eta,meson,-0.1813021691958925,-0.041250026634506706,4.82282926003031
2.4251046025104603,rho_770,meson,0.0,-0.0,-0.08265966936381419
2.4251046025104603,omega_782,meson,0.04641408051519051,0.009322949314048347,1.1663292053773442
2.4251046025104603,phi_1020,meson,0.04801522707450944,0.04094463416321843,1.582156678747984
2.4251046025104603,D0,meson,-0.09634946212426376,0.41927197797205545,11.267197457307917
2.4251046025104603,D_plus,meson,-0.21740531891736803,0.38878462504180333,11.669317322546195
2.4251046025104603,Ds_plus,meson,-0.3896951786870394,-0.19190310883965253,11.377567751184174
2.4251046025104603,J_psi,meson,-0.060963068158577,-0.13079181173672025,3.7244148040524654
2.4251046025104603,B_plus,meson,0.46507376186702915,0.06868683419372497,12.320353652430827
2.4251046025104603,B0,meson,0.43234548199515466,-0.1813935093380754,12.287050836244319
2.4251046025104603,Bs0,meson,0.45009543031774285,-0.13222367562736578,12.293879496489762
2.4251046025104603,Upsilon_1S,meson,-0.16166441142683566,-0.05762757789834518,4.445367569337434
2.4251046025104603,W,boson,0.03147104130707772,0.009961198855816075,0.7882310922760309
2.4251046025104603,Z,boson,0.03204380139227773,-0.0023407582009167837,0.7649959817301074
2.4251046025104603,Higgs,boson,-0.12575043836732958,-0.06769656234949513,3.685178675832777
2.4251046025104603,top,quark,0.04486705495277154,-0.011436969747193954,1.1389084362748172
2.6292887029288705,muon,lepton,0.5025634930384906,-0.3930108269203809,16.74918461424223
2.6292887029288705,tau,lepton,-0.38242351388253554,0.18243500260681733,11.09597171977255
2.6292887029288705,neutron,baryon,-0.6210928468521503,-0.7837369938883142,26.300073716822478
2.6292887029288705,Lambda,baryon,0.5260198706642657,-0.04628334636435534,13.84879890259473
2.6292887029288705,Sigma_plus,baryon,0.24139714609919372,-0.4488347718469025,13.362837396118582
2.6292887029288705,Xi_minus,baryon,-0.23082218176913677,-0.46946270609355434,13.719169493736818
2.6292887029288705,Omega_minus,baryon,0.1419366394697186,0.49571309614173065,13.521150664275083
2.6292887029288705,Delta_1232,baryon,-0.011360952029554642,-0.0021212273030020907,0.22225309913704822
2.6292887029288705,pi0,meson,-0.13002479777759116,0.2102586090101652,6.439541066697468
2.6292887029288705,pi_plus,meson,-0.47284109615017317,-0.3175134531940022,14.943771874719356
2.6292887029288705,K_plus,meson,0.39028447040481096,0.4264926990453284,15.169617903259415
2.6292887029288705,K_short,meson,0.48039491818905866,0.12780972251602815,13.032361426487812
2.6292887029288705,K_long,meson,-0.4683422398584102,-0.37760012216153144,15.789274872247002
2.6292887029288705,eta,meson,-0.18534858511013277,0.014762901142912895,4.82282926003031
2.6292887029288705,rho_770,meson,0.0,-0.0,-0.08265966936381419
2.6292887029288705,omega_782,meson,0.008298680423067138,-0.04660811256872246,1.1663292053773442
2.6292887029288705,phi_1020,meson,0.007314837288562207,-0.0626770951242825,1.582156678747984
2.6292887029288705,D0,meson,0.22361265271356792,-0.3675181518110853,11.267197457307917
2.6292887029288705,D_plus,meson,0.12371382463773348,-0.427917570281897,11.669317322546195
2.6292887029288705,Ds_plus,meson,0.351612833521282,0.25506381706816494,11.377567751184174
2.6292887029288705,J_psi,meson,0.09948642331435487,-0.10452485480878682,3.7244148040524654
2.6292887029288705,B_plus,meson,-0.265405335690858,0.3880354274490016,12.320353652430827
2.6292887029288705,B0,meson,-0.04750108315530095,0.4664438531384868,12.287050836244319
2.6292887029288705,Bs0,meson,-0.09489130737995399,0.45941771469224824,12.293879496489762
2.6292887029288705,Upsilon_1S,meson,-0.14589286627824272,-0.0903968540687884,4.445367569337434
2.6292887029288705,W,boson,0.023700009878908263,-0.022977411850261868,0.7882310922760309
2.6292887029288705,Z,boson,0.01406606994618498,-0.028886502607479693,0.7649959817301074
2.6292887029288705,Higgs,boson,0.024655484718182453,-0.14067019718769896,3.685178675832777
2.6292887029288705,top,quark,-0.010743494713240426,-0.04503814181868326,1.1389084362748172
2.8334728033472802,muon,lepton,0.6269995508330908,0.11789460490960967,16.74918461424223
2.8334728033472802,tau,lepton,-0.41554560656887585,-0.08277755135131917,11.09597171977255
2.8334728033472802,neutron,baryon,0.6130975537750982,0.7900072085462199,26.300073716822478
2.8334728033472802,Lambda,baryon,-0.39095632131504404,-0.3549538101051203,13.84879890259473
2.8334728033472802,Sigma_plus,baryon,-0.49119065831234116,-0.13585643801596375,13.362837396118582
2.8334728033472802,Xi_minus,baryon,-0.25414029228037954,0.45726012711474273,13.719169493736818
2.8334728033472802,Omega_minus,baryon,0.40332552347590056,-0.3212569149812472,13.521150664275083
2.8334728033472802,Delta_1232,baryon,-0.011540273267164005,0.0006268406560068321,0.22225309913704822
2.8334728033472802,pi0,meson,0.02059897507086711,0.2463550545980796,6.439541066697468
2.8334728033472802,pi_plus,meson,0.5532948652362697,0.13512322994531803,14.943771874719356
2.8334728033472802,K_plus,meson,-0.5622027909042561,-0.13470713447177998,15.169617903259415
2.8334728033472802,K_short,meson,0.1897164336168256,-0.4594804428995962,13.032361426487812
2.8334728033472802,K_long,meson,0.5025841598216542,-0.3306591420002751,15.789274872247002
2.8334728033472802,eta,meson,-0.0972008290945065,-0.15850564682630108,4.82282926003031
2.8334728033472802,rho_770,meson,0.0,-0.0,-0.08265966936381419
2.8334728033472802,omega_782,meson,-0.04169082400276188,-0.022428986779469914,1.1663292053773442
2.8334728033472802,phi_1020,meson,-0.06309688609784682,0.0008414645160926108,1.582156678747984
2.8334728033472802,D0,meson,0.36300559452761955,-0.23086608392287541,11.267197457307917
2.8334728033472802,D_plus,meson,0.1346201086701658,-0.424612745574236,11.669317322546195
2.8334728033472802,Ds_plus,meson,0.24673819558312157,0.35750440321013155,11.377567751184174
2.8334728033472802,J_psi,meson,0.014442963488660018,0.14357713781220954,3.7244148040524654
2.8334728033472802,B_plus,meson,0.03484330340563577,0.46882558524091794,12.320353652430827
2.8334728033472802,B0,meson,0.23976579533332273,0.4029126262848861,12.287050836244319
2.8334728033472802,Bs0,meson,0.20063671863260857,0.42404469566976594,12.293879496489762
2.8334728033472802,Upsilon_1S,meson,0.08073560891985551,-0.15145323076367562,4.445367569337434
2.8334728033472802,W,boson,-0.0015251365096829272,-0.03297462482309292,0.7882310922760309
2.8334728033472802,Z,boson,-0.011587815255331008,-0.029966763159060363,0.7649959817301074
2.8334728033472802,Higgs,boson,0.08589268423141543,0.11409839656645923,3.685178675832777
2.8334728033472802,top,quark,-0.04600823518520753,-0.005205688453594049,1.1389084362748172
3.03765690376569,muon,lepton,-0.1565224873465104,-0.6184887109451166,16.74918461424223
3.03765690376569,tau,lepton,0.4234999889218076,-0.013342920581494298,11.09597171977255
3.03765690376569,neutron,baryon,-0.9997511081299444,-0.02230967935556869,26.300073716822478
3.03765690376569,Lambda,baryon,-0.16358478137448146,-0.50207476712836,13.84879890259473
3.03765690376569,Sigma_plus,baryon,-0.17931078577777199,-0.47704599009681914,13.362837396118582
3.03765690376569,Xi_minus,baryon,-0.4750578048735199,0.21907577236677755,13.719169493736818
3.03765690376569,Omega_minus,baryon,0.5112098320125993,0.06739429474389869,13.521150664275083
3.03765690376569,Delta_1232,baryon,-0.011204791267450253,0.0028325763787961306,0.22225309913704822
3.03765690376569,pi0,meson,-0.1391199268986169,0.2043545366262185,6.439541066697468
3.03765690376569,pi_plus,meson,0.5588289199740827,-0.1100169685470264,14.943771874719356
3.03765690376569,K_plus,meson,-0.5335514912180045,0.22257761881459795,15.169617903259415
3.03765690376569,K_short,meson,0.4964926921349724,0.024690266261505483,13.032361426487812
3.03765690376569,K_long,meson,-0.108047564459677,-0.5918209439571466,15.789274872247002
3.03765690376569,eta,meson,0.18583245774120585,-0.006191841595720077,4.82282926003031
3.03765690376569,rho_770,meson,0.0,-0.0,-0.08265966936381419
3.03765690376569,omega_782,meson,-0.041058289217213495,0.023566950174737335,1.1663292053773442
3.03765690376569,phi_1020,meson,-0.011363594338979918,0.06207087740217308,1.582156678747984
3.03765690376569,D0,meson,-0.25249516815285994,0.34830791036623565,11.267197457307917
3.03765690376569,D_plus,meson,0.18158751491092465,0.40674873299241243,11.669317322546195
3.03765690376569,Ds_plus,meson,-0.3825321459648195,-0.20581130381443366,11.377567751184174
3.03765690376569,J_psi,meson,-0.0284852414982915,-0.14146230845516763,3.7244148040524654
3.03765690376569,B_plus,meson,-0.4604328619339274,-0.09493716248150313,12.320353652430827
3.03765690376569,B0,meson,-0.45647774883363185,0.10702469738983066,12.287050836244319
3.03765690376569,Bs0,meson,-0.4644344345490618,0.06610334934341953,12.293879496489762
3.03765690376569,Upsilon_1S,meson,0.04011016150338078,0.16687568606776645,4.445367569337434
3.03765690376569,W,boson,-0.022060908574210805,-0.024555411551778476,0.7882310922760309
3.03765690376569,Z,boson,-0.027618215151223216,-0.016417020085376148,0.7649959817301074
3.03765690376569,Higgs,boson,-0.09304836177627551,-0.10834204942803136,3.685178675832777
3.03765690376569,top,quark,-0.029568223545426327,0.03563112478579573,1.1389084362748172
3.2418410041841,muon,lepton,0.16112557704886543,-0.6173055345875013,16.74918461424223
3.2418410041841,tau,lepton,-0.07131358172507461,-0.41766571227233434,11.09597171977255
3.2418410041841,neutron,baryon,-0.9975434637785954,0.07005025248064543,26.300073716822478
3.2418410041841,Lambda,baryon,0.4017084342989767,0.3427380724363701,13.84879890259473
3.2418410041841,Sigma_plus,baryon,0.27028365041612984,0.43205553217315457,13.362837396118582
3.2418410041841,Xi_minus,baryon,0.3299986751210212,-0.40592485317816906,13.719169493736818
3.2418410041841,Omega_minus,baryon,-0.5070776617522689,0.09353998215858905,13.521150664275083
3.2418410041841,Delta_1232,baryon,-0.010610063490325249,0.004582290804838826,0.22225309913704822
3.2418410041841,pi0,meson,-0.19343754937045993,-0.15393844611903765,6.439541066697468
3.2418410041841,pi_plus,meson,-0.021813723634128663,0.569137642955455,14.943771874719356
3.2418410041841,K_plus,meson,-0.18469599757163935,-0.5478187461735403,15.169617903259415
3.2418410041841,K_short,meson,-0.49517254177952513,-0.043803612397848475,13.032361426487812
3.2418410041841,K_long,meson,0.5107191737093587,-0.31795004560091805,15.789274872247002
3.2418410041841,eta,meson,-0.17367107620044492,0.06641083152515712,4.82282926003031
3.2418410041841,rho_770,meson,0.0,-0.0,-0.08265966936381419
3.2418410041841,omega_782,meson,-0.009855004438339575,0.04630402943052807,1.1663292053773442
3.2418410041841,phi_1020,meson,0.05163650329393213,0.03627115417728301,1.582156678747984
3.2418410041841,D0,meson,0.40165752070722704,0.15408908599754287,11.267197457307917
3.2418410041841,D_plus,meson,0.25164604716481026,-0.36754975759587194,11.669317322546195
3.2418410041841,Ds_plus,meson,-0.06627584601565246,0.4292978543029963,11.377567751184174
3.2418410041841,J_psi,meson,-0.0371626817988941,0.13943431707508422,3.7244148040524654
3.2418410041841,B_plus,meson,0.3424736728558495,0.32206097026701475,12.320353652430827
3.2418410041841,B0,meson,0.4412233212015205,0.15858184593295957,12.287050836244319
3.2418410041841,Bs0,meson,0.42659804986184,0.19514891914484178,12.293879496489762
3.2418410041841,Upsilon_1S,meson,-0.050056498871460596,-0.1641665817916256,4.445367569337434
3.2418410041841,W,boson,-0.031803770142983995,-0.008841500341522557,0.7882310922760309
3.2418410041841,Z,boson,-0.03212573101124824,0.0004709178440265169,0.7649959817301074
3.2418410041841,Higgs,boson,0.03146858329672866,0.13930443484976165,3.685178675832777
3.2418410041841,top,quark,0.005891903297968119,0.04592540008166116,1.1389084362748172
3.4460251046025103,muon,lepton,0.3009985853111968,0.5625188230204824,16.74918461424223
3.4460251046025103,tau,lepton,-0.24766163012526346,-0.343793529767668,11.09597171977255
3.4460251046025103,neutron,baryon,0.9448648240608811,-0.3274606300800145,26.300073716822478
3.4460251046025103,Lambda,baryon,0.07904310480161264,-0.5221027102665289,13.84879890259473
3.4460251046025103,Sigma_plus,baryon,0.3476834472438286,-0.37261435167790347,13.362837396118582
3.4460251046025103,Xi_minus,baryon,-0.5121617910645413,-0.10660399515453724,13.719169493736818
3.4460251046025103,Omega_minus,baryon,0.2649025246955556,0.44238460158588033,13.521150664275083
3.4460251046025103,Delta_1232,baryon,-0.009896975905996308,0.005968308320200273,0.22225309913704822
3.4460251046025103,pi0,meson,0.24605682073493712,-0.02389919809968504,6.439541066697468
3.4460251046025103,pi_plus,meson,0.2155133598723847,-0.527207252306143,14.943771874719356
3.4460251046025103,K_plus,meson,0.06494992175950579,0.5744558275808218,15.169617903259415
3.4460251046025103,K_short,meson,-0.013887268477541442,0.49691221193056745,13.032361426487812
3.4460251046025103,K_long,meson,-0.4520712211097817,0.39693565843384104,15.789274872247002
3.4460251046025103,eta,meson,0.18377922457135876,-0.02823540097880016,4.82282926003031
3.4460251046025103,rho_770,meson,0.0,-0.0,-0.08265966936381419
3.4460251046025103,omega_782,meson,0.022637668216089292,0.041577881520360835,1.1663292053773442
3.4460251046025103,phi_1020,meson,0.05931016187236136,-0.021545992584487514,1.582156678747984
3.4460251046025103,D0,meson,0.42222727890182854,-0.08243988910346847,11.267197457307917
3.4460251046025103,D_plus,meson,-0.08979859358968649,-0.4362966536105594,11.669317322546195
3.4460251046025103,Ds_plus,meson,0.19788530574395358,0.38669179102337964,11.377567751184174
3.4460251046025103,J_psi,meson,0.131135788232937,-0.060219587687124515,3.7244148040524654
3.4460251046025103,B_plus,meson,0.424534075266812,-0.20194629015176074,12.320353652430827
3.4460251046025103,B0,meson,0.31522760265009614,-0.3470702804319007,12.287050836244319
3.4460251046025103,Bs0,meson,0.3420965712065065,-0.3209967799808537,12.293879496489762
3.4460251046025103,Upsilon_1S,meson,-0.024978750179559625,0.16980100616863902,4.445367569337434
3.4460251046025103,W,boson,-0.03230163764428287,0.006801185859418295,0.7882310922760309
3.4460251046025103,Z,boson,-0.028509938338119503,0.014814444727343754,0.7649959817301074
3.4460251046025103,Higgs,boson,0.08996657931111524,-0.11091443508656323,3.685178675832777
3.4460251046025103,top,quark,0.03382905495457218,0.03161410979315701,1.1389084362748172
3.6502092050209205,muon,lepton,0.14299804222399962,-0.6217548829979495,16.74918461424223
3.6502092050209205,tau,lepton,-0.04632330042721291,-0.42117030520199955,11.09597171977255
3.6502092050209205,neutron,baryon,0.13056687669569114,-0.9914395043117519,26.300073716822478
3.6502092050209205,Lambda,baryon,-0.3661269349314098,-0.38051296955828584,13.84879890259473
3.6502092050209205,Sigma_plus,baryon,0.04430804021170449,-0.5077027005406751,13.362837396118582
3.6502092050209205,Xi_minus,baryon,-0.4184233530137419,0.3140000153854852,13.719169493736818
3.6502092050209205,Omega_minus,baryon,0.4948037119982019,0.145075049209635,13.521150664275083
3.6502092050209205,Delta_1232,baryon,-0.009142925701454852,0.007069494034690146,0.22225309913704822
3.6502092050209205,pi0,meson,-0.23595637654281695,0.07375445117941941,6.439541066697468
3.6502092050209205,pi_plus,meson,-0.5069638239373585,-0.2595788442583257,14.943771874719356
3.6502092050209205,K_plus,meson,0.5720634240585114,-0.08343517862739026,15.169617903259415
3.6502092050209205,K_short,meson,0.2224714070425429,0.4445459207326142,13.032361426487812
3.6502092050209205,K_long,meson,0.5291446941171635,0.28623801036838137,15.789274872247002
3.6502092050209205,eta,meson,-0.1647601184791872,-0.08617508114999223,4.82282926003031
3.6502092050209205,rho_770,meson,0.0,-0.0,-0.08265966936381419
3.6502092050209205,omega_782,meson,0.042295969231199805,0.021265823303514536,1.1663292053773442
3.6502092050209205,phi_1020,meson,0.02456326138315709,-0.05812547881952631,1.582156678747984
3.6502092050209205,D0,meson,0.4185866246586879,0.09928468170408483,11.267197457307917
3.6502092050209205,D_plus,meson,0.006091395379883386,-0.44540032809236235,11.669317322546195
3.6502092050209205,Ds_plus,meson,0.045380566246941936,0.432006643098638,11.377567751184174
3.6502092050209205,J_psi,meson,-0.10310318890705347,-0.10095903195790569,3.7244148040524654
3.6502092050209205,B_plus,meson,0.3968543482100324,-0.2520279974040518,12.320353652430827
3.6502092050209205,B0,meson,0.2773126292615322,-0.3780528093846957,12.287050836244319
3.6502092050209205,Bs0,meson,0.305492374116297,-0.3560104017386478,12.293879496489762
3.6502092050209205,Upsilon_1S,meson,0.1422148641763961,-0.09607940499245533,4.445367569337434
3.6502092050209205,W,boson,-0.02691774113186952,0.019107253490613544,0.7882310922760309
3.6502092050209205,Z,boson,-0.02054728385577678,0.024700070501377812,0.7649959817301074
3.6502092050209205,Higgs,boson,-0.1348060240279132,-0.04715223419203301,3.685178675832777
3.6502092050209205,top,quark,0.04571421924059688,0.007353030419894385,1.1389084362748172
3.8543933054393307,muon,lepton,-0.5504211584819504,-0.32258971295916766,16.74918461424223
3.8543933054393307,tau,lepton,0.3904577545470945,-0.16453879804002502,11.09597171977255
3.8543933054393307,neutron,baryon,0.7461078119816937,-0.665825151897921,26.300073716822478
3.8543933054393307,Lambda,baryon,-0.3503601978484766,-0.39507820016790357,13.84879890259473
3.8543933054393307,Sigma_plus,baryon,0.17319817518438996,-0.47929909939044724,13.362837396118582
3.8543933054393307,Xi_minus,baryon,-0.4474325492745238,0.2710686736955199,13.719169493736818
3.8543933054393307,Omega_minus,baryon,0.4588907587511161,0.23515262031966058,13.521150664275083
3.8543933054393307,Delta_1232,baryon,-0.008390018268075306,0.007948486003649115,0.22225309913704822
3.8543933054393307,pi0,meson,0.24670747875121518,-0.01582879111655996,6.439541066697468
3.8543933054393307,pi_plus,meson,-0.5694381718696209,-0.011561296876268405,14.943771874719356
3.8543933054393307,K_plus,meson,0.44233361638476454,-0.37223508968675795,15.169617903259415
3.8543933054393307,K_short,meson,0.027492187387649702,0.49634542631532214,13.032361426487812
3.8543933054393307,K_long,meson,0.5675284056977014,-0.19959412470867305,15.789274872247002
3.8543933054393307,eta,meson,0.022490411546945338,0.18457037313971217,4.82282926003031
3.8543933054393307,rho_770,meson,0.0,-0.0,-0.08265966936381419
3.8543933054393307,omega_782,meson,0.04725634268951515,-0.0028323717259586163,1.1663292053773442
3.8543933054393307,phi_1020,meson,-0.019451214050345122,-0.06002978735381423,1.582156678747984
3.8543933054393307,D0,meson,0.057289503806403255,0.42636852969919203,11.267197457307917
3.8543933054393307,D_plus,meson,0.3834179705908081,-0.22673600770606403,11.669317322546195
3.8543933054393307,Ds_plus,meson,-0.37677942155656263,0.21616290839491673,11.377567751184174
3.8543933054393307,J_psi,meson,-0.08925343864447559,0.11338790670445331,3.7244148040524654
3.8543933054393307,B_plus,meson,0.4638247550411013,0.07666864926271191,12.320353652430827
3.8543933054393307,B0,meson,0.4601250891261164,-0.0900617754004915,12.287050836244319
3.8543933054393307,Bs0,meson,0.4657378311120266,-0.0561895849814745,12.293879496489762
3.8543933054393307,Upsilon_1S,meson,-0.1468862787837091,-0.08877353638044126,4.445367569337434
3.8543933054393307,W,boson,-0.01858948659069226,0.027277883200339727,0.7882310922760309
3.8543933054393307,Z,boson,-0.010988126187306699,0.03019181080218151,0.7649959817301074
3.8543933054393307,Higgs,boson,-0.0347970485908481,0.13851051480981794,3.685178675832777
3.8543933054393307,top,quark,0.0434324536589687,-0.016046148020468543,1.1389084362748172
4.058577405857741,muon,lepton,-0.6258661642476648,-0.12377042886572556,16.74918461424223
4.058577405857741,tau,lepton,0.029953884894335796,0.4226500194323338,11.09597171977255
4.058577405857741,neutron,baryon,0.1245862102667352,0.9922087866025844,26.300073716822478
4.058577405857741,Lambda,baryon,0.04517821865300843,-0.5261159387850503,13.84879890259473
4.058577405857741,Sigma_plus,baryon,0.4972508578456837,-0.11165491003725803,13.362837396118582
4.058577405857741,Xi_minus,baryon,-0.49696451117329,-0.16340252948972472,13.719169493736818
4.058577405857741,Omega_minus,baryon,0.0804407161431175,0.509319913705286,13.521150664275083
4.058577405857741,Delta_1232,baryon,-0.007660560888760995,0.008653706902734145,0.22225309913704822
4.058577405857741,pi0,meson,-0.21291273323790344,-0.1256315992302826,6.439541066697468
4.058577405857741,pi_plus,meson,-0.524863739260338,-0.22115955863885461,14.943771874719356
4.058577405857741,K_plus,meson,0.5301321515533677,-0.2306033218917933,15.169617903259415
4.058577405857741,K_short,meson,-0.43805280817067654,0.23499859541129375,13.032361426487812
4.058577405857741,K_long,meson,0.5758292985346284,-0.17420368779424233,15.789274872247002
4.058577405857741,eta,meson,0.1669293783414222,-0.08189397962628187,4.82282926003031
4.058577405857741,rho_770,meson,0.0,-0.0,-0.08265966936381419
4.058577405857741,omega_782,meson,0.04106675923660546,-0.023552187579619487,1.1663292053773442
4.058577405857741,phi_1020,meson,-0.050903219234564805,-0.03729326171487726,1.582156678747984
4.058577405857741,D0,meson,-0.4267441269621462,-0.05442113989572752,11.267197457307917
4.058577405857741,D_plus,meson,0.18671113994649632,0.40442243704119335,11.669317322546195
4.058577405857741,Ds_plus,meson,-0.13005633146771683,-0.4144568567648585,11.377567751184174
4.058577405857741,J_psi,meson,0.10399332101667971,0.10004190562260785,3.7244148040524654
4.058577405857741,B_plus,meson,-0.003804226793298334,0.47010319401936795,12.320353652430827
4.058577405857741,B0,meson,0.15452353113693332,0.44266093046097743,12.287050836244319
4.058577405857741,Bs0,meson,0.12301436172214054,0.45269908725269076,12.293879496489762
4.058577405857741,Upsilon_1S,meson,-0.06012840282479444,0.160751033683004,4.445367569337434
4.058577405857741,W,boson,-0.009336078375394016,0.03166211559838357,0.7882310922760309
4.058577405857741,Z,boson,-0.0015021844506116725,0.03209404615344161,0.7649959817301074
4.058577405857741,Higgs,boson,0.13361889722697162,0.05041812776534483,3.685178675832777
4.058577405857741,top,quark,0.032128632475426216,-0.03334078391988164,1.1389084362748172
4.26276150627615,muon,lepton,-0.5183668490330914,-0.3719185185429663,16.74918461424223
4.26276150627615,tau,lepton,-0.3065004768815254,-0.29255381012356135,11.09597171977255
4.26276150627615,neutron,baryon,0.1043115385562,-0.9945446711556191,26.300073716822478
4.26276150627615,Lambda,baryon,0.5275423870821826,-0.023196601388271176,13.84879890259473
4.26276150627615,Sigma_plus,baryon,0.09152836957683604,0.501345980462896,13.362837396118582
4.26276150627615,Xi_minus,baryon,0.12098734429572432,-0.5089559652166533,13.719169493736818
4.26276150627615,Omega_minus,baryon,-0.5080518836764943,0.08809521441680813,13.521150664275083
4.26276150627615,Delta_1232,baryon,-0.006965667261908989,0.009222272815592292,0.22225309913704822
4.26276150627615,pi0,meson,0.03635607208032432,0.24452682209296234,6.439541066697468
4.26276150627615,pi_plus,meson,-0.06459292552966034,-0.5658809496167873,14.943771874719356
4.26276150627615,K_plus,meson,0.4870008287895372,0.311525573487052,15.169617903259415
4.26276150627615,K_short,meson,-0.16415619565762715,-0.4692199335266047,13.032361426487812
4.26276150627615,K_long,meson,0.5366518354093801,0.27190276468572305,15.789274872247002
4.26276150627615,eta,meson,-0.10057371950270425,-0.15638723796357207,4.82282926003031
4.26276150627615,rho_770,meson,0.0,-0.0,-0.08265966936381419
4.26276150627615,omega_782,meson,0.028359023092030703,-0.03790712417539178,1.1663292053773442
4.26276150627615,phi_1020,meson,-0.062905099356223,-0.004987341251630152,1.582156678747984
4.26276150627615,D0,meson,0.3369473178176341,-0.26746722300075754,11.267197457307917
4.26276150627615,D_plus,meson,-0.4365720833562537,-0.08844983547999635,11.669317322546195
4.26276150627615,Ds_plus,meson,0.3947762393713823,0.1812204632541153,11.377567751184174
4.26276150627615,J_psi,meson,0.12405409751396089,-0.07371278441815678,3.7244148040524654
4.26276150627615,B_plus,meson,-0.43061354908627847,-0.18863577739131468,12.320353652430827
4.26276150627615,B0,meson,-0.4673349229462425,-0.037739777774050014,12.287050836244319
4.26276150627615,Bs0,meson,-0.46393694093503846,-0.06950907584742888,12.293879496489762
4.26276150627615,Upsilon_1S,meson,0.15973390797550024,0.06278055669783006,4.445367569337434
4.26276150627615,W,boson,-0.0003680071996123806,0.03300782474350494,0.7882310922760309
4.26276150627615,Z,boson,0.007033361648610591,0.03134989921104617,0.7649959817301074
4.26276150627615,Higgs,boson,0.0856483081346812,-0.11428195228110753,3.685178675832777
4.26276150627615,top,quark,0.016686703447242653,-0.043190402003188515,1.1389084362748172
4.46694560669456,muon,lepton,0.07022254332706486,-0.6341106914572322,16.74918461424223
4.46694560669456,tau,lepton,0.3828777185794797,0.18147982466871623,11.09597171977255
4.46694560669456,neutron,baryon,-0.970108382114904,0.24267205638557449,26.300073716822478
4.46694560669456,Lambda,baryon,-0.18041540153184552,0.4962754632000626,13.84879890259473
4.46694560669456,Sigma_plus,baryon,-0.4763078882233265,-0.18126232421529756,13.362837396118582
4.46694560669456,Xi_minus,baryon,0.4111991071466811,0.32340285448820594,13.719169493736818
4.46694560669456,Omega_minus,baryon,0.16373593848529513,-0.488945831108843,13.521150664275083
4.46694560669456,Delta_1232,baryon,-0.006310104890471141,0.009682634587760473,0.22225309913704822
4.46694560669456,pi0,meson,0.2060453137199353,-0.13660329203224356,6.439541066697468
4.46694560669456,pi_plus,meson,0.5684408494405927,-0.03561594944592341,14.943771874719356
4.46694560669456,K_plus,meson,-0.3020362719615632,0.4929422690312664,15.169617903259415
4.46694560669456,K_short,meson,0.4732966307610999,0.15200296675291416,13.032361426487812
4.46694560669456,K_long,meson,-0.15251623973430592,0.5819493985814435,15.789274872247002
4.46694560669456,eta,meson,-0.16271976851354428,0.08996842883690985,4.82282926003031
4.46694560669456,rho_770,meson,0.0,-0.0,-0.08265966936381419
4.46694560669456,omega_782,meson,0.01301431327026614,-0.04551716054507659,1.1663292053773442
4.46694560669456,phi_1020,meson,-0.05776155084695916,0.025407249782899575,1.582156678747984
4.46694560669456,D0,meson,-0.21634474981114526,0.37184292327996193,11.267197457307917
4.46694560669456,D_plus,meson,0.4257514394179371,-0.1309743073889409,11.669317322546195
4.46694560669456,Ds_plus,meson,-0.4342685712490915,-0.009997174576839178,11.377567751184174
4.46694560669456,J_psi,meson,-0.01828824748926356,-0.14313816297707757,3.7244148040524654
4.46694560669456,B_plus,meson,0.45068558675698067,-0.1337684082966619,12.320353652430827
4.46694560669456,B0,meson,0.38417814837909764,-0.268762667310051,12.287050836244319
4.46694560669456,Bs0,meson,0.4012904624226354,-0.24297111259973356,12.293879496489762
4.46694560669456,Upsilon_1S,meson,0.09097293408519291,-0.1455343427523077,4.445367569337434
4.46694560669456,W,boson,0.0076770943951432365,0.03210473711533804,0.7882310922760309
4.46694560669456,Z,boson,0.014243994697473237,0.028799183524559402,0.7649959817301074
4.46694560669456,Higgs,boson,-0.06926282963362906,-0.1248945864905982,3.685178675832777
4.46694560669456,top,quark,0.0006219971530940806,-0.04629762430918884,1.1389084362748172
4.6711297071129705,muon,lepton,0.6327685634234393,0.08143414366669187,16.74918461424223
4.6711297071129705,tau,lepton,-0.37697938816214693,-0.19343426544257522,11.09597171977255
4.6711297071129705,neutron,baryon,-0.23490322006029632,0.9720187638133865,26.300073716822478
4.6711297071129705,Lambda,baryon,-0.2014685952262612,-0.4881080388826747,13.84879890259473
4.6711297071129705,Sigma_plus,baryon,0.494989961543492,-0.12128550010149097,13.362837396118582
4.6711297071129705,Xi_minus,baryon,-0.522773736346057,0.01953797830203255,13.719169493736818
4.6711297071129705,Omega_minus,baryon,0.16472536649261313,0.4886133818718556,13.521150664275083
4.6711297071129705,Delta_1232,baryon,-0.005695064106599954,0.010056693348738446,0.22225309913704822
4.6711297071129705,pi0,meson,-0.18068422315113508,-0.1687256418101997,6.439541066697468
4.6711297071129705,pi_plus,meson,-0.25345059030222705,0.5100551866642763,14.943771874719356
4.6711297071129705,K_plus,meson,-0.30739753828062794,-0.4896169356110373,15.169617903259415
4.6711297071129705,K_short,meson,-0.4871435637907064,0.09902399127881319,13.032361426487812
4.6711297071129705,K_long,meson,-0.5150484159280422,-0.31088813927522313,15.789274872247002
4.6711297071129705,eta,meson,0.052470237976989194,0.17837857320631778,4.82282926003031
4.6711297071129705,rho_770,meson,0.0,-0.0,-0.08265966936381419
4.6711297071129705,omega_782,meson,-0.002291545745257512,-0.047285653977504574,1.1663292053773442
4.6711297071129705,phi_1020,meson,-0.0412725956999868,0.04773361438192094,1.582156678747984
4.6711297071129705,D0,meson,0.210168493164628,-0.37536837219609276,11.267197457307917
4.6711297071129705,D_plus,meson,-0.40532018283411936,0.18475417924846563,11.669317322546195
4.6711297071129705,Ds_plus,meson,0.4342537899209196,-0.01061985939478197,11.377567751184174
4.6711297071129705,J_psi,meson,-0.13292258232238366,-0.05616565503428331,3.7244148040524654
4.6711297071129705,B_plus,meson,-0.38793855526784343,0.2655469120615127,12.320353652430827
4.6711297071129705,B0,meson,-0.2867089647898749,0.37097734505050756,12.287050836244319
4.6711297071129705,Bs0,meson,-0.3100523743108474,0.3520461929541791,12.293879496489762
4.6711297071129705,Upsilon_1S,meson,-0.10889538389475271,-0.13265788714897228,4.445367569337434
4.6711297071129705,W,boson,0.014526017520651274,0.029641975956178023,0.7882310922760309
4.6711297071129705,Z,boson,0.020045806617349143,0.025108763284613218,0.7649959817301074
4.6711297071129705,Higgs,boson,-0.14274362270208424,-0.004500609003197465,3.685178675832777
4.6711297071129705,top,quark,-0.013939214982614545,-0.04415376748140191,1.1389084362748172
4.875313807531381,muon,lepton,-0.35745385223911397,0.5284451893348148,16.74918461424223
4.875313807531381,tau,lepton,0.29428067587866763,0.3048428413966939,11.09597171977255
4.875313807531381,neutron,baryon,0.14582448957288013,0.9893104761604463,26.300073716822478
4.875313807531381,Lambda,baryon,0.36390524169080163,0.3826382463297324,13.84879890259473
4.875313807531381,Sigma_plus,baryon,-0.45062929102556115,0.23803041115264373,13.362837396118582
4.875313807531381,Xi_minus,baryon,0.48709909501152404,-0.19081033422826368,13.719169493736818
4.875313807531381,Omega_minus,baryon,-0.295797624057576,-0.4223520438121147,13.521150664275083
4.875313807531381,Delta_1232,baryon,-0.005119758049278036,0.01036141466237579,0.22225309913704822
4.875313807531381,pi0,meson,-0.15729682223907793,0.1907166495445033,6.439541066697468
4.875313807531381,pi_plus,meson,-0.10490485709267744,-0.5598110986092023,14.943771874719356
4.875313807531381,K_plus,meson,0.551173368302496,0.17443023892723974,15.169617903259415
4.875313807531381,K_short,meson,0.4648103786333734,-0.17625525383998225,13.032361426487812
4.875313807531381,K_long,meson,0.5715027106972433,-0.18791210061541813,15.789274872247002
4.875313807531381,eta,meson,0.18557598019117882,0.011558409430658995,4.82282926003031
4.875313807531381,rho_770,meson,0.0,-0.0,-0.08265966936381419
4.875313807531381,omega_782,meson,-0.015969169257030836,-0.04456646594944683,1.1663292053773442
4.875313807531381,phi_1020,meson,-0.01936308836748513,0.060058270926238465,1.582156678747984
4.875313807531381,D0,meson,-0.3073899839542214,0.300971108462022,11.267197457307917
4.875313807531381,D_plus,meson,0.43223917382827415,-0.10764689484935973,11.669317322546195
4.875313807531381,Ds_plus,meson,-0.4226347595341927,-0.10034438453507089,11.377567751184174
4.875313807531381,J_psi,meson,-0.12344934665908489,0.07472116504797059,3.7244148040524654
4.875313807531381,B_plus,meson,0.3928048749810241,-0.25829404824704805,12.320353652430827
4.875313807531381,B0,meson,0.29662710912335727,-0.3630958264215178,12.287050836244319
4.875313807531381,Bs0,meson,0.3188553963218948,-0.3440933492901778,12.293879496489762
4.875313807531381,Upsilon_1S,meson,-0.16657063685099757,0.04135870640467523,4.445367569337434
4.875313807531381,W,boson,0.02012028840542694,0.02616917878114149,0.7882310922760309
4.875313807531381,Z,boson,0.024508589061866936,0.02077530791154335,0.7649959817301074
4.875313807531381,Higgs,boson,-0.08848206881232563,0.11210227830961111,3.685178675832777
4.875313807531381,top,quark,-0.02593300743543126,-0.038357998155366724,1.1389084362748172
5.079497907949791,muon,lepton,-0.07963773964078437,-0.6329971603700898,16.74918461424223
5.079497907949791,tau,lepton,-0.077657132809961,-0.41653288450031334,11.09597171977255
5.079497907949791,neutron,baryon,-0.07337021547202414,0.9973047736181697,26.300073716822478
5.079497907949791,Lambda,baryon,-0.3830131501422783,-0.3635106316222708,13.84879890259473
5.079497907949791,Sigma_plus,baryon,0.4642664358917528,-0.21019493587635604,13.362837396118582
5.079497907949791,Xi_minus,baryon,-0.48292051610238484,0.20115140351673838,13.719169493736818
5.079497907949791,Omega_minus,baryon,0.28543437039626,0.4294236876406193,13.521150664275083
5.079497907949791,Delta_1232,baryon,-0.004582354174235541,0.010610036122026606,0.22225309913704822
5.079497907949791,pi0,meson,0.17646987731660974,0.17312860277797448,6.439541066697468
5.079497907949791,pi_plus,meson,0.26749151848375746,0.5028337525533969,14.943771874719356
5.079497907949791,K_plus,meson,-0.577415797132775,0.028442703803520045,15.169617903259415
5.079497907949791,K_short,meson,-0.4845290198255262,0.111113597450588,13.032361426487812
5.079497907949791,K_long,meson,-0.4120750428994184,0.43831548559392536,15.789274872247002
5.079497907949791,eta,meson,0.09256694085393176,-0.16125570598719366,4.82282926003031
5.079497907949791,rho_770,meson,0.0,-0.0,-0.08265966936381419
5.079497907949791,omega_782,meson,-0.02723507543202741,-0.038722537625970214,1.1663292053773442
5.079497907949791,phi_1020,meson,0.0033352049846719404,0.0630142960405551,1.582156678747984
5.079497907949791,D0,meson,0.41878567180179316,-0.09844171604434525,11.267197457307917
5.079497907949791,D_plus,meson,-0.4359154822558049,-0.0916310520082969,11.669317322546195
5.079497907949791,Ds_plus,meson,0.317348175963465,0.29661299817592074,11.377567751184174
5.079497907949791,J_psi,meson,-0.024107819119447548,0.1422737036629924,3.7244148040524654
5.079497907949791,B_plus,meson,-0.45174481208848466,0.13014649407435483,12.320353652430827
5.079497907949791,B0,meson,-0.3929596397685819,0.2557517205114199,12.287050836244319
5.079497907949791,Bs0,meson,-0.4079961058845293,0.2315343913382738,12.293879496489762
5.079497907949791,Upsilon_1S,meson,-0.05113869586695759,0.16383269954878313,4.445367569337434
5.079497907949791,W,boson,0.024518422781510087,0.022102010494614074,0.7882310922760309
5.079497907949791,Z,boson,0.027773523599958244,0.016152886536636785,0.7649959817301074
5.079497907949791,Higgs,boson,0.02576834616008138,0.1404706006240767,3.685178675832777
5.079497907949791,top,quark,-0.035000569214778926,-0.030311995179709308,1.1389084362748172
5.283682008368201,muon,lepton,0.3134471802911564,0.5556783600062305,16.74918461424223
5.283682008368201,tau,lepton,-0.24574346744912784,0.34516723823748785,11.09597171977255
5.283682008368201,neutron,baryon,-0.7268087819984417,0.686839860819057,26.300073716822478
5.283682008368201,Lambda,baryon,0.2932048914928256,0.4391696074286267,13.84879890259473
5.283682008368201,Sigma_plus,baryon,-0.5070929749050874,0.05081288582244509,13.362837396118582
5.283682008368201,Xi_minus,baryon,0.5176857490060116,-0.07533642734714854,13.719169493736818
5.283682008368201,Omega_minus,baryon,-0.1497845249609642,-0.4933984995848648,13.521150664275083
5.283682008368201,Delta_1232,baryon,-0.0040805178145048235,0.010812964933557864,0.22225309913704822
5.283682008368201,pi0,meson,0.20660344573660433,-0.13575767716691003,6.439541066697468
5.283682008368201,pi_plus,meson,-0.2714707521438081,-0.5006966405900405,14.943771874719356
5.283682008368201,K_plus,meson,0.5749471998578514,-0.06044590601313505,15.169617903259415
5.283682008368201,K_short,meson,0.4899831655403634,0.08385165519261564,13.032361426487812
5.283682008368201,K_long,meson,0.3238456212701926,-0.5070013012568302,15.789274872247002
5.283682008368201,eta,meson,-0.08838088375067096,-0.16358747091367948,4.82282926003031
5.283682008368201,rho_770,meson,0.0,-0.0,-0.08265966936381419
5.283682008368201,omega_782,meson,-0.03583933362089926,-0.03093099448114759,1.1663292053773442
5.283682008368201,phi_1020,meson,0.02377653773913822,0.05845170100960138,1.582156678747984
5.283682008368201,D0,meson,-0.36985400358617176,-0.21972761864525522,11.267197457307917
5.283682008368201,D_plus,meson,0.28058277094180545,0.3459651225384959,11.669317322546195
5.283682008368201,Ds_plus,meson,-0.032756859761784905,-0.4331467691358136,11.377567751184174
5.283682008368201,J_psi,meson,0.08350329486243312,0.11768684482047485,3.7244148040524654
5.283682008368201,B_plus,meson,0.45377249205427256,0.12289023811337306,12.320353652430827
5.283682008368201,B0,meson,0.46871017550936783,-0.011704375488793403,12.287050836244319
5.283682008368201,Bs0,meson,0.468837857131515,0.01612639171216206,12.293879496489762
5.283682008368201,Upsilon_1S,meson,0.10171508160203467,0.13824023231717483,4.445367569337434
5.283682008368201,W,boson,0.027835729133611972,0.017743283439011208,0.7882310922760309
5.283682008368201,Z,boson,0.03000636912230076,0.011484866943902087,0.7649959817301074
5.283682008368201,Higgs,boson,0.11683727246929998,0.0821282476706352,3.685178675832777
5.283682008368201,top,quark,-0.04120334822601035,-0.021122049902871174,1.1389084362748172
5.487866108786611,muon,lepton,-0.36752572973036113,-0.521490568081395,16.74918461424223
5.487866108786611,tau,lepton,0.42334000682228806,0.017706291822975555,11.09597171977255
5.487866108786611,neutron,baryon,-0.9066603093372366,-0.421861450564645,26.300073716822478
5.487866108786611,Lambda,baryon,-0.06720086112817114,-0.5237586245093879,13.84879890259473
5.487866108786611,Sigma_plus,baryon,0.45772586812215377,0.22408093228902184,13.362837396118582
5.487866108786611,Xi_minus,baryon,-0.4929039202913201,-0.17527075446518564,13.719169493736818
5.487866108786611,Omega_minus,baryon,-0.11742614637078484,0.5020842394049873,13.521150664275083
5.487866108786611,Delta_1232,baryon,-0.003611727768672806,0.010978445191093363,0.22225309913704822
5.487866108786611,pi0,meson,-0.06282883397896799,-0.23909761253688055,6.439541066697468
5.487866108786611,pi_plus,meson,0.13964008282807122,0.5521722036063085,14.943771874719356
5.487866108786611,K_plus,meson,-0.5751893264113646,-0.05809672073855369,15.169617903259415
5.487866108786611,K_short,meson,-0.35038643872339226,-0.3526243697622655,13.032361426487812
5.487866108786611,K_long,meson,-0.36594534722675054,0.4775042499654731,15.789274872247002
5.487866108786611,eta,meson,-0.184065035849173,-0.026307866320289267,4.82282926003031
5.487866108786611,rho_770,meson,0.0,-0.0,-0.08265966936381419
5.487866108786611,omega_782,meson,-0.04185349633001463,-0.022123948538548766,1.1663292053773442
5.487866108786611,phi_1020,meson,0.040291931849170536,0.04856423916461881,1.582156678747984
5.487866108786611,D0,meson,0.031797476592948064,0.42902346188356133,11.267197457307917
5.487866108786611,D_plus,meson,0.08914900375128214,-0.436429848306245,11.669317322546195
5.487866108786611,Ds_plus,meson,-0.33029899889358116,0.2821200219838095,11.377567751184174
5.487866108786611,J_psi,meson,0.14040869199840966,0.033292535319147845,3.7244148040524654
5.487866108786611,B_plus,meson,-0.24549076992104177,-0.40093112507297374,12.320353652430827
5.487866108786611,B0,meson,-0.34674567600667594,-0.31558462763936773,12.287050836244319
5.487866108786611,Bs0,meson,-0.3280407422944221,-0.3353479807368005,12.293879496489762
5.487866108786611,Upsilon_1S,meson,0.1711326928375225,0.01303537872841499,4.445367569337434
5.487866108786611,W,boson,0.03020895071322848,0.01330681105308992,0.7882310922760309
5.487866108786611,Z,boson,0.03137238671092073,0.006932366744723196,0.7649959817301074
5.487866108786611,Higgs,boson,0.14209246351224575,-0.014343260317506273,3.685178675832777
5.487866108786611,top,quark,-0.044824847512941766,-0.011601290556432452,1.1389084362748172
5.692050209205021,muon,lepton,0.28442280656090285,0.5710790153032326,16.74918461424223
5.692050209205021,tau,lepton,-0.15245140363456738,-0.39533383826364454,11.09597171977255
5.692050209205021,neutron,baryon,0.43791072575663803,-0.8990184626954524,26.300073716822478
5.692050209205021,Lambda,baryon,-0.27237235419834943,0.45238518228693414,13.84879890259473
5.692050209205021,Sigma_plus,baryon,-0.17916811598166563,-0.47709959209716046,13.362837396118582
5.692050209205021,Xi_minus,baryon,0.26737304162648,0.44965071847018323,13.719169493736818
5.692050209205021,Omega_minus,baryon,0.4217475344629668,-0.29665889584636784,13.521150664275083
5.692050209205021,Delta_1232,baryon,-0.00317345664908155,0.011113055798710064,0.22225309913704822
5.692050209205021,pi0,meson,-0.24388307594181907,-0.040449672052439364,6.439541066697468
5.692050209205021,pi_plus,meson,0.1278497859913007,-0.5550206549216486,14.943771874719356
5.692050209205021,K_plus,meson,0.497496937047921,0.29447374722726943,15.169617903259415
5.692050209205021,K_short,meson,-0.016439594715269665,0.49683432079224776,13.032361426487812
5.692050209205021,K_long,meson,0.49864699864194834,-0.33656719483243286,15.789274872247002
5.692050209205021,eta,meson,-0.13991993409141623,0.12245184072253583,4.82282926003031
5.692050209205021,rho_770,meson,0.0,-0.0,-0.08265966936381419
5.692050209205021,omega_782,meson,-0.04552254768563115,-0.012995457136720514,1.1663292053773442
5.692050209205021,phi_1020,meson,0.05222955924149991,0.03541183755773131,1.582156678747984
5.692050209205021,D0,meson,0.37452707262777324,-0.2116640787500453,11.267197457307917
5.692050209205021,D_plus,meson,-0.42411383520820767,0.13618374406456674,11.669317322546195
5.692050209205021,Ds_plus,meson,0.3994506332378572,0.17067022903869905,11.377567751184174
5.692050209205021,J_psi,meson,0.13104459290232423,-0.06041778188368959,3.7244148040524654
5.692050209205021,B_plus,meson,-0.18002445159753377,0.43428410285861674,12.320353652430827
5.692050209205021,B0,meson,-0.054228042935591206,0.4657097168741283,12.287050836244319
5.692050209205021,Bs0,meson,-0.08062712544907186,0.4621344646649334,12.293879496489762
5.692050209205021,Upsilon_1S,meson,0.1293157726937068,-0.1128439213650633,4.445367569337434
5.692050209205021,W,boson,0.03177653176656215,0.008938901078184612,0.7882310922760309
5.692050209205021,Z,boson,0.03202404173291742,0.002597134519285283,0.7649959817301074
5.692050209205021,Higgs,boson,0.10367307037016005,-0.09822368239655078,3.685178675832777
5.692050209205021,top,quark,-0.046244031113802084,-0.002312246413978265,1.1389084362748172
5.896234309623431,muon,lepton,-0.0561919609441503,-0.6355077010838984,16.74918461424223
5.896234309623431,tau,lepton,-0.34216939699124727,0.24990073611148386,11.09597171977255
5.896234309623431,neutron,baryon,0.6824159043139568,0.7309641123470868,26.300073716822478
5.896234309623431,Lambda,baryon,0.519923729416947,-0.09229500568019416,13.84879890259473
5.896234309623431,Sigma_plus,baryon,-0.27682376916798757,0.42789465454399545,13.362837396118582
5.896234309623431,Xi_minus,baryon,0.17353520923087545,-0.4935176219412471,13.719169493736818
5.896234309623431,Omega_minus,baryon,-0.4934640963558115,-0.14956827510578527,13.521150664275083
5.896234309623431,Delta_1232,baryon,-0.0027632705314365315,0.011222084131699322,0.22225309913704822
5.896234309623431,pi0,meson,-0.1537225123857887,0.19360919370162671,6.439541066697468
5.896234309623431,pi_plus,meson,-0.4456614741322783,0.3546538391755005,14.943771874719356
5.896234309623431,K_plus,meson,-0.22589621244397942,-0.5321549505375266,15.169617903259415
5.896234309623431,K_short,meson,0.42388713789936716,-0.2596811447043843,13.032361426487812
5.896234309623431,K_long,meson,-0.6004763655560219,0.03680272137528475,15.789274872247002
5.896234309623431,eta,meson,-0.010209089368393508,0.18565509889779946,4.82282926003031
5.896234309623431,rho_770,meson,0.0,-0.0,-0.08265966936381419
5.896234309623431,omega_782,meson,-0.0471688304225336,-0.0040355533143760095,1.1663292053773442
5.896234309623431,phi_1020,meson,0.059607738041279015,0.020708516687072402,1.582156678747984
5.896234309623431,D0,meson,-0.31023283429679427,-0.29803992834587195,11.267197457307917
5.896234309623431,D_plus,meson,0.2759808838009768,0.3496471208788796,11.669317322546195
5.896234309623431,Ds_plus,meson,0.040991278045521835,-0.4324451995321972,11.377567751184174
5.896234309623431,J_psi,meson,0.07212056442677323,-0.12498647080162169,3.7244148040524654
5.896234309623431,B_plus,meson,0.4688972680858291,-0.033864984133356216,12.320353652430827
5.896234309623431,B0,meson,0.4414435833193791,-0.1579676668744318,12.287050836244319
5.896234309623431,Bs0,meson,0.4497987568183795,-0.1332294079922494,12.293879496489762
5.896234309623431,Upsilon_1S,meson,0.020331980338305022,-0.17041986454617847,4.445367569337434
5.896234309623431,W,boson,0.032668371884466814,0.004735968962639217,0.7882310922760309
5.896234309623431,Z,boson,0.03209594706109218,-0.001461006117190395,0.7649959817301074
5.896234309623431,Higgs,boson,0.02885265464875493,-0.13986965940915963,3.685178675832777
5.896234309623431,top,quark,-0.04586009606842173,0.006380320190114295,1.1389084362748172
6.100418410041841,muon,lepton,-0.295946490085224,0.5651931082540966,16.74918461424223
6.100418410041841,tau,lepton,0.29290287542948157,0.306166914789232,11.09597171977255
6.100418410041841,neutron,baryon,-0.9971290885208114,0.07572041221266486,26.300073716822478
6.100418410041841,Lambda,baryon,-0.3524216565429775,-0.3932404207146531,13.84879890259473
6.100418410041841,Sigma_plus,baryon,0.507392345342668,0.04773093809431406,13.362837396118582
6.100418410041841,Xi_minus,baryon,-0.513020157966691,0.10239350335435744,13.719169493736818
6.100418410041841,Omega_minus,baryon,0.10770717156992007,0.5042585135650021,13.521150664275083
6.100418410041841,Delta_1232,baryon,-0.0023788803882859454,0.01130980832671676,0.22225309913704822
6.100418410041841,pi0,meson,0.0771603065838668,0.23486467973681496,6.439541066697468
6.100418410041841,pi_plus,meson,0.5608047083740499,0.099456393626423,14.943771874719356
6.100418410041841,K_plus,meson,-0.23128060235340428,0.5298370250871293,15.169617903259415
6.100418410041841,K_short,meson,-0.41266427195456884,-0.2771692646086542,13.032361426487812
6.100418410041841,K_long,meson,0.4764795264271291,0.36727859560254095,15.789274872247002
6.100418410041841,eta,meson,0.11769123543434432,0.14394726240683178,4.82282926003031
6.100418410041841,rho_770,meson,0.0,-0.0,-0.08265966936381419
6.100418410041841,omega_782,meson,-0.04713353938241611,0.004428737886704533,1.1663292053773442
6.100418410041841,phi_1020,meson,0.06283850328534572,0.00576607341560036,1.582156678747984
6.100418410041841,D0,meson,-0.24525177195274334,0.35344558098563666,11.267197457307917
6.100418410041841,D_plus,meson,0.2808301876673661,-0.3457643172121294,11.669317322546195
6.100418410041841,Ds_plus,meson,-0.43295313891693715,0.035223784240459216,11.377567751184174
6.100418410041841,J_psi,meson,-0.006974215896913342,-0.1441331121196799,3.7244148040524654
6.100418410041841,B_plus,meson,-0.17982122766535505,-0.4343682898758045,12.320353652430827
6.100418410041841,B0,meson,-0.2870702281150498,-0.3706978623644576,12.287050836244319
6.100418410041841,Bs0,meson,-0.26654711853880725,-0.3860331985567873,12.293879496489762
6.100418410041841,Upsilon_1S,meson,-0.09169386899441832,-0.14508119811074582,4.445367569337434
6.100418410041841,W,boson,0.03300116600039594,0.0007582652644128149,0.7882310922760309
6.100418410041841,Z,boson,0.031703738370413084,-0.005211269515511248,0.7649959817301074
6.100418410041841,Higgs,boson,-0.050611034960772947,-0.13354594881056503,3.685178675832777
6.100418410041841,top,quark,-0.04405128478097741,0.014259775814453701,1.1389084362748172
6.304602510460251,muon,lepton,0.6008683815198368,-0.2144405808176765,16.74918461424223
6.304602510460251,tau,lepton,0.30130077951625145,-0.29790621747340973,11.09597171977255
6.304602510460251,neutron,baryon,0.7671550572769609,-0.6414617043085136,26.300073716822478
6.304602510460251,Lambda,baryon,-0.22004473037975392,0.480020175738932,13.84879890259473
6.304602510460251,Sigma_plus,baryon,-0.12457867271658143,-0.4941714164820456,13.362837396118582
6.304602510460251,Xi_minus,baryon,0.29049708890420156,0.4350695959815301,13.719169493736818
6.304602510460251,Omega_minus,baryon,0.43304449657670213,-0.2799106058994695,13.521150664275083
6.304602510460251,Delta_1232,baryon,-0.002018164848843231,0.011379712075959428,0.22225309913704822
6.304602510460251,pi0,meson,0.23369852142940625,0.08062339475426669,6.439541066697468
6.304602510460251,pi_plus,meson,-0.21726298195457797,-0.5264886436001083,14.943771874719356
6.304602510460251,K_plus,meson,0.5679702520287216,-0.10783219829236196,15.169617903259415
6.304602510460251,K_short,meson,-0.14594484781615494,0.47519964645127405,13.032361426487812
6.304602510460251,K_long,meson,-0.01873911552026117,-0.6013111935109094,15.789274872247002
6.304602510460251,eta,meson,0.18239311939104724,0.036121894347981465,4.82282926003031
6.304602510460251,rho_770,meson,0.0,-0.0,-0.08265966936381419
6.304602510460251,omega_782,meson,-0.04574356877968052,0.012194677908068732,1.1663292053773442
6.304602510460251,phi_1020,meson,0.06252985767736231,-0.008481862803966561,1.582156678747984
6.304602510460251,D0,meson,0.36319324085979926,0.23057077038946305,11.267197457307917
6.304602510460251,D_plus,meson,-0.3717026874869839,-0.24547030263844896,11.669317322546195
6.304602510460251,Ds_plus,meson,0.059725906837915066,0.4302580057670464,11.377567751184174
6.304602510460251,J_psi,meson,-0.0792164055676158,-0.1206140737460931,3.7244148040524654
6.304602510460251,B_plus,meson,-0.3921714058259925,0.2592548430042746,12.320353652430827
6.304602510460251,B0,meson,-0.31091626797262134,0.35093773712951165,12.287050836244319
6.304602510460251,Bs0,meson,-0.32947119054630786,0.3339427067467164,12.293879496489762
6.304602510460251,Upsilon_1S,meson,-0.1599355096678659,-0.06226517809895839,4.445367569337434
6.304602510460251,W,boson,0.03287691980885453,-0.0029597411168972984,0.7882310922760309
6.304602510460251,Z,boson,0.030944953878647635,-0.008642579827300993,0.7649959817301074
6.304602510460251,Higgs,boson,-0.11092459963832228,-0.08995404659376115,3.685178675832777
6.304602510460251,top,quark,-0.04115501663677385,0.021216067089828834,1.1389084362748172
6.508786610878661,muon,lepton,-0.5407228336436815,-0.33859473089231334,16.74918461424223
6.508786610878661,tau,lepton,-0.2705082557148925,-0.3261219982406915,11.09597171977255
6.508786610878661,neutron,baryon,-0.4791636087058804,0.8777256040995717,26.300073716822478
6.508786610878661,Lambda,baryon,0.5221971323579163,0.07841688237556085,13.84879890259473
6.508786610878661,Sigma_plus,baryon,-0.45603398327082045,0.22750437504770213,13.362837396118582
6.508786610878661,Xi_minus,baryon,0.344413766927782,-0.39376803978987795,13.719169493736818
6.508786610878661,Omega_minus,baryon,-0.3737467652276848,-0.35523349897246376,13.521150664275083
6.508786610878661,Delta_1232,baryon,-0.0016791761308669927,0.011434649264860283,0.22225309913704822
6.508786610878661,pi0,meson,0.21345411513952223,-0.12470954827115911,6.439541066697468
6.508786610878661,pi_plus,meson,-0.38916951847986453,0.4158612521669066,14.943771874719356
6.508786610878661,K_plus,meson,-0.3475549871187816,-0.4619778361642432,15.169617903259415
6.508786610878661,K_short,meson,0.4931425388789317,0.06265013120128175,13.032361426487812
6.508786610878661,K_long,meson,-0.5060473975659562,0.32533419326704516,15.789274872247002
6.508786610878661,eta,meson,0.16748240068055228,-0.08075696078210523,4.82282926003031
6.508786610878661,rho_770,meson,0.0,-0.0,-0.08265966936381419
6.508786610878661,omega_782,meson,-0.043294638461984385,0.01915094082359833,1.1663292053773442
6.508786610878661,phi_1020,meson,0.059355251853016044,-0.02142146529165391,1.582156678747984
6.508786610878661,D0,meson,0.2534617062390852,-0.3476051982272509,11.267197457307917
6.508786610878661,D_plus,meson,-0.24940531766735402,0.36907390165345527,11.669317322546195
6.508786610878661,Ds_plus,meson,0.4326912200357132,-0.03830722618845038,11.377567751184174
6.508786610878661,J_psi,meson,-0.12720495845786023,-0.0681314335708198,3.7244148040524654
6.508786610878661,B_plus,meson,0.28843830733485293,0.3712341956642886,12.320353652430827
6.508786610878661,B0,meson,0.37238551498274813,0.2848776040032605,12.287050836244319
6.508786610878661,Bs0,meson,0.35704660276563244,0.3042806603168292,12.293879496489762
6.508786610878661,Upsilon_1S,meson,-0.16737563368203828,0.037969947405167244,4.445367569337434
6.508786610878661,W,boson,0.03238318495918494,-0.006401660370257222,0.7882310922760309
6.508786610878661,Z,boson,0.02990082388130377,-0.01175691659586618,0.7649959817301074
6.508786610878661,Higgs,boson,-0.14028005272734134,-0.026786267196624632,3.685178675832777
6.508786610878661,top,quark,-0.03746070832373998,0.027213089295721797,1.1389084362748172
6.712970711297071,muon,lepton,-0.02016711477689505,0.6376683009945422,16.74918461424223
6.712970711297071,tau,lepton,-0.3693851520029806,0.20756898522214293,11.09597171977255
6.712970711297071,neutron,baryon,0.33909548114631766,-0.94075196235041,26.300073716822478
6.712970711297071,Lambda,baryon,-0.008117410741468227,-0.5279897348691431,13.84879890259473
6.712970711297071,Sigma_plus,baryon,0.27341794453150037,0.43007890226313805,13.362837396118582
6.712970711297071,Xi_minus,baryon,-0.44030274926754154,-0.28250239113464487,13.719169493736818
6.712970711297071,Omega_minus,baryon,-0.30654012069377046,0.4146210772686625,13.521150664275083
6.712970711297071,Delta_1232,baryon,-0.0013601363563787133,0.01147697108913759,0.22225309913704822
6.712970711297071,pi0,meson,0.057605982842946414,-0.24040940381085585,6.439541066697468
6.712970711297071,pi_plus,meson,0.5126984212249684,0.24806012182755605,14.943771874719356
6.712970711297071,K_plus,meson,-0.3244651310444172,0.47847713520549956,15.169617903259415
6.712970711297071,K_short,meson,0.031910661153591244,-0.4960809533697471,13.032361426487812
6.712970711297071,K_long,meson,0.49926970884718236,0.33564276205460747,15.789274872247002
6.712970711297071,eta,meson,0.09193798740507755,-0.16161512220206173,4.82282926003031
6.712970711297071,rho_770,meson,0.0,-0.0,-0.08265966936381419
6.712970711297071,omega_782,meson,-0.04004441492409793,0.02525131852734794,1.1663292053773442
6.712970711297071,phi_1020,meson,0.05397391133310376,-0.03269161961700203,1.582156678747984
6.712970711297071,D0,meson,-0.30307680725146474,-0.3053140338577531,11.267197457307917
6.712970711297071,D_plus,meson,0.339850821873873,0.28795828905261817,11.669317322546195
6.712970711297071,Ds_plus,meson,0.02470782372300969,-0.43368036492458334,11.377567751184174
6.712970711297071,J_psi,meson,-0.14425642752215795,-0.0036161879411010472,3.7244148040524654
6.712970711297071,B_plus,meson,0.37890922315997805,-0.27827915080546073,12.320353652430827
6.712970711297071,B0,meson,0.2963762170029761,-0.3633006455081107,12.287050836244319
6.712970711297071,Bs0,meson,0.3149931007396814,-0.3476324830560658,12.293879496489762
6.712970711297071,Upsilon_1S,meson,-0.12200411448166704,0.1207117049252446,4.445367569337434
6.712970711297071,W,boson,0.03159415329095704,-0.009563545442167986,0.7882310922760309
6.712970711297071,Z,boson,0.02863836783803212,-0.014564623036538462,0.7649959817301074
6.712970711297071,Higgs,boson,-0.13752302607073555,0.03851512175577829,3.685178675832777
6.712970711297071,top,quark,-0.03320971728071646,0.03226409111176283,1.1389084362748172
6.9171548117154815,muon,lepton,0.5949780051610715,-0.23027971683637835,16.74918461424223
6.9171548117154815,tau,lepton,0.10374601019364604,0.41081265744292145,11.09597171977255
6.9171548117154815,neutron,baryon,-0.38160508662829834,0.9243254610035412,26.300073716822478
6.9171548117154815,Lambda,baryon,-0.5265739245364071,0.03948359764079242,13.84879890259473
6.9171548117154815,Sigma_plus,baryon,0.42945928098114255,-0.27439016116263454,13.362837396118582
6.9171548117154815,Xi_minus,baryon,-0.2627672727324264,0.4523576819178713,13.719169493736818
6.9171548117154815,Omega_minus,baryon,0.420936344249334,0.29780879335638105,13.521150664275083
6.9171548117154815,Delta_1232,baryon,-0.0010594286443254665,0.011508624906409365,0.22225309913704822
6.9171548117154815,pi0,meson,-0.12345209614403965,-0.21418382445375225,6.439541066697468
6.9171548117154815,pi_plus,meson,0.14766633275560131,-0.5500801299248949,14.943771874719356
6.9171548117154815,K_plus,meson,0.5366748659417837,0.21493738261293988,15.169617903259415
6.9171548117154815,K_short,meson,-0.49457899952684103,-0.05006211959681134,13.032361426487812
6.9171548117154815,K_long,meson,0.18006633559121632,-0.5740230140671605,15.789274872247002
6.9171548117154815,eta,meson,-0.009390021219185451,-0.18569832727837587,4.82282926003031
6.9171548117154815,rho_770,meson,0.0,-0.0,-0.08265966936381419
6.9171548117154815,omega_782,meson,-0.036211470473104246,0.030494485733627348,1.1663292053773442
6.9171548117154815,phi_1020,meson,0.04698680042019527,-0.04212084619341397,1.582156678747984
6.9171548117154815,D0,meson,-0.36958522794939913,0.2201794033188058,11.267197457307917
6.9171548117154815,D_plus,meson,0.34893395076491146,-0.27688202427396486,11.669317322546195
6.9171548117154815,Ds_plus,meson,-0.4164495283911209,-0.12352702448071852,11.377567751184174
6.9171548117154815,J_psi,meson,-0.13214745580919865,0.05796588324037568,3.7244148040524654
6.9171548117154815,B_plus,meson,-0.2307303693883679,-0.4096034445785505,12.320353652430827
6.9171548117154815,B0,meson,-0.32372636837140617,-0.33915698349387663,12.287050836244319
6.9171548117154815,Bs0,meson,-0.3061554971178182,-0.3554403021238118,12.293879496489762
6.9171548117154815,Upsilon_1S,meson,-0.045351642545738,0.16552808877897018,4.445367569337434
6.9171548117154815,W,boson,0.03057211353977633,-0.012449811135432082,0.7882310922760309
6.9171548117154815,Z,boson,0.02721248290529147,-0.017081133766589353,0.7649959817301074
6.9171548117154815,Higgs,boson,-0.10859481189115612,0.0927532432524009,3.685178675832777
6.9171548117154815,top,quark,-0.02859895792456851,0.036413685651990935,1.1389084362748172
7.121338912133891,muon,lepton,-0.38875323868237566,-0.5058641062831543,16.74918461424223
7.121338912133891,tau,lepton,0.42186426942257116,0.03950711747236907,11.09597171977255
7.121338912133891,neutron,baryon,0.5790865330489552,-0.8152660837060139,26.300073716822478
7.121338912133891,Lambda,baryon,0.020729197818382273,0.5276451012206407,13.84879890259473
7.121338912133891,Sigma_plus,baryon,-0.23493030252061287,-0.4522532338427994,13.362837396118582
7.121338912133891,Xi_minus,baryon,0.43867481790816143,0.28502371154447625,13.719169493736818
7.121338912133891,Omega_minus,baryon,0.3272776737546041,-0.39845552772191833,13.521150664275083
7.121338912133891,Delta_1232,baryon,-0.0007755856446517427,0.011531231642658705,0.22225309913704822
7.121338912133891,pi0,meson,-0.23354829992341306,-0.0810575246530295,6.439541066697468
7.121338912133891,pi_plus,meson,-0.560711678635182,-0.09997954095610505,14.943771874719356
7.121338912133891,K_plus,meson,0.1542525678733504,-0.5571571909996408,15.169617903259415
7.121338912133891,K_short,meson,-0.11185756131198214,0.48435781047571913,13.032361426487812
7.121338912133891,K_long,meson,-0.5969516267750941,-0.07466633232297422,15.789274872247002
7.121338912133891,eta,meson,-0.10269859542805716,-0.1550001282244237,4.82282926003031
7.121338912133891,rho_770,meson,0.0,-0.0,-0.08265966936381419
7.121338912133891,omega_782,meson,-0.031977426825127886,0.03490885887029958,1.1663292053773442
7.121338912133891,phi_1020,meson,0.03891613181324953,-0.049673532011225915,1.582156678747984
7.121338912133891,D0,meson,0.09200278088590905,0.4202471875854663,11.267197457307917
7.121338912133891,D_plus,meson,-0.17082814213043765,-0.411383401729726,11.669317322546195
7.121338912133891,Ds_plus,meson,-0.24451044047242682,0.35903172558177493,11.377567751184174
7.121338912133891,J_psi,meson,-0.09778494974617892,0.10611831745659293,3.7244148040524654
7.121338912133891,B_plus,meson,-0.44799773721444475,0.1425114473277278,12.320353652430827
7.121338912133891,B0,meson,-0.3988711536242976,0.24643056595728358,12.287050836244319
7.121338912133891,Bs0,meson,-0.4109894647675131,0.22617837350073516,12.293879496489762
7.121338912133891,Upsilon_1S,meson,0.03835427873220662,0.16728798211272453,4.445367569337434
7.121338912133891,W,boson,0.029368993606828202,-0.015070306503816966,0.7882310922760309
7.121338912133891,Z,boson,0.025667871034329715,-0.01932471870915375,0.7649959817301074
7.121338912133891,Higgs,boson,-0.0628116851230182,0.12826024136700137,3.685178675832777
7.121338912133891,top,quark,-0.023786130014173852,0.039725016250242974,1.1389084362748172
7.325523012552301,muon,lepton,-0.4273890892295792,0.47367303176262987,16.74918461424223
7.325523012552301,tau,lepton,0.204372060231909,-0.3711634884292638,11.09597171977255
7.325523012552301,neutron,baryon,-0.8456131128645467,0.5337962751383073,26.300073716822478
7.325523012552301,Lambda,baryon,0.526248167116815,0.043610997357621535,13.84879890259473
7.325523012552301,Sigma_plus,baryon,-0.4859105233733676,0.1536756253890528,13.362837396118582
7.325523012552301,Xi_minus,baryon,0.3416739805810469,-0.3961477035188388,13.719169493736818
7.325523012552301,Omega_minus,baryon,-0.342681043243985,-0.3852884450792569,13.521150664275083
7.325523012552301,Delta_1232,baryon,-0.0005072771117910763,0.011546146812711856,0.22225309913704822
7.325523012552301,pi0,meson,-0.23309280363505944,0.08235821509443123,6.439541066697468
7.325523012552301,pi_plus,meson,-0.10412249072596991,0.5599571430856985,14.943771874719356
7.325523012552301,K_plus,meson,-0.5595878178065572,-0.1451876866012682,15.169617903259415
7.325523012552301,K_short,meson,0.4509521589653148,0.2091811485674985,13.032361426487812
7.325523012552301,K_long,meson,-0.026084026397593912,0.6010373777552322,15.789274872247002
7.325523012552301,eta,meson,-0.16483153206353968,-0.08603840590149166,4.82282926003031
7.325523012552301,rho_770,meson,0.0,-0.0,-0.08265966936381419
7.325523012552301,omega_782,meson,-0.027490643168436756,0.038541520366594056,1.1663292053773442
7.325523012552301,phi_1020,meson,0.030199582664293855,-0.05540677128906701,1.582156678747984
7.325523012552301,D0,meson,0.4235161054019814,0.075540180231268,11.267197457307917
7.325523012552301,D_plus,meson,-0.44501823608040475,0.019424904590326062,11.669317322546195
7.325523012552301,Ds_plus,meson,0.2425508794552134,0.3603584414853489,11.377567751184174
7.325523012552301,J_psi,meson,-0.05014532320755117,0.13530868507635127,3.7244148040524654
7.325523012552301,B_plus,meson,0.012283839237905766,0.4699580752176556,12.320353652430827
7.325523012552301,B0,meson,0.12419192032043325,0.45210904432307947,12.287050836244319
7.325523012552301,Bs0,meson,0.10167471329571838,0.4579642447457644,12.293879496489762
7.325523012552301,Upsilon_1S,meson,0.10930688484606199,0.1323190257735628,4.445367569337434
7.325523012552301,W,boson,0.02802784205160229,-0.01743823366993739,0.7882310922760309
7.325523012552301,Z,boson,0.024040742641501002,-0.021314948976434708,0.7649959817301074
7.325523012552301,Higgs,boson,-0.009967570700064035,0.1424662936903107,3.685178675832777
7.325523012552301,top,quark,-0.018895380528007835,0.04227081134583334,1.1389084362748172
7.529707112970711,muon,lepton,0.5087264281366302,0.38499999471043705,16.74918461424223
7.529707112970711,tau,lepton,-0.2372930966692384,-0.35103028419146226,11.09597171977255
7.529707112970711,neutron,baryon,0.9997256503376073,-0.023422725226757327,26.300073716822478
7.529707112970711,Lambda,baryon,0.1476454988177196,-0.5069909852879048,13.84879890259473
7.529707112970711,Sigma_plus,baryon,0.029304576487708695,0.5087892258691928,13.362837396118582
7.529707112970711,Xi_minus,baryon,-0.3147489541113644,-0.4178602731717262,13.719169493736818
7.529707112970711,Omega_minus,baryon,-0.4540293029894638,0.24440719166440092,13.521150664275083
7.529707112970711,Delta_1232,baryon,-0.00025329745548947685,0.011554508933221084,0.22225309913704822
7.529707112970711,pi0,meson,-0.13837750029032014,0.20485799499505852,6.439541066697468
7.529707112970711,pi_plus,meson,0.5479657933955857,0.1553286336643166,14.943771874719356
7.529707112970711,K_plus,meson,-0.18398610014899944,0.5480575746489552,15.169617903259415
7.529707112970711,K_short,meson,0.3262100995126254,-0.3751020841950355,13.032361426487812
7.529707112970711,K_long,meson,0.6007869903189832,0.031325678850650136,15.789274872247002
7.529707112970711,eta,meson,-0.18593414042317857,-0.0007325828125604473,4.82282926003031
7.529707112970711,rho_770,meson,0.0,-0.0,-0.08265966936381419
7.529707112970711,omega_782,meson,-0.022870470929668523,0.041450281222665905,1.1663292053773442
7.529707112970711,phi_1020,meson,0.021193107455391734,-0.05943717098046237,1.582156678747984
7.529707112970711,D0,meson,0.2543571875259666,-0.34695047415750124,11.267197457307917
7.529707112970711,D_plus,meson,-0.16219889954552513,0.4148615122527984,11.669317322546195
7.529707112970711,Ds_plus,meson,0.42968306284528346,-0.06373069102201305,11.377567751184174
7.529707112970711,J_psi,meson,0.0019565065305841294,0.14428848110253556,3.7244148040524654
7.529707112970711,B_plus,meson,0.4453910178525891,0.1504603814462167,12.320353652430827
7.529707112970711,B0,meson,0.4670779460974149,0.04079722173169987,12.287050836244319
7.529707112970711,Bs0,meson,0.46477959679337383,0.06363114955675242,12.293879496489762
7.529707112970711,Upsilon_1S,meson,0.15524023457392616,0.07319008966962273,4.445367569337434
7.529707112970711,W,boson,0.026584178708381524,-0.019568683297497003,0.7882310922760309
7.529707112970711,Z,boson,0.022360283675193434,-0.023071672470537926,0.7649959817301074
7.529707112970711,Higgs,boson,0.04148548036867693,0.1366563288768389,3.685178675832777
7.529707112970711,top,quark,-0.01402276447062616,0.04412730417479177,1.1389084362748172
7.733891213389121,muon,lepton,0.3854384235578667,-0.5083943314563185,16.74918461424223
7.733891213389121,tau,lepton,-0.4228512959629631,0.026963969456625696,11.09597171977255
7.733891213389121,neutron,baryon,-0.7942586959498179,-0.6075797263800815,26.300073716822478
7.733891213389121,Lambda,baryon,-0.44848464983390324,-0.27874822214266215,13.84879890259473
7.733891213389121,Sigma_plus,baryon,0.4924068686772077,0.13138002223779555,13.362837396118582
7.733891213389121,Xi_minus,baryon,-0.48947475698531556,0.18463091367242276,13.719169493736818
7.733891213389121,Omega_minus,baryon,0.09757912123536477,0.5063159077189966,13.521150664275083
7.733891213389121,Delta_1232,baryon,-1.255379825503682e-05,0.011557278169664025,0.22225309913704822
7.733891213389121,pi0,meson,0.002351349953650179,0.24720356359362713,6.439541066697468
7.733891213389121,pi_plus,meson,0.245840377942429,-0.5137664875610327,14.943771874719356
7.733891213389121,K_plus,meson,0.5146940893453789,0.26326409662364525,15.169617903259415
7.733891213389121,K_short,meson,-0.24083133509857177,-0.43487339608917897,13.032361426487812
7.733891213389121,K_long,meson,0.08569480143605761,-0.5954684768304959,15.789274872247002
7.733891213389121,eta,meson,-0.16757744401602429,0.08055955256541454,4.82282926003031
7.733891213389121,rho_770,meson,0.0,-0.0,-0.08265966936381419
7.733891213389121,omega_782,meson,-0.01821151901646951,0.04369811013185435,1.1663292053773442
7.733891213389121,phi_1020,meson,0.01217830885193765,-0.06191618440507551,1.582156678747984
7.733891213389121,D0,meson,-0.17678651551583294,-0.3921973206129854,11.267197457307917
7.733891213389121,D_plus,meson,0.29408227767453365,0.3345656457561305,11.669317322546195
7.733891213389121,Ds_plus,meson,0.1518456663750394,-0.40697915066667395,11.377567751184174
7.733891213389121,J_psi,meson,0.051192253590841286,0.13491607342704565,3.7244148040524654
7.733891213389121,B_plus,meson,0.3176075529700518,-0.34660774293873203,12.320353652430827
7.733891213389121,B0,meson,0.2273412108306402,-0.41005145395384646,12.287050836244319
7.733891213389121,Bs0,meson,0.24700840714023567,-0.3988180582563539,12.293879496489762
7.733891213389121,Upsilon_1S,meson,0.1715794777422071,0.004099082107799771,4.445367569337434
7.733891213389121,W,boson,0.025067187766923238,-0.021477616745223794,0.7882310922760309
7.733891213389121,Z,boson,0.02064989758851254,-0.024614347161906268,0.7649959817301074
7.733891213389121,Higgs,boson,0.08530569299494552,0.11453792405210923,3.685178675832777
7.733891213389121,top,quark,-0.009241196299030663,0.045370223584373405,1.1389084362748172
7.9380753138075315,muon,lepton,-0.4756450622600636,-0.42519330822498924,16.74918461424223
7.9380753138075315,tau,lepton,-0.2105315844967201,0.3677046723604633,11.09597171977255
7.9380753138075315,neutron,baryon,0.11564155656554898,0.9932910099236261,26.300073716822478
7.9380753138075315,Lambda,baryon,-0.41195215636061716,0.33035507163379735,13.84879890259473
7.9380753138075315,Sigma_plus,baryon,0.3054730137759852,-0.4079356228846817,13.362837396118582
7.9380753138075315,Xi_minus,baryon,0.005434394837451011,0.5231104848520034,13.719169493736818
7.9380753138075315,Omega_minus,baryon,0.5075280757810491,0.0910644585135346,13.521150664275083
7.9380753138075315,Delta_1232,baryon,0.0002159451832062086,0.011555267368896891,0.22225309913704822
7.9380753138075315,pi0,meson,0.13597258798468817,0.20646206919610977,6.439541066697468
7.9380753138075315,pi_plus,meson,-0.440109639257446,-0.36152040136119273,14.943771874719356
7.9380753138075315,K_plus,meson,0.3698079529371494,-0.4443647917224855,15.169617903259415
7.9380753138075315,K_short,meson,-0.4948956529811248,0.046828359483144115,13.032361426487812
7.9380753138075315,K_long,meson,-0.5730952238329591,-0.18299773307843617,15.789274872247002
7.9380753138075315,eta,meson,-0.11887532108309384,0.14297097359210678,4.82282926003031
7.9380753138075315,rho_770,meson,0.0,-0.0,-0.08265966936381419
7.9380753138075315,omega_782,meson,-0.01358763522695008,0.045349315572809336,1.1663292053773442
7.9380753138075315,phi_1020,meson,0.003371806442164798,-0.06301234814774859,1.582156678747984
7.9380753138075315,D0,meson,-0.4256881881566,-0.06214319615360814,11.267197457307917
7.9380753138075315,D_plus,meson,0.43755837870826225,-0.08343394144264726,11.669317322546195
7.9380753138075315,Ds_plus,meson,-0.2646306676152959,-0.3444702385282796,11.377567751184174
7.9380753138075315,J_psi,meson,0.09229641643560596,0.11092504320407624,3.7244148040524654
7.9380753138075315,B_plus,meson,-0.1630904687409386,-0.44092287780808936,12.320353652430827
7.9380753138075315,B0,meson,-0.25962458338224803,-0.39041170158590177,12.287050836244319
7.9380753138075315,Bs0,meson,-0.24085136480705335,-0.4025662887772704,12.293879496489762
7.9380753138075315,Upsilon_1S,meson,0.15991543455112456,-0.06231671885409269,4.445367569337434
7.9380753138075315,W,boson,0.02350075049634526,-0.023181170153929495,0.7882310922760309
7.9380753138075315,Z,boson,0.018928244826829026,-0.02596162368571195,0.7649959817301074
7.9380753138075315,Higgs,boson,0.11764346272127545,0.0809692100891599,3.685178675832777
7.9380753138075315,top,quark,-0.0046047730259271644,0.046072258057457356,1.1389084362748172
8.142259414225942,muon,lepton,-0.49321551511926864,0.404680157973337,16.74918461424223
8.142259414225942,tau,lepton,0.1721712632999983,0.3871528512617438,11.09597171977255
8.142259414225942,neutron,baryon,0.7183032266558689,-0.6957301736850051,26.300073716822478
8.142259414225942,Lambda,baryon,0.144092822960186,0.5080121168394492,13.84879890259473
8.142259414225942,Sigma_plus,baryon,-0.2386824365306256,-0.4502842758252839,13.362837396118582
8.142259414225942,Xi_minus,baryon,0.4818206700496663,0.2037718182728858,13.719169493736818
8.142259414225942,Omega_minus,baryon,0.29318005320267804,-0.42417324257248046,13.521150664275083
8.142259414225942,Delta_1232,baryon,0.0004330995090559819,0.011549167117333557,0.22225309913704822
8.142259414225942,pi0,meson,0.2232677365302246,0.1061444700616249,6.439541066697468
8.142259414225942,pi_plus,meson,-0.4775953946366665,0.3103161842210681,14.943771874719356
8.142259414225942,K_plus,meson,-0.32110909942741683,-0.48073582812501725,15.169617903259415
8.142259414225942,K_short,meson,-0.18172533202272376,0.46269915311433985,13.032361426487812
8.142259414225942,K_long,meson,-0.3116236424911924,0.5146037420506361,15.789274872247002
8.142259414225942,eta,meson,-0.0524097743269742,0.17839634751720448,4.82282926003031
8.142259414225942,rho_770,meson,0.0,-0.0,-0.08265966936381419
8.142259414225942,omega_782,meson,-0.009055467990022686,0.04646700714985393,1.1663292053773442
8.142259414225942,phi_1020,meson,-0.0050649446702686314,-0.06289889850596445,1.582156678747984
8.142259414225942,D0,meson,-0.29725570132832735,0.3109843378564891,11.267197457307917
8.142259414225942,D_plus,meson,0.17159216163927832,-0.411065307982099,11.669317322546195
8.142259414225942,Ds_plus,meson,-0.43391356175938717,0.020202880872033067,11.377567751184174
8.142259414225942,J_psi,meson,0.12212094726648376,0.07687306378321127,3.7244148040524654
8.142259414225942,B_plus,meson,-0.462977239741441,-0.08163063548755836,12.320353652430827
8.142259414225942,B0,meson,-0.46814134393553236,0.02588248693303403,12.287050836244319
8.142259414225942,Bs0,meson,-0.46909965215598237,0.0038096110643056464,12.293879496489762
8.142259414225942,Upsilon_1S,meson,0.1258648093157884,-0.11668063006478524,4.445367569337434
8.142259414225942,W,boson,0.021904327067433338,-0.024695189396313825,0.7882310922760309
8.142259414225942,Z,boson,0.017210106104608255,-0.02713110031847262,0.7649959817301074
8.142259414225942,Higgs,boson,0.1368050035839263,0.040992539539732684,3.685178675832777
8.142259414225942,top,quark,-0.0001524551563120064,0.04630155131913578,1.1389084362748172
8.346443514644351,muon,lepton,0.28616341092019676,0.5702088011090404,16.74918461424223
8.346443514644351,tau,lepton,0.4096009595233363,0.10843121369779772,11.09597171977255
8.346443514644351,neutron,baryon,-0.9678634271263825,-0.25147641327005943,26.300073716822478
8.346443514644351,Lambda,baryon,0.5195992497451002,0.0941045809122103,13.84879890259473
8.346443514644351,Sigma_plus,baryon,-0.5096189823088387,-0.003705055222268605,13.362837396118582
8.346443514644351,Xi_minus,baryon,0.3985301311505457,-0.3388920869162871,13.719169493736818
8.346443514644351,Omega_minus,baryon,-0.23997251047800155,-0.4563887350989976,13.521150664275083
8.346443514644351,Delta_1232,baryon,0.0006397272086667721,0.011539566083147783,0.22225309913704822
8.346443514644351,pi0,meson,0.2465236236151065,-0.01847251200216898,6.439541066697468
8.346443514644351,pi_plus,meson,0.11807578151178005,0.5571818419403665,14.943771874719356
8.346443514644351,K_plus,meson,-0.5615858157075289,0.1372565545766109,15.169617903259415
8.346443514644351,K_short,meson,0.31074046411407596,0.38801413189942596,13.032361426487812
8.346443514644351,K_long,meson,0.3998514087773377,0.4494943345480279,15.789274872247002
8.346443514644351,eta,meson,0.019051012633505143,0.1849570224947449,4.82282926003031
8.346443514644351,rho_770,meson,0.0,-0.0,-0.08265966936381419
8.346443514644351,omega_782,meson,-0.004657565311730008,0.04711147778779468,1.1663292053773442
8.346443514644351,phi_1020,meson,-0.013016264249049586,-0.061745461070231,1.582156678747984
8.346443514644351,D0,meson,0.06195601276362379,0.42571547170224905,11.267197457307917
8.346443514644351,D_plus,meson,-0.23065436507400291,-0.3810736427972508,11.669317322546195
8.346443514644351,Ds_plus,meson,-0.24814305125203698,0.35653073021771353,11.377567751184174
8.346443514644351,J_psi,meson,0.13938145225976778,0.0373604665741617,3.7244148040524654
8.346443514644351,B_plus,meson,-0.32153582239877,0.34296676235905577,12.320353652430827
8.346443514644351,B0,meson,-0.23543717355327962,0.40545722134504886,12.287050836244319
8.346443514644351,Bs0,meson,-0.25419381235391464,0.3942771899949422,12.293879496489762
8.346443514644351,Upsilon_1S,meson,0.07700188783358586,-0.15338523047046904,4.445367569337434
8.346443514644351,W,boson,0.020293702506636688,-0.026034929655542216,0.7882310922760309
8.346443514644351,Z,boson,0.01550709552530284,-0.02813919588389178,0.7649959817301074
8.346443514644351,Higgs,boson,0.14281228428003098,-0.0008054577793142303,3.685178675832777
8.346443514644351,top,quark,0.004088854046289186,0.046120908162365956,1.1389084362748172
8.55062761506276,muon,lepton,0.6276183160978457,-0.11455489474568556,16.74918461424223
8.55062761506276,tau,lepton,0.35130010454332655,-0.23689345852991198,11.09597171977255
8.55062761506276,neutron,baryon,0.19340163563467466,0.9811196702410122,26.300073716822478
8.55062761506276,Lambda,baryon,0.33469329958976407,-0.4084353653811704,13.84879890259473
8.55062761506276,Sigma_plus,baryon,-0.26720782777703256,0.433964527742045,13.362837396118582
8.55062761506276,Xi_minus,baryon,-0.097475409348847,-0.513977291892961,13.719169493736818
8.55062761506276,Omega_minus,baryon,-0.5150291742564429,-0.02494860667660749,13.521150664275083
8.55062761506276,Delta_1232,baryon,0.0008365727166790318,0.011526967614188543,0.22225309913704822
8.55062761506276,pi0,meson,0.20822418284136493,-0.13325847207603278,6.439541066697468
8.55062761506276,pi_plus,meson,0.5565138142757516,0.12118527009472459,14.943771874719356
8.55062761506276,K_plus,meson,-0.0956323800522711,0.5701512413944836,15.169617903259415
8.55062761506276,K_short,meson,0.4943559263723688,-0.05221896831625052,13.032361426487812
8.55062761506276,K_long,meson,0.561171956722217,-0.21682329413730955,15.789274872247002
8.55062761506276,eta,meson,0.08470364378102521,0.1655214003768115,4.82282926003031
8.55062761506276,rho_770,meson,0.0,-0.0,-0.08265966936381419
8.55062761506276,omega_782,meson,-0.00042501946456961716,0.047339239668985386,1.1663292053773442
8.55062761506276,phi_1020,meson,-0.020403736656739783,-0.05971275096843983,1.582156678747984
8.55062761506276,D0,meson,0.3642494467888293,0.22889856023633373,11.267197457307917
8.55062761506276,D_plus,meson,-0.44166019696927256,-0.05792087512737971,11.669317322546195
8.55062761506276,Ds_plus,meson,0.11405073587216091,0.4191438477674051,11.377567751184174
8.55062761506276,J_psi,meson,0.14425978592195168,-0.0034796353880321793,3.7244148040524654
8.55062761506276,B_plus,meson,0.09014471708204479,0.46139507490967485,12.320353652430827
8.55062761506276,B0,meson,0.19009263613539001,0.4285918929689447,12.287050836244319
8.55062761506276,Bs0,meson,0.17026136092602157,0.43712705906285876,12.293879496489762
8.55062761506276,Upsilon_1S,meson,0.021208970582463547,-0.17031294496675004,4.445367569337434
8.55062761506276,W,boson,0.01868161361684156,-0.02721487160116585,0.7882310922760309
8.55062761506276,Z,boson,0.013828247508927562,-0.029001102176550775,0.7649959817301074
8.55062761506276,Higgs,boson,0.1369069366341995,-0.04065080571100557,3.685178675832777
8.55062761506276,top,quark,0.008101765937729377,0.04558747948530932,1.1389084362748172
8.754811715481171,muon,lepton,0.10294310070971438,-0.6296271060143139,16.74918461424223
8.754811715481171,tau,lepton,0.06911529793793461,-0.41803510586715775,11.09597171977255
8.754811715481171,neutron,baryon,0.8512771283041372,-0.5247163527338,26.300073716822478
8.754811715481171,Lambda,baryon,-0.17062411533019375,-0.4997263888890825,13.84879890259473
8.754811715481171,Sigma_plus,baryon,0.21150972321533035,0.46366892450224745,13.362837396118582
8.754811715481171,Xi_minus,baryon,-0.4863302097133358,-0.19276161217817783,13.719169493736818
8.754811715481171,Omega_minus,baryon,-0.30282815227812493,0.41733990163677653,13.521150664275083
8.754811715481171,Delta_1232,baryon,0.0010243144047204535,0.01151180334652766,0.22225309913704822
8.754811715481171,pi0,meson,0.12482532353284813,-0.21338643186696002,6.439541066697468
8.754811715481171,pi_plus,meson,0.36227951057693547,-0.4394849842529472,14.943771874719356
8.754811715481171,K_plus,meson,0.46896165511609617,0.3380724126705764,15.169617903259415
8.754811715481171,K_short,meson,0.24263698672246428,-0.43386852301790596,13.032361426487812
8.754811715481171,K_long,meson,0.026631987822715874,-0.6010133468706055,15.789274872247002
8.754811715481171,eta,meson,0.13678604453288032,0.12594292069637114,4.82282926003031
8.754811715481171,rho_770,meson,0.0,-0.0,-0.08265966936381419
8.754811715481171,omega_782,meson,0.0036203074953415526,0.04720251717463886,1.1663292053773442
8.754811715481171,phi_1020,meson,-0.027178765433928175,-0.05694944957823569,1.582156678747984
8.754811715481171,D0,meson,0.4151649402390759,-0.11273988983726752,11.267197457307917
8.754811715481171,D_plus,meson,-0.333325474449699,0.2954872001379098,11.669317322546195
8.754811715481171,Ds_plus,meson,0.3871207810505608,0.19704475723309883,11.377567751184174
8.754811715481171,J_psi,meson,0.13797463780351185,-0.04226101063238665,3.7244148040524654
8.754811715481171,B_plus,meson,0.4181983016426077,0.21475955315641929,12.320353652430827
8.754811715481171,B0,meson,0.45400755664286085,0.11706134948301489,12.287050836244319
8.754811715481171,Bs0,meson,0.4484557681369094,0.13768231845106138,12.293879496489762
8.754811715481171,Upsilon_1S,meson,-0.03444733785894945,-0.16813595858960814,4.445367569337434
8.754811715481171,W,boson,0.017078273464179772,-0.02824861941900164,0.7882310922760309
8.754811715481171,Z,boson,0.01218049865567371,-0.0297307889085041,0.7649959817301074
8.754811715481171,Higgs,boson,0.12108670923366656,-0.07572322068214034,3.685178675832777
8.754811715481171,top,quark,0.011876327880394154,0.04475276229698702,1.1389084362748172
8.95899581589958,muon,lepton,-0.541041539570458,-0.33808523639892796,16.74918461424223
8.95899581589958,tau,lepton,-0.24416173340634229,-0.3462879179041993,11.09597171977255
8.95899581589958,neutron,baryon,-0.7349436764484005,-0.6781281534109233,26.300073716822478
8.95899581589958,Lambda,baryon,-0.5088112418925714,-0.14124507994288826,13.84879890259473
8.95899581589958,Sigma_plus,baryon,0.4988668637263029,0.104197345645553,13.362837396118582
8.95899581589958,Xi_minus,baryon,-0.43628019809568164,0.28867577099393055,13.719169493736818
8.95899581589958,Omega_minus,baryon,0.16235164927571155,0.4894072182629041,13.521150664275083
8.95899581589958,Delta_1232,baryon,0.0012035713152725315,0.011494444413624192,0.22225309913704822
8.95899581589958,pi0,meson,0.019213009993781748,-0.24646701796989354,6.439541066697468
8.95899581589958,pi_plus,meson,-0.19976789160399944,-0.5333725570853547,14.943771874719356
8.95899581589958,K_plus,meson,0.5233005255416414,-0.24571233209990653,15.169617903259415
8.95899581589958,K_short,meson,-0.19533821776033627,-0.4571187846432391,13.032361426487812
8.95899581589958,K_long,meson,-0.5256224452986201,-0.2926556865845856,15.789274872247002
8.95899581589958,eta,meson,0.1708202321522698,0.07343357229447711,4.82282926003031
8.95899581589958,rho_770,meson,0.0,-0.0,-0.08265966936381419
8.95899581589958,omega_782,meson,0.0074639307374942294,0.046749053380028896,1.1663292053773442
8.95899581589958,phi_1020,meson,-0.03331622152777942,-0.053590619336675194,1.582156678747984
8.95899581589958,D0,meson,0.21213198375309328,-0.37426225007768554,11.267197457307917
8.95899581589958,D_plus,meson,-0.012167822172628155,0.445275758902316,11.669317322546195
8.95899581589958,Ds_plus,meson,0.41137936683704235,-0.13948531110837883,11.377567751184174
8.95899581589958,J_psi,meson,0.12238629407819245,-0.07644990986578842,3.7244148040524654
8.95899581589958,B_plus,meson,0.43492236302868464,-0.17847695455226545,12.320353652430827
8.95899581589958,B0,meson,0.38452584239746473,-0.26826497639484215,12.287050836244319
8.95899581589958,Bs0,meson,0.3964373904727504,-0.25081146748998734,12.293879496489762
8.95899581589958,Upsilon_1S,meson,-0.08434815371686444,-0.149471430785188,4.445367569337434
8.95899581589958,W,boson,0.015491808777227112,-0.029148855627738335,0.7882310922760309
8.95899581589958,Z,boson,0.010569082691947009,-0.03034104229708804,0.7649959817301074
8.95899581589958,Higgs,boson,0.09771866920734758,-0.10414921503237372,3.685178675832777
8.95899581589958,top,quark,0.015408337519513584,0.043662799177537855,1.1389084362748172
9.163179916317992,muon,lepton,-0.5385810912551902,0.34199120274366585,16.74918461424223
9.163179916317992,tau,lepton,-0.4142357631772948,-0.08910110353603612,11.09597171977255
9.163179916317992,neutron,baryon,-0.5232520465686543,0.8521779718824671,26.300073716822478
9.163179916317992,Lambda,baryon,-0.41754650304713514,0.3232552710744908,13.84879890259473
9.163179916317992,Sigma_plus,baryon,0.39271140378079206,-0.3248122348437882,13.362837396118582
9.163179916317992,Xi_minus,baryon,-0.034179557456801575,0.5220209477227946,13.719169493736818
9.163179916317992,Omega_minus,baryon,0.48561394633603744,0.1733683316938756,13.521150664275083
9.163179916317992,Delta_1232,baryon,0.0013749091695595787,0.011475210719821412,0.22225309913704822
9.163179916317992,pi0,meson,-0.08580116486211452,-0.2318475594184619,6.439541066697468
9.163179916317992,pi_plus,meson,-0.5571191492389399,-0.11837123264947838,14.943771874719356
9.163179916317992,K_plus,meson,0.06551868887176918,-0.5743912356457549,15.169617903259415
9.163179916317992,K_short,meson,-0.4760374499171286,-0.14318850815583548,13.032361426487812
9.163179916317992,K_long,meson,-0.5123163672013332,0.3153700140939604,15.789274872247002
9.163179916317992,eta,meson,0.18530655310972347,0.01528144715256986,4.82282926003031
9.163179916317992,rho_770,meson,0.0,-0.0,-0.08265966936381419
9.163179916317992,omega_782,meson,0.011097212626231425,0.046022126481846885,1.1663292053773442
9.163179916317992,phi_1020,meson,-0.03880912702848903,-0.049757177945127684,1.582156678747984
9.163179916317992,D0,meson,-0.10252741698647656,-0.4178041875452134,11.267197457307917
9.163179916317992,D_plus,meson,0.3055685330216034,0.32410866848864656,11.669317322546195
9.163179916317992,Ds_plus,meson,0.20066435061418106,-0.3852569971679114,11.377567751184174
9.163179916317992,J_psi,meson,0.09966813081545427,-0.10435160466631298,3.7244148040524654
9.163179916317992,B_plus,meson,0.16314613176255158,-0.4409022849335469,12.320353652430827
9.163179916317992,B0,meson,0.0639868683708055,-0.464469484151222,12.287050836244319
9.163179916317992,Bs0,meson,0.0846777008714462,-0.4614094534840512,12.293879496489762
9.163179916317992,Upsilon_1S,meson,-0.12456247265566592,-0.11806993716573883,4.445367569337434
9.163179916317992,W,boson,0.013928623922132389,-0.029927334649659416,0.7882310922760309
9.163179916317992,Z,boson,0.008997853820656201,-0.030843524170318184,0.7649959817301074
9.163179916317992,Higgs,boson,0.06924374937042523,-0.12490516593256011,3.685178675832777
9.163179916317992,top,quark,0.018697984842431917,0.04235849690399125,1.1389084362748172
9.367364016736401,muon,lepton,0.04623106499343985,0.6363098798865714,16.74918461424223
9.367364016736401,tau,lepton,-0.3714333157625597,0.2038812548716675,11.09597171977255
9.367364016736401,neutron,baryon,0.909208824997136,0.41634038063503687,26.300073716822478
9.367364016736401,Lambda,baryon,-0.011100567838304242,0.5279354410133884,13.84879890259473
9.367364016736401,Sigma_plus,baryon,0.01020985868505724,-0.5095301692238916,13.362837396118582
9.367364016736401,Xi_minus,baryon,0.38150950870824385,0.35794497730034125,13.719169493736818
9.367364016736401,Omega_minus,baryon,0.4456738542807009,-0.2593304820513049,13.521150664275083
9.367364016736401,Delta_1232,baryon,0.0015388457212777067,0.011454378644647144,0.22225309913704822
9.367364016736401,pi0,meson,-0.1718713333515859,-0.17769461295138078,6.439541066697468
9.367364016736401,pi_plus,meson,-0.41593441759010563,0.38909132017002995,14.943771874719356
9.367364016736401,K_plus,meson,-0.43901640072762516,-0.37614171540829394,15.169617903259415
9.367364016736401,K_short,meson,-0.42476231430932876,0.2582471276395529,13.032361426487812
9.367364016736401,K_long,meson,-0.001914722481328215,0.6016000662648032,15.789274872247002
9.367364016736401,eta,meson,0.18112355634210275,-0.0420273552638359,4.82282926003031
9.367364016736401,rho_770,meson,0.0,-0.0,-0.08265966936381419
9.367364016736401,omega_782,meson,0.014516107886637392,0.04506070201191284,1.1663292053773442
9.367364016736401,phi_1020,meson,-0.04366427311676823,-0.045556079187752424,1.582156678747984
9.367364016736401,D0,meson,-0.35377477195476265,-0.2447766759570657,11.267197457307917
9.367364016736401,D_plus,meson,0.4445278615385219,0.02852258190358697,11.669317322546195
9.367364016736401,Ds_plus,meson,-0.10822262155332157,-0.42068634356058393,11.377567751184174
9.367364016736401,J_psi,meson,0.07205504462749929,-0.12502425460849612,3.7244148040524654
9.367364016736401,B_plus,meson,-0.19949241293926923,-0.4256926853357648,12.320353652430827
9.367364016736401,B0,meson,-0.2850867561199886,-0.37222541895548616,12.287050836244319
9.367364016736401,Bs0,meson,-0.2685252015961529,-0.3846598665016542,12.293879496489762
9.367364016736401,Upsilon_1S,meson,-0.1528120708433183,-0.07813315980421955,4.445367569337434
9.367364016736401,W,boson,0.012393703331824222,-0.030594902211310185,0.7882310922760309
9.367364016736401,Z,boson,0.007469551265555899,-0.03124884254679094,0.7649959817301074
9.367364016736401,Higgs,boson,0.03796962062850385,-0.13767463532852423,3.685178675832777
9.367364016736401,top,quark,0.021748764756627535,0.04087600920704132,1.1389084362748172
9.57154811715481,muon,lepton,0.5704520265648894,0.2856782455835608,16.74918461424223
9.57154811715481,tau,lepton,-0.1586571842110851,0.3928844258107275,11.09597171977255
9.57154811715481,neutron,baryon,0.36777486824947386,-0.9299148596963499,26.300073716822478
9.57154811715481,Lambda,baryon,0.39105761863761335,0.3548422063253084,13.84879890259473
9.57154811715481,Sigma_plus,baryon,-0.3673236217013811,-0.35326844113772343,13.362837396118582
9.57154811715481,Xi_minus,baryon,0.5208589441227184,-0.04878598504400989,13.719169493736818
9.57154811715481,Omega_minus,baryon,0.10703230321546055,-0.5044021901010852,13.521150664275083
9.57154811715481,Delta_1232,baryon,0.0016958555248156807,0.01143218746906275,0.22225309913704822
9.57154811715481,pi0,meson,-0.22726246567270095,-0.09729800818288832,6.439541066697468
9.57154811715481,pi_plus,meson,0.059015108154732446,0.5664898164814284,14.943771874719356
9.57154811715481,K_plus,meson,-0.5631471468945421,0.1307030264480121,15.169617903259415
9.57154811715481,K_short,meson,-0.10848098569150211,0.4851252192320005,13.032361426487812
9.57154811715481,K_long,meson,0.4967789319149157,0.33931843259314937,15.789274872247002
9.57154811715481,eta,meson,0.1608261901498209,-0.09331118804504204,4.82282926003031
9.57154811715481,rho_770,meson,0.0,-0.0,-0.08265966936381419
9.57154811715481,omega_782,meson,0.017720140358270228,0.04389966833207405,1.1663292053773442
9.57154811715481,phi_1020,meson,-0.0478986543854748,-0.04108094455872861,1.582156678747984
9.57154811715481,D0,meson,-0.4284476131125993,0.03879243717983003,11.267197457307917
9.57154811715481,D_plus,meson,0.3529002990670238,-0.27180863908430736,11.669317322546195
9.57154811715481,Ds_plus,meson,-0.3543851680807754,-0.25119770723198814,11.377567751184174
9.57154811715481,J_psi,meson,0.04166570452304565,-0.13815557449223403,3.7244148040524654
9.57154811715481,B_plus,meson,-0.43796721167384645,-0.17086897514570212,12.320353652430827
9.57154811715481,B0,meson,-0.4629663543916247,-0.07408357262533745,12.287050836244319
9.57154811715481,Bs0,meson,-0.45953795128985797,-0.09430730678820728,12.293879496489762
9.57154811715481,Upsilon_1S,meson,-0.16826771877201063,-0.03379784720479367,4.445367569337434
9.57154811715481,W,boson,0.010890862552603724,-0.031161531356099902,0.7882310922760309
9.57154811715481,Z,boson,0.0059860156031176625,-0.03156662753323724,0.7649959817301074
9.57154811715481,Higgs,boson,0.0059398685727997235,-0.14269097821814983,3.685178675832777
9.57154811715481,top,quark,0.02456661110820723,0.03924714659426032,1.1389084362748172
9.775732217573221,muon,lepton,0.5508028440914841,-0.32193757399909506,16.74918461424223
9.775732217573221,tau,lepton,0.11472436951432045,0.4078830631271136,11.09597171977255
9.775732217573221,neutron,baryon,-0.925731098240681,-0.37818240803890213,26.300073716822478
9.775732217573221,Lambda,baryon,0.5261750652220281,-0.044484303107143686,13.84879890259473
9.775732217573221,Sigma_plus,baryon,-0.5094533406480186,0.013510302227202493,13.362837396118582
9.775732217573221,Xi_minus,baryon,0.3223402498269956,-0.4120326144261125,13.719169493736818
9.775732217573221,Omega_minus,baryon,-0.2880346484422614,-0.42768390735111883,13.521150664275083
9.775732217573221,Delta_1232,baryon,0.0018463741818171317,0.011408844756133829,0.22225309913704822
9.775732217573221,pi0,meson,-0.24715128964206695,-0.005600957798100289,6.439541066697468
9.775732217573221,pi_plus,meson,0.47615055272680545,0.31252863277727816,14.943771874719356
9.775732217573221,K_plus,meson,-0.24790991434435164,0.5222630223823136,15.169617903259415
9.775732217573221,K_short,meson,0.261023595252319,0.4230617984562658,13.032361426487812
9.775732217573221,K_long,meson,0.5677546294620403,-0.1989497087618312,15.789274872247002
9.775732217573221,eta,meson,0.12796997584885597,-0.13489153618269295,4.82282926003031
9.775732217573221,rho_770,meson,0.0,-0.0,-0.08265966936381419
9.775732217573221,omega_782,meson,0.02071157283345985,0.04257011868373391,1.1663292053773442
9.775732217573221,phi_1020,meson,-0.051536600642899985,-0.03641296324045516,1.582156678747984
9.775732217573221,D0,meson,-0.31228833933580136,0.2958854566874183,11.267197457307917
9.775732217573221,D_plus,meson,0.0982949438400689,-0.4344613462414531,11.669317322546195
9.775732217573221,Ds_plus,meson,-0.43365174305369636,0.025205182418264752,11.377567751184174
9.775732217573221,J_psi,meson,0.010388666624058681,-0.14392730561799294,3.7244148040524654
9.775732217573221,B_plus,meson,-0.440212029069789,0.16499955948718656,12.320353652430827
9.775732217573221,B0,meson,-0.3947455097225384,0.25298656799422853,12.287050836244319
9.775732217573221,Bs0,meson,-0.4055578554709424,0.2357791819799516,12.293879496489762
9.775732217573221,Upsilon_1S,meson,-0.17126166221584888,0.011214397508538525,4.445367569337434
9.775732217573221,W,boson,0.009422956510168253,-0.03163636853692885,0.7882310922760309
9.775732217573221,Z,boson,0.004548365609916164,-0.03180560841897906,0.7649959817301074
9.775732217573221,Higgs,boson,-0.025135919702299427,-0.14058514446496184,3.685178675832777
9.775732217573221,top,quark,0.02715921081797464,0.037499788864446416,1.1389084362748172
9.97991631799163,muon,lepton,0.055333577147701776,-0.6355830157042665,16.74918461424223
9.97991631799163,tau,lepton,0.33370362009605975,0.2610980047438124,11.09597171977255
9.97991631799163,neutron,baryon,-0.44307586051567566,0.8964841224630214,26.300073716822478
9.97991631799163,Lambda,baryon,0.33889068955996543,-0.40495944613492457,13.84879890259473
9.97991631799163,Sigma_plus,baryon,-0.35926402769468907,0.3614617448199549,13.362837396118582
9.97991631799163,Xi_minus,baryon,-0.06178809780568058,-0.5194769898454629,13.719169493736818
9.97991631799163,Omega_minus,baryon,-0.5046111599062014,-0.10604273010676217,13.521150664275083
9.97991631799163,Delta_1232,baryon,0.0019908021244059043,0.011384530872649264,0.22225309913704822
9.97991631799163,pi0,meson,-0.23268804671741367,0.08349493167149542,6.439541066697468
9.97991631799163,pi_plus,meson,0.5487321170063292,-0.15259934119592217,14.943771874719356
9.97991631799163,K_plus,meson,0.23666392837121375,0.527454429487551,15.169617903259415
9.97991631799163,K_short,meson,0.47844255379885875,0.1349345222910826,13.032361426487812
9.97991631799163,K_long,meson,0.19691596942271547,-0.5684631974704327,15.789274872247002
9.97991631799163,eta,meson,0.08653338295659085,-0.16457221784545392,4.82282926003031
9.97991631799163,rho_770,meson,0.0,-0.0,-0.08265966936381419
9.97991631799163,omega_782,meson,0.023494736736455853,0.04109965449571972,1.1663292053773442
9.97991631799163,phi_1020,meson,-0.05460749466887103,-0.03162193263805552,1.582156678747984
9.97991631799163,D0,meson,-0.07274793129672275,0.4240046566445727,11.267197457307917
9.97991631799163,D_plus,meson,-0.19088804741740445,-0.4024677759965745,11.669317322546195
9.97991631799163,Ds_plus,meson,-0.33032596200087294,0.2820884512035985,11.377567751184174
9.97991631799163,J_psi,meson,-0.020180193932554095,-0.14288370610228965,3.7244148040524654
9.97991631799163,B_plus,meson,-0.22937470089480003,0.41036414531258386,12.320353652430827
9.97991631799163,B0,meson,-0.13867345405066805,0.4478793299241017,12.287050836244319
9.97991631799163,Bs0,meson,-0.1578601813477234,0.4417569013996146,12.293879496489762
9.97991631799163,Upsilon_1S,meson,-0.16297735118136955,0.05380244100707309,4.445367569337434
9.97991631799163,W,boson,0.007992052220977082,-0.03202778520119802,0.7882310922760309
9.97991631799163,Z,boson,0.0031571427910632426,-0.03197368927758786,0.7649959817301074
9.97991631799163,Higgs,boson,-0.05390658786370234,-0.13225005515464852,3.685178675832777
9.97991631799163,top,quark,0.029535463778104582,0.03565828482338323,1.1389084362748172
10.184100418410042,muon,lepton,-0.4717958905881233,-0.42946037330101844,16.74918461424223
10.184100418410042,tau,lepton,0.42306951052173536,0.023290843980296353,11.09597171977255
10.184100418410042,neutron,baryon,0.8328817825737281,0.5534509339198995,26.300073716822478
10.184100418410042,Lambda,baryon,-0.03334926026295907,-0.5269979879698282,13.84879890259473
10.184100418410042,Sigma_plus,baryon,-0.024967080649595068,0.5090205098495866,13.362837396118582
10.184100418410042,Xi_minus,baryon,-0.40028175690583034,-0.33682135784081324,13.719169493736818
10.184100418410042,Omega_minus,baryon,-0.44361094821594266,0.26284369867533397,13.521150664275083
10.184100418410042,Delta_1232,baryon,0.0021295079876975766,0.01135940280204798,0.22225309913704822
10.184100418410042,pi0,meson,-0.18941224839349854,0.15886513418152073,6.439541066697468
10.184100418410042,pi_plus,meson,0.26273431486843685,-0.5053357052082211,14.943771874719356
10.184100418410042,K_plus,meson,0.5493942809767911,0.17995531169745296,15.169617903259415
10.184100418410042,K_short,meson,0.449691224546134,-0.2118782791078288,13.032361426487812
10.184100418410042,K_long,meson,-0.3057042381253464,-0.5181420892807277,15.789274872247002
10.184100418410042,eta,meson,0.040469266381820024,-0.18147804200784415,4.82282926003031
10.184100418410042,rho_770,meson,0.0,-0.0,-0.08265966936381419
10.184100418410042,omega_782,meson,0.026075493386164383,0.039512692880275826,1.1663292053773442
10.184100418410042,phi_1020,meson,-0.05714397580155652,-0.02676735189307341,1.582156678747984
10.184100418410042,D0,meson,0.18650738242855638,0.38766893951396586,11.267197457307917
10.184100418410042,D_plus,meson,-0.39354595755046307,-0.20866273423433154,11.669317322546195
10.184100418410042,Ds_plus,meson,-0.10309070508650756,0.4219732716642297,11.377567751184174
10.184100418410042,J_psi,meson,-0.04876151646751673,-0.13581350525065272,3.7244148040524654
10.184100418410042,B_plus,meson,0.07788424609886928,0.46362218387208043,12.320353652430827
10.184100418410042,B0,meson,0.17131014951962376,0.4364390606982483,12.287050836244319
10.184100418410042,Bs0,meson,0.15266625425239,0.443578641958638,12.293879496489762
10.184100418410042,Upsilon_1S,meson,-0.14515585992030616,0.09157562987613836,4.445367569337434
10.184100418410042,W,boson,0.006599571987116124,-0.03234343168533258,0.7882310922760309
10.184100418410042,Z,boson,0.001812429458979208,-0.03207802138659933,0.7649959817301074
10.184100418410042,Higgs,boson,-0.07937208472810717,-0.11872686919745175,3.685178675832777
10.184100418410042,top,quark,0.031705060206289847,0.03374382987227126,1.1389084362748172
10.388284518828451,muon,lepton,-0.6311030237965376,0.09346950286888969,16.74918461424223
10.388284518828451,tau,lepton,0.36523161771089646,-0.21479324842903436,11.09597171977255
10.388284518828451,neutron,baryon,0.6938829936382469,-0.7200877662754899,26.300073716822478
10.388284518828451,Lambda,baryon,-0.3770883640855728,-0.3696531051615829,13.84879890259473
10.388284518828451,Sigma_plus,baryon,0.3114388851563563,0.40339937453628055,13.362837396118582
10.388284518828451,Xi_minus,baryon,-0.5229647641542692,0.01348953158627277,13.719169493736818
10.388284518828451,Omega_minus,baryon,-0.16272326802014558,0.4892837840713929,13.521150664275083
10.388284518828451,Delta_1232,baryon,0.0022628316186757394,0.011333597370401181,0.22225309913704822
10.388284518828451,pi0,meson,-0.1254949817810751,0.2129932868607849,6.439541066697468
10.388284518828451,pi_plus,meson,-0.17406773841186782,-0.5423042666362258,14.943771874719356
10.388284518828451,K_plus,meson,0.5113238814335408,-0.2697515124218419,15.169617903259415
10.388284518828451,K_short,meson,0.21240636143951908,-0.44944203209259465,13.032361426487812
10.388284518828451,K_long,meson,-0.5892480481771695,-0.12129733554943498,15.789274872247002
10.388284518828451,eta,meson,-0.006611371156089564,-0.18581800511231406,4.82282926003031
10.388284518828451,rho_770,meson,0.0,-0.0,-0.08265966936381419
10.388284518828451,omega_782,meson,0.028460803093677007,0.037830767124733905,1.1663292053773442
10.388284518828451,phi_1020,meson,-0.05918054205640362,-0.021899510033029077,1.582156678747984
10.388284518828451,D0,meson,0.37189338186722604,0.21625800074816257,11.267197457307917
10.388284518828451,D_plus,meson,-0.44171735406270984,0.05748335830739831,11.669317322546195
10.388284518828451,Ds_plus,meson,0.1537926292135099,0.40624741559035543,11.377567751184174
10.388284518828451,J_psi,meson,-0.07438881813530432,-0.12364989863770046,3.7244148040524654
10.388284518828451,B_plus,meson,0.3430150993946334,0.32148425584466206,12.320353652430827
10.388284518828451,B0,meson,0.4004045033111153,0.2439312500680963,12.287050836244319
10.388284518828451,Bs0,meson,0.38997040221174634,0.2607529140549224,12.293879496489762
10.388284518828451,Upsilon_1S,meson,-0.11984127143254483,0.12285922561145397,4.445367569337434
10.388284518828451,W,boson,0.005246412102083244,-0.032590291248346004,0.7882310922760309
10.388284518828451,Z,boson,0.0005139451633848624,-0.032125071470612054,0.7649959817301074
10.388284518828451,Higgs,boson,-0.10085568297011986,-0.10111443277863608,3.685178675832777
10.388284518828451,top,quark,0.03367815230150379,0.031774816359657614,1.1389084362748172
10.59246861924686,muon,lepton,-0.3442596008663691,0.5371339700884862,16.74918461424223
10.59246861924686,tau,lepton,0.1932327424501259,-0.37708272486500705,11.09597171977255
10.59246861924686,neutron,baryon,-0.5428165421405221,-0.8398512973012584,26.300073716822478
10.59246861924686,Lambda,baryon,-0.5267775292318684,-0.03666724942918183,13.84879890259473
10.59246861924686,Sigma_plus,baryon,0.4959592026948493,0.1172591310985456,13.362837396118582
10.59246861924686,Xi_minus,baryon,-0.3915247335984128,0.3469618062410318,13.719169493736818
10.59246861924686,Omega_minus,baryon,0.1855844711870639,0.4810778391950677,13.521150664275083
10.59246861924686,Delta_1232,baryon,0.0023910867633011534,0.011307233984454787,0.22225309913704822
10.59246861924686,pi0,meson,-0.050126438033330625,0.24207947230214222,6.439541066697468
10.59246861924686,pi_plus,meson,-0.5002565583615336,-0.2722808678257631,14.943771874719356
10.59246861924686,K_plus,meson,0.17749980275795574,-0.55019252103152,15.169617903259415
10.59246861924686,K_short,meson,-0.10986078554935502,-0.48481461445585067,13.032361426487812
10.59246861924686,K_long,meson,-0.4958958381521319,0.34060772685802454,15.789274872247002
10.59246861924686,eta,meson,-0.051636270334716905,-0.17862177033722285,4.82282926003031
10.59246861924686,rho_770,meson,0.0,-0.0,-0.08265966936381419
10.59246861924686,omega_782,meson,0.030658382301340135,0.03607281315128856,1.1663292053773442
10.59246861924686,phi_1020,meson,-0.06075247621261528,-0.017060531404739804,1.582156678747984
10.59246861924686,D0,meson,0.42971211628320277,-0.020486763620589637,11.267197457307917
10.59246861924686,D_plus,meson,-0.33363274843219,0.2951402150436995,11.669317322546195
10.59246861924686,Ds_plus,meson,0.3512687461610223,0.2555374795303232,11.377567751184174
10.59246861924686,J_psi,meson,-0.0963867572717848,-0.1073898818293,3.7244148040524654
10.59246861924686,B_plus,meson,0.4664520919235235,0.058599753488177336,12.320353652430827
10.59246861924686,B0,meson,0.4673876591368807,-0.03708095357662912,12.287050836244319
10.59246861924686,Bs0,meson,0.4687886216338669,-0.017499286155271906,12.293879496489762
10.59246861924686,Upsilon_1S,meson,-0.08917478551056642,0.14664302671985294,4.445367569337434
10.59246861924686,W,boson,0.003933041243201048,-0.032774732800988374,0.7882310922760309
10.59246861924686,Z,boson,-0.0007388746033163015,-0.03212068525021647,0.7649959817301074
10.59246861924686,Higgs,boson,-0.11796451740705569,-0.08050074494335499,3.685178675832777
10.59246861924686,top,quark,0.035465101356021655,0.029767154431358755,1.1389084362748172
10.796652719665271,muon,lepton,0.16028449253988494,0.6175244578661822,16.74918461424223
10.796652719665271,tau,lepton,-0.030598553349098386,-0.4226038365648822,11.09597171977255
10.796652719665271,neutron,baryon,-0.9562959602981577,0.29240047249863416,26.300073716822478
10.796652719665271,Lambda,baryon,-0.4322864400723463,0.3032614156365948,13.84879890259473
10.796652719665271,Sigma_plus,baryon,0.4642581369212033,-0.21021326520024788,13.362837396118582
10.796652719665271,Xi_minus,baryon,-0.08891799191376416,0.5155266265901027,13.719169493736818
10.796652719665271,Omega_minus,baryon,0.44292689825813464,0.2639947842473513,13.521150664275083
10.796652719665271,Delta_1232,baryon,0.0025145634689338866,0.011280416962574851,0.22225309913704822
10.796652719665271,pi0,meson,0.027775495686289897,0.24564945051714215,6.439541066697468
10.796652719665271,pi_plus,meson,-0.553679132039324,0.13353993377210457,14.943771874719356
10.796652719665271,K_plus,meson,-0.24317672256849224,-0.5244836239378493,15.169617903259415
10.796652719665271,K_short,meson,-0.37799813319437736,-0.32284983179965,13.032361426487812
10.796652719665271,K_long,meson,-0.11494526925788076,0.5905200174145068,15.789274872247002
10.796652719665271,eta,meson,-0.09217030269236627,-0.16148274382757163,4.82282926003031
10.796652719665271,rho_770,meson,0.0,-0.0,-0.08265966936381419
10.796652719665271,omega_782,meson,0.0326764323708349,0.03425543783835138,1.1663292053773442
10.796652719665271,phi_1020,meson,-0.06189503314387275,-0.012285355912442767,1.582156678747984
10.796652719665271,D0,meson,0.35459931249751564,-0.24358066002974038,11.267197457307917
10.796652719665271,D_plus,meson,-0.11988919395792075,0.4290048234397583,11.669317322546195
10.796652719665271,Ds_plus,meson,0.43334268355780353,0.03005418575121365,11.377567751184174
10.796652719665271,J_psi,meson,-0.11433866515869152,-0.08803217222362286,3.7244148040524654
10.796652719665271,B_plus,meson,0.4167569727132758,-0.2175433539862165,12.320353652430827
10.796652719665271,B0,meson,0.3635086378016149,-0.2961210753648235,12.287050836244319
10.796652719665271,Bs0,meson,0.37569502716142555,-0.280931029534832,12.293879496489762
10.796652719665271,Upsilon_1S,meson,-0.05523892022843355,0.16249609640976545,4.445367569337434
10.796652719665271,W,boson,0.002659582013554372,-0.03290256140652399,0.7882310922760309
10.796652719665271,Z,boson,-0.001946814218398928,-0.03207014610228552,0.7649959817301074
10.796652719665271,Higgs,boson,-0.13054490853942105,-0.05791393751031636,3.685178675832777
10.796652719665271,top,quark,0.03707628504904106,0.027734562987281858,1.1389084362748172
11.00083682008368,muon,lepton,0.5533050890621897,0.3176177782013673,16.74918461424223
11.00083682008368,tau,lepton,-0.2390463037694494,-0.3498387325619897,11.09597171977255
11.00083682008368,neutron,baryon,-0.024578324393569485,0.9996979073550192,26.300073716822478
11.00083682008368,Lambda,baryon,-0.15660896838358515,0.5042942429833628,13.84879890259473
11.00083682008368,Sigma_plus,baryon,0.24913417692164222,-0.44458677044337747,13.362837396118582
11.00083682008368,Xi_minus,baryon,0.24202872250967733,0.46378465853204004,13.719169493736818
11.00083682008368,Omega_minus,baryon,0.5127997299665975,-0.053980739681503576,13.521150664275083
11.00083682008368,Delta_1232,baryon,0.002633530234814818,0.011253237524870762,0.22225309913704822
11.00083682008368,pi0,meson,0.10047133239384441,0.2258774934937047,6.439541066697468
11.00083682008368,pi_plus,meson,-0.3328629207372928,0.4621642253203031,14.943771874719356
11.00083682008368,K_plus,meson,-0.5288187670940926,-0.23359944723225828,15.169617903259415
11.00083682008368,K_short,meson,-0.4951947640748666,-0.04355167303713654,13.032361426487812
11.00083682008368,K_long,meson,0.31848158105002605,0.5103878803653862,15.789274872247002
11.00083682008368,eta,meson,-0.1264384364084352,-0.1363281447503546,4.82282926003031
11.00083682008368,rho_770,meson,0.0,-0.0,-0.08265966936381419
11.00083682008368,omega_782,meson,0.03452342650998085,0.03239316711889799,1.1663292053773442
11.00083682008368,phi_1020,meson,-0.06264283624679573,-0.0076026419574799385,1.582156678747984
11.00083682008368,D0,meson,0.18075055568285964,-0.3903862791960959,11.267197457307917
11.00083682008368,D_plus,meson,0.12390757934248628,0.4278615069668497,11.669317322546195
11.00083682008368,Ds_plus,meson,0.38702880698422726,-0.19722534836732536,11.377567751184174
11.00083682008368,J_psi,meson,-0.1280488619173389,-0.06653181688752569,3.7244148040524654
11.00083682008368,B_plus,meson,0.2271952344769515,-0.41157479344545556,12.320353652430827
11.00083682008368,B0,meson,0.14010732906269183,-0.4474328523639315,12.287050836244319
11.00083682008368,Bs0,meson,0.15850448181193905,-0.4415261329013874,12.293879496489762
11.00083682008368,Upsilon_1S,meson,-0.019948074647016364,0.1704652280504505,4.445367569337434
11.00083682008368,W,boson,0.0014258785026344603,-0.03297906599788157,0.7882310922760309
11.00083682008368,Z,boson,-0.0031108256378379346,-0.031978228851421237,0.7649959817301074
11.00083682008368,Higgs,boson,-0.13863698677717262,-0.03428969525762364,3.685178675832777
11.00083682008368,top,quark,0.03852195258165541,0.025688831550499582,1.1389084362748172
11.205020920502092,muon,lepton,0.6184705645987704,-0.15659417401860387,16.74918461424223
11.205020920502092,tau,lepton,-0.3793169232101086,-0.18880928449849022,11.09597171977255
11.205020920502092,neutron,baryon,0.925772955068798,0.37807993290200614,26.300073716822478
11.205020920502092,Lambda,baryon,0.1735103989068115,0.49873158507912135,13.84879890259473
11.205020920502092,Sigma_plus,baryon,-0.052311930843507666,-0.5069405255600705,13.362837396118582
11.205020920502092,Xi_minus,baryon,0.4687932248096607,0.2321788629094095,13.719169493736818
11.205020920502092,Omega_minus,baryon,0.38569476922711665,-0.34222365245730574,13.521150664275083
11.205020920502092,Delta_1232,baryon,0.002748235939471702,0.011225775497035352,0.22225309913704822
11.205020920502092,pi0,meson,0.1619322704832808,0.1867968695565388,6.439541066697468
11.205020920502092,pi_plus,meson,0.03530175669248046,0.5684604481774453,14.943771874719356
11.205020920502092,K_plus,meson,-0.5555052321046602,0.16009974166899973,15.169617903259415
11.205020920502092,K_short,meson,-0.43367637674724163,0.24298025196069134,13.032361426487812
11.205020920502092,K_long,meson,0.5768425260413133,0.17081863493855973,15.789274872247002
11.205020920502092,eta,meson,-0.15329519256960572,-0.10522654221977955,4.82282926003031
11.205020920502092,rho_770,meson,0.0,-0.0,-0.08265966936381419
11.205020920502092,omega_782,meson,0.03620794374563711,0.030498673146477716,1.1663292053773442
11.205020920502092,phi_1020,meson,-0.06302944001718087,-0.0030355870761842384,1.582156678747984
11.205020920502092,D0,meson,-0.035989484596507214,-0.42869215920367904,11.267197457307917
11.205020920502092,D_plus,meson,0.32498984646501866,0.30463118201704453,11.669317322546195
11.205020920502092,Ds_plus,meson,0.23698646225592646,-0.36404196486348583,11.377567751184174
11.205020920502092,J_psi,meson,-0.13750368642926875,-0.04376905202357385,3.7244148040524654
11.205020920502092,B_plus,meson,-0.028819785431767758,-0.4692343818779409,12.320353652430827
11.205020920502092,B0,meson,-0.12086764687818473,-0.4530090870719212,12.287050836244319
11.205020920502092,Bs0,meson,-0.10230675247583032,-0.4578234650901744,12.293879496489762
11.205020920502092,Upsilon_1S,meson,0.015020959703439793,0.17096985238925216,4.445367569337434
11.205020920502092,W,boson,0.00023155224198151287,-0.03300906401514798,0.7882310922760309
11.205020920502092,Z,boson,-0.004231985858788381,-0.031849248850073605,0.7649959817301074
11.205020920502092,Higgs,boson,-0.14243157624087002,-0.01045195642240564,3.685178675832777
11.205020920502092,top,quark,0.039812117710218836,0.023640054580328924,1.1389084362748172
11.409205020920501,muon,lepton,0.34905228934636384,-0.5340319034606011,16.74918461424223
11.409205020920501,tau,lepton,-0.42350705840260905,0.013116616544840512,11.09597171977255
11.409205020920501,neutron,baryon,0.7106530850112639,-0.7035426019538357,26.300073716822478
11.409205020920501,Lambda,baryon,0.42949090533725487,0.3072077712508571,13.84879890259473
11.409205020920501,Sigma_plus,baryon,-0.3268794201843214,-0.39099242860144795,13.362837396118582
11.409205020920501,Xi_minus,baryon,0.5173059875066488,-0.07790139471869753,13.719169493736818
11.409205020920501,Omega_minus,baryon,0.12482923772682289,-0.5002950576598952,13.521150664275083
11.409205020920501,Delta_1232,baryon,0.0028589115704645823,0.011198100772948374,0.22225309913704822
11.409205020920501,pi0,meson,0.2080539292526653,0.13352412973886,6.439541066697468
11.409205020920501,pi_plus,meson,0.3780051760080959,0.42603471933489834,14.943771874719356
11.409205020920501,K_plus,meson,-0.3342338470398228,0.4717051257630059,15.169617903259415
11.409205020920501,K_short,meson,-0.23011547465221052,0.44063757320170094,13.032361426487812
11.409205020920501,K_long,meson,0.5509326327791509,-0.24165996778744578,15.789274872247002
11.409205020920501,eta,meson,-0.17215954511825432,-0.0702362604155382,4.82282926003031
11.409205020920501,rho_770,meson,0.0,-0.0,-0.08265966936381419
11.409205020920501,omega_782,meson,0.03773854086257529,0.02858298073236305,1.1663292053773442
11.409205020920501,phi_1020,meson,-0.06308702366962966,0.0013973339916014994,1.582156678747984
11.409205020920501,D0,meson,-0.2372609548623824,-0.3588585371173789,11.267197457307917
11.409205020920501,D_plus,meson,0.43322012348585937,0.10362857699184563,11.669317322546195
11.409205020920501,Ds_plus,meson,0.03113818346562347,-0.43326614107810024,11.377567751184174
11.409205020920501,J_psi,meson,-0.1428338856724252,-0.02052985144606608,3.7244148040524654
11.409205020920501,B_plus,meson,-0.2687519850964732,-0.3857251037661555,12.320353652430827
11.409205020920501,B0,meson,-0.33843812157844255,-0.32447782496506666,12.287050836244319
11.409205020920501,Bs0,meson,-0.325174476839592,-0.3381280177705222,12.293879496489762
11.409205020920501,Upsilon_1S,meson,0.0482659670638323,0.1647019006563315,4.445367569337434
11.409205020920501,W,boson,-0.0009239514761686407,-0.03299694284727889,0.7882310922760309
11.409205020920501,Z,boson,-0.005311462381993153,-0.031687106589077696,0.7649959817301074
11.409205020920501,Higgs,boson,-0.14223111045288206,0.01289606617750927,3.685178675832777
11.409205020920501,top,quark,0.040956481684903644,0.0215968401653437,1.1389084362748172
11.613389121338912,muon,lepton,-0.08973557528226982,-0.6316447586582593,16.74918461424223
11.613389121338912,tau,lepton,-0.37020989359936396,0.20609441726442487,11.09597171977255
11.613389121338912,neutron,baryon,-0.3336717525399517,-0.9426893239858597,26.300073716822478
11.613389121338912,Lambda,baryon,0.5278796530651403,0.013495346018567453,13.84879890259473
11.613389121338912,Sigma_plus,baryon,-0.4868685858665317,-0.15061279713231587,13.362837396118582
11.613389121338912,Xi_minus,baryon,0.3865876895672934,-0.35245435205763787,13.719169493736818
11.613389121338912,Omega_minus,baryon,-0.17037439671275548,-0.48667242397236987,13.521150664275083
11.613389121338912,Delta_1232,baryon,0.002965771778834547,0.01117027457338054,0.22225309913704822
11.613389121338912,pi0,meson,0.2366258963429957,0.0715773419446884,6.439541066697468
11.613389121338912,pi_plus,meson,0.5579016474900631,0.114626554059478,14.943771874719356
11.613389121338912,K_plus,meson,0.020622811906934012,0.5777479466057703,15.169617903259415
11.613389121338912,K_short,meson,0.03921905710625401,0.49555672546257795,13.032361426487812
11.613389121338912,K_long,meson,0.2770931113973977,-0.5339903683664204,15.789274872247002
11.613389121338912,eta,meson,-0.1829305628072782,-0.033293399398319115,4.82282926003031
11.613389121338912,rho_770,meson,0.0,-0.0,-0.08265966936381419
11.613389121338912,omega_782,meson,0.039123654893843264,0.02665565384173414,1.1663292053773442
11.613389121338912,phi_1020,meson,-0.06284618729575601,0.005681711024264958,1.582156678747984
11.613389121338912,D0,meson,-0.37707107070430346,-0.2070980878766022,11.267197457307917
11.613389121338912,D_plus,meson,0.4296746942278765,-0.11746580141742943,11.669317322546195
11.613389121338912,Ds_plus,meson,-0.17608016310272354,-0.39709559508506936,11.377567751184174
11.613389121338912,J_psi,meson,-0.14428001341711116,0.0025042813418621845,3.7244148040524654
11.613389121338912,B_plus,meson,-0.4268077685403159,-0.19709544358595027,12.320353652430827
11.613389121338912,B0,meson,-0.4558457525162812,-0.10968532693332517,12.287050836244319
11.613389121338912,Bs0,meson,-0.45130697318228125,-0.12802739060987162,12.293879496489762
11.613389121338912,Upsilon_1S,meson,0.07867113902712393,0.152535804126736,4.445367569337434
11.613389121338912,W,boson,-0.0020413252869636916,-0.032946698084477394,0.7882310922760309
11.613389121338912,Z,boson,-0.006350485238337075,-0.031495328127526506,0.7649959817301074
11.613389121338912,Higgs,boson,-0.13841548502401144,0.035173154664918924,3.685178675832777
11.613389121338912,top,quark,0.041964379680666804,0.019566495218870696,1.1389084362748172
11.817573221757321,muon,lepton,-0.47444772384471995,-0.4265289344818882,16.74918461424223
11.817573221757321,tau,lepton,-0.23952679366557542,0.3495099272734669,11.09597171977255
11.817573221757321,neutron,baryon,-0.990833344458458,-0.1350899089838562,26.300073716822478
11.817573221757321,Lambda,baryon,0.4498779586122071,-0.27649389656780315,13.84879890259473
11.817573221757321,Sigma_plus,baryon,-0.49297264168145694,0.129240895684386,13.362837396118582
11.817573221757321,Xi_minus,baryon,0.13464313961986138,-0.505514922591464,13.719169493736818
11.817573221757321,Omega_minus,baryon,-0.40382818555238675,-0.3206248272730055,13.521150664275083
11.817573221757321,Delta_1232,baryon,0.0030690162779318667,0.01114235053185065,0.22225309913704822
11.817573221757321,pi0,meson,0.24713369197622248,0.0063300071243690545,6.439541066697468
11.817573221757321,pi_plus,meson,0.5201485279425644,-0.23203233405467527,14.943771874719356
11.817573221757321,K_plus,meson,0.3577864036471919,0.4541000765727104,15.169617903259415
11.817573221757321,K_short,meson,0.28949329987404065,0.404114132293756,13.032361426487812
11.817573221757321,K_long,meson,-0.10698312461398604,-0.5920142877835166,15.789274872247002
11.817573221757321,eta,meson,-0.18589541836655993,0.003864541732884942,4.82282926003031
11.817573221757321,rho_770,meson,0.0,-0.0,-0.08265966936381419
11.817573221757321,omega_782,meson,0.0403715301207091,0.024724963290075487,1.1663292053773442
11.817573221757321,phi_1020,meson,-0.06233582754836193,0.00980661519778258,1.582156678747984
11.817573221757321,D0,meson,-0.4299645388692445,-0.014237474466794608,11.267197457307917
11.817573221757321,D_plus,meson,0.3250870417482643,-0.30452745795711167,11.669317322546195
11.817573221757321,Ds_plus,meson,-0.3378515376801061,-0.27303017042340744,11.377567751184174
11.817573221757321,J_psi,meson,-0.14216174683643412,0.02475947158350907,3.7244148040524654
11.817573221757321,B_plus,meson,-0.46860045565696706,0.037750471875053246,12.320353652430827
11.817573221757321,B0,meson,-0.4511774207048983,0.1275349210125615,12.287050836244319
11.817573221757321,Bs0,meson,-0.4561687207901913,0.10944905190071536,12.293879496489762
11.817573221757321,Upsilon_1S,meson,0.10540049514130037,0.13545130224690996,4.445367569337434
11.817573221757321,W,boson,-0.003121368096632191,-0.03286196866899837,0.7882310922760309
11.817573221757321,Z,boson,-0.007350324402953703,-0.031277101652714606,0.7649959817301074
11.817573221757321,Higgs,boson,-0.1314131456880716,0.055915851454487436,3.685178675832777
11.817573221757321,top,quark,0.04284474558553752,0.017555189342294598,1.1389084362748172
12.02175732217573,muon,lepton,-0.6369753824988923,-0.035915688801419474,16.74918461424223
12.02175732217573,tau,lepton,-0.06458033163546184,0.4187596624703352,11.09597171977255
12.02175732217573,neutron,baryon,-0.601136697153857,0.799146213990251,26.300073716822478
12.02175732217573,Lambda,baryon,0.23481752915471116,-0.4729691115559346,13.84879890259473
12.02175732217573,Sigma_plus,baryon,-0.3566429017707972,0.36404817700436565,13.362837396118582
12.02175732217573,Xi_minus,baryon,-0.15127204936965125,-0.5007902545865416,13.719169493736818
12.02175732217573,Omega_minus,baryon,-0.5115852546075429,-0.0644826378067233,13.521150664275083
12.02175732217573,Delta_1232,baryon,0.003168831103938026,0.01111437563354587,0.22225309913704822
12.02175732217573,pi0,meson,0.24046190173819063,-0.05738644885724964,6.439541066697468
12.02175732217573,pi_plus,meson,0.29678708322887815,-0.4861182185396594,14.943771874719356
12.02175732217573,K_plus,meson,0.5537633351584528,0.16602457291714343,15.169617903259415
12.02175732217573,K_short,meson,0.45324484403394966,0.20416589810283486,13.032361426487812
12.02175732217573,K_long,meson,-0.4382061953867541,-0.41219126169372144,15.789274872247002
12.02175732217573,eta,meson,-0.18163807451610356,0.039744825305515666,4.82282926003031
12.02175732217573,rho_770,meson,0.0,-0.0,-0.08265966936381419
12.02175732217573,omega_782,meson,0.04149016466757906,0.022798036973390414,1.1663292053773442
12.02175732217573,phi_1020,meson,-0.06158307437122896,0.01376408546777376,1.582156678747984
12.02175732217573,D0,meson,-0.3925293200232739,0.17604812775573872,11.267197457307917
12.02175732217573,D_plus,meson,0.15153053540644118,-0.418875941302309,11.669317322546195
12.02175732217573,Ds_plus,meson,-0.4238641173853728,-0.09501760609153471,11.377567751184174
12.02175732217573,J_psi,meson,-0.13685149900113097,0.045767465713369176,3.7244148040524654
12.02175732217573,B_plus,meson,-0.3938558187812374,0.25668868144284723,12.320353652430827
12.02175732217573,B0,meson,-0.33615733056244074,0.3268401293304404,12.287050836244319
12.02175732217573,Bs0,meson,-0.34906619194154054,0.3134035584238898,12.293879496489762
12.02175732217573,Upsilon_1S,meson,0.1278786604451055,0.11446994303825106,4.445367569337434
12.02175732217573,W,boson,-0.004164958961371929,-0.032746069083891445,0.7882310922760309
12.02175732217573,Z,boson,-0.008312271631839709,-0.031035310485661525,0.7649959817301074
12.02175732217573,Higgs,boson,-0.12167730669612274,0.07477051784421665,3.685178675832777
12.02175732217573,top,quark,0.04360609104199536,0.015568099472012077,1.1389084362748172
12.225941422594142,muon,lepton,-0.5268377217339841,0.359818828815052,16.74918461424223
12.225941422594142,tau,lepton,0.11760990504955536,0.4070604185875235,11.09597171977255
12.225941422594142,neutron,baryon,0.3750206569585351,0.9270164544679823,26.300073716822478
12.225941422594142,Lambda,baryon,-0.04282827906847539,-0.5263124461727715,13.84879890259473
12.225941422594142,Sigma_plus,baryon,-0.1271334711450315,0.4935203289412828,13.362837396118582
12.225941422594142,Xi_minus,baryon,-0.38614550729879527,-0.352938747096863,13.719169493736818
12.225941422594142,Omega_minus,baryon,-0.47416061070731635,0.20260601808446432,13.521150664275083
12.225941422594142,Delta_1232,baryon,0.0032653897533244753,0.011086391028992563,0.22225309913704822
12.225941422594142,pi0,meson,0.21855444142272856,-0.11553824836127682,6.439541066697468
12.225941422594142,pi_plus,meson,-0.020927912099788816,-0.569170903738781,14.943771874719356
12.225941422594142,K_plus,meson,0.5518783910658545,-0.17218661868071114,15.169617903259415
12.225941422594142,K_short,meson,0.4952332812663495,-0.043111480114480384,13.032361426487812
12.225941422594142,K_long,meson,-0.5959785235631109,-0.08207256145345167,15.789274872247002
12.225941422594142,eta,meson,-0.1709541697484497,0.07312122194070464,4.82282926003031
12.225941422594142,rho_770,meson,0.0,-0.0,-0.08265966936381419
12.225941422594142,omega_782,meson,0.04248727270075623,0.02088099404804466,1.1663292053773442
12.225941422594142,phi_1020,meson,-0.060613274008931926,0.017548678346093066,1.582156678747984
12.225941422594142,D0,meson,-0.27983574599026684,0.3267478624724354,11.267197457307917
12.225941422594142,D_plus,meson,-0.04872694715198679,-0.44276883583163984,11.669317322546195
12.225941422594142,Ds_plus,meson,-0.4234563856060958,0.09681851560351766,11.377567751184174
12.225941422594142,J_psi,meson,-0.1287523422012071,0.06516001898698497,3.7244148040524654
12.225941422594142,B_plus,meson,-0.2299136757149401,0.41006241828281675,12.320353652430827
12.225941422594142,B0,meson,-0.14684340696389325,0.4452675991612701,12.287050836244319
12.225941422594142,Bs0,meson,-0.16438613354515627,0.4393702264462159,12.293879496489762
12.225941422594142,Upsilon_1S,meson,0.1457637164064138,0.09060495922302268,4.445367569337434
12.225941422594142,W,boson,-0.00517303557162923,-0.03260201874994188,0.7882310922760309
12.225941422594142,Z,boson,-0.009237625928730252,-0.030772562841332375,0.7649959817301074
12.225941422594142,Higgs,boson,-0.10966694436410013,0.09148310563899767,3.685178675832777
12.225941422594142,top,quark,0.044256495467561996,0.013609537319942772,1.1389084362748172
12.430125523012551,muon,lepton,-0.2100236423578755,0.6024264637799552,16.74918461424223
12.430125523012551,tau,lepton,0.27383212973914606,0.32333610820466485,11.09597171977255
12.430125523012551,neutron,baryon,0.9824727502778806,0.1864062632032981,26.300073716822478
12.430125523012551,Lambda,baryon,-0.3012784011180446,-0.43367081698459764,13.84879890259473
12.430125523012551,Sigma_plus,baryon,0.12874750128865226,0.49310172933749175,13.362837396118582
12.430125523012551,Xi_minus,baryon,-0.5105928997767971,-0.1138815292611974,13.719169493736818
12.430125523012551,Omega_minus,baryon,-0.31346935541830934,0.40940743340101576,13.521150664275083
12.430125523012551,Delta_1232,baryon,0.0033588542106759976,0.011058432740685607,0.22225309913704822
12.430125523012551,pi0,meson,0.18407374508966656,-0.16502117157703566,6.439541066697468
12.430125523012551,pi_plus,meson,-0.3236208772395374,-0.46868221961408923,14.943771874719356
12.430125523012551,K_plus,meson,0.36898363295307907,-0.4450495127408637,15.169617903259415
12.430125523012551,K_short,meson,0.41531926405302116,-0.2731748734747641,13.032361426487812
12.430125523012551,K_long,meson,-0.538311244952942,0.2686025119934839,15.789274872247002
12.430125523012551,eta,meson,-0.1547754112982576,0.10303695118712872,4.82282926003031
12.430125523012551,rho_770,meson,0.0,-0.0,-0.08265966936381419
12.430125523012551,omega_782,meson,0.04337025899489866,0.018979064484276206,1.1663292053773442
12.430125523012551,phi_1020,meson,-0.05945000655869655,0.021157074891095796,1.582156678747984
12.430125523012551,D0,meson,-0.11900669581565355,0.41341216324060326,11.267197457307917
12.430125523012551,D_plus,meson,-0.2338926315267749,-0.3790947035767427,11.669317322546195
12.430125523012551,Ds_plus,meson,-0.3439852449385298,0.2652607900516523,11.377567751184174
12.430125523012551,J_psi,meson,-0.11828002252461074,0.08266093374901201,3.7244148040524654
12.430125523012551,B_plus,meson,-0.02024633756256244,0.46968241502531166,12.320353652430827
12.430125523012551,B0,meson,0.0691866797474112,0.46372343522527976,12.287050836244319
12.430125523012551,Bs0,meson,0.05098737900743372,0.4663360204522885,12.293879496489762
12.430125523012551,Upsilon_1S,meson,0.15891582286247222,0.0648234594908231,4.445367569337434
12.430125523012551,W,boson,-0.006146576569557705,-0.03243256881703125,0.7882310922760309
12.430125523012551,Z,boson,-0.010127681991268817,-0.030491218639251347,0.7649959817301074
12.430125523012551,Higgs,boson,-0.0958320716960777,0.10588772987439318,3.685178675832777
12.430125523012551,top,quark,0.044803604448690804,0.011683061479702302,1.1389084362748172
12.634309623430962,muon,lepton,0.1776648599297906,0.6127501710793873,16.74918461424223
12.634309623430962,tau,lepton,0.37986954296860065,0.18769497721367434,11.09597171977255
12.634309623430962,neutron,baryon,0.7092463334523316,-0.7049607354203666,26.300073716822478
12.634309623430962,Lambda,baryon,-0.4748100251949908,-0.23107248312740725,13.84879890259473
12.634309623430962,Sigma_plus,baryon,0.3467054019872753,0.37352456250765936,13.362837396118582
12.634309623430962,Xi_minus,baryon,-0.5018183198428258,0.14782586336453712,13.719169493736818
12.634309623430962,Omega_minus,baryon,-0.07951748446745283,0.5094648692249014,13.521150664275083
12.634309623430962,Delta_1232,baryon,0.0034493758787168976,0.01103053227800768,0.22225309913704822
12.634309623430962,pi0,meson,0.14008729882975315,-0.20369261009319023,6.439541066697468
12.634309623430962,pi_plus,meson,-0.5211182127919992,-0.22984626049633664,14.943771874719356
12.634309623430962,K_plus,meson,0.07655622205178637,-0.5730245501226717,15.169617903259415
12.634309623430962,K_short,meson,0.24198090571868566,-0.4342347796515856,13.032361426487812
12.634309623430962,K_long,meson,-0.30189988765297393,0.5203679118922666,15.789274872247002
12.634309623430962,eta,meson,-0.13410510636451767,0.128793872911117,4.82282926003031
12.634309623430962,rho_770,meson,0.0,-0.0,-0.08265966936381419
12.634309623430962,omega_782,meson,0.04414620324730061,0.017096695377497004,1.1663292053773442
12.634309623430962,phi_1020,meson,-0.058115128782085426,0.024587738904139293,1.582156678747984
12.634309623430962,D0,meson,0.05799252856686511,0.4262734767665659,11.267197457307917
12.634309623430962,D_plus,meson,-0.3707156035177797,-0.2469584958467849,11.669317322546195
12.634309623430962,Ds_plus,meson,-0.20608999596079416,0.38238207206814356,11.377567751184174
12.634309623430962,J_psi,meson,-0.10584870702078163,0.0980767297513009,3.7244148040524654
12.634309623430962,B_plus,meson,0.18793646263834637,0.43091921653564236,12.320353652430827
12.634309623430962,B0,meson,0.2652067674488413,0.38664142500635046,12.287050836244319
12.634309623430962,Bs0,meson,0.2500876176704344,0.3968944195592218,12.293879496489762
12.634309623430962,Upsilon_1S,meson,0.16736439188642968,0.03801946849839729,4.445367569337434
12.634309623430962,W,boson,-0.007086587057786694,-0.03224022654184232,0.7882310922760309
12.634309623430962,Z,boson,-0.010983721101132512,-0.030193413642637956,0.7649959817301074
12.634309623430962,Higgs,boson,-0.08060273923411941,0.11789485031786243,3.685178675832777
12.634309623430962,top,quark,0.04525463443874626,0.009791575917526826,1.1389084362748172
12.838493723849371,muon,lepton,0.49264314159614325,0.40537675025829106,16.74918461424223
12.838493723849371,tau,lepton,0.4229119220895414,0.025995774674836762,11.09597171977255
12.838493723849371,neutron,baryon,-0.15320153798985933,-0.9881949649525349,26.300073716822478
12.838493723849371,Lambda,baryon,-0.5275587689343919,0.02282099482412342,13.84879890259473
12.838493723849371,Sigma_plus,baryon,0.4797959894326227,0.17181688825044844,13.362837396118582
12.838493723849371,Xi_minus,baryon,-0.3726469141506205,0.36716261980676557,13.719169493736818
12.838493723849371,Omega_minus,baryon,0.16688356623829415,0.4878804757622162,13.521150664275083
12.838493723849371,Delta_1232,baryon,0.0035370964209867654,0.011002717173384304,0.22225309913704822
12.838493723849371,pi0,meson,0.08979853264970669,-0.23032879592867356,6.439541066697468
12.838493723849371,pi_plus,meson,-0.5654607818170473,0.06817330411921337,14.943771874719356
12.838493723849371,K_plus,meson,-0.23079139733388682,-0.5300503005326992,15.169617903259415
12.838493723849371,K_short,meson,0.02062232425731035,-0.4966782885668779,13.032361426487812
12.838493723849371,K_long,meson,0.024036072122264114,0.6011227604482544,15.789274872247002
12.838493723849371,eta,meson,-0.1099652560625175,0.14993226374462737,4.82282926003031
12.838493723849371,rho_770,meson,0.0,-0.0,-0.08265966936381419
12.838493723849371,omega_782,meson,0.044821852022515374,0.015237645331698638,1.1663292053773442
12.838493723849371,phi_1020,meson,-0.05662883487783046,0.027840620649617554,1.582156678747984
12.838493723849371,D0,meson,0.2207672106516338,0.3692344093734113,11.267197457307917
12.838493723849371,D_plus,meson,-0.43905188046379157,-0.07517980861685285,11.669317322546195
12.838493723849371,Ds_plus,meson,-0.03761981049073376,0.43275152840040715,11.377567751184174
12.838493723849371,J_psi,meson,-0.09186003422466316,0.1112866919668506,3.7244148040524654
12.838493723849371,B_plus,meson,0.35401268587115997,0.3093323510578772,12.320353652430827
12.838493723849371,B0,meson,0.40467952778142324,0.2367714104916584,12.287050836244319
12.838493723849371,Bs0,meson,0.3954325130127805,0.2523927979196755,12.293879496489762
12.838493723849371,Upsilon_1S,meson,0.17127581153286864,0.010996182981939747,4.445367569337434
12.838493723849371,W,boson,-0.007994086765519704,-0.03202727744255272,0.7882310922760309
12.838493723849371,Z,boson,-0.011807004017509752,-0.029881081184478717,0.7649959817301074
12.838493723849371,Higgs,boson,-0.06438119905056629,0.12747963959913755,3.685178675832777
12.838493723849371,top,quark,0.045616382121668644,0.007937416409837604,1.1389084362748172
13.04267782426778,muon,lepton,0.634456889994086,0.06702260328219686,16.74918461424223
13.04267782426778,tau,lepton,0.401526771279105,-0.1353016115668714,11.09597171977255
13.04267782426778,neutron,baryon,-0.8770509652324245,-0.4803973401101139,26.300073716822478
13.04267782426778,Lambda,baryon,-0.4568023405127741,0.2648974786334995,13.84879890259473
13.04267782426778,Sigma_plus,baryon,0.5058769482076505,-0.061755549028493194,13.362837396118582
13.04267782426778,Xi_minus,baryon,-0.16210226446535503,0.4973901565818844,13.719169493736818
13.04267782426778,Omega_minus,baryon,0.3700530218891285,0.3590797185878113,13.521150664275083
13.04267782426778,Delta_1232,baryon,0.0036221485263937987,0.01097501145063578,0.22225309913704822
13.04267782426778,pi0,meson,0.036330071642920486,-0.24453068640645748,6.439541066697468
13.04267782426778,pi_plus,meson,-0.4567055404161587,0.3403138911664664,14.943771874719356
13.04267782426778,K_plus,meson,-0.4664969090338209,-0.3414654067984396,15.169617903259415
13.04267782426778,K_short,meson,-0.1992202244128482,-0.45544034162159036,13.032361426487812
13.04267782426778,K_long,meson,0.3346156801800704,0.49995865075986523,15.789274872247002
13.04267782426778,eta,meson,-0.08335481673306379,0.16620474054575246,4.82282926003031
13.04267782426778,rho_770,meson,0.0,-0.0,-0.08265966936381419
13.04267782426778,omega_782,meson,0.045403616618969425,0.013405068142331318,1.1663292053773442
13.04267782426778,phi_1020,meson,-0.05500972951310444,0.030916900825787578,1.582156678747984
13.04267782426778,D0,meson,0.3451782738854544,0.25675702444469345,11.267197457307917
13.04267782426778,D_plus,meson,-0.43301255185150184,0.10449252270621363,11.669317322546195
13.04267782426778,Ds_plus,meson,0.1323064676627163,0.41374404417328076,11.377567751184174
13.04267782426778,J_psi,meson,-0.07669501575979948,0.12223284441705956,3.7244148040524654
13.04267782426778,B_plus,meson,0.45060958648836646,0.1340241983131769,12.320353652430827
13.04267782426778,B0,meson,0.4664436229444755,0.047503343524820336,12.287050836244319
13.04267782426778,Bs0,meson,0.4645279498476566,0.0654429568376762,12.293879496489762
13.04267782426778,Upsilon_1S,meson,0.17092307539853527,-0.015544193537191268,4.445367569337434
13.04267782426778,W,boson,-0.00887010042735763,-0.031795805415266554,0.7882310922760309
13.04267782426778,Z,boson,-0.012598765511034398,-0.029555971718433986,0.7649959817301074
13.04267782426778,Higgs,boson,-0.04753669402621177,0.1346709323669104,3.685178675832777
13.04267782426778,top,quark,0.045895237148367296,0.0061224263350715185,1.1389084362748172
13.246861924686192,muon,lepton,0.5710991218444614,-0.2843824320174781,16.74918461424223
13.246861924686192,tau,lepton,0.3238488987806473,-0.27322548363023774,11.09597171977255
13.246861924686192,neutron,baryon,-0.925053809543449,0.3798360823423078,26.300073716822478
13.246861924686192,Lambda,baryon,-0.2877321337033387,0.4427745156610278,13.84879890259473
13.246861924686192,Sigma_plus,baryon,0.4279439344741574,-0.27674758085749285,13.362837396118582
13.246861924686192,Xi_minus,baryon,0.07796368821227155,0.5172966028592176,13.719169493736818
13.246861924686192,Omega_minus,baryon,0.4906730330065961,0.15848488252980283,13.521150664275083
13.246861924686192,Delta_1232,baryon,0.003704656603806205,0.010947436034831092,0.22225309913704822
13.246861924686192,pi0,meson,-0.017439274747734015,-0.24659886941400608,6.439541066697468
13.246861924686192,pi_plus,meson,-0.23447290585801955,0.5190529371713192,14.943771874719356
13.246861924686192,K_plus,meson,-0.5740886023668197,-0.06811950389311708,15.169617903259415
13.246861924686192,K_short,meson,-0.3746853713805707,-0.3266886515704216,13.032361426487812
13.246861924686192,K_long,meson,0.542693580574865,0.2596343264956091,15.789274872247002
13.246861924686192,eta,meson,-0.055218217542995794,0.177547147833633,4.82282926003031
13.246861924686192,rho_770,meson,0.0,-0.0,-0.08265966936381419
13.246861924686192,omega_782,meson,0.045897575482097476,0.011601586910766428,1.1663292053773442
13.246861924686192,phi_1020,meson,-0.05327490869002115,0.03381876996353368,1.582156678747984
13.246861924686192,D0,meson,0.4159669379770839,0.10974386941512275,11.267197457307917
13.246861924686192,D_plus,meson,-0.3594030511434677,0.2631501552179365,11.669317322546195
13.246861924686192,Ds_plus,meson,0.2781181418858664,0.33367564284526396,11.377567751184174
13.246861924686192,J_psi,meson,-0.06070834514987781,0.13091023843017124,3.7244148040524654
13.246861924686192,B_plus,meson,0.466262558093217,-0.06008920110199404,12.320353652430827
13.246861924686192,B0,meson,0.44583850663378416,-0.14510081679357387,12.287050836244319
13.246861924686192,Bs0,meson,0.4513084404878454,-0.12802221812542489,12.293879496489762
13.246861924686192,Upsilon_1S,meson,0.16665816578316633,-0.041004578210313114,4.445367569337434
13.246861924686192,W,boson,-0.009715650004350023,-0.031547710988118885,0.7882310922760309
13.246861924686192,Z,boson,-0.013360210239091433,-0.029219670412073028,0.7649959817301074
13.246861924686192,Higgs,boson,-0.03040237942218103,0.13954100697997124,3.685178675832777
13.246861924686192,top,quark,0.046097197229603606,0.004348023080467211,1.1389084362748172
13.451046025104601,muon,lepton,0.3371742997162263,-0.5416096991585019,16.74918461424223
13.451046025104601,tau,lepton,0.20474297933587765,-0.37095900927067893,11.09597171977255
13.451046025104601,neutron,baryon,-0.30932164408318397,0.9509574756537098,26.300073716822478
13.451046025104601,Lambda,baryon,-0.06315455112270413,0.5242619146541387,13.84879890259473
13.451046025104601,Sigma_plus,baryon,0.2691488514121558,-0.4327633653016551,13.362837396118582
13.451046025104601,Xi_minus,baryon,0.29611645651795715,0.4312646011309022,13.719169493736818
13.451046025104601,Omega_minus,baryon,0.5110682564404967,-0.06845962729410844,13.521150664275083
13.451046025104601,Delta_1232,baryon,0.0037847374139065213,0.010920009111563022,0.22225309913704822
13.451046025104601,pi0,meson,-0.06898690099175048,-0.2373940567738531,6.439541066697468
13.451046025104601,pi_plus,meson,0.03879451030875661,0.5682327702074045,14.943771874719356
13.451046025104601,K_plus,meson,-0.5364893867886188,0.21539992581545744,15.169617903259415
13.451046025104601,K_short,meson,-0.4766885924292483,-0.1410056326510346,13.032361426487812
13.451046025104601,K_long,meson,0.5999526959119735,-0.04453165795196862,15.789274872247002
13.451046025104601,eta,meson,-0.02642293716384741,0.18404855240973486,4.82282926003031
13.451046025104601,rho_770,meson,0.0,-0.0,-0.08265966936381419
13.451046025104601,omega_782,meson,0.04630948005914603,0.009829359624841211,1.1663292053773442
13.451046025104601,phi_1020,meson,-0.051440045046291634,0.03654923888964017,1.582156678747984
13.451046025104601,D0,meson,0.427439466525341,-0.04865914940447032,11.267197457307917
13.451046025104601,D_plus,meson,-0.23443510628064254,0.3787594728922855,11.669317322546195
13.451046025104601,Ds_plus,meson,0.38099444754786704,0.2086441142518587,11.377567751184174
13.451046025104601,J_psi,meson,-0.044224697972335365,0.13735781661753615,3.7244148040524654
13.451046025104601,B_plus,meson,0.4046258744371053,-0.23935201462430666,12.320353652430827
13.451046025104601,B0,meson,0.3526266671869118,-0.3089994411325949,12.287050836244319
13.451046025104601,Bs0,meson,0.36431566665349174,-0.29553864691465787,12.293879496489762
13.451046025104601,Upsilon_1S,meson,0.15888764930422536,-0.06489248458020797,4.445367569337434
13.451046025104601,W,boson,-0.010531748438288581,-0.031284727878463474,0.7882310922760309
13.451046025104601,Z,boson,-0.014092509715869601,-0.028873612980211193,0.7649959817301074
13.451046025104601,Higgs,boson,-0.013273938530394854,0.142196342637235,3.685178675832777
13.451046025104601,top,quark,0.04622788479054168,0.002615256187385047,1.1389084362748172
13.655230125523012,muon,lepton,0.01244205283051464,-0.6378657930419637,16.74918461424223
13.655230125523012,tau,lepton,0.06262966481092266,-0.41905584261776707,11.09597171977255
13.655230125523012,neutron,baryon,0.5048823523775732,0.8631881661941897,26.300073716822478
13.655230125523012,Lambda,baryon,0.16830808970291797,0.500511178121816,13.84879890259473
13.655230125523012,Sigma_plus,baryon,0.0649032012550504,-0.5054827484994349,13.362837396118582
13.655230125523012,Xi_minus,baryon,0.4516363709205186,0.2640051144790402,13.719169493736818
13.655230125523012,Omega_minus,baryon,0.4349643198812961,-0.276917900722541,13.521150664275083
13.655230125523012,Delta_1232,baryon,0.0038625006447130326,0.010892746442400772,0.22225309913704822
13.655230125523012,pi0,meson,-0.11621402688343636,-0.21819585389170185,6.439541066697468
13.655230125523012,pi_plus,meson,0.29652025541939625,0.4862810229627444,14.943771874719356
13.655230125523012,K_plus,meson,-0.3734688597493697,0.4412924211627007,15.169617903259415
13.655230125523012,K_short,meson,-0.4928802055429931,0.06468157060085479,13.032361426487812
13.655230125523012,K_long,meson,0.5030137938985308,-0.3300051954739537,15.789274872247002
13.655230125523012,eta,meson,0.002255177624370909,0.1859219067952082,4.82282926003031
13.655230125523012,rho_770,meson,0.0,-0.0,-0.08265966936381419
13.655230125523012,omega_782,meson,0.04664476321061856,0.008090137143969023,1.1663292053773442
13.655230125523012,phi_1020,meson,-0.04951947500256661,0.03911197634033187,1.582156678747984
13.655230125523012,D0,meson,0.38261117750219703,-0.19667459727839023,11.267197457307917
13.655230125523012,D_plus,meson,-0.07969492300550926,0.4382548078568039,11.669317322546195
13.655230125523012,Ds_plus,meson,0.4303713683515127,0.058903486972281,11.377567751184174
13.655230125523012,J_psi,meson,-0.027536646525114707,0.14165001516001283,3.7244148040524654
13.655230125523012,B_plus,meson,0.28127109249365456,-0.37669358595034824,12.320353652430827
13.655230125523012,B0,meson,0.20691383791611934,-0.42072899200129643,12.287050836244319
13.655230125523012,Bs0,meson,0.2227856083007044,-0.4128384302889086,12.293879496489762
13.655230125523012,Upsilon_1S,meson,0.14805165634441883,-0.08681605099340295,4.445367569337434
13.655230125523012,W,boson,-0.01131939468136118,-0.03100843800716953,0.7882310922760309
13.655230125523012,Z,boson,-0.014796800173712458,-0.028519099937447577,0.7649959817301074
13.655230125523012,Higgs,boson,0.003590487728315064,0.14276941444646837,3.685178675832777
13.655230125523012,top,quark,0.046292564569082345,0.0009248582326995216,1.1389084362748172
13.859414225941421,muon,lepton,-0.30800684364658604,-0.5587122326194032,16.74918461424223
13.859414225941421,tau,lepton,-0.08348781512154946,-0.4154034892398537,11.09597171977255
13.859414225941421,neutron,baryon,0.975940140725391,0.21803862437858093,26.300073716822478
13.859414225941421,Lambda,baryon,0.36267469603550756,0.38380479066823264,13.84879890259473
13.859414225941421,Sigma_plus,baryon,-0.1456437970790082,-0.4883780491956054,13.362837396118582
13.859414225941421,Xi_minus,baryon,0.52050805147605,0.052397331591915175,13.719169493736818
13.859414225941421,Omega_minus,baryon,0.28318203555710686,-0.4309123090004636,13.521150664275083
13.859414225941421,Delta_1232,baryon,0.003938049436451857,0.010865661642297925,0.22225309913704822
13.859414225941421,pi0,meson,-0.15747579065536302,-0.19056890107638566,6.439541066697468
13.859414225941421,pi_plus,meson,0.4836735778353512,0.3007546596008574,14.943771874719356
13.859414225941421,K_plus,meson,-0.13088037785132475,0.5631059552798454,15.169617903259415
13.859414225941421,K_short,meson,-0.4269634680443311,0.25459143651555516,13.032361426487812
13.859414225941421,K_long,meson,0.2867537902871271,-0.5288653606050999,15.789274872247002
13.859414225941421,eta,meson,0.030140173630328514,0.18347645948736094,4.82282926003031
13.859414225941421,rho_770,meson,0.0,-0.0,-0.08265966936381419
13.859414225941421,omega_782,meson,0.04690854947175673,0.0063853144353785245,1.1663292053773442
13.859414225941421,phi_1020,meson,-0.04752628581413974,0.041511170237530017,1.582156678747984
13.859414225941421,D0,meson,0.2913288601259009,-0.3165433708387808,11.267197457307917
13.859414225941421,D_plus,meson,0.08181821881925598,0.4378633764448706,11.669317322546195
13.859414225941421,Ds_plus,meson,0.4239639762331544,-0.09457104382854388,11.377567751184174
13.859414225941421,J_psi,meson,-0.010903856258485159,0.1438891921423401,3.7244148040524654
13.859414225941421,B_plus,meson,0.11923375605078132,-0.45474695885374444,12.320353652430827
13.859414225941421,B0,meson,0.034268898728029885,-0.4676022493653908,12.287050836244319
13.859414225941421,Bs0,meson,0.05184124073624983,-0.46624187129455796,12.293879496489762
13.859414225941421,Upsilon_1S,meson,0.13460621155314273,-0.1064776383459251,4.445367569337434
13.859414225941421,W,boson,-0.012079569785789532,-0.030720285112399985,0.7882310922760309
13.859414225941421,Z,boson,-0.015474181147893232,-0.028157309431568297,0.7649959817301074
13.859414225941421,Higgs,boson,0.019969380292070897,0.1414115311927047,3.685178675832777
13.859414225941421,top,quark,0.04629616168128388,-0.0007227106707893366,1.1389084362748172
14.063598326359832,muon,lepton,-0.5415371730906171,-0.33729077184636036,16.74918461424223
14.063598326359832,tau,lepton,-0.21644499887229193,-0.3642551806214825,11.09597171977255
14.063598326359832,neutron,baryon,0.8359701716118905,-0.5487748829667648,26.300073716822478
14.063598326359832,Lambda,baryon,0.48798316624956695,0.2017708649468036,13.84879890259473
14.063598326359832,Sigma_plus,baryon,-0.3270074824220214,-0.39088532973713386,13.362837396118582
14.063598326359832,Xi_minus,baryon,0.4970160470758891,-0.1632457073199936,13.719169493736818
14.063598326359832,Omega_minus,baryon,0.0871081958775206,-0.5082220435216689,13.521150664275083
14.063598326359832,Delta_1232,baryon,0.004011480860830289,0.010838766423908006,0.22225309913704822
14.063598326359832,pi0,meson,-0.19158144779020367,-0.15624237441424924,6.439541066697468
14.063598326359832,pi_plus,meson,0.5666332278852907,0.05762187279127052,14.943771874719356
14.063598326359832,K_plus,meson,0.13374756836268492,0.5624318431020792,15.169617903259415
14.063598326359832,K_short,meson,-0.2954103263761297,0.39980913153884445,13.032361426487812
14.063598326359832,K_long,meson,0.009707627819389872,-0.601524785735481,15.789274872247002
14.063598326359832,eta,meson,0.05665908573597325,0.17709260079418107,4.82282926003031
14.063598326359832,rho_770,meson,0.0,-0.0,-0.08265966936381419
14.063598326359832,omega_782,meson,0.04710566660213979,0.004715975821710098,1.1663292053773442
14.063598326359832,phi_1020,meson,-0.045472401094137554,0.04375140953741234,1.582156678747984
14.063598326359832,D0,meson,0.16788979097146509,-0.3960874000164515,11.267197457307917
14.063598326359832,D_plus,meson,0.22901714396401385,0.3820598187889225,11.669317322546195
14.063598326359832,Ds_plus,meson,0.3666754466809839,-0.23289107384257565,11.377567751184174
14.063598326359832,J_psi,meson,0.005446723695993797,0.14419891434286347,3.7244148040524654
14.063598326359832,B_plus,meson,-0.05565614211221986,-0.4668124666436092,12.320353652430827
14.063598326359832,B0,meson,-0.13896943442411105,-0.44778758058642915,12.287050836244319
14.063598326359832,Bs0,meson,-0.12220936846346,-0.4529170642061162,12.293879496489762
14.063598326359832,Upsilon_1S,meson,0.11900874483917728,-0.12366583322898297,4.445367569337434
14.063598326359832,W,boson,-0.012813233873463165,-0.0304215870937208,0.7882310922760309
14.063598326359832,Z,boson,-0.01612571464627954,-0.02778930880338093,0.7649959817301074
14.063598326359832,Higgs,boson,0.03567620007641464,0.13828668067323863,3.685178675832777
14.063598326359832,top,quark,0.046243279789630984,-0.0023272239752883204,1.1389084362748172
14.267782426778242,muon,lepton,-0.6368406789855485,-0.038229886226826444,16.74918461424223
14.267782426778242,tau,lepton,-0.32261060797864793,-0.2746864935996352,11.09597171977255
14.267782426778242,neutron,baryon,0.20783338386922443,-0.9781642421134947,26.300073716822478
14.267782426778242,Lambda,baryon,0.5279574672849198,-0.009998260970119376,13.84879890259473
14.267782426778242,Sigma_plus,baryon,-0.4526144774823742,-0.23423357858567984,13.362837396118582
14.267782426778242,Xi_minus,baryon,0.39173867994516787,-0.3467202310857628,13.719169493736818
14.267782426778242,Omega_minus,baryon,-0.11832323188339351,-0.5018735857833586,13.521150664275083
14.267782426778242,Delta_1232,baryon,0.004082886359205021,0.010812070813061707,0.22225309913704822
14.267782426778242,pi0,meson,-0.21777203382967875,-0.11700629035089623,6.439541066697468
14.267782426778242,pi_plus,meson,0.5365394212960003,-0.19109930550117205,14.943771874719356
14.267782426778242,K_plus,meson,0.36516383873194436,0.4481889791825356,15.169617903259415
14.267782426778242,K_short,meson,-0.12277804590837664,0.4817054639864666,13.032361426487812
14.267782426778242,K_long,meson,-0.2630085936284039,-0.5410663411908055,15.789274872247002
14.267782426778242,eta,meson,0.08134100228187814,0.16719952930634419,4.82282926003031
14.267782426778242,rho_770,meson,0.0,-0.0,-0.08265966936381419
14.267782426778242,omega_782,meson,0.04724065797870007,0.0030829349202315904,1.1663292053773442
14.267782426778242,phi_1020,meson,-0.04336866377574894,0.04583758392501223,1.582156678747984
14.267782426778242,D0,meson,0.028597311572318113,-0.42924865070850304,11.267197457307917
14.267782426778242,D_plus,meson,0.3451070575868211,0.28163749069721644,11.669317322546195
14.267782426778242,Ds_plus,meson,0.26881603877413884,-0.34121411572798066,11.377567751184174
14.267782426778242,J_psi,meson,0.021319920092340957,0.1427180952224951,3.7244148040524654
14.267782426778242,B_plus,meson,-0.2188868870819297,-0.4160529002810687,12.320353652430827
14.267782426778242,B0,meson,-0.2895258390261215,-0.3687831470767414,12.287050836244319
14.267782426778242,Bs0,meson,-0.275774055299753,-0.37949659710312783,12.293879496489762
14.267782426778242,Upsilon_1S,meson,0.10170652592273323,-0.1382465270491213,4.445367569337434
14.267782426778242,W,boson,-0.013521323835077714,-0.030113547206263545,0.7882310922760309
14.267782426778242,Z,boson,-0.016752424789576052,-0.02741606500379836,0.7649959817301074
14.267782426778242,Higgs,boson,0.05055724582927424,0.13356632134513913,3.685178675832777
14.267782426778242,top,quark,0.0461382190992995,-0.0038886547131733572,1.1389084362748172
14.47196652719665,muon,lepton,-0.5812797094910693,0.2629476638908749,16.74918461424223
14.47196652719665,tau,lepton,-0.3928237774215859,-0.1588072858487658,11.09597171977255
14.47196652719665,neutron,baryon,-0.5242602597763388,-0.8515580896329068,26.300073716822478
14.47196652719665,Lambda,baryon,0.48220967966100453,-0.21520426883676153,13.84879890259473
14.47196652719665,Sigma_plus,baryon,-0.507533154794923,-0.0462096456122449,13.362837396118582
14.47196652719665,Xi_minus,baryon,0.22717520778782613,-0.4712383016859999,13.719169493736818
14.47196652719665,Omega_minus,baryon,-0.3008078914662798,-0.4187983951043609,13.521150664275083
14.47196652719665,Delta_1232,baryon,0.00415235214364847,0.010785583339067999,0.22225309913704822
14.47196652719665,pi0,meson,-0.23568215702849757,-0.07462607827286385,6.439541066697468
14.47196652719665,pi_plus,meson,0.40702993796839726,-0.3983969437196021,14.943771874719356
14.47196652719665,K_plus,meson,0.5210477072607594,0.25045414138408395,15.169617903259415
14.47196652719665,K_short,meson,0.06327294815256619,0.4930630148607571,13.032361426487812
14.47196652719665,K_long,meson,-0.4747650687225221,-0.36949213173340356,15.789274872247002
14.47196652719665,eta,meson,0.10381310242073212,0.15425589459811942,4.82282926003031
14.47196652719665,rho_770,meson,0.0,-0.0,-0.08265966936381419
14.47196652719665,omega_782,meson,0.04731779548230133,0.0014867698806495784,1.1663292053773442
14.47196652719665,phi_1020,meson,-0.041224915794104214,0.04777479895871374,1.582156678747984
14.47196652719665,D0,meson,-0.11042320196585922,-0.41578711720283223,11.267197457307917
14.47196652719665,D_plus,meson,0.4189336625504624,0.15137088142873922,11.669317322546195
14.47196652719665,Ds_plus,meson,0.1440293527766549,-0.4098105428280061,11.377567751184174
14.47196652719665,J_psi,meson,0.03655084911974201,0.13959594953044602,3.7244148040524654
14.47196652719665,B_plus,meson,-0.3503531172615348,-0.31347117633656785,12.320353652430827
14.47196652719665,B0,meson,-0.3998115783783518,-0.24490186366423616,12.287050836244319
14.47196652719665,Bs0,meson,-0.3907017579393441,-0.2596557974173332,12.293879496489762
14.47196652719665,Upsilon_1S,meson,0.08312771787441744,-0.1501535952863144,4.445367569337434
14.47196652719665,W,boson,-0.014204751632892242,-0.029797264214097723,0.7882310922760309
14.47196652719665,Z,boson,-0.017355297827850513,-0.027038453985564835,0.7649959817301074
14.47196652719665,Higgs,boson,0.0644891900741207,0.12742504332782695,3.685178675832777
14.47196652719665,top,quark,0.04598499397842616,-0.005407145821721461,1.1389084362748172
14.676150627615062,muon,lepton,-0.39769025906065963,0.4988687527395918,16.74918461424223
14.676150627615062,tau,lepton,-0.4226469065046814,-0.029997776058207744,11.09597171977255
14.676150627615062,neutron,baryon,-0.9620729785650657,-0.2727921991460582,26.300073716822478
14.676150627615062,Lambda,baryon,0.3637765980732457,-0.38276055070838993,13.84879890259473
14.676150627615062,Sigma_plus,baryon,-0.48885350278932654,0.14403988119372507,13.362837396118582
14.676150627615062,Xi_minus,baryon,0.032315226851879535,-0.522139673002214,13.719169493736818
14.676150627615062,Omega_minus,baryon,-0.43519112811297833,-0.27656132289626256,13.521150664275083
14.676150627615062,Delta_1232,baryon,0.00421995956448418,0.010759311202998162,0.22225309913704822
14.676150627615062,pi0,meson,-0.2452916714007609,-0.0307754226845727,6.439541066697468
14.676150627615062,pi_plus,meson,0.2081551795693805,-0.5301555586675633,14.943771874719356
14.676150627615062,K_plus,meson,0.5780035925329663,0.011394612635695188,15.169617903259415
14.676150627615062,K_short,meson,0.23641842667105809,0.4372881545638734,13.032361426487812
14.676150627615062,K_long,meson,-0.587688920799499,-0.1286391785635942,15.789274872247002
14.676150627615062,eta,meson,0.12379452216611048,0.1387334045359946,4.82282926003031
14.676150627615062,rho_770,meson,0.0,-0.0,-0.08265966936381419
14.676150627615062,omega_782,meson,0.04734109260467305,-7.214553813883346e-05,1.1663292053773442
14.676150627615062,phi_1020,meson,-0.03905007401162779,0.04956830456514415,1.582156678747984
14.676150627615062,D0,meson,-0.23494792338279305,-0.36037714087098793,11.267197457307917
14.676150627615062,D_plus,meson,0.44537600256684523,0.007666400722345982,11.669317322546195
14.676150627615062,Ds_plus,meson,0.007250273562718998,-0.43432311590279515,11.377567751184174
14.676150627615062,J_psi,meson,0.051003051514155705,0.13498771215531197,3.7244148040524654
14.676150627615062,B_plus,meson,-0.4362336076639041,-0.17524760972190578,12.320353652430827
14.676150627615062,B0,meson,-0.4592636024108225,-0.09435658181726922,12.287050836244319
14.676150627615062,Bs0,meson,-0.4557350095325896,-0.11124116987723298,12.293879496489762
14.676150627615062,Upsilon_1S,meson,0.06367472573256906,-0.15937957510075482,4.445367569337434
14.676150627615062,W,boson,-0.01486440310177341,-0.02947374160205814,0.7882310922760309
14.676150627615062,Z,boson,-0.01793528245560088,-0.026657269174855752,0.7649959817301074
14.676150627615062,Higgs,boson,0.07737643452380748,0.12003701380781502,3.685178675832777
14.676150627615062,top,quark,0.04578735005439341,-0.006882984245927806,1.1389084362748172
14.880334728033471,muon,lepton,-0.13387036687079987,0.6237838563842191,16.74918461424223
14.880334728033471,tau,lepton,-0.4120686360247997,0.09863930936029723,11.09597171977255
14.880334728033471,neutron,baryon,-0.9010757910446943,0.43366164090587783,26.300073716822478
14.880334728033471,Lambda,baryon,0.19502782180506362,-0.4907170276302893,13.84879890259473
14.880334728033471,Sigma_plus,baryon,-0.40421634085561053,0.31037780904729223,13.362837396118582
14.880334728033471,Xi_minus,baryon,-0.16272236348126595,-0.4971876350357259,13.719169493736818
14.880334728033471,Omega_minus,baryon,-0.5060140514445708,-0.0991325529330746,13.521150664275083
14.880334728033471,Delta_1232,baryon,0.0042857854474806665,0.010733260426683319,0.22225309913704822
14.880334728033471,pi0,meson,-0.246871982781272,0.013013639676751173,6.439541066697468
14.880334728033471,pi_plus,meson,-0.021480015544254157,-0.5691503352365662,14.943771874719356
14.880334728033471,K_plus,meson,0.5328455774838078,-0.22426230341740486,15.169617903259415
14.880334728033471,K_short,meson,0.3750412053302635,0.3262800896406639,13.032361426487812
14.880334728033471,K_long,meson,-0.5871460895588652,0.13109452851942063,15.789274872247002
14.880334728033471,eta,meson,0.14108876450384022,0.12110326908578259,4.82282926003031
14.880334728033471,rho_770,meson,0.0,-0.0,-0.08265966936381419
14.880334728033471,omega_782,meson,0.04731431756432913,-0.0015936145721971286,1.1663292053773442
14.880334728033471,phi_1020,meson,-0.03685220209821912,0.051223435049677336,1.582156678747984
14.880334728033471,D0,meson,-0.3338291001343376,-0.27134911510401705,11.267197457307917
14.880334728033471,D_plus,meson,0.42496337587006827,-0.13350912527454145,11.669317322546195
14.880334728033471,Ds_plus,meson,-0.127074270059745,-0.41538086783460565,11.377567751184174
14.880334728033471,J_psi,meson,0.0645663848289795,0.12905105829398342,3.7244148040524654
14.880334728033471,B_plus,meson,-0.46969528888301676,-0.01994544483850461,12.320353652430827
14.880334728033471,B0,meson,-0.4645265662636872,0.06357114335036983,12.287050836244319
14.880334728033471,Bs0,meson,-0.4667987357026104,0.046561111839919,12.293879496489762
14.880334728033471,Upsilon_1S,meson,0.043719516917686316,-0.16596663368550674,4.445367569337434
14.880334728033471,W,boson,-0.015501137160372103,-0.02914389593606584,0.7882310922760309
14.880334728033471,Z,boson,-0.01849329036132288,-0.026273229117006185,0.7649959817301074
14.880334728033471,Higgs,boson,0.08914839492851744,0.11157311945618319,3.685178675832777
14.880334728033471,top,quark,0.045548780682222983,-0.008316578352664063,1.1389084362748172
15.084518828451882,muon,lepton,0.15122870186109294,0.6198043678009209,16.74918461424223
15.084518828451882,tau,lepton,-0.36481776838737096,0.21549540601895398,11.09597171977255
15.084518828451882,neutron,baryon,-0.4027386877071059,0.9153150001086829,26.300073716822478
15.084518828451882,Lambda,baryon,0.0029678969560473748,-0.5280437899189725,13.84879890259473
15.084518828451882,Sigma_plus,baryon,-0.26914200511715236,0.43276762314805295,13.362837396118582
15.084518828451882,Xi_minus,baryon,-0.3311708293255546,-0.40496912698769,13.719169493736818
15.084518828451882,Omega_minus,baryon,-0.5081654789313303,0.08743757391916351,13.521150664275083
15.084518828451882,Delta_1232,baryon,0.004349902403555864,0.010707435984790297,0.22225309913704822
15.084518828451882,pi0,meson,-0.24093075558270846,0.05538503150074197,6.439541066697468
15.084518828451882,pi_plus,meson,-0.24252433506784607,-0.5153401227030322,14.943771874719356
15.084518828451882,K_plus,meson,0.40003612945705763,-0.4173596594151728,15.169617903259415
15.084518828451882,K_short,meson,0.46430893692225755,0.17757199578092137,13.032361426487812
15.084518828451882,K_long,meson,-0.4808993978744775,0.36147209438068806,15.789274872247002
15.084518828451882,eta,meson,0.15557523698766448,0.1018252762761564,4.82282926003031
15.084518828451882,rho_770,meson,0.0,-0.0,-0.08265966936381419
15.084518828451882,omega_782,meson,0.04724100626988758,-0.0030775933115577006,1.1663292053773442
15.084518828451882,phi_1020,meson,-0.034638578220873045,0.052745559022660454,1.582156678747984
15.084518828451882,D0,meson,-0.3996202445725817,-0.1592980555185299,11.267197457307917
15.084518828451882,D_plus,meson,0.36294300251086253,-0.25824587952348466,11.669317322546195
15.084518828451882,Ds_plus,meson,-0.2463646191358942,-0.35776194586941873,11.377567751184174
15.084518828451882,J_psi,meson,0.0771547807998414,0.12194315682484771,3.7244148040524654
15.084518828451882,B_plus,meson,-0.4506087305639013,0.134027076026808,12.320353652430827
15.084518828451882,B0,meson,-0.418725954763771,0.21093789569153645,12.287050836244319
15.084518828451882,Bs0,meson,-0.4263614669418517,0.1956652659429293,12.293879496489762
15.084518828451882,Upsilon_1S,meson,0.023600604237490337,-0.1699980327416773,4.445367569337434
15.084518828451882,W,boson,-0.016115785358652827,-0.02880856445348735,0.7882310922760309
15.084518828451882,Z,boson,-0.0190301969588821,-0.025886984380747283,0.7649959817301074
15.084518828451882,Higgs,boson,0.09975679902207962,0.10219871991557943,3.685178675832777
15.084518828451882,top,quark,0.04527254271571079,-0.00970843824656637,1.1389084362748172
15.288702928870292,muon,lepton,0.400946262343122,0.49625564916156967,16.74918461424223
15.288702928870292,tau,lepton,-0.28744843858587976,0.31129354201614107,11.09597171977255
15.288702928870292,neutron,baryon,0.27326202316927595,0.961939637759789,26.300073716822478
15.288702928870292,Lambda,baryon,-0.18522373832368577,-0.4945009800250476,13.84879890259473
15.288702928870292,Sigma_plus,baryon,-0.10381190826353756,0.49894721390782343,13.362837396118582
15.288702928870292,Xi_minus,baryon,-0.4527603439666946,-0.26207285807673364,13.719169493736818
15.288702928870292,Omega_minus,baryon,-0.4459838066536935,0.25879707786808265,13.521150664275083
15.288702928870292,Delta_1232,baryon,0.0044123791135461995,0.010681841922027516,0.22225309913704822
15.288702928870292,pi0,meson,-0.22815787635556442,0.09517937884285628,6.439541066697468
15.288702928870292,pi_plus,meson,-0.42131120391168553,-0.3832627879486388,14.943771874719356
15.288702928870292,K_plus,meson,0.20661669802107274,-0.5399328942350166,15.169617903259415
15.288702928870292,K_short,meson,0.4969778308587037,0.011297708903764673,13.032361426487812
15.288702928870292,K_long,meson,-0.29432842931444747,0.5246876038075289,15.789274872247002
15.288702928870292,eta,meson,0.1672003813364627,0.08133925087818919,4.82282926003031
15.288702928870292,rho_770,meson,0.0,-0.0,-0.08265966936381419
15.288702928870292,omega_782,meson,0.047124475009201784,-0.004524169436484341,1.1663292053773442
15.288702928870292,phi_1020,meson,-0.03241575850551602,0.05414003784897609,1.582156678747984
15.288702928870292,D0,meson,-0.4287133551094375,-0.035736109399933574,11.267197457307917
15.288702928870292,D_plus,meson,0.26802947313389996,-0.3557790872072474,11.669317322546195
15.288702928870292,Ds_plus,meson,-0.34083290449664977,-0.2692992140475436,11.377567751184174
15.288702928870292,J_psi,meson,0.08870395218379576,0.1138182874746227,3.7244148040524654
15.288702928870292,B_plus,meson,-0.38453852447004416,0.2704470527979693,12.320353652430827
15.288702928870292,B0,meson,-0.33013102045679715,0.33292601334794925,12.287050836244319
15.288702928870292,Bs0,meson,-0.34216134663721454,0.32092773276351927,12.293879496489762
15.288702928870292,Upsilon_1S,meson,0.003621404825554075,-0.17159022432383636,4.445367569337434
15.288702928870292,W,boson,-0.016709151700033797,-0.028468511957286446,0.7882310922760309
15.288702928870292,Z,boson,-0.01954684225739701,-0.02549912379646285,0.7649959817301074
15.288702928870292,Higgs,boson,0.10917305952259729,0.09207193045651897,3.685178675832777
15.288702928870292,top,quark,0.04496167153883388,-0.011059158628361633,1.1389084362748172
15.492887029288703,muon,lepton,0.571369754174634,0.2838382966164165,16.74918461424223
15.492887029288703,tau,lepton,-0.18833846500221818,0.3795509145648624,11.09597171977255
15.492887029288703,neutron,baryon,0.8147231580598083,0.5798501321212686,26.300073716822478
15.492887029288703,Lambda,baryon,-0.34582998565098433,-0.39904971307967846,13.84879890259473
15.492887029288703,Sigma_plus,baryon,0.07013892704138765,0.5047828894457294,13.362837396118582
15.492887029288703,Xi_minus,baryon,-0.5153873426958833,-0.08972178664194978,13.719169493736818
15.492887029288703,Omega_minus,baryon,-0.33128561721996563,0.39512950172514827,13.521150664275083
15.492887029288703,Delta_1232,baryon,0.004473280590329838,0.010656481457264475,0.22225309913704822
15.492887029288703,pi0,meson,-0.20937472587329886,0.131443352306132,6.439541066697468
15.492887029288703,pi_plus,meson,-0.5341723047587963,-0.19761944235411877,14.943771874719356
15.492887029288703,K_plus,meson,-0.013945583217550479,-0.5779476714088008,15.169617903259415
15.492887029288703,K_short,meson,0.47310924785674896,-0.15258519647697733,13.032361426487812
15.492887029288703,K_long,meson,-0.06347100394473121,0.5982455495448704,15.789274872247002
15.492887029288703,eta,meson,0.17596875532819423,0.06005862469895277,4.82282926003031
15.492887029288703,rho_770,meson,0.0,-0.0,-0.08265966936381419
15.492887029288703,omega_782,meson,0.046967832774746705,-0.005933543496624228,1.1663292053773442
15.492887029288703,phi_1020,meson,-0.030189636314285322,0.05541219141116585,1.582156678747984
15.492887029288703,D0,meson,-0.4210857012340286,0.088085427741943,11.267197457307917
15.492887029288703,D_plus,meson,0.1510420582285456,-0.419052328484812,11.669317322546195
15.492887029288703,Ds_plus,meson,-0.4039619853347934,-0.15969924820931147,11.377567751184174
15.492887029288703,J_psi,meson,0.09916911367251469,0.10482595380004343,3.7244148040524654
15.492887029288703,B_plus,meson,-0.28129215603844854,0.3766778572201285,12.320353652430827
15.492887029288703,B0,meson,-0.21050250946545357,0.41894500180853295,12.287050836244319
15.492887029288703,Bs0,meson,-0.22559040997302462,0.41131248913390367,12.293879496489762
15.492887029288703,Upsilon_1S,meson,-0.01595028432508238,-0.1708856579305708,4.445367569337434
15.492887029288703,W,boson,-0.01728201268648222,-0.028124437080609653,0.7882310922760309
15.492887029288703,Z,boson,-0.02004403183413185,-0.02511018009603293,0.7649959817301074
15.492887029288703,Higgs,boson,0.11738576646286336,0.08134235757242804,3.685178675832777
15.492887029288703,top,quark,0.04461899533575545,-0.012369403880587118,1.1389084362748172
15.697071129707112,muon,lepton,0.6374618136006024,0.025884567076182783,16.74918461424223
15.697071129707112,tau,lepton,-0.07671453737234199,0.41670751601352574,11.09597171977255
15.697071129707112,neutron,baryon,0.9991307471595048,-0.041686329659609354,26.300073716822478
15.697071129707112,Lambda,baryon,-0.461096472519075,-0.25735014185890726,13.84879890259473
15.697071129707112,Sigma_plus,baryon,0.23240734513651648,0.453554914525565,13.362837396118582
15.697071129707112,Xi_minus,baryon,-0.5154149898327828,0.08956282858987788,13.719169493736818
15.697071129707112,Omega_minus,baryon,-0.18082183715235348,0.4828881304393651,13.521150664275083
15.697071129707112,Delta_1232,baryon,0.004532668420359499,0.010631357076117752,0.22225309913704822
15.697071129707112,pi0,meson,-0.18548812895571132,0.16342975468531545,6.439541066697468
15.697071129707112,pi_plus,meson,-0.5694321799582895,0.01185274633269665,14.943771874719356
15.697071129707112,K_plus,meson,-0.22776003425995797,-0.5313599128387797,15.169617903259415
15.697071129707112,K_short,meson,0.39897875943677946,-0.2965308619853674,13.032361426487812
15.697071129707112,K_long,meson,0.17242044025024422,0.5763657672658119,15.789274872247002
15.697071129707112,eta,meson,0.1819343380345644,0.03836584283458928,4.82282926003031
15.697071129707112,rho_770,meson,0.0,-0.0,-0.08265966936381419
15.697071129707112,omega_782,meson,0.04677399316127185,-0.007306012437177781,1.1663292053773442
15.697071129707112,phi_1020,meson,-0.027965497440121383,0.05656727013656451,1.582156678747984
15.697071129707112,D0,meson,-0.37976845821356625,0.20210919946980518,11.267197457307917
15.697071129707112,D_plus,meson,0.023594412822059076,-0.4448166600365148,11.669317322546195
15.697071129707112,Ds_plus,meson,-0.4325921795497721,-0.03940991837881493,11.377567751184174
15.697071129707112,J_psi,meson,0.10852276508018004,0.09510942727213235,3.7244148040524654
15.697071129707112,B_plus,meson,-0.15328937150921365,0.44442530728010604,12.320353652430827
15.697071129707112,B0,meson,-0.07338044618459524,0.46307832075077193,12.287050836244319
15.697071129707112,Bs0,meson,-0.0899944660532475,0.46040199051385067,12.293879496489762
15.697071129707112,Upsilon_1S,meson,-0.03488192417228689,-0.16804633593879356,4.445367569337434
15.697071129707112,W,boson,-0.01783511754337168,-0.02777697798197312,0.7882310922760309
15.697071129707112,Z,boson,-0.020522537881360558,-0.024720635014720403,0.7649959817301074
15.697071129707112,Higgs,boson,0.12439832891781957,0.07015021786116285,3.685178675832777
15.697071129707112,top,quark,0.044247148593676365,-0.013639895104522402,1.1389084362748172
15.901255230125521,muon,lepton,0.594684839374028,-0.23103574708338304,16.74918461424223
15.901255230125521,tau,lepton,0.03821391960155499,0.4219833770364671,11.09597171977255
15.901255230125521,neutron,baryon,0.7729749218901271,-0.6344365769160476,26.300073716822478
15.901255230125521,Lambda,baryon,-0.5205187201358893,-0.08887808769561531,13.84879890259473
15.901255230125521,Sigma_plus,baryon,0.36613520153516343,0.35449999825176554,13.362837396118582
15.901255230125521,Xi_minus,baryon,-0.4568697061006672,0.25484148731483536,13.719169493736818
15.901255230125521,Omega_minus,baryon,-0.013609180798096998,0.5154534639600187,13.521150664275083
15.901255230125521,Delta_1232,baryon,0.004590600986452095,0.010606470613358069,0.22225309913704822
15.901255230125521,pi0,meson,-0.1574497921961368,0.19059038180712667,6.439541066697468
15.901255230125521,pi_plus,meson,-0.5272981655115058,0.21529082613032496,14.943771874719356
15.901255230125521,K_plus,meson,-0.4054704022144661,-0.4120822043065823,15.169617903259415
15.901255230125521,K_short,meson,0.28548598120133806,-0.4069549816982288,13.032361426487812
15.901255230125521,K_long,meson,0.37746601535649066,0.46845033156449967,15.789274872247002
15.901255230125521,eta,meson,0.18519225457234978,0.016609337701833184,4.82282926003031
15.901255230125521,rho_770,meson,0.0,-0.0,-0.08265966936381419
15.901255230125521,omega_782,meson,0.04654568579205266,-0.008641955110413914,1.1663292053773442
15.901255230125521,phi_1020,meson,-0.02574807136210804,0.05761043237911247,1.582156678747984
15.901255230125521,D0,meson,-0.3101480484332514,0.2981281577061788,11.267197457307917
15.901255230125521,D_plus,meson,-0.10304659570789891,-0.43335892338276705,11.669317322546195
15.901255230125521,Ds_plus,meson,-0.4266947392693515,0.08136789879373355,11.377567751184174
15.901255230125521,J_psi,meson,0.11675257157927309,0.08480466217318297,3.7244148040524654
15.901255230125521,B_plus,meson,-0.013967024339562402,0.4699110632873038,12.320353652430827
15.901255230125521,B0,meson,0.06749167622869133,0.46397316158528673,12.287050836244319
15.901255230125521,Bs0,meson,0.050910759896104524,0.4663443913205413,12.293879496489762
15.901255230125521,Upsilon_1S,meson,-0.05297518512612301,-0.1632481222472958,4.445367569337434
15.901255230125521,W,boson,-0.018369188588008224,-0.027426717525345465,0.7882310922760309
15.901255230125521,Z,boson,-0.020983100303521122,-0.024330923909199813,0.7649959817301074
15.901255230125521,Higgs,boson,0.1302267849375338,0.05862577750740672,3.685178675832777
15.901255230125521,top,quark,0.04384858484482722,-0.01487139886625461,1.1389084362748172
16.105439330543934,muon,lepton,0.45681894826004094,-0.44535830869343906,16.74918461424223
16.105439330543934,tau,lepton,0.14796119453553577,0.3970362188239665,11.09597171977255
16.105439330543934,neutron,baryon,0.24940219077275244,-0.9683999934106524,26.300073716822478
16.105439330543934,Lambda,baryon,-0.5210196313871907,0.08589293447944213,13.84879890259473
16.105439330543934,Sigma_plus,baryon,0.45924727806973453,0.22094608425866347,13.362837396118582
16.105439330543934,Xi_minus,baryon,-0.34987514216201443,0.3889235103544881,13.719169493736818
16.105439330543934,Omega_minus,baryon,0.15151332039765905,0.492870365362388,13.521150664275083
16.105439330543934,Delta_1232,baryon,0.00464713367349732,0.010581823326321913,0.22225309913704822
16.105439330543934,pi0,meson,-0.1262215973606299,0.21256349418402964,6.439541066697468
16.105439330543934,pi_plus,meson,-0.41812203180552754,0.386739526925416,14.943771874719356
16.105439330543934,K_plus,meson,-0.525663588924361,-0.24061542231804933,15.169617903259415
16.105439330543934,K_short,meson,0.14635485868492842,-0.4750735289729487,13.032361426487812
16.105439330543934,K_long,meson,0.5240296638784657,0.2954982525623769,15.789274872247002
16.105439330543934,eta,meson,0.18587105494741835,-0.004898181827713127,4.82282926003031
16.105439330543934,rho_770,meson,0.0,-0.0,-0.08265966936381419
16.105439330543934,omega_782,meson,0.04628546724613792,-0.009941819541190446,1.1663292053773442
16.105439330543934,phi_1020,meson,-0.023541578733272853,0.05854672636895776,1.582156678747984
16.105439330543934,D0,meson,-0.21919875238047248,0.3701676881078075,11.267197457307917
16.105439330543934,D_plus,meson,-0.21886278716686006,-0.3879660265487325,11.669317322546195
16.105439330543934,Ds_plus,meson,-0.3889211134889826,0.19346705909982964,11.377567751184174
16.105439330543934,J_psi,meson,0.12385936489909945,0.0740395260889257,3.7244148040524654
16.105439330543934,B_plus,meson,0.12362411438654416,0.45357310712921356,12.320353652430827
16.105439330543934,B0,meson,0.19947467049525058,0.42430658357185114,12.287050836244319
16.105439330543934,Bs0,meson,0.18437020175079283,0.43136599946645876,12.293879496489762
16.105439330543934,Upsilon_1S,meson,-0.0700643840759102,-0.15667578543118388,4.445367569337434
16.105439330543934,W,boson,-0.01888492171169445,-0.027074187994103816,0.7882310922760309
16.105439330543934,Z,boson,-0.021426427845423115,-0.023941439940149304,0.7649959817301074
16.105439330543934,Higgs,boson,0.13489778970849658,0.046889056668660625,3.685178675832777
16.105439330543934,top,quark,0.04342558866286064,-0.016064717439696202,1.1389084362748172
16.309623430962343,muon,lepton,0.2511634747738943,-0.586467802655179,16.74918461424223
16.309623430962343,tau,lepton,0.24528800573999324,0.345491053989119,11.09597171977255
16.309623430962343,neutron,baryon,-0.35767091922458616,-0.9338476929034196,26.300073716822478
16.309623430962343,Lambda,baryon,-0.46623575182964044,0.24791788196938047,13.84879890259473
16.309623430962343,Sigma_plus,baryon,0.5050296577172672,0.06833944241561006,13.362837396118582
16.309623430962343,Xi_minus,baryon,-0.20867464403565616,0.47971763043058946,13.719169493736818
16.309623430962343,Omega_minus,baryon,0.29786813549617697,0.420894353925553,13.521150664275083
16.309623430962343,Delta_1232,baryon,0.004702319058582776,0.01055741596036324,0.22225309913704822
16.309623430962343,pi0,meson,-0.09274678078513507,0.2291575121046375,6.439541066697468
16.309623430962343,pi_plus,meson,-0.25962521605179684,0.506940077679537,14.943771874719356
16.309623430962343,K_plus,meson,-0.5765800823874643,-0.04211174150041336,15.169617903259415
16.309623430962343,K_short,meson,-0.0036345290426601736,-0.49709294180277247,13.032361426487812
16.309623430962343,K_long,meson,0.5955026277477641,0.0854571602471321,15.789274872247002
16.309623430962343,eta,meson,0.18412563184280162,-0.02588035840116259,4.82282926003031
16.309623430962343,rho_770,meson,0.0,-0.0,-0.08265966936381419
16.309623430962343,omega_782,meson,0.04599573147160939,-0.011206111742013988,1.1663292053773442
16.309623430962343,phi_1020,meson,-0.021349775290539764,0.05938107604969748,1.582156678747984
16.309623430962343,D0,meson,-0.11472670781030087,0.41462029964685104,11.267197457307917
16.309623430962343,D_plus,meson,-0.3157177354472919,-0.3142305982658149,11.669317322546195
16.309623430962343,Ds_plus,meson,-0.3240154389122184,0.2893149336290291,11.377567751184174
16.309623430962343,J_psi,meson,0.12985528073502414,0.06293329613097541,3.7244148040524654
16.309623430962343,B_plus,meson,0.24793346974659475,0.39942518667219873,12.320353652430827
16.309623430962343,B0,meson,0.3120027563659092,0.3499721432509739,12.287050836244319
16.309623430962343,Bs0,meson,0.29959054984324623,0.36099099605661406,12.293879496489762
16.309623430962343,Upsilon_1S,meson,-0.08601455215337443,-0.148518741155012,4.445367569337434
16.309623430962343,W,boson,-0.019382986950210866,-0.026719875383033862,0.7882310922760309
16.309623430962343,Z,boson,-0.021853199235956005,-0.02355253786275507,0.7649959817301074
16.309623430962343,Higgs,boson,0.13844678523000092,0.035049749827818125,3.685178675832777
16.309623430962343,top,quark,0.042980286935429254,-0.017220680360584474,1.1389084362748172
16.513807531380753,muon,lepton,0.012458863053067471,-0.6378654649243173,16.74918461424223
16.513807531380753,tau,lepton,0.32453807699971626,0.27240651740320293,11.09597171977255
16.513807531380753,neutron,baryon,-0.8251529926476172,-0.5649093190280023,26.300073716822478
16.513807531380753,Lambda,baryon,-0.3651853019499392,0.3814167638214994,13.84879890259473
16.513807531380753,Sigma_plus,baryon,0.5020476530309297,-0.08759788039577035,13.362837396118582
16.513807531380753,Xi_minus,baryon,-0.04955568447642266,0.5207862768405295,13.719169493736818
16.513807531380753,Omega_minus,baryon,0.41234080457225813,0.30960062046946923,13.521150664275083
16.513807531380753,Delta_1232,baryon,0.0047562070868863646,0.010533248807252924,0.22225309913704822
16.513807531380753,pi0,meson,-0.0579267825599423,0.24033230861090263,6.439541066697468
16.513807531380753,pi_plus,meson,-0.07367654223071543,0.5647700968470292,14.943771874719356
16.513807531380753,K_plus,meson,-0.5562553493646015,0.1574737326711916,15.169617903259415
16.513807531380753,K_short,meson,-0.15020477368704427,-0.47387037104372787,13.032361426487812
16.513807531380753,K_long,meson,0.5870370588244392,-0.13158190399423442,15.789274872247002
16.513807531380753,eta,meson,0.18013082285379894,-0.04609694035938667,4.82282926003031
16.513807531380753,rho_770,meson,0.0,-0.0,-0.08265966936381419
16.513807531380753,omega_782,meson,0.04567871967970158,-0.012435385896953349,1.1663292053773442
16.513807531380753,phi_1020,meson,-0.019175992386621835,0.06011827021600605,1.582156678747984
16.513807531380753,D0,meson,-0.004684600853489681,0.4301746911187107,11.267197457307917
16.513807531380753,D_plus,meson,-0.38772359208482016,-0.21929198230510422,11.669317322546195
16.513807531380753,Ds_plus,meson,-0.23816820926260546,0.36326992659851554,11.377567751184174
16.513807531380753,J_psi,meson,0.13476204079648874,0.051596376394534564,3.7244148040524654
16.513807531380753,B_plus,meson,0.3496917480630947,0.31420879444293637,12.320353652430827
16.513807531380753,B0,meson,0.3971947997700092,0.2491234875865128,12.287050836244319
16.513807531380753,Bs0,meson,0.3883876086911896,0.2631046601724574,12.293879496489762
16.513807531380753,Upsilon_1S,meson,-0.10071925416831218,-0.13896744761343918,4.445367569337434
16.513807531380753,W,boson,-0.01986402912180322,-0.026364223308207986,0.7882310922760309
16.513807531380753,Z,boson,-0.022264064334797513,-0.02316453746395332,0.7649959817301074
16.513807531380753,Higgs,boson,0.14091634973624476,0.023207319546362775,3.685178675832777
16.513807531380753,top,quark,0.042514659439338416,-0.018340137128449265,1.1389084362748172
16.717991631799162,muon,lepton,-0.22325365022596658,-0.5976498826842287,16.74918461424223
16.717991631799162,tau,lepton,0.38180203623884845,0.18373208557648363,11.09597171977255
16.717991631799162,neutron,baryon,-0.999965568742464,-0.00829827268535014,26.300073716822478
16.717991631799162,Lambda,baryon,-0.23059661982056512,0.47504131547862605,13.84879890259473
16.717991631799162,Sigma_plus,baryon,0.45355108144498607,-0.23241482543886938,13.362837396118582
16.717991631799162,Xi_minus,baryon,0.11107564756022187,0.5112106342090555,13.719169493736818
16.717991631799162,Omega_minus,baryon,0.48617222229018614,0.17179654706599712,13.521150664275083
16.717991631799162,Delta_1232,baryon,0.004808845234555651,0.010509321757322623,0.22225309913704822
16.717991631799162,pi0,meson,-0.022603378991438976,0.24617923949464618,6.439541066697468
16.717991631799162,pi_plus,meson,0.11687315369194616,0.5574353425409766,14.943771874719356
16.717991631799162,K_plus,meson,-0.471404076183768,0.33465831400917123,15.169617903259415
16.717991631799162,K_short,meson,-0.28081838044652374,-0.4101897607143405,13.032361426487812
16.717991631799162,K_long,meson,0.5045581618662287,-0.32763908067593017,15.789274872247002
16.717991631799162,eta,meson,0.17407571221086285,-0.0653428471277798,4.82282926003031
16.717991631799162,rho_770,meson,0.0,-0.0,-0.08265966936381419
16.717991631799162,omega_782,meson,0.04533652972221073,-0.013630235754747798,1.1663292053773442
16.717991631799162,phi_1020,meson,-0.017023174347749016,0.060762954445143944,1.582156678747984
16.717991631799162,D0,meson,0.10340407465827862,0.4175880837719149,11.267197457307917
16.717991631799162,D_plus,meson,-0.43136726832780165,-0.1110893207192685,11.669317322546195
16.717991631799162,Ds_plus,meson,-0.13837505375448855,0.4117541499155649,11.377567751184174
16.717991631799162,J_psi,meson,0.13860938264182557,0.04013019736224777,3.7244148040524654
16.717991631799162,B_plus,meson,0.4223580244385208,0.20645867470536636,12.320353652430827
16.717991631799162,B0,meson,0.45012768453927654,0.13119180097443064,12.287050836244319
16.717991631799162,Bs0,meson,0.4454957098596312,0.1469781251955141,12.293879496489762
16.717991631799162,Upsilon_1S,meson,-0.11409825894493204,-0.1282104011465149,4.445367569337434
16.717991631799162,W,boson,-0.02032866851530433,-0.026007636570664742,0.7882310922760309
16.717991631799162,Z,boson,-0.02265964527214969,-0.02277772668119546,0.7649959817301074
16.717991631799162,Higgs,boson,0.14235472140089292,0.011451226938140635,3.685178675832777
16.717991631799162,top,quark,0.04203054874775691,-0.019423950913644735,1.1389084362748172
16.92217573221757,muon,lepton,-0.4239013252222015,-0.4767968551558954,16.74918461424223
16.92217573221757,tau,lepton,0.41493249623723916,0.08579800529586198,11.09597171977255
16.92217573221757,neutron,baryon,-0.8410965346970689,0.5408850333671494,26.300073716822478
16.92217573221757,Lambda,baryon,-0.07714657742931014,0.5223863111484424,13.84879890259473
16.92217573221757,Sigma_plus,baryon,0.3665334135765931,-0.3540882535408181,13.362837396118582
16.92217573221757,Xi_minus,baryon,0.25829859113279613,0.4549241143621208,13.719169493736818
16.92217573221757,Omega_minus,baryon,0.5151870927743539,0.021441612557986472,13.521150664275083
16.92217573221757,Delta_1232,baryon,0.004860278659676973,0.010485634346053263,0.22225309913704822
16.92217573221757,pi0,meson,0.012454396387965664,0.24690082768310925,6.439541066697468
16.92217573221757,pi_plus,meson,0.2909242253991094,0.48964945649270897,14.943771874719356
16.92217573221757,K_plus,meson,-0.33544879060688765,0.47084190452689023,15.169617903259415
16.92217573221757,K_short,meson,-0.38554115316293375,-0.3138034764136493,13.032361426487812
16.92217573221757,K_long,meson,0.3625458565747804,-0.4800904162472469,15.789274872247002
16.92217573221757,eta,meson,0.16615862404513354,-0.08344670699261603,4.82282926003031
16.92217573221757,rho_770,meson,0.0,-0.0,-0.08265966936381419
16.92217573221757,omega_782,meson,0.04497112496038941,-0.014791287090038614,1.1663292053773442
16.92217573221757,phi_1020,meson,-0.014893912860733629,0.061319625385951045,1.582156678747984
16.92217573221757,D0,meson,0.20289055193197242,0.3793515972036684,11.267197457307917
16.92217573221757,D_plus,meson,-0.445435958528663,0.0023160768789668006,11.669317322546195
16.92217573221757,Ds_plus,meson,-0.03184871566032702,0.4332144905067635,11.377567751184174
16.92217573221757,J_psi,meson,0.14143363643848966,0.028627262888130042,3.7244148040524654
16.92217573221757,B_plus,meson,0.4622631929964037,0.08558168945210189,12.320353652430827
16.92217573221757,B0,meson,0.46881830344968206,0.005968197564335175,12.287050836244319
16.92217573221757,Bs0,meson,0.4685825158650399,0.02234776532261328,12.293879496489762
16.92217573221757,Upsilon_1S,meson,-0.12609514068519598,-0.11643167589619102,4.445367569337434
16.92217573221757,W,boson,-0.020777501613994633,-0.02565048440629054,0.7882310922760309
16.92217573221757,Z,boson,-0.023040537573623086,-0.02239236443391725,0.7649959817301074
16.92217573221757,Higgs,boson,0.14281448825948342,-0.00013873246379548048,3.685178675832777
16.92217573221757,top,quark,0.041529669500882875,-0.02047299314415675,1.1389084362748172
17.126359832635984,muon,lepton,-0.5651978011163393,-0.2959375275711843,16.74918461424223
17.126359832635984,tau,lepton,0.4234398136096398,-0.015132692974114138,11.09597171977255
17.126359832635984,neutron,baryon,-0.41808900258226095,0.9084060688479411,26.300073716822478
17.126359832635984,Lambda,baryon,0.08019127382928877,0.521927592761649,13.84879890259473
17.126359832635984,Sigma_plus,baryon,0.25060694302299824,-0.4437582615257593,13.362837396118582
17.126359832635984,Xi_minus,baryon,0.37986381838033995,0.35969096665728967,13.719169493736818
17.126359832635984,Omega_minus,baryon,0.499551890133255,-0.12777085886331765,13.521150664275083
17.126359832635984,Delta_1232,baryon,0.004910550342332339,0.010462185795724669,0.22225309913704822
17.126359832635984,pi0,meson,0.0465590970999064,0.24279081773665673,6.439541066697468
17.126359832635984,pi_plus,meson,0.43119672127250525,0.3721060100717517,14.943771874719356
17.126359832635984,K_plus,meson,-0.1661065651815896,0.5537387463251123,15.169617903259415
17.126359832635984,K_short,meson,-0.457528567977109,-0.19437646996566335,13.032361426487812
17.126359832635984,K_long,meson,0.1811260721207503,-0.5736895082621826,15.789274872247002
17.126359832635984,eta,meson,0.15658278245412774,-0.10026900563687095,4.82282926003031
17.126359832635984,rho_770,meson,0.0,-0.0,-0.08265966936381419
17.126359832635984,omega_782,meson,0.0445843426378336,-0.015919191108066885,1.1663292053773442
17.126359832635984,phi_1020,meson,-0.012790478589188874,0.06179262702973551,1.582156678747984
17.126359832635984,D0,meson,0.2883105361294116,0.319294918720931,11.267197457307917
17.126359832635984,D_plus,meson,-0.4307889593217754,0.11331120813458774,11.669317322546195
17.126359832635984,Ds_plus,meson,0.07448333901608852,0.4279501929936024,11.377567751184174
17.126359832635984,J_psi,meson,0.1432764448159918,0.017171314963363358,3.7244148040524654
17.126359832635984,B_plus,meson,0.46850010299536676,-0.038976129387576844,12.320353652430827
17.126359832635984,B0,meson,0.45397556245697274,-0.1171853648007307,12.287050836244319
17.126359832635984,Bs0,meson,0.4580285207029681,-0.10138476715944884,12.293879496489762
17.126359832635984,Upsilon_1S,meson,-0.13667487491311167,-0.10380895059627715,4.445367569337434
17.126359832635984,W,boson,-0.0212111018433085,-0.025293103451132653,0.7882310922760309
17.126359832635984,Z,boson,-0.02340731126411606,-0.022008683195677222,0.7649959817301074
17.126359832635984,Higgs,boson,0.14235143454995278,-0.011492013969933606,3.685178675832777
17.126359832635984,top,quark,0.041013617072466244,-0.021488138862320205,1.1389084362748172
17.330543933054393,muon,lepton,-0.6327748363396777,-0.08138538632324993,16.74918461424223
17.330543933054393,tau,lepton,0.40829982625322464,-0.11323217752918932,11.09597171977255
17.330543933054393,neutron,baryon,0.12487608528162254,0.9921723455754735,26.300073716822478
17.330543933054393,Lambda,baryon,0.22754761242393587,0.47650932474034546,13.84879890259473
17.330543933054393,Sigma_plus,baryon,0.11683599468511997,-0.4960590538531024,13.362837396118582
17.330543933054393,Xi_minus,baryon,0.466931026820427,0.23590152225403113,13.719169493736818
17.330543933054393,Omega_minus,baryon,0.4431808229642555,-0.2635682861557945,13.521150664275083
17.330543933054393,Delta_1232,baryon,0.004959701214648473,0.010438975052669573,0.22225309913704822
17.330543933054393,pi0,meson,0.07911004855945623,0.23421513810365346,6.439541066697468
17.330543933054393,pi_plus,meson,0.525535203737119,0.21955920568416615,14.943771874719356
17.330543933054393,K_plus,meson,0.01709637037439684,0.5778630497775007,15.169617903259415
17.330543933054393,K_short,meson,-0.4931683174434228,-0.062446883521276336,13.032361426487812
17.330543933054393,K_long,meson,-0.017025782705499263,-0.601362144315105,15.789274872247002
17.330543933054393,eta,meson,0.14555260187031588,-0.11569996258108672,4.82282926003031
17.330543933054393,rho_770,meson,0.0,-0.0,-0.08265966936381419
17.330543933054393,omega_782,meson,0.04417790177301237,-0.01701461868267911,1.1663292053773442
17.330543933054393,phi_1020,meson,-0.010714850212641383,0.06218614864016871,1.582156678747984
17.330543933054393,D0,meson,0.3555640726686932,0.242170189312159,11.267197457307917
17.330543933054393,D_plus,meson,-0.3900238581622395,0.2151742257490413,11.669317322546195
17.330543933054393,Ds_plus,meson,0.17437740192763557,0.3978462732905952,11.377567751184174
17.330543933054393,J_psi,meson,0.1441836198470424,0.005837590640370717,3.7244148040524654
17.330543933054393,B_plus,meson,0.4426207007978747,-0.15842474678504198,12.320353652430827
17.330543933054393,B0,meson,0.40858908414597117,-0.2299590862487533,12.287050836244319
17.330543933054393,Bs0,meson,0.4165368110088513,-0.21579175578298032,12.293879496489762
17.330543933054393,Upsilon_1S,meson,-0.14582147835919734,-0.09051196664283225,4.445367569337434
17.330543933054393,W,boson,-0.021630020332596565,-0.024935800448519053,0.7882310922760309
17.330543933054393,Z,boson,-0.023760511945964173,-0.021626891332056794,0.7649959817301074
17.330543933054393,Higgs,boson,0.14102353261467496,-0.022546852383256183,3.685178675832777
17.330543933054393,top,quark,0.040483875664889764,-0.022470262755094714,1.1389084362748172
17.534728033472803,muon,lepton,-0.622681408912299,0.13890801851111725,16.74918461424223
17.534728033472803,tau,lepton,0.3717038119709545,-0.2033876847615819,11.09597171977255
17.534728033472803,neutron,baryon,0.6215364306361119,0.7833852598767236,26.300073716822478
17.534728033472803,Lambda,baryon,0.3532241894435884,0.39251971221360804,13.84879890259473
17.534728033472803,Sigma_plus,baryon,-0.023358912080169405,-0.5090968432333158,13.362837396118582
17.534728033472803,Xi_minus,baryon,0.5143788368889998,0.0953337514737943,13.719169493736818
17.534728033472803,Omega_minus,baryon,0.35291468476621335,-0.3759371072223941,13.521150664275083
17.534728033472803,Delta_1232,baryon,0.005007770281658256,0.010416000820611702,0.22225309913704822
17.534728033472803,pi0,meson,0.10959544226255727,0.2215941554627907,6.439541066697468
17.534728033472803,pi_plus,meson,0.5674610177914873,0.04880049645983679,14.943771874719356
17.534728033472803,K_plus,meson,0.19509001234355827,0.5442038930969927,15.169617903259415
17.534728033472803,K_short,meson,-0.4919357443687418,0.07151102015681479,13.032361426487812
17.534728033472803,K_long,meson,-0.20956018895954104,-0.5639244923704215,15.789274872247002
17.534728033472803,eta,meson,0.13327056352478087,-0.12965723331257265,4.82282926003031
17.534728033472803,rho_770,meson,0.0,-0.0,-0.08265966936381419
17.534728033472803,omega_782,meson,0.04375341058930131,-0.01807825533028336,1.1663292053773442
17.534728033472803,phi_1020,meson,-0.008668741074559458,0.06250422406492816,1.582156678747984
17.534728033472803,D0,meson,0.40197946392312134,0.1532472542929062,11.267197457307917
17.534728033472803,D_plus,meson,-0.3270820460137333,0.3023836843117171,11.669317322546195
17.534728033472803,Ds_plus,meson,0.26256168262523305,0.3460498494310516,11.377567751184174
17.534728033472803,J_psi,meson,0.14420412973247465,-0.005306850740373119,3.7244148040524654
17.534728033472803,B_plus,meson,0.38820249796573497,-0.2651609053798654,12.320353652430827
17.534728033472803,B0,meson,0.33741929032882195,-0.32553716154319345,12.287050836244319
17.534728033472803,Bs0,meson,0.3486374518550024,-0.3138804293889249,12.293879496489762
17.534728033472803,Upsilon_1S,meson,-0.1535357301312973,-0.07670136393483812,4.445367569337434
17.534728033472803,W,boson,-0.022034786682923396,-0.024578854721792175,0.7882310922760309
17.534728033472803,Z,boson,-0.02410066184780721,-0.021247175226851912,0.7649959817301074
17.534728033472803,Higgs,boson,0.13889006897397152,-0.033249752539230584,3.685178675832777
17.534728033472803,top,quark,0.03994182586528297,-0.023420235773379025,1.1389084362748172
17.738912133891212,muon,lepton,-0.540509168369362,0.33893570706013126,16.74918461424223
17.738912133891212,tau,lepton,0.3167779028639629,-0.2813930247954362,11.09597171977255
17.738912133891212,neutron,baryon,0.9340250049684441,0.35720762882908585,26.300073716822478
17.738912133891212,Lambda,baryon,0.44839493654979684,0.2788925121993013,13.84879890259473
17.738912133891212,Sigma_plus,baryon,-0.15914548794078756,-0.4841466185276782,13.362837396118582
17.738912133891212,Xi_minus,baryon,0.5207437654276781,-0.05000042777367838,13.719169493736818
17.738912133891212,Omega_minus,baryon,0.23758985887896744,-0.4576336332354189,13.521150664275083
17.738912133891212,Delta_1232,baryon,0.005054794733719489,0.01039326159051166,0.22225309913704822
17.738912133891212,pi0,meson,0.13759188183903415,0.20538647655575148,6.439541066697468
17.738912133891212,pi_plus,meson,0.5560632200440246,-0.12323631965434471,14.943771874719356
17.738912133891212,K_plus,meson,0.3511058931001296,0.45928492464753634,15.169617903259415
17.738912133891212,K_short,meson,-0.4560309923803166,0.19786443990803435,13.032361426487812
17.738912133891212,K_long,meson,-0.3768195536860014,-0.46897049998041324,15.789274872247002
17.738912133891212,eta,meson,0.1199346292771375,-0.14208351752627443,4.82282926003031
17.738912133891212,rho_770,meson,0.0,-0.0,-0.08265966936381419
17.738912133891212,omega_782,meson,0.043312373501852394,-0.019110796833699442,1.1663292053773442
17.738912133891212,phi_1020,meson,-0.006653623616502332,0.06275073219131726,1.582156678747984
17.738912133891212,D0,meson,0.42628004143845233,0.05794425455095672,11.267197457307917
17.738912133891212,D_plus,meson,-0.24683264455747891,0.3707994106565157,11.669317322546195
17.738912133891212,Ds_plus,meson,0.3349170135256019,0.2766219975441919,11.377567751184174
17.738912133891212,J_psi,meson,0.1433892068370986,-0.016202748510938874,3.7244148040524654
17.738912133891212,B_plus,meson,0.3103428229323621,-0.35312719722938213,12.320353652430827
17.738912133891212,B0,meson,0.24644653809879427,-0.3988612852743728,12.287050836244319
17.738912133891212,Bs0,meson,0.2601444741138297,-0.3903765481907999,12.293879496489762
17.738912133891212,Upsilon_1S,meson,-0.1598330014693229,-0.06252784417939306,4.445367569337434
17.738912133891212,W,boson,-0.02242590973436456,-0.024222520434154588,0.7882310922760309
17.738912133891212,Z,boson,-0.024428260841586925,-0.020869701216794892,0.7649959817301074
17.738912133891212,Higgs,boson,0.13601089304479458,-0.043554956970155344,3.685178675832777
17.738912133891212,top,quark,0.039388751694516964,-0.024338922266216666,1.1389084362748172
17.94309623430962,muon,lepton,-0.39952088026747573,0.49740390111255844,16.74918461424223
17.94309623430962,tau,lepton,0.2472950197979101,-0.34405733145736994,11.09597171977255
17.94309623430962,neutron,baryon,0.9873537755157976,-0.1585324003940519,26.300073716822478
17.94309623430962,Lambda,baryon,0.5074509827149135,0.1460566760747427,13.84879890259473
17.94309623430962,Sigma_plus,baryon,-0.28102384427062255,-0.425148013655312,13.362837396118582
17.94309623430962,Xi_minus,baryon,0.48786619589353264,-0.18884037416220253,13.719169493736818
17.94309623430962,Omega_minus,baryon,0.10709792709753425,-0.5043882604916462,13.521150664275083
17.94309623430962,Delta_1232,baryon,0.0051008100511680055,0.01037075566729574,0.22225309913704822
17.94309623430962,pi0,meson,0.16276188401322578,0.18607444696265585,6.439541066697468
17.94309623430962,pi_plus,meson,0.4953686161976834,-0.28107548675412686,14.943771874719356
17.94309623430962,K_plus,meson,0.471993366345326,0.33382668003642196,15.169617903259415
17.94309623430962,K_short,meson,-0.38986949254343295,0.30840943788318564,13.032361426487812
17.94309623430962,K_long,meson,-0.5035314706619892,-0.3292147687224411,15.789274872247002
17.94309623430962,eta,meson,0.10573614203106513,-0.1529441385633002,4.82282926003031
17.94309623430962,rho_770,meson,0.0,-0.0,-0.08265966936381419
17.94309623430962,omega_782,meson,0.042856197681520165,-0.020112945439824767,1.1663292053773442
17.94309623430962,phi_1020,meson,-0.0046707517661317925,0.06292939834223489,1.582156678747984
17.94309623430962,D0,meson,0.4284748636206666,-0.038490279415533644,11.267197457307917
17.94309623430962,D_plus,meson,-0.1546665965281396,0.41772814279248627,11.669317322546195
17.94309623430962,Ds_plus,meson,0.38855964501600154,0.19419201255274632,11.377567751184174
17.94309623430962,J_psi,meson,0.141791568210317,-0.026798225335644823,3.7244148040524654
17.94309623430962,B_plus,meson,0.21513161019351154,-0.41800702800820627,12.320353652430827
17.94309623430962,B0,meson,0.14232703016042503,-0.4467317288007631,12.287050836244319
17.94309623430962,Bs0,meson,0.15761391731669971,-0.4418448255410597,12.293879496489762
17.94309623430962,Upsilon_1S,meson,-0.16474121307431427,-0.048131615090483075,4.445367569337434
17.94309623430962,W,boson,-0.022803878327515344,-0.02386702865504585,0.7882310922760309
17.94309623430962,Z,boson,-0.024743787425877507,-0.020494617352999924,0.7649959817301074
17.94309623430962,Higgs,boson,0.1324457771370983,-0.053423903096504737,3.685178675832777
17.94309623430962,top,quark,0.0388258471800138,-0.02522717756483006,1.1389084362748172
18.147280334728034,muon,lepton,-0.21819734573326588,0.5995143809172956,16.74918461424223
18.147280334728034,tau,lepton,0.16739769694842704,-0.38924065204289476,11.09597171977255
18.147280334728034,neutron,baryon,0.7815322343778092,-0.6238648624729791,26.300073716822478
18.147280334728034,Lambda,baryon,0.5280290823857653,0.004933623331830639,13.84879890259473
18.147280334728034,Sigma_plus,baryon,-0.38134953678234607,-0.33807952520019097,13.362837396118582
18.147280334728034,Xi_minus,baryon,0.42032969964896333,-0.31144350306654284,13.719169493736818
18.147280334728034,Omega_minus,baryon,-0.0284854341516187,-0.5148456694501482,13.521150664275083
18.147280334728034,Delta_1232,baryon,0.005145850101821288,0.010348481193799847,0.22225309913704822
18.147280334728034,pi0,meson,0.18484979004657237,0.16415141126329402,6.439541066697468
18.147280334728034,pi_plus,meson,0.39335292193178123,-0.4119065112078311,14.943771874719356
18.147280334728034,K_plus,meson,0.5489777811469118,0.18122192468116627,15.169617903259415
18.147280334728034,K_short,meson,-0.2994932644640922,0.396759860787527,13.032361426487812
18.147280334728034,K_long,meson,-0.5797778637924137,-0.16057376668777967,15.789274872247002
18.147280334728034,eta,meson,0.09085816177327984,-0.1622246457590956,4.82282926003031
18.147280334728034,rho_770,meson,0.0,-0.0,-0.08265966936381419
18.147280334728034,omega_782,meson,0.04238619921649228,-0.02108540656384721,1.1663292053773442
18.147280334728034,phi_1020,meson,-0.0027211814370279503,0.06304379643837507,1.582156678747984
18.147280334728034,D0,meson,0.40969462014779284,-0.1312346318095587,11.267197457307917
18.147280334728034,D_plus,meson,-0.056124850592378164,0.44189202132245087,11.669317322546195
18.147280334728034,Ds_plus,meson,0.42183998179663174,0.10363476845183034,11.377567751184174
18.147280334728034,J_psi,meson,0.13946473953136754,-0.03704834846695314,3.7244148040524654
18.147280334728034,B_plus,meson,0.10914368497495672,-0.4572735955626498,12.320353652430827
18.147280334728034,B0,meson,0.031892004026390995,-0.4677703722028424,12.287050836244319
18.147280334728034,Bs0,meson,0.04784042523013372,-0.4666693588646301,12.293879496489762
18.147280334728034,Upsilon_1S,meson,-0.16829893221843975,-0.033642072922875285,4.445367569337434
18.147280334728034,W,boson,-0.023169162054969564,-0.02351258925060067,0.7882310922760309
18.147280334728034,Z,boson,-0.02504769967439549,-0.020122055005495524,0.7649959817301074
18.147280334728034,Higgs,boson,0.12825387673246819,-0.06282467991647463,3.685178675832777
18.147280334728034,top,quark,0.03825422248218376,-0.02608584595938642,1.1389084362748172
18.351464435146443,muon,lepton,-0.01759540545933823,0.6377444443649917,16.74918461424223
18.351464435146443,tau,lepton,0.08134543188441114,-0.4158283237803239,11.09597171977255
18.351464435146443,neutron,baryon,0.38234679895029383,-0.9240188987961575,26.300073716822478
18.351464435146443,Lambda,baryon,0.5107816531873481,-0.13394459769446948,13.84879890259473
18.351464435146443,Sigma_plus,baryon,-0.45463735082353807,-0.23028268237071514,13.362837396118582
18.351464435146443,Xi_minus,baryon,0.3247785340515627,-0.4101134182499584,13.719169493736818
18.351464435146443,Omega_minus,baryon,-0.15964684991800493,-0.49029620294433807,13.521150664275083
18.351464435146443,Delta_1232,baryon,0.005189947231893779,0.010326436172223279,0.22225309913704822
18.351464435146443,pi0,meson,0.20367649179594288,0.14011073259993395,6.439541066697468
18.351464435146443,pi_plus,meson,0.26075437046709493,-0.5063602012895427,14.943771874719356
18.351464435146443,K_plus,meson,0.5778942647801518,0.016006527179268055,15.169617903259415
18.351464435146443,K_short,meson,-0.19196175151109846,0.4585469316747063,13.032361426487812
18.351464435146443,K_long,meson,-0.6012783015559215,0.01976638484959485,15.789274872247002
18.351464435146443,eta,meson,0.07547418747151181,-0.16992847989080181,4.82282926003031
18.351464435146443,rho_770,meson,0.0,-0.0,-0.08265966936381419
18.351464435146443,omega_782,meson,0.041903608892346324,-0.02202888594051402,1.1663292053773442
18.351464435146443,phi_1020,meson,-0.0008057892883856719,0.06309735177802013,1.582156678747984
18.351464435146443,D0,meson,0.3719927412209156,-0.21608704459819808,11.267197457307917
18.351464435146443,D_plus,meson,0.04342298621466855,0.4433204277164079,11.669317322546195
18.351464435146443,Ds_plus,meson,0.43427338534217136,0.009785819214404391,11.377567751184174
18.351464435146443,J_psi,meson,0.1364624734663031,-0.046914678216305614,3.7244148040524654
18.351464435146443,B_plus,meson,-0.001018989449022297,-0.47011748194383196,12.320353652430827
18.351464435146443,B0,meson,-0.07828449469274383,-0.4622745492911186,12.287050836244319
18.351464435146443,Bs0,meson,-0.06258119230492856,-0.464922134511811,12.293879496489762
18.351464435146443,Upsilon_1S,meson,-0.17055361637594704,-0.019177684883773794,4.445367569337434
18.351464435146443,W,boson,-0.02352221199940316,-0.023159392614056997,0.7882310922760309
18.351464435146443,Z,boson,-0.025340436149058412,-0.019752130325572305,0.7649959817301074
18.351464435146443,Higgs,boson,0.12349328056993703,-0.07173149209091816,3.685178675832777
18.351464435146443,top,quark,0.037674909603045606,-0.026915759018381644,1.1389084362748172
18.555648535564853,muon,lepton,0.18115487491991975,0.6117274604792879,16.74918461424223
18.555648535564853,tau,lepton,-0.006704237724680813,-0.42365708697358795,11.09597171977255
18.555648535564853,neutron,baryon,-0.10287743171251645,-0.9946940404185785,26.300073716822478
18.555648535564853,Lambda,baryon,0.4589554818225701,-0.2611492259022536,13.84879890259473
18.555648535564853,Sigma_plus,baryon,-0.4976646178607321,-0.10979600490558843,13.362837396118582
18.555648535564853,Xi_minus,baryon,0.2091895599811937,-0.4794933159119342,13.719169493736818
18.555648535564853,Omega_minus,baryon,-0.2780237339944318,-0.43425831787793195,13.521150664275083
18.555648535564853,Delta_1232,baryon,0.005233132350835564,0.010304618483354028,0.22225309913704822
18.555648535564853,pi0,meson,0.21913332411942577,0.11443651934746911,6.439541066697468
18.555648535564853,pi_plus,meson,0.10983440126220775,-0.5588648311238144,14.943771874719356
18.555648535564853,K_plus,meson,0.5589745097407723,-0.14753131070452805,15.169617903259415
18.555648535564853,K_short,meson,-0.07476957280267338,0.4914510286634897,13.032361426487812
18.555648535564853,K_long,meson,-0.5690888401881674,0.19510048145835648,15.789274872247002
18.555648535564853,eta,meson,0.059747217246391454,-0.17607473209917446,4.82282926003031
18.555648535564853,rho_770,meson,0.0,-0.0,-0.08265966936381419
18.555648535564853,omega_782,meson,0.04140957761105321,-0.02294408716983666,1.1663292053773442
18.555648535564853,phi_1020,meson,0.0010747101170948442,0.06309334430778506,1.582156678747984
18.555648535564853,D0,meson,0.3181294356442107,-0.2895960506307547,11.267197457307917
18.555648535564853,D_plus,meson,0.13903996432395307,0.42318606508633055,11.669317322546195
18.555648535564853,Ds_plus,meson,0.42641980662600687,-0.08279664239137953,11.377567751184174
18.555648535564853,J_psi,meson,0.13283825364906995,-0.05636481228697854,3.7244148040524654
18.555648535564853,B_plus,meson,-0.10911478724583676,-0.45728049201010335,12.320353652430827
18.555648535564853,B0,meson,-0.1822342427710456,-0.4319917844048295,12.287050836244319
18.555648535564853,Bs0,meson,-0.16761330771104269,-0.4381492620871206,12.293879496489762
18.555648535564853,Upsilon_1S,meson,-0.1715600057753862,-0.004846037016417965,4.445367569337434
18.555648535564853,W,boson,-0.02386346145563183,-0.022807611250468072,0.7882310922760309
18.555648535564853,Z,boson,-0.025622416777384242,-0.019384945579209605,0.7649959817301074
18.555648535564853,Higgs,boson,0.11822064068155655,-0.08012413756388853,3.685178675832777
18.555648535564853,top,quark,0.03708886770423902,-0.027717734206653806,1.1389084362748172
18.759832635983262,muon,lepton,0.35897253997140144,0.5274147231147147,16.74918461424223
18.759832635983262,tau,lepton,-0.09287564728395155,-0.413405839687833,11.09597171977255
18.759832635983262,neutron,baryon,-0.5558245165868357,-0.8312996492005817,26.300073716822478
18.759832635983262,Lambda,baryon,0.377847071196581,-0.36887754509118553,13.84879890259473
18.759832635983262,Sigma_plus,baryon,-0.5094040781717724,0.01525515341329958,13.362837396118582
18.759832635983262,Xi_minus,baryon,0.08216189521640226,-0.5166464313084881,13.719169493736818
18.759832635983262,Omega_minus,baryon,-0.3768211626461922,-0.3519705878228314,13.521150664275083
18.759832635983262,Delta_1232,baryon,0.005275435010561453,0.010283025903798246,0.22225309913704822
18.759832635983262,pi0,meson,0.23117542417589335,0.08759596998200751,6.439541066697468
18.759832635983262,pi_plus,meson,-0.04679651244147291,-0.5676297927267315,14.943771874719356
18.759832635983262,K_plus,meson,0.49628918542583733,-0.2965046957595978,15.169617903259415
18.759832635983262,K_short,meson,0.04467368306939805,0.4950948036815893,13.032361426487812
18.759832635983262,K_long,meson,-0.48885453753630687,0.3506387699929368,15.789274872247002
18.759832635983262,eta,meson,0.04382910207555035,-0.18069601839480176,4.82282926003031
18.759832635983262,rho_770,meson,0.0,-0.0,-0.08265966936381419
18.759832635983262,omega_782,meson,0.04090518146904049,-0.023831709610679812,1.1663292053773442
18.759832635983262,phi_1020,meson,0.0029197486283235132,0.0630349122766416,1.582156678747984
18.759832635983262,D0,meson,0.2513535431713796,-0.34913264914560493,11.267197457307917
18.759832635983262,D_plus,meson,0.22641928561210514,0.38360508920680664,11.669317322546195
18.759832635983262,Ds_plus,meson,0.3997284196417329,-0.17001860487890663,11.377567751184174
18.759832635983262,J_psi,meson,0.12864487585157758,-0.06537193292088869,3.7244148040524654
18.759832635983262,B_plus,meson,-0.20956842392132152,-0.42082366956225226,12.320353652430827
18.759832635983262,B0,meson,-0.27485370151352473,-0.37984426255495735,12.287050836244319
18.759832635983262,Bs0,meson,-0.2620445289584873,-0.38910366437782296,12.293879496489762
18.759832635983262,Upsilon_1S,meson,-0.1713786638882599,0.009255982945634744,4.445367569337434
18.759832635983262,W,boson,-0.024193326634624205,-0.022457401228710476,0.7882310922760309
18.759832635983262,Z,boson,-0.025894043694361723,-0.019020590363534602,0.7649959817301074
18.759832635983262,Higgs,boson,0.1124908731956325,-0.0879875033808709,3.685178675832777
18.759832635983262,top,quark,0.036496988060247676,-0.02849257376341051,1.1389084362748172
18.96401673640167,muon,lepton,0.5004190592851387,0.39573771581170697,16.74918461424223
18.96401673640167,tau,lepton,-0.17371390974759038,-0.3864631311090636,11.09597171977255
18.96401673640167,neutron,baryon,-0.8756722491317684,-0.48290590398183175,26.300073716822478
18.96401673640167,Lambda,baryon,0.27419764650598805,-0.4512811796817046,13.84879890259473
18.96401673640167,Sigma_plus,baryon,-0.4908224360213198,0.13718079625732577,13.362837396118582
18.96401673640167,Xi_minus,baryon,-0.04772734132962126,-0.5209570163640693,13.719169493736818
18.96401673640167,Omega_minus,baryon,-0.45105927531572004,-0.24984597947942846,13.521150664275083
18.96401673640167,Delta_1232,baryon,0.005316883479497086,0.01026165612142086,0.22225309913704822
18.96401673640167,pi0,meson,0.2398148097006168,0.06003322203788434,6.439541066697468
18.96401673640167,pi_plus,meson,-0.19720098068334962,-0.5343269302451471,14.943771874719356
18.96401673640167,K_plus,meson,0.39695783063186785,-0.420288556682399,15.169617903259415
18.96401673640167,K_short,meson,0.15947843187264993,0.4708303647375953,13.032361426487812
18.96401673640167,K_long,meson,-0.36976746755155493,0.47455065676122066,15.789274872247002
18.96401673640167,eta,meson,0.02786015154568872,-0.18383648497601016,4.82282926003031
18.96401673640167,rho_770,meson,0.0,-0.0,-0.08265966936381419
18.96401673640167,omega_782,meson,0.04039142651386826,-0.02469244658104341,1.1663292053773442
18.96401673640167,phi_1020,meson,0.004728890174316438,0.06292505618190382,1.582156678747984
18.96401673640167,D0,meson,0.17519402456005853,-0.3929112674926545,11.267197457307917
18.96401673640167,D_plus,meson,0.3020188020208588,0.3274189985146608,11.669317322546195
18.96401673640167,Ds_plus,meson,0.35636197250286106,-0.24838534584012234,11.377567751184174
18.96401673640167,J_psi,meson,0.12393409834718512,-0.07391436236315121,3.7244148040524654
18.96401673640167,B_plus,meson,-0.2976919773203827,-0.3638557019036353,12.320353652430827
18.96401673640167,B0,meson,-0.3520740581421766,-0.30962893697925636,12.287050836244319
18.96401673640167,Bs0,meson,-0.3416705035749503,-0.3214502508572124,12.293879496489762
18.96401673640167,Upsilon_1S,meson,-0.17007466228499293,0.02304189456317852,4.445367569337434
18.96401673640167,W,boson,-0.024512207347963173,-0.022108903512552673,0.7882310922760309
18.96401673640167,Z,boson,-0.02615570204919114,-0.018659142717092812,0.7649959817301074
18.96401673640167,Higgs,boson,0.1063569214282467,-0.09531108313213314,3.685178675832777
18.96401673640167,top,quark,0.03590009867124367,-0.029241063806370298,1.1389084362748172
19.168200836820084,muon,lepton,0.5947005913040853,0.2309951975999974,16.74918461424223
19.168200836820084,tau,lepton,-0.24628342648105384,-0.34478217469464195,11.09597171977255
19.168200836820084,neutron,baryon,-0.9993855897843876,-0.03504915022239081,26.300073716822478
19.168200836820084,Lambda,baryon,0.15558201396817287,-0.5046120186974752,13.84879890259473
19.168200836820084,Sigma_plus,baryon,-0.4445826585366233,0.2491415145900111,13.362837396118582
19.168200836820084,Xi_minus,baryon,-0.17246802517979867,-0.4938915794989096,13.719169493736818
19.168200836820084,Omega_minus,baryon,-0.49766520543906445,-0.13493267434417555,13.521150664275083
19.168200836820084,Delta_1232,baryon,0.00535750481183223,0.010240506749181788,0.22225309913704822
19.168200836820084,pi0,meson,0.24511338356764745,0.03216457517226538,6.439541066697468
19.168200836820084,pi_plus,meson,-0.33092933356098936,-0.46355072144972076,14.943771874719356
19.168200836820084,K_plus,meson,0.2702347255862798,-0.5110686678573054,15.169617903259415
19.168200836820084,K_short,meson,0.26361240489704296,0.4214535592160707,13.032361426487812
19.168200836820084,K_long,meson,-0.22337744858824646,0.5585954004055184,15.789274872247002
19.168200836820084,eta,meson,0.011968953646045158,-0.18554995392374088,4.82282926003031
19.168200836820084,rho_770,meson,0.0,-0.0,-0.08265966936381419
19.168200836820084,omega_782,meson,0.03986925319839861,-0.025526983828585873,1.1663292053773442
19.168200836820084,phi_1020,meson,0.006501817675218734,0.062766642929941,1.582156678747984
19.168200836820084,D0,meson,0.09326988407499638,-0.41996778339400204,11.267197457307917
19.168200836820084,D_plus,meson,0.3631368023973484,0.2579732933989239,11.669317322546195
19.168200836820084,Ds_plus,meson,0.29901358339345147,-0.3150873092024725,11.377567751184174
19.168200836820084,J_psi,meson,0.11875635396685019,-0.08197513091896323,3.7244148040524654
19.168200836820084,B_plus,meson,-0.3698234873581445,-0.29024485071567885,12.320353652430827
19.168200836820084,B0,meson,-0.4109487388241428,-0.22571520792904395,12.287050836244319
19.168200836820084,Bs0,meson,-0.40339202425227205,-0.23946580457129849,12.293879496489762
19.168200836820084,Upsilon_1S,meson,-0.16771640437043103,0.03643524888715729,4.445367569337434
19.168200836820084,W,boson,-0.024820487671672522,-0.021762245181443395,0.7882310922760309
19.168200836820084,Z,boson,-0.026407760777505854,-0.01830067013365693,0.7649959817301074
19.168200836820084,Higgs,boson,0.09986957349098594,-0.10208851842515491,3.685178675832777
19.168200836820084,top,quark,0.035298968558565263,-0.029963973632258313,1.1389084362748172
19.372384937238493,muon,lepton,0.636089530222349,0.04916995173072499,16.74918461424223
19.372384937238493,tau,lepton,-0.30822857929423697,-0.2907325524475571,11.09597171977255
19.372384937238493,neutron,baryon,-0.9108102139087064,0.41282533139280164,26.300073716822478
19.372384937238493,Lambda,baryon,0.029834532618056055,-0.5272086428993704,13.84879890259473
19.372384937238493,Sigma_plus,baryon,-0.37468671976163426,0.34544912302387315,13.362837396118582
19.372384937238493,Xi_minus,baryon,-0.28504370033249726,-0.43866182978474993,13.719169493736818
19.372384937238493,Omega_minus,baryon,-0.5154315314928316,-0.014415951350208957,13.521150664275083
19.372384937238493,Delta_1232,baryon,0.005397324912338295,0.010219575337532165,0.22225309913704822
19.372384937238493,pi0,meson,0.24717603142868988,0.004374949960433154,6.439541066697468
19.372384937238493,pi_plus,meson,-0.4396001793621279,-0.36213972092613933,14.943771874719356
19.372384937238493,K_plus,meson,0.12656696245528895,-0.5640911222426517,15.169617903259415
19.372384937238493,K_short,meson,0.35213694715305566,0.3508762930738163,13.032361426487812
19.372384937238493,K_long,meson,-0.06238511856304619,0.5983597604066225,15.789274872247002
19.372384937238493,eta,meson,-0.0037276258526755717,-0.1858982142409819,4.82282926003031
19.372384937238493,rho_770,meson,0.0,-0.0,-0.08265966936381419
19.372384937238493,omega_782,meson,0.0393395405505928,-0.026335998239124477,1.1663292053773442
19.372384937238493,phi_1020,meson,0.008238321093319264,0.06256241014650786,1.582156678747984
19.372384937238493,D0,meson,0.009124503873562232,-0.43010342220598063,11.267197457307917
19.372384937238493,D_plus,meson,0.40793574927450943,0.17890495193342942,11.669317322546195
19.372384937238493,Ds_plus,meson,0.23072645049913545,-0.36804135707052965,11.377567751184174
19.372384937238493,J_psi,meson,0.11316051687269743,-0.08954156084067855,3.7244148040524654
19.372384937238493,B_plus,meson,-0.42339015821081954,-0.20433369545653404,12.320353652430827
19.372384937238493,B0,meson,-0.44966835119869053,-0.13275765500285155,12.287050836244319
19.372384937238493,Bs0,meson,-0.4452398224097051,-0.1477514714982536,12.293879496489762
19.372384937238493,Upsilon_1S,meson,-0.16437458114019635,0.04936918807718066,4.445367569337434
19.372384937238493,W,boson,-0.02511853658867829,-0.021417540550682606,0.7882310922760309
19.372384937238493,Z,boson,-0.02665057333984847,-0.017945230488357,0.7649959817301074
19.372384937238493,Higgs,boson,0.09307732733785153,-0.10831716594869474,3.685178675832777
19.372384937238493,top,quark,0.03469431176446801,-0.030662055187530193,1.1389084362748172
19.576569037656903,muon,lepton,0.6238298782953531,-0.13365574270376684,16.74918461424223
19.576569037656903,tau,lepton,-0.35780053865448513,-0.2269560501175846,11.09597171977255
19.576569037656903,neutron,baryon,-0.6386110939484874,0.76952964249983,26.300073716822478
19.576569037656903,Lambda,baryon,-0.0954561504219634,-0.519352650740278,13.84879890259473
19.576569037656903,Sigma_plus,baryon,-0.28609184448585523,0.4217543017947507,13.362837396118582
19.576569037656903,Xi_minus,baryon,-0.37973306614587143,-0.35982900172832455,13.719169493736818
19.576569037656903,Omega_minus,baryon,-0.5048677479482014,0.10481431387023832,13.521150664275083
19.576569037656903,Delta_1232,baryon,0.005436368597077246,0.010198859385517364,0.22225309913704822
19.576569037656903,pi0,meson,0.24614394319338131,-0.02298455849492121,6.439541066697468
19.576569037656903,pi_plus,meson,-0.517244559040863,-0.23843565444433923,14.943771874719356
19.576569037656903,K_plus,meson,-0.023296790773891827,-0.5776463015702346,15.169617903259415
19.576569037656903,K_short,meson,0.42134612399426896,0.2637840904726868,13.032361426487812
19.576569037656903,K_long,meson,0.10047842039980966,0.5931529254129623,15.789274872247002
19.576569037656903,eta,meson,-0.019124295375958233,-0.18494945952572192,4.82282926003031
19.576569037656903,rho_770,meson,0.0,-0.0,-0.08265966936381419
19.576569037656903,omega_782,meson,0.038803110076272795,-0.0271201567545536,1.1663292053773442
19.576569037656903,phi_1020,meson,0.009938286529382096,0.06231497058200702,1.582156678747984
19.576569037656903,D0,meson,-0.07391211775262807,-0.42380326711052657,11.267197457307917
19.576569037656903,D_plus,meson,0.43542205800603667,0.09394779808087973,11.669317322546195
19.576569037656903,Ds_plus,meson,0.15472462666279607,-0.4058933670045687,11.377567751184174
19.576569037656903,J_psi,meson,0.10719371761107264,-0.09660486841458141,3.7244148040524654
19.576569037656903,B_plus,meson,-0.4569061559293749,-0.11067181141803073,12.320353652430827
19.576569037656903,B0,meson,-0.4675151913980054,-0.035436800697741314,12.287050836244319
19.576569037656903,Bs0,meson,-0.4663377787266017,-0.05097129507540537,12.293879496489762
19.576569037656903,Upsilon_1S,meson,-0.16012125117456696,0.06178595777930669,4.445367569337434
19.576569037656903,W,boson,-0.025406708609464753,-0.0210748921997398,0.7882310922760309
19.576569037656903,Z,boson,-0.026884478427299897,-0.01759287288406717,0.7649959817301074
19.576569037656903,Higgs,boson,0.0860262968451038,-0.11399769100570731,3.685178675832777
19.576569037656903,top,quark,0.03408679107645309,-0.0313360426863937,1.1389084362748172
19.780753138075312,muon,lepton,0.5616261617902178,-0.3026609142332035,16.74918461424223
19.780753138075312,tau,lepton,-0.39385496042247575,-0.15623234075256423,11.09597171977255
19.780753138075312,neutron,baryon,-0.24543413074413103,0.9694132696976417,26.300073716822478
19.780753138075312,Lambda,baryon,-0.2133631582988055,-0.48302713708972156,13.84879890259473
19.780753138075312,Sigma_plus,baryon,-0.18432822874257798,0.47512981242216357,13.362837396118582
19.780753138075312,Xi_minus,baryon,-0.4522892558995682,-0.2628850338211788,13.719169493736818
19.780753138075312,Omega_minus,baryon,-0.467972852587918,0.21651534022120528,13.521150664275083
19.780753138075312,Delta_1232,baryon,0.005474659650301823,0.010178356350717947,0.22225309913704822
19.780753138075312,pi0,meson,0.24218825760333096,-0.049598171126117016,6.439541066697468
19.780753138075312,pi_plus,meson,-0.5604301662906392,-0.10154567385725297,14.943771874719356
19.780753138075312,K_plus,meson,-0.16908851058346913,-0.5528354780283161,15.169617903259415
19.780753138075312,K_short,meson,0.4688177046110372,0.16530142901600936,13.032361426487812
19.780753138075312,K_long,meson,0.2534099613811539,0.5456278011289364,15.789274872247002
19.780753138075312,eta,meson,-0.03412706842356964,-0.18277687067377138,4.82282926003031
19.780753138075312,rho_770,meson,0.0,-0.0,-0.08265966936381419
19.780753138075312,omega_782,meson,0.03826072941136099,-0.027880115474895703,1.1663292053773442
19.780753138075312,phi_1020,meson,0.011601686276988916,0.06202681656595658,1.582156678747984
19.780753138075312,D0,meson,-0.15283183082189336,-0.4021375906973419,11.267197457307917
19.780753138075312,D_plus,meson,0.445390651145309,0.006762043686326928,11.669317322546195
19.780753138075312,Ds_plus,meson,0.07426078404239762,-0.4279888683454927,11.377567751184174
19.780753138075312,J_psi,meson,0.10090120054208065,-0.10315978589473611,3.7244148040524654
19.780753138075312,B_plus,meson,-0.46991666161178863,-0.013777383943916319,12.320353652430827
19.780753138075312,B0,meson,-0.4647703817894157,0.061763364893161816,12.287050836244319
19.780753138075312,Bs0,meson,-0.46681736206149244,0.046373993436779413,12.293879496489762
19.780753138075312,Upsilon_1S,meson,-0.15502903652131253,0.07363638700865612,4.445367569337434
19.780753138075312,W,boson,-0.025685344370723666,-0.02073439191667404,0.7882310922760309
19.780753138075312,Z,boson,-0.027109800635250373,-0.017243638425224472,0.7649959817301074
19.780753138075312,Higgs,boson,0.07876015315605348,-0.11913368783996253,3.685178675832777
19.780753138075312,top,quark,0.03347702149519315,-0.03198665235600039,1.1389084362748172
19.98493723849372,muon,lepton,0.4568331394921512,-0.4453437518068882,16.74918461424223
19.98493723849372,tau,lepton,-0.41582574475877865,-0.0813586144315546,11.09597171977255
19.98493723849372,neutron,baryon,0.18802978437474815,0.9821633266356394,26.300073716822478
19.98493723849372,Lambda,baryon,-0.31793785699435984,-0.4216095012854522,13.84879890259473
19.98493723849372,Sigma_plus,baryon,-0.07514043694083697,0.5040626442219623,13.362837396118582
19.98493723849372,Xi_minus,baryon,-0.5000072515551732,-0.15384037311963708,13.719169493736818
19.98493723849372,Omega_minus,baryon,-0.4079564632542611,0.3153553668473905,13.521150664275083
19.98493723849372,Delta_1232,baryon,0.0055122208778224015,0.010158063658145783,0.22225309913704822
19.98493723849372,pi0,meson,0.23550410200548413,-0.07518609338556899,6.439541066697468
19.98493723849372,pi_plus,meson,-0.568195245642155,0.03934028466252262,14.943771874719356
19.98493723849372,K_plus,meson,-0.30165595031373893,-0.4931750985384885,15.169617903259415
19.98493723849372,K_short,meson,0.49338854467913623,0.06068234150805714,13.032361426487812
19.98493723849372,K_long,meson,0.386283800327911,0.4612061702711952,15.789274872247002
19.98493723849372,eta,meson,-0.048652897664396434,-0.17945733978118952,4.82282926003031
19.98493723849372,rho_770,meson,0.0,-0.0,-0.08265966936381419
19.98493723849372,omega_782,meson,0.0377131157392748,-0.028616518922101025,1.1663292053773442
19.98493723849372,phi_1020,meson,0.013228569754492405,0.06170032447262354,1.582156678747984
19.98493723849372,D0,meson,-0.2250277970151791,-0.366653379821774,11.267197457307917
19.98493723849372,D_plus,meson,0.43834303528751184,-0.07920821155277578,11.669317322546195
19.98493723849372,Ds_plus,meson,-0.007515134151945093,-0.4343186137306636,11.377567751184174
19.98493723849372,J_psi,meson,0.09432621826469556,-0.10920420433555655,3.7244148040524654
19.98493723849372,B_plus,meson,-0.4629004324837007,0.08206506427895613,12.320353652430827
19.98493723849372,B0,meson,-0.44258665099210953,0.15473615413080974,12.287050836244319
19.98493723849372,Bs0,meson,-0.4476961843193863,0.14013252061954437,12.293879496489762
19.98493723849372,Upsilon_1S,meson,-0.14917042583953968,0.08487934796677826,4.445367569337434
19.98493723849372,W,boson,-0.0259547712119908,-0.02039612156587907,0.7882310922760309
19.98493723849372,Z,boson,-0.027326851106366522,-0.016897560925570713,0.7649959817301074
19.98493723849372,Higgs,boson,0.07132009612316068,-0.12373132664163008,3.685178675832777
19.98493723849372,top,quark,0.03286557346384153,-0.032614582291148324,1.1389084362748172
20.189121338912134,muon,lepton,0.31946624506444227,-0.5522398870745541,16.74918461424223
20.189121338912134,tau,lepton,-0.42368008459332396,-0.0050457968061673,11.09597171977255
20.189121338912134,neutron,baryon,0.5801342037533248,0.8145209055852992,26.300073716822478
20.189121338912134,Lambda,baryon,-0.40442483776391913,-0.33952850113644567,13.84879890259473
20.189121338912134,Sigma_plus,baryon,0.03583122137006658,0.5083712798131163,13.362837396118582
20.189121338912134,Xi_minus,baryon,-0.5216947658948592,-0.03884177193763827,13.719169493736818
20.189121338912134,Omega_minus,baryon,-0.32893354199222796,0.3970896728231858,13.521150664275083
20.189121338912134,Delta_1232,baryon,0.005549074157093298,0.010137978708200296,0.22225309913704822
20.189121338912134,pi0,meson,0.22630507639312436,-0.09950448783193211,6.439541066697468
20.189121338912134,pi_plus,meson,-0.5418296408119028,0.17553955538658966,14.943771874719356
20.189121338912134,K_plus,meson,-0.41343122893619666,-0.4040948021423177,15.169617903259415
20.189121338912134,K_short,meson,0.4950687751754345,-0.04496121036840044,13.032361426487812
20.189121338912134,K_long,meson,0.4911718685054541,0.3473852349781968,15.789274872247002
20.189121338912134,eta,meson,-0.0626292335431304,-0.17507032974860012,4.82282926003031
20.189121338912134,rho_770,meson,0.0,-0.0,-0.08265966936381419
20.189121338912134,omega_782,meson,0.037160938988321845,-0.029329999445774354,1.1663292053773442
20.189121338912134,phi_1020,meson,0.014819055240609886,0.061337759166375246,1.582156678747984
20.189121338912134,D0,meson,-0.288346539190007,-0.31926240571257436,11.267197457307917
20.189121338912134,D_plus,meson,0.41538719347371006,-0.1608478686849555,11.669317322546195
20.189121338912134,Ds_plus,meson,-0.08766424532259448,-0.42544578452050397,11.377567751184174
20.189121338912134,J_psi,meson,0.08750995815832428,-0.11473883788765385,3.7244148040524654
20.189121338912134,B_plus,meson,-0.4371428764261199,0.17296702217071466,12.320353652430827
20.189121338912134,B0,meson,-0.4028389806037231,0.23988950943665355,12.287050836244319
20.189121338912134,Bs0,meson,-0.4107328792508983,0.22664399107761923,12.293879496489762
20.189121338912134,Upsilon_1S,meson,-0.14261717612123553,0.09548120616969348,4.445367569337434
20.189121338912134,W,boson,-0.026215303730422104,-0.020060153885716348,0.7882310922760309
20.189121338912134,Z,boson,-0.027535928143851324,-0.016554667555694257,0.7649959817301074
20.189121338912134,Higgs,boson,0.06374485123921038,-0.12779902677252897,3.685178675832777
20.189121338912134,top,quark,0.032252975875338485,-0.03322051240300312,1.1389084362748172
20.393305439330543,muon,lepton,0.16114405961546494,-0.6173007100776233,16.74918461424223
20.393305439330543,tau,lepton,-0.41785982131047106,0.07016725647192182,11.09597171977255
20.393305439330543,neutron,baryon,0.8631387576630847,0.5049668157610229,26.300073716822478
20.393305439330543,Lambda,baryon,-0.46938019118253993,-0.24191173723028825,13.84879890259473
20.393305439330543,Sigma_plus,baryon,0.1433186215106644,0.4890654427497198,13.362837396118582
20.393305439330543,Xi_minus,baryon,-0.5175647813534289,0.0761630429534215,13.719169493736818
20.393305439330543,Omega_minus,baryon,-0.23561439365562395,0.45865383549325106,13.521150664275083
20.393305439330543,Delta_1232,baryon,0.00558524048425101,0.01011809888377885,0.22225309913704822
20.393305439330543,pi0,meson,0.2148182115305094,-0.12234486787285481,6.439541066697468
20.393305439330543,pi_plus,meson,-0.4845437532208844,0.2993507080036656,14.943771874719356
20.393305439330543,K_plus,meson,-0.4987293073743351,-0.29238171650096184,15.169617903259415
20.393305439330543,K_short,meson,0.4749097920365241,-0.1468853022576525,13.032361426487812
20.393305439330543,K_long,meson,0.5626354872373777,0.2129967473769369,15.789274872247002
20.393305439330543,eta,meson,-0.0759935258998871,-0.16969686288728714,4.82282926003031
20.393305439330543,rho_770,meson,0.0,-0.0,-0.08265966936381419
20.393305439330543,omega_782,meson,0.0366048248231181,-0.030021176753280997,1.1663292053773442
20.393305439330543,phi_1020,meson,0.016373322345664604,0.06094127840094478,1.582156678747984
20.393305439330543,D0,meson,-0.3411150873216216,-0.262131088514501,11.267197457307917
20.393305439330543,D_plus,meson,0.37812680648976094,-0.23545418997400114,11.669317322546195
20.393305439330543,Ds_plus,meson,-0.16354338937611335,-0.402421042274904,11.377567751184174
20.393305439330543,J_psi,meson,0.08049149663810644,-0.11976690972734778,3.7244148040524654
20.393305439330543,B_plus,meson,-0.3945907851523327,0.25555742493923356,12.320353652430827
20.393305439330543,B0,meson,-0.3479640546070742,0.3142407321354286,12.287050836244319
20.393305439330543,Bs0,meson,-0.3582693083860091,0.3028400559006943,12.293879496489762
20.393305439330543,Upsilon_1S,meson,-0.135439804424231,0.10541526945343875,4.445367569337434
20.393305439330543,W,boson,-0.026467244313989443,-0.019726553222002497,0.7882310922760309
20.393305439330543,Z,boson,-0.027737317796118703,-0.01621497943569513,0.7649959817301074
20.393305439330543,Higgs,boson,0.056070687966419896,-0.131347155486851,3.685178675832777
20.393305439330543,top,quark,0.03163971887321365,-0.03380510444825246,1.1389084362748172
20.597489539748953,muon,lepton,-0.005942241993923434,-0.6379594535484023,16.74918461424223
20.597489539748953,tau,lepton,-0.3992137279609914,0.1419812436693764,11.09597171977255
20.597489539748953,neutron,baryon,0.9935359389875603,0.11351800711828468,26.300073716822478
20.597489539748953,Lambda,baryon,-0.5107027378874116,-0.13424517123023633,13.84879890259473
20.597489539748953,Sigma_plus,baryon,0.24263733986104594,0.44816554516032553,13.362837396118582
20.597489539748953,Xi_minus,baryon,-0.48906900122480207,0.1857030534221824,13.719169493736818
20.597489539748953,Omega_minus,baryon,-0.1330076142418918,0.49818315694537246,13.521150664275083
20.597489539748953,Delta_1232,baryon,0.005620740018318291,0.010098421556625497,0.22225309913704822
20.597489539748953,pi0,meson,0.20127941514805045,-0.14353301967718696,6.439541066697468
20.597489539748953,pi_plus,meson,-0.40106577617169564,0.40440046779334027,14.943771874719356
20.597489539748953,K_plus,meson,-0.5538853749888434,-0.16561697241406476,15.169617903259415
20.597489539748953,K_short,meson,0.434840617728189,-0.24089051406243356,13.032361426487812
20.597489539748953,K_long,meson,0.5978066848395978,0.06747942985151806,15.789274872247002
20.597489539748953,eta,meson,-0.08869268454674105,-0.1634186310075318,4.82282926003031
20.597489539748953,rho_770,meson,0.0,-0.0,-0.08265966936381419
20.597489539748953,omega_782,meson,0.03604535744325122,-0.030690657548693157,1.1663292053773442
20.597489539748953,phi_1020,meson,0.017891605156031606,0.06051293715163032,1.582156678747984
20.597489539748953,D0,meson,-0.38214632928483216,-0.1975762976127535,11.267197457307917
20.597489539748953,D_plus,meson,0.3285463341345546,-0.30079206054881796,11.669317322546195
20.597489539748953,Ds_plus,meson,-0.23286664723636072,-0.3666909599092176,11.377567751184174
20.597489539748953,J_psi,meson,0.07330777716901135,-0.12429385947511468,3.7244148040524654
20.597489539748953,B_plus,meson,-0.3376986001077412,0.3270644289035087,12.320353652430827
20.597489539748953,B0,meson,-0.2807978572191288,0.3754714162393069,12.287050836244319
20.597489539748953,Bs0,meson,-0.2930695680333086,0.36630482536010206,12.293879496489762
20.597489539748953,Upsilon_1S,meson,-0.12770716129705453,0.11466124284108875,4.445367569337434
20.597489539748953,W,boson,-0.026710883653477107,-0.019395376202778668,0.7882310922760309
20.597489539748953,Z,boson,-0.027931294414014894,-0.01587851217779927,0.7649959817301074
20.597489539748953,Higgs,boson,0.04833145584702145,-0.13438775122466354,3.685178675832777
20.597489539748953,top,quark,0.03102625646033156,-0.034369002126785474,1.1389084362748172
20.801673640167362,muon,lepton,-0.16995822806184638,-0.6149323339407092,16.74918461424223
20.801673640167362,tau,lepton,-0.36892482097928947,0.20838606146240793,11.09597171977255
20.801673640167362,neutron,baryon,0.9567935444208235,-0.29076814363791226,26.300073716822478
20.801673640167362,Lambda,baryon,-0.5275910807857798,-0.022061368036152783,13.84879890259473
20.801673640167362,Sigma_plus,baryon,0.32984026240736025,0.38849792259256705,13.362837396118582
20.801673640167362,Xi_minus,baryon,-0.4386911155055014,0.28499862663859665,13.719169493736818
20.801673640167362,Omega_minus,baryon,-0.026149492410870587,0.514969598478426,13.521150664275083
20.801673640167362,Delta_1232,baryon,0.005655592122770973,0.010078944092993779,0.22225309913704822
20.801673640167362,pi0,meson,0.18592940741371008,-0.16292754880246493,6.439541066697468
20.801673640167362,pi_plus,meson,-0.2972044339312878,0.4858631696468255,14.943771874719356
20.801673640167362,K_plus,meson,-0.5772493204802682,-0.0316419370962232,15.169617903259415
20.801673640167362,K_short,meson,0.37748604606332614,-0.3234484311586205,13.032361426487812
20.801673640167362,K_long,meson,0.596288749228566,-0.0797874265497285,15.789274872247002
20.801673640167362,eta,meson,-0.100682512425914,-0.15631721896224107,4.82282926003031
20.801673640167362,rho_770,meson,0.0,-0.0,-0.08265966936381419
20.801673640167362,omega_782,meson,0.03548308220163317,-0.03133903526682093,1.1663292053773442
20.801673640167362,phi_1020,meson,0.019374185994471986,0.06005469186356803,1.582156678747984
20.801673640167362,D0,meson,-0.41072599758923256,-0.1279701733552174,11.267197457307917
20.801673640167362,D_plus,meson,0.2688974043567347,-0.3551235605992214,11.669317322546195
20.801673640167362,Ds_plus,meson,-0.2937451376326797,-0.3200045774538314,11.377567751184174
20.801673640167362,J_psi,meson,0.0659936085011227,-0.1283270717100703,3.7244148040524654
20.801673640167362,B_plus,meson,-0.2692745764234141,0.38536046457920053,12.320353652430827
20.801673640167362,B0,meson,-0.2044190371294816,0.42194677186898905,12.287050836244319
20.801673640167362,Bs0,meson,-0.21816358386241447,0.4152994672108697,12.293879496489762
20.801673640167362,Upsilon_1S,meson,-0.11948607791754638,0.12320469487928237,4.445367569337434
20.801673640167362,W,boson,-0.026946501233739976,-0.019066672359301543,0.7882310922760309
20.801673640167362,Z,boson,-0.02811812118171758,-0.015545276383298706,0.7649959817301074
20.801673640167362,Higgs,boson,0.04055863521203232,-0.13693427041194592,3.685178675832777
20.801673640167362,top,quark,0.03041300892903592,-0.03491283123746385,1.1389084362748172
21.00585774058577,muon,lepton,-0.3202022883160258,-0.5518134369230883,16.74918461424223
21.00585774058577,tau,lepton,-0.3284362146079699,0.26769371879146286,11.09597171977255
21.00585774058577,neutron,baryon,0.7666306342458244,-0.6420883666878296,26.300073716822478
21.00585774058577,Lambda,baryon,-0.5204410636059904,0.08933169536619814,13.84879890259473
21.00585774058577,Sigma_plus,baryon,0.4018151789371357,0.31348013739217057,13.362837396118582
21.00585774058577,Xi_minus,baryon,-0.36971737992901177,0.37011237616131426,13.719169493736818
21.00585774058577,Omega_minus,baryon,0.08013067883216685,0.5093687835157095,13.521150664275083
21.00585774058577,Delta_1232,baryon,0.005689815404649091,0.010059663858691361,0.22225309913704822
21.00585774058577,pi0,meson,0.16901013678065077,-0.1804181375731905,6.439541066697468
21.00585774058577,pi_plus,meson,-0.17940947537912819,0.5405605750624652,14.943771874719356
21.00585774058577,K_plus,meson,-0.5690613388708003,0.10191752931024677,15.169617903259415
21.00585774058577,K_short,meson,0.3059783343357318,-0.3917803740728058,13.032361426487812
21.00585774058577,K_long,meson,0.5599126454038611,-0.22005484636527822,15.789274872247002
21.00585774058577,eta,meson,-0.1119271228880419,-0.14847343336263466,4.82282926003031
21.00585774058577,rho_770,meson,0.0,-0.0,-0.08265966936381419
21.00585774058577,omega_782,meson,0.034918508054238385,-0.031966889890150264,1.1663292053773442
21.00585774058577,phi_1020,meson,0.02082138974378378,0.05956840460272504,1.582156678747984
21.00585774058577,D0,meson,-0.4265848214194256,-0.05565609129997772,11.267197457307917
21.00585774058577,D_plus,meson,0.2015908541617622,-0.3972149101944554,11.669317322546195
21.00585774058577,Ds_plus,meson,-0.34470714930160234,-0.26432199434517345,11.377567751184174
21.00585774058577,J_psi,meson,0.05858167997467364,-0.13187562499577357,3.7244148040524654
21.00585774058577,B_plus,meson,-0.1923336049221371,0.42897467242992526,12.320353652430827
21.00585774058577,B0,meson,-0.12200391906348777,0.45270439004360785,12.287050836244319
21.00585774058577,Bs0,meson,-0.13670136529119747,0.44875576154167374,12.293879496489762
21.00585774058577,Upsilon_1S,meson,-0.11084107937461571,0.13103653986383024,4.445367569337434
21.00585774058577,W,boson,-0.027174365804745686,-0.01874048469775454,0.7882310922760309
21.00585774058577,Z,boson,-0.028298050622433367,-0.015215278097790327,0.7649959817301074
21.00585774058577,Higgs,boson,0.032781399698123846,-0.13900135660253998,3.685178675832777
21.00585774058577,top,quark,0.02980036512521486,-0.035437199882850906,1.1389084362748172
21.210041841004184,muon,lepton,-0.4476978962134634,-0.4545263120411507,16.74918461424223
21.210041841004184,tau,lepton,-0.27937842162651066,0.3185560730482075,11.09597171977255
21.210041841004184,neutron,baryon,0.4598382874787393,-0.8880026741900163,26.300073716822478
21.210041841004184,Lambda,baryon,-0.4906987109234148,0.19507390287384097,13.84879890259473
21.210041841004184,Sigma_plus,baryon,0.45633080381501634,0.22690842217343446,13.362837396118582
21.210041841004184,Xi_minus,baryon,-0.2859998939904804,0.4380390081337293,13.719169493736818
21.210041841004184,Omega_minus,baryon,0.18140362850380468,0.48266987359481134,13.521150664275083
21.210041841004184,Delta_1232,baryon,0.0057234277513797055,0.0100405782235676,0.22225309913704822
21.210041841004184,pi0,meson,0.15076165952376838,-0.1959235889770099,6.439541066697468
21.210041841004184,pi_plus,meson,-0.054356145820973534,0.5669558224228465,14.943771874719356
21.210041841004184,K_plus,meson,-0.5312357013936658,0.2280495993044335,15.169617903259415
21.210041841004184,K_short,meson,0.22377228499865112,-0.44389251746112923,13.032361426487812
21.210041841004184,K_long,meson,0.492388734420486,-0.34565827070647137,15.789274872247002
21.210041841004184,eta,meson,-0.1223983507659516,-0.13996672812586075,4.82282926003031
21.210041841004184,rho_770,meson,0.0,-0.0,-0.08265966936381419
21.210041841004184,omega_782,meson,0.0343521098522071,-0.032574787837909215,1.1663292053773442
21.210041841004184,phi_1020,meson,0.022233578685567867,0.05905584709924294,1.582156678747984
21.210041841004184,D0,meson,-0.4298592963249841,0.01712295906740964,11.267197457307917
21.210041841004184,D_plus,meson,0.12909770142971452,-0.42632422033942946,11.669317322546195
21.210041841004184,Ds_plus,meson,-0.38470107318324176,-0.2017280837313169,11.377567751184174
21.210041841004184,J_psi,meson,0.0511025910985693,-0.1349500606879945,3.7244148040524654
21.210041841004184,B_plus,meson,-0.10996185952520665,0.45707753676861557,12.320353652430827
21.210041841004184,B0,meson,-0.036697392323190435,0.46741793122245845,12.287050836244319
21.210041841004184,Bs0,meson,-0.051822348765084285,0.4662439714975357,12.293879496489762
21.210041841004184,Upsilon_1S,meson,-0.1018341569732192,0.13815253935403718,4.445367569337434
21.210041841004184,W,boson,-0.027394735832968833,-0.01841685022577848,0.7882310922760309
21.210041841004184,Z,boson,-0.02847132507999622,-0.014888519228320782,0.7649959817301074
21.210041841004184,Higgs,boson,0.02502668813767524,-0.1406046307358836,3.685178675832777
21.210041841004184,top,quark,0.02918868455793707,-0.03594269871490587,1.1389084362748172
21.414225941422593,muon,lepton,-0.5455906976644722,-0.33069376352402696,16.74918461424223
21.414225941422593,tau,lepton,-0.22350040296034754,0.3599692264944012,11.09597171977255
21.414225941422593,neutron,baryon,0.0881892123689018,-0.9961037409937545,26.300073716822478
21.414225941422593,Lambda,baryon,-0.4406832498445747,0.290924948725196,13.84879890259473
21.414225941422593,Sigma_plus,baryon,0.4920374251375888,0.1327569464384753,13.362837396118582
21.414225941422593,Xi_minus,baryon,-0.19172543927307095,0.4867396305468617,13.719169493736818
21.414225941422593,Omega_minus,baryon,0.2737889468119558,0.4369406091381042,13.521150664275083
21.414225941422593,Delta_1232,baryon,0.00575644636546594,0.010021684565498817,0.22225309913704822
21.414225941422593,pi0,meson,0.13141946047384453,-0.20938972302564565,6.439541066697468
21.414225941422593,pi_plus,meson,0.0714265494420698,0.5650590616939761,14.943771874719356
21.414225941422593,K_plus,meson,-0.46708027751974984,0.3406669994733953,15.169617903259415
21.414225941422593,K_short,meson,0.1344715363267646,-0.4785728873530302,13.032361426487812
21.414225941422593,K_long,meson,0.3988926789483592,-0.4503453525611175,15.789274872247002
21.414225941422593,eta,meson,-0.13207516526744628,-0.13087471861310837,4.82282926003031
21.414225941422593,rho_770,meson,0.0,-0.0,-0.08265966936381419
21.414225941422593,omega_782,meson,0.03378433048660891,-0.03316328191772477,1.1663292053773442
21.414225941422593,phi_1020,meson,0.023611147809937175,0.05851870467528991,1.582156678747984
21.414225941422593,D0,meson,-0.42104431688041793,0.08828303113813489,11.267197457307917
21.414225941422593,D_plus,meson,0.053861343531065795,-0.44217362317927406,11.669317322546195
21.414225941422593,Ds_plus,meson,-0.41308381371092767,-0.1343536316006482,11.377567751184174
21.414225941422593,J_psi,meson,0.043584892930913395,-0.13756217068977136,3.7244148040524654
21.414225941422593,B_plus,meson,-0.02519693733133175,0.4694428607592487,12.320353652430827
21.414225941422593,B0,meson,0.04849759438526353,0.4663412960166058,12.287050836244319
21.414225941422593,Bs0,meson,0.033457244633707965,0.46792051629613884,12.293879496489762
21.414225941422593,Upsilon_1S,meson,-0.09252459291810292,0.14455282550595258,4.445367569337434
21.414225941422593,W,boson,-0.02760785993373891,-0.018095800437558908,0.7882310922760309
21.414225941422593,Z,boson,-0.028638177177446062,-0.014564997925715847,0.7649959817301074
21.414225941422593,Higgs,boson,0.01731928370658912,-0.14176050125265963,3.685178675832777
21.414225941422593,top,quark,0.028578299365489234,-0.03642990121465783,1.1389084362748172
21.618410041841003,muon,lepton,-0.6093550173004878,-0.18898157979658445,16.74918461424223
21.618410041841003,tau,lepton,-0.16260610162614264,0.3912665713555962,11.09597171977255
21.618410041841003,neutron,baryon,-0.29084985072694475,-0.956768709946199,26.300073716822478
21.618410041841003,Lambda,baryon,-0.373393630571993,0.3733848539142955,13.84879890259473
21.618410041841003,Sigma_plus,baryon,0.5084294450374325,0.03499619954544888,13.362837396118582
21.618410041841003,Xi_minus,baryon,-0.09120004886545162,0.5151278123886214,13.719169493736818
21.618410041841003,Omega_minus,baryon,0.35405988780225905,0.3748587456093685,13.521150664275083
21.618410041841003,Delta_1232,baryon,0.005788887797185032,0.010002980273920641,0.22225309913704822
21.618410041841003,pi0,meson,0.11121218833016816,-0.22078718229736116,6.439541066697468
21.618410041841003,pi_plus,meson,0.19187025382770134,0.5362642080763648,14.943771874719356
21.618410041841003,K_plus,meson,-0.380978083710588,0.4348260455749414,15.169617903259415
21.618410041841003,K_short,meson,0.04167189212225694,-0.49535649384907376,13.032361426487812
21.618410041841003,K_long,meson,0.28562134941042383,-0.5294778094056111,15.789274872247002
21.618410041841003,eta,meson,-0.14094309125530605,-0.12127277633451797,4.82282926003031
21.618410041841003,rho_770,meson,0.0,-0.0,-0.08265966936381419
21.618410041841003,omega_782,meson,0.03321558289551139,-0.03373291133143289,1.1663292053773442
21.618410041841003,phi_1020,meson,0.024954520555701583,0.057958580051719395,1.582156678747984
21.618410041841003,D0,meson,-0.4009406205256055,0.15594495559900967,11.267197457307917
21.618410041841003,D_plus,meson,-0.021777595983453062,-0.4449093094953618,11.669317322546195
21.618410041841003,Ds_plus,meson,-0.42959741552332836,-0.06430549004497112,11.377567751184174
21.618410041841003,J_psi,meson,0.03605513908574406,-0.1397248032461976,3.7244148040524654
21.618410041841003,B_plus,meson,0.059074194804657684,0.46639224337127194,12.320353652430827
21.618410041841003,B0,meson,0.13081051191996287,0.45023863783869367,12.287050836244319
21.618410041841003,Bs0,meson,0.11633743303029624,0.4544607776973127,12.293879496489762
21.618410041841003,Upsilon_1S,meson,-0.08296883121777578,0.15024144801875172,4.445367569337434
21.618410041841003,W,boson,-0.027813977285165947,-0.01777736176087938,0.7882310922760309
21.618410041841003,Z,boson,-0.02879883025363872,-0.014244708935074901,0.7649959817301074
21.618410041841003,Higgs,boson,0.009681898500641635,-0.14248599280258362,3.685178675832777
21.618410041841003,top,quark,0.027969516147881117,-0.036899363999758426,1.1389084362748172
21.822594142259412,muon,lepton,-0.6368266192942027,-0.03846337959679596,16.74918461424223
21.822594142259412,tau,lepton,-0.09849767974355418,0.41210251301290496,11.09597171977255
21.822594142259412,neutron,baryon,-0.623023545663902,-0.7822030820371266,26.300073716822478
21.822594142259412,Lambda,baryon,-0.29231030676636727,0.43976554781211097,13.84879890259473
21.822594142259412,Sigma_plus,baryon,0.5057775408879538,-0.06256447631868091,13.362837396118582
21.822594142259412,Xi_minus,baryon,0.011343185500470084,0.5230157207503894,13.719169493736818
21.822594142259412,Omega_minus,baryon,0.4197063912095901,0.29953969434483974,13.521150664275083
21.822594142259412,Delta_1232,baryon,0.00582076797542729,0.009984462752951876,0.22225309913704822
21.822594142259412,pi0,meson,0.09035977620273662,-0.23010919482842127,6.439541066697468
21.822594142259412,pi_plus,meson,0.30161657635045885,0.48313656044466863,14.943771874719356
21.822594142259412,K_plus,meson,-0.2780544705259261,0.5068566874360836,15.169617903259415
21.822594142259412,K_short,meson,-0.0511743376391955,-0.49446515525230506,13.032361426487812
21.822594142259412,K_long,meson,0.15934976275503668,-0.5801154704038753,15.789274872247002
21.822594142259412,eta,meson,-0.14899364420897543,-0.1112336965034103,4.82282926003031
21.822594142259412,rho_770,meson,0.0,-0.0,-0.08265966936381419
21.822594142259412,omega_782,meson,0.032646251942383894,-0.03428420172757852,1.1663292053773442
21.822594142259412,phi_1020,meson,0.026264144943969912,0.05737699702963408,1.582156678747984
21.822594142259412,D0,meson,-0.370599637623569,0.2184676611251972,11.267197457307917
21.822594142259412,D_plus,meson,-0.0956431025682222,-0.4350528178205293,11.669317322546195
21.822594142259412,Ds_plus,meson,-0.4343365760049815,0.006393294809099187,11.377567751184174
21.822594142259412,J_psi,meson,0.028537944458070938,-0.14145168582519274,3.7244148040524654
21.822594142259412,B_plus,meson,0.14019830785418314,0.44872699901335344,12.320353652430827
21.822594142259412,B0,meson,0.20777338242762206,0.4203051779197946,12.287050836244319
21.822594142259412,Bs0,meson,0.19430739145025333,0.42698200713510515,12.293879496489762
21.822594142259412,Upsilon_1S,meson,-0.0732203891352706,0.15522594587018815,4.445367569337434
21.822594142259412,W,boson,-0.028013318024282044,-0.017461555969252522,0.7882310922760309
21.822594142259412,Z,boson,-0.028953498778907235,-0.013927643917142508,0.7649959817301074
21.822594142259412,Higgs,boson,0.002135261966574712,-0.1427985922894506,3.685178675832777
21.822594142259412,top,quark,0.02736261767517169,-0.0373516271545917,1.1389084362748172
22.026778242677825,muon,lepton,-0.6280870587166324,0.1119563365083909,16.74918461424223
22.026778242677825,tau,lepton,-0.032926221019256026,0.4224288556855537,11.09597171977255
22.026778242677825,neutron,baryon,-0.864578354768474,-0.5024980283203493,26.300073716822478
22.026778242677825,Lambda,baryon,-0.2012021101504054,0.4882179465723867,13.84879890259473
22.026778242677825,Sigma_plus,baryon,0.48503816321460824,-0.15640720823892848,13.362837396118582
22.026778242677825,Xi_minus,baryon,0.11190805817368443,0.5110290583960394,13.719169493736818
22.026778242677825,Omega_minus,baryon,0.4689601317570989,0.21436855677254069,13.521150664275083
22.026778242677825,Delta_1232,baryon,0.005852102236798109,0.00996612942414987,0.22225309913704822
22.026778242677825,pi0,meson,0.06907191645584496,-0.2373693347025048,6.439541066697468
22.026778242677825,pi_plus,meson,0.3961985749063356,0.4091701167116996,14.943771874719356
22.026778242677825,K_plus,meson,-0.16385003351389554,0.5544106390534259,15.169617903259415
22.026778242677825,K_short,meson,-0.14087067477325316,-0.4767284925200348,13.032361426487812
22.026778242677825,K_long,meson,0.027014317625417176,-0.6009962832956866,15.789274872247002
22.026778242677825,eta,meson,-0.15622378305453988,-0.10082743109199802,4.82282926003031
22.026778242677825,rho_770,meson,0.0,-0.0,-0.08265966936381419
22.026778242677825,omega_782,meson,0.032076696174281515,-0.03481766529401039,1.1663292053773442
22.026778242677825,phi_1020,meson,0.027540490071238755,0.05677540404446716,1.582156678747984
22.026778242677825,D0,meson,-0.33126796154278154,0.2744699401018714,11.267197457307917
22.026778242677825,D_plus,meson,-0.16577224053855752,-0.41344663697904804,11.669317322546195
22.026778242677825,Ds_plus,meson,-0.4277095562660647,0.07585295612521067,11.377567751184174
22.026778242677825,J_psi,meson,0.02105605000112748,-0.14275726410600265,3.7244148040524654
22.026778242677825,B_plus,meson,0.21581991376525644,0.41765206810341987,12.320353652430827
22.026778242677825,B0,meson,0.27727112747748633,0.37808324863575826,12.287050836244319
22.026778242677825,Bs0,meson,0.2651986818369006,0.3869607938038365,12.293879496489762
22.026778242677825,Upsilon_1S,meson,-0.06332980398809505,0.15951694450196974,4.445367569337434
22.026778242677825,W,boson,-0.028206103626043557,-0.017148400561970673,0.7882310922760309
22.026778242677825,Z,boson,-0.029102388750761102,-0.013613791743025643,0.7649959817301074
22.026778242677825,Higgs,boson,-0.0053017881587038755,-0.14271611102407067,3.685178675832777
22.026778242677825,top,quark,0.02675786448030429,-0.03778721457830572,1.1389084362748172
22.230962343096234,muon,lepton,-0.5852299653924277,0.2540343721201294,16.74918461424223
22.230962343096234,tau,lepton,0.03244973001806156,0.42246572543600525,11.09597171977255
22.230962343096234,neutron,baryon,-0.9871621157152835,-0.15972149916816245,26.300073716822478
22.230962343096234,Lambda,baryon,-0.10394602469659654,0.5177202685177665,13.84879890259473
22.230962343096234,Sigma_plus,baryon,0.44774770265092784,-0.24340753754662742,13.362837396118582
22.230962343096234,Xi_minus,baryon,0.20686816806572333,0.4804993996359195,13.719169493736818
22.230962343096234,Omega_minus,baryon,0.5007864492764564,0.12284305243462754,13.521150664275083
22.230962343096234,Delta_1232,baryon,0.005882905353096001,0.009947977728933539,0.22225309913704822
22.230962343096234,pi0,meson,0.04754685827825702,-0.24259931361786727,6.439541066697468
22.230962343096234,pi_plus,meson,0.47215580416741826,0.31853161814597886,14.943771874719356
22.230962343096234,K_plus,meson,-0.04401536294441656,0.576437887376432,15.169617903259415
22.230962343096234,K_short,meson,-0.22456460549041088,-0.44349221025000274,13.032361426487812
22.230962343096234,K_long,meson,-0.10465855566770246,-0.5924296520411064,15.789274872247002
22.230962343096234,eta,meson,-0.1626353840921841,-0.09012088045326291,4.82282926003031
22.230962343096234,rho_770,meson,0.0,-0.0,-0.08265966936381419
22.230962343096234,omega_782,meson,0.03150724946770764,-0.035333800884741216,1.1663292053773442
22.230962343096234,phi_1020,meson,0.028784042930907982,0.056155177591457626,1.582156678747984
22.230962343096234,D0,meson,-0.2843332655313198,0.3228417638356764,11.267197457307917
22.230962343096234,D_plus,meson,-0.2304507072005815,-0.381196837491092,11.669317322546195
22.230962343096234,Ds_plus,meson,-0.41039478114756683,0.1423560995570188,11.377567751184174
22.230962343096234,J_psi,meson,0.013630392107195513,-0.1436565560901593,3.7244148040524654
22.230962343096234,B_plus,meson,0.28392679134005255,0.3746959598501813,12.320353652430827
22.230962343096234,B0,meson,0.3375733748223667,0.3253773772754384,12.287050836244319
22.230962343096234,Bs0,meson,0.32721991560979374,0.33614896045896736,12.293879496489762
22.230962343096234,Upsilon_1S,meson,-0.053344610559980944,0.16312777869087475,4.445367569337434
22.230962343096234,W,boson,-0.028392547265839133,-0.016837909114673193,0.7882310922760309
22.230962343096234,Z,boson,-0.029245698070574883,-0.01330313876450486,0.7649959817301074
22.230962343096234,Higgs,boson,-0.012612213546109058,-0.14225656179235452,3.685178675832777
22.230962343096234,top,quark,0.026155496344519313,-0.03820663434673469,1.1389084362748172
22.435146443514643,muon,lepton,-0.5120415649721801,0.38057983440078796,16.74918461424223
22.435146443514643,tau,lepton,0.09609774591244288,0.41266875018222887,11.09597171977255
22.435146443514643,neutron,baryon,-0.98003089505647,0.19884527838199803,26.300073716822478
22.435146443514643,Lambda,baryon,-0.004365665333719571,0.5280340836068518,13.84879890259473
22.435146443514643,Sigma_plus,baryon,0.39590800892928746,-0.32090821589567275,13.362837396118582
22.435146443514643,Xi_minus,baryon,0.2930679442558773,0.43334200357106095,13.719169493736818
22.435146443514643,Omega_minus,baryon,0.5148486127254377,0.028432187483023206,13.521150664275083
22.435146443514643,Delta_1232,baryon,0.005913191557271422,0.009930005130706491,0.22225309913704822
22.435146443514643,pi0,meson,0.025970496501382202,-0.24584683038726507,6.439541066697468
22.435146443514643,pi_plus,meson,0.5270875403376366,0.21580597764774131,14.943771874719356
22.435146443514643,K_plus,meson,0.07596032489485315,0.573103846802655,15.169617903259415
22.435146443514643,K_short,meson,-0.29981179892939913,-0.3965192149369486,13.032361426487812
22.435146443514643,K_long,meson,-0.22946525304347076,-0.5561222918906344,15.789274872247002
22.435146443514643,eta,meson,-0.16823473842839712,-0.07917773701244782,4.82282926003031
22.435146443514643,rho_770,meson,0.0,-0.0,-0.08265966936381419
22.435146443514643,omega_782,meson,0.03093822256953423,-0.035833094175927165,1.1663292053773442
22.435146443514643,phi_1020,meson,0.02999530553480035,0.05551762552244534,1.582156678747984
22.435146443514643,D0,meson,-0.2312731172675364,0.3627464067273321,11.267197457307917
22.435146443514643,D_plus,meson,-0.28823629920447186,-0.3396150661901917,11.669317322546195
22.435146443514643,Ds_plus,meson,-0.38329515621967364,0.20438678698189638,11.377567751184174
22.435146443514643,J_psi,meson,0.0062801753382081766,-0.14416502035654258,3.7244148040524654
22.435146443514643,B_plus,meson,0.3428782614267697,0.32163019604766924,12.320353652430827
22.435146443514643,B0,meson,0.38734945460678427,0.2641715750178884,12.287050836244319
22.435146443514643,Bs0,meson,0.3789744810763238,0.2764911200784865,12.293879496489762
22.435146443514643,Upsilon_1S,meson,-0.04330934482715869,0.16607414099448864,4.445367569337434
22.435146443514643,W,boson,-0.028572854166145408,-0.016530091602803984,0.7882310922760309
22.435146443514643,Z,boson,-0.029383616902181428,-0.012995669061988974,0.7649959817301074
22.435146443514643,Higgs,boson,-0.019780682577016557,-0.14143804969067536,3.685178675832777
22.435146443514643,top,quark,0.025555733682837544,-0.03861037908471157,1.1389084362748172
22.639330543933053,muon,lepton,-0.4136272190842624,0.4857366552405842,16.74918461424223
22.639330543933053,tau,lepton,0.15663742659307725,0.3936940318784546,11.09597171977255
22.639330543933053,neutron,baryon,-0.849681276508782,0.5272966227375316,26.300073716822478
22.639330543933053,Lambda,baryon,0.09390760855924757,0.5196348848364752,13.84879890259473
22.639330543933053,Sigma_plus,baryon,0.33186912169074345,-0.38676623512389363,13.362837396118582
22.639330543933053,Xi_minus,baryon,0.3678924775871538,0.3719263864585745,13.719169493736818
22.639330543933053,Omega_minus,baryon,0.5114500960528092,-0.06554603388420782,13.521150664275083
22.639330543933053,Delta_1232,baryon,0.00594297456796342,0.009912209116709716,0.22225309913704822
22.639330543933053,pi0,meson,0.004515720863009963,-0.24717349972252356,6.439541066697468
22.639330543933053,pi_plus,meson,0.5596511076222107,0.10575506089502194,14.943771874719356
22.639330543933053,K_plus,meson,0.19097854325660327,0.5456603212564741,15.169617903259415
22.639330543933053,K_short,meson,-0.3646176276867099,-0.3378884256254012,13.032361426487812
22.639330543933053,K_long,meson,-0.3419718678347047,-0.4949561066414267,15.789274872247002
22.639330543933053,eta,meson,-0.1730320746194271,-0.0680583749833961,4.82282926003031
22.639330543933053,rho_770,meson,0.0,-0.0,-0.08265966936381419
22.639330543933053,omega_782,meson,0.03036990453987388,-0.03631601784642488,1.1663292053773442
22.639330543933053,phi_1020,meson,0.031174792308674048,0.05486399021478054,1.582156678747984
22.639330543933053,D0,meson,-0.17360778954983808,0.3936147174228294,11.267197457307917
22.639330543933053,D_plus,meson,-0.33797138998097404,-0.2901618460735086,11.669317322546195
22.639330543933053,Ds_plus,meson,-0.3474918461063187,0.2606502491153031,11.377567751184174
22.639330543933053,J_psi,meson,-0.0009770525736297593,-0.1442984375000275,3.7244148040524654
22.639330543933053,B_plus,meson,0.391417866583669,0.26039112674550846,12.320353652430827
22.639330543933053,B0,meson,0.42566863573485686,0.19655135100840915,12.287050836244319
22.639330543933053,Bs0,meson,0.41946331058758207,0.21004648975936405,12.293879496489762
22.639330543933053,Upsilon_1S,meson,-0.033265570118727314,0.16837375538097102,4.445367569337434
22.639330543933053,W,boson,-0.02874722192796354,-0.016224954700131397,0.7882310922760309
22.639330543933053,Z,boson,-0.029516328013248612,-0.012691364671981294,0.7649959817301074
22.639330543933053,Higgs,boson,-0.026793478061420087,-0.14027867563135474,3.685178675832777
22.639330543933053,top,quark,0.024958778836571285,-0.03899892634573895,1.1389084362748172
22.843514644351462,muon,lepton,-0.2960133524768237,0.5651580927201895,16.74918461424223
22.843514644351462,tau,lepton,0.21285905935505622,0.3663622455942969,11.09597171977255
22.843514644351462,neutron,baryon,-0.6173452013210772,0.7866923810523645,26.300073716822478
22.843514644351462,Lambda,baryon,0.1875486972286743,0.4936238837942921,13.84879890259473
22.843514644351462,Sigma_plus,baryon,0.2582141542102738,-0.4393753351397521,13.362837396118582
22.843514644351462,Xi_minus,baryon,0.4293080762579267,0.29894596111850313,13.719169493736818
22.843514644351462,Omega_minus,baryon,0.4914604668285272,-0.1560259364819313,13.521150664275083
22.843514644351462,Delta_1232,baryon,0.005972267612704207,0.009894587199630293,0.22225309913704822
22.843514644351462,pi0,meson,-0.01665800396897832,-0.24665287673928007,6.439541066697468
22.843514644351462,pi_plus,meson,0.5695137149920398,-0.006900985700805752,14.943771874719356
22.843514644351462,K_plus,meson,0.2965143075056014,0.4962834428253742,15.169617903259415
22.843514644351462,K_short,meson,-0.4174578938059625,-0.2698953676715964,13.032361426487812
22.843514644351462,K_long,meson,-0.43769246843924575,-0.4127367308146392,15.789274872247002
22.843514644351462,eta,meson,-0.17704110763953662,-0.056819780519195576,4.82282926003031
22.843514644351462,rho_770,meson,0.0,-0.0,-0.08265966936381419
22.843514644351462,omega_782,meson,0.029802564103341762,-0.036783031778920935,1.1663292053773442
22.843514644351462,phi_1020,meson,0.03232302773793167,0.054195451613852225,1.582156678747984
22.843514644351462,D0,meson,-0.11285784493984119,0.4151328910117451,11.267197457307917
22.843514644351462,D_plus,meson,-0.3787856936330092,-0.23439273807312858,11.669317322546195
22.843514644351462,Ds_plus,meson,-0.30419896950523967,0.310084057033246,11.377567751184174
22.843514644351462,J_psi,meson,-0.008125324380017706,-0.1440728038194595,3.7244148040524654
22.843514644351462,B_plus,meson,0.42867238775016164,0.19300639665379346,12.320353652430827
22.843514644351462,B0,meson,0.45198782819794076,0.12463235612197136,12.287050836244319
22.843514644351462,Bs0,meson,0.4480748584956577,0.1389169463147721,12.293879496489762
22.843514644351462,Upsilon_1S,meson,-0.02325192222243132,0.17004607543068154,4.445367569337434
22.843514644351462,W,boson,-0.0289158408476589,-0.01592250205431812,0.7882310922760309
22.843514644351462,Z,boson,-0.029644007100281724,-0.012390205795762487,0.7649959817301074
22.843514644351462,Higgs,boson,-0.03363840604507787,-0.13879645147575317,3.685178675832777
22.843514644351462,top,quark,0.024364817279322666,-0.03937273899639788,1.1389084362748172
23.047698744769875,muon,lepton,-0.16575040818789283,0.6160798461216187,16.74918461424223
23.047698744769875,tau,lepton,0.263735593936942,0.33162299473520185,11.09597171977255
23.047698744769875,neutron,baryon,-0.31498220425402296,0.9490975771770135,26.300073716822478
23.047698744769875,Lambda,baryon,0.2736270851803088,0.45162735827235023,13.84879890259473
23.047698744769875,Sigma_plus,baryon,0.17765032104050496,-0.47766682739949823,13.362837396118582
23.047698744769875,Xi_minus,baryon,0.47587635397543854,0.21729198728068772,13.719169493736818
23.047698744769875,Omega_minus,baryon,0.45623018021523376,-0.24027381457652192,13.521150664275083
23.047698744769875,Delta_1232,baryon,0.006001083449875246,0.00987713691899007,0.22225309913704822
23.047698744769875,pi0,meson,-0.037404855857825936,-0.244368589344556,6.439541066697468
23.047698744769875,pi_plus,meson,0.5572669699713028,-0.11767335869550209,14.943771874719356
23.047698744769875,K_plus,meson,0.38875084602099563,0.42789107246598745,15.169617903259415
23.047698744769875,K_short,meson,-0.45728113523246516,-0.19495785686143663,13.032361426487812
23.047698744769875,K_long,meson,-0.5132002337267662,-0.31392965134690387,15.789274872247002
23.047698744769875,eta,meson,-0.1802786147899352,-0.045515517155204376,4.82282926003031
23.047698744769875,rho_770,meson,0.0,-0.0,-0.08265966936381419
23.047698744769875,omega_782,meson,0.029236450914716713,-0.0372345832781067,1.1663292053773442
23.047698744769875,phi_1020,meson,0.03344054424175463,0.05351313015131659,1.582156678747984
23.047698744769875,D0,meson,-0.05050698829752685,0.42722506304914765,11.267197457307917
23.047698744769875,D_plus,meson,-0.4100906866749253,-0.17390855661797203,11.669317322546195
23.047698744769875,Ds_plus,meson,-0.25472038409171865,0.3518617077807905,11.377567751184174
23.047698744769875,J_psi,meson,-0.015150176412805628,-0.14350423635329324,3.7244148040524654
23.047698744769875,B_plus,meson,0.45413927842057106,0.12152777857078369,12.320353652430827
23.047698744769875,B0,meson,0.4661290321190921,0.05049699443851536,12.287050836244319
23.047698744769875,Bs0,meson,0.46456453486657073,0.065182741071021,12.293879496489762
23.047698744769875,Upsilon_1S,meson,-0.013304170312642126,0.17111200632541027,4.445367569337434
23.047698744769875,W,boson,-0.029078894219813096,-0.015622734541360683,0.7882310922760309
23.047698744769875,Z,boson,-0.029766823098057338,-0.01209217099084608,0.7649959817301074
23.047698744769875,Higgs,boson,-0.04030470625891759,-0.13700922580942135,3.685178675832777
23.047698744769875,top,quark,0.023774018742466773,-0.03973226560323598,1.1389084362748172
23.251882845188284,muon,lepton,-0.02953795707194061,0.637302976380706,16.74918461424223
23.251882845188284,tau,lepton,0.3084285989334011,0.2905203495564372,11.09597171977255
23.251882845188284,neutron,baryon,0.01951889317649966,0.9998094882572202,26.300073716822478
23.251882845188284,Lambda,baryon,0.3496698896667259,0.3956892982439548,13.84879890259473
23.251882845188284,Sigma_plus,baryon,0.09290916921256799,-0.5010919285320079,13.362837396118582
23.251882845188284,Xi_minus,baryon,0.5067452514236228,0.12993599258464422,13.719169493736818
23.251882845188284,Omega_minus,baryon,0.4074990962798936,-0.3159461502241284,13.521150664275083
23.251882845188284,Delta_1232,baryon,0.006029434389492563,0.009859855842336018,0.22225309913704822
23.251882845188284,pi0,meson,-0.057592696722276564,-0.24041258699213078,6.439541066697468
23.251882845188284,pi_plus,meson,0.5243133883198537,-0.22246115615143114,14.943771874719356
23.251882845188284,K_plus,meson,0.46466732694218327,0.3439509637296266,15.169617903259415
23.251882845188284,K_short,meson,-0.4834951700328214,-0.11552931725942835,13.032361426487812
23.251882845188284,K_long,meson,-0.5661760750371797,-0.20339852002286046,15.789274872247002
23.251882845188284,eta,meson,-0.18276403875044672,-0.03419572183927041,4.82282926003031
23.251882845188284,rho_770,meson,0.0,-0.0,-0.08265966936381419
23.251882845188284,omega_782,meson,0.028671796744611625,-0.03767110730279349,1.1663292053773442
23.251882845188284,phi_1020,meson,0.034527880255750217,0.052818089541567796,1.582156678747984
23.251882845188284,D0,meson,0.012029563624222875,0.43003197551257216,11.267197457307917
23.251882845188284,D_plus,meson,-0.43156708846037445,-0.1103104959661294,11.669317322546195
23.251882845188284,Ds_plus,meson,-0.20040946802759244,0.38538964775814166,11.377567751184174
23.251882845188284,J_psi,meson,-0.022038571787900103,-0.14260888839841138,3.7244148040524654
23.251882845188284,B_plus,meson,0.4676646376443871,0.04797157351651642,12.320353652430827
23.251882845188284,B0,meson,0.4682487731523109,-0.023860164981842808,12.287050836244319
23.251882845188284,Bs0,meson,0.46902581528141996,-0.009153217408336089,12.293879496489762
23.251882845188284,Upsilon_1S,meson,-0.0034552909163551564,0.17159364971087476,4.445367569337434
23.251882845188284,W,boson,-0.02923655862668151,-0.015325650500566645,0.7882310922760309
23.251882845188284,Z,boson,-0.029884938474258684,-0.01179723734662791,0.7649959817301074
23.251882845188284,Higgs,boson,-0.04678296465922912,-0.1349346194318121,3.685178675832777
23.251882845188284,top,quark,0.023186538265688214,-0.040077940820194675,1.1389084362748172
23.456066945606693,muon,lepton,0.10611176492976297,0.629100840847619,16.74918461424223
23.456066945606693,tau,lepton,0.3462889259302362,0.24416030374427916,11.09597171977255
23.456066945606693,neutron,baryon,0.3472434297189739,0.9377750266012654,26.300073716822478
23.456066945606693,Lambda,baryon,0.4137009849355571,0.3281623798482753,13.84879890259473
23.456066945606693,Sigma_plus,baryon,0.006658197227700732,-0.5095889549169738,13.362837396118582
23.456066945606693,Xi_minus,baryon,0.5216207233680648,0.039823773833281256,13.719169493736818
23.456066945606693,Omega_minus,baryon,0.34730295540599293,-0.3811274596203223,13.521150664275083
23.456066945606693,Delta_1232,baryon,0.006057332312893459,0.009842741566251752,0.22225309913704822
23.456066945606693,pi0,meson,-0.07710296288994135,-0.23488351115730816,6.439541066697468
23.456066945606693,pi_plus,meson,0.47273388909763875,-0.3176730477492519,14.943771874719356
23.456066945606693,K_plus,meson,0.5220826809591859,0.24828947706377266,15.169617903259415
23.456066945606693,K_short,meson,-0.4959406577616407,-0.03402156037643933,13.032361426487812
23.456066945606693,K_long,meson,-0.5954016847313139,-0.08615764453087824,15.789274872247002
23.456066945606693,eta,meson,-0.18451911763549542,-0.022907127264276274,4.82282926003031
23.456066945606693,rho_770,meson,0.0,-0.0,-0.08265966936381419
23.456066945606693,omega_782,meson,0.028108816590387862,-0.03809302670923956,1.1663292053773442
23.456066945606693,phi_1020,meson,0.03558557850489349,0.05211133945935914,1.582156678747984
23.456066945606693,D0,meson,0.07343115177228521,0.4238868673521631,11.267197457307917
23.456066945606693,D_plus,meson,-0.4431467773255578,-0.04516072528680921,11.669317322546195
23.456066945606693,Ds_plus,meson,-0.14263256023523518,0.41029877922678387,11.377567751184174
23.456066945606693,J_psi,meson,-0.02877882427502185,-0.1414028746879935,3.7244148040524654
23.456066945606693,B_plus,meson,0.4694137984818907,-0.02573268278880645,12.320353652430827
23.456066945606693,B0,meson,0.4588016491449216,-0.09657778095144529,12.287050836244319
23.456066945606693,Bs0,meson,0.46185514625977125,-0.08221204694380421,12.293879496489762
23.456066945606693,Upsilon_1S,meson,0.006264447554292689,0.17151407042355024,4.445367569337434
23.456066945606693,W,boson,-0.029389004214833137,-0.015031245951597752,0.7882310922760309
23.456066945606693,Z,boson,-0.02999850951004749,-0.011505380645527977,0.7649959817301074
23.456066945606693,Higgs,boson,-0.05306502841616861,-0.1325899696911718,3.685178675832777
23.456066945606693,top,quark,0.02260251717774085,-0.040410185774915466,1.1389084362748172
23.660251046025103,muon,lepton,0.23516044609555148,0.5930658809979139,16.74918461424223
23.660251046025103,tau,lepton,0.37685283388841506,0.1936807056386513,11.09597171977255
23.660251046025103,neutron,baryon,0.6326786393017191,0.7744144493559797,26.300073716822478
23.660251046025103,Lambda,baryon,0.46425826234418716,0.2516015070095759,13.84879890259473
23.660251046025103,Sigma_plus,baryon,-0.07857474759691417,-0.503538721057058,13.362837396118582
23.660251046025103,Xi_minus,baryon,0.5207229360660389,-0.050216888236044394,13.719169493736818
23.660251046025103,Omega_minus,baryon,0.27788140372609654,-0.4343494086258109,13.521150664275083
23.660251046025103,Delta_1232,baryon,0.006084788691391842,0.009825791717207993,0.22225309913704822
23.660251046025103,pi0,meson,-0.09583042715283259,-0.227885190242145,6.439541066697468
23.660251046025103,pi_plus,meson,0.40514457455883257,-0.40031408777760963,14.943771874719356
23.660251046025103,K_plus,meson,0.5596600659944772,0.14490893936948934,15.169617903259415
23.660251046025103,K_short,meson,-0.4948544486355056,0.047261794899752366,13.032361426487812
23.660251046025103,K_long,meson,-0.600705457313503,0.03285208434439674,15.789274872247002
23.660251046025103,eta,meson,-0.18556754163938802,-0.011693106618753875,4.82282926003031
23.660251046025103,rho_770,meson,0.0,-0.0,-0.08265966936381419
23.660251046025103,omega_782,meson,0.02754770971719832,-0.03850075250329374,1.1663292053773442
23.660251046025103,phi_1020,meson,0.036614184450105135,0.051393838101762526,1.582156678747984
23.660251046025103,D0,meson,0.13249230717965899,0.4092896271620447,11.267197457307917
23.660251046025103,D_plus,meson,-0.4449904546792356,0.02005124950783133,11.669317322546195
23.660251046025103,Ds_plus,meson,-0.08273650282861555,0.4264314793421536,11.377567751184174
23.660251046025103,J_psi,meson,-0.03536052329708922,-0.13990220544665116,3.7244148040524654
23.660251046025103,B_plus,meson,0.45983649843997504,-0.09778486524595317,12.320353652430827
23.660251046025103,B0,meson,0.43849994488590993,-0.16596390983180356,12.287050836244319
23.660251046025103,Bs0,meson,0.4437126091346023,-0.15227645019597952,12.293879496489762
23.660251046025103,Upsilon_1S,meson,0.01582739188744406,0.17089708400805528,4.445367569337434
23.660251046025103,W,boson,-0.02953639495953166,-0.014739514794980752,0.7882310922760309
23.660251046025103,Z,boson,-0.03010768656727275,-0.011216575510812711,0.7649959817301074
23.660251046025103,Higgs,boson,-0.05914392362938968,-0.12999228285261996,3.685178675832777
23.660251046025103,top,quark,0.02202208401223305,-0.04072940845251008,1.1389084362748172
23.864435146443512,muon,lepton,0.35227349592154433,0.5319125479652687,16.74918461424223
23.864435146443512,tau,lepton,0.3998343247731033,0.14022405956058967,11.09597171977255
23.864435146443512,neutron,baryon,0.8472377168282779,0.531213941066692,26.300073716822478
23.864435146443512,Lambda,baryon,0.5003915743307208,0.16866334759857116,13.84879890259473
23.864435146443512,Sigma_plus,baryon,-0.1604635988129375,-0.483711347830188,13.362837396118582
23.864435146443512,Xi_minus,baryon,0.5047307547521639,-0.13755354309016682,13.719169493736818
23.864435146443512,Omega_minus,baryon,0.20159049832379244,-0.474593251422671,13.521150664275083
23.864435146443512,Delta_1232,baryon,0.006111814603964657,0.009809003952267916,0.22225309913704822
23.864435146443512,pi0,meson,-0.11368285347800777,-0.21952525942380935,6.439541066697468
23.864435146443512,pi_plus,meson,0.3245501549798155,-0.4680391992881097,14.943771874719356
23.864435146443512,K_plus,meson,0.5768774897397286,0.037819994840322405,15.169617903259415
23.864435146443512,K_short,meson,-0.48082537992675384,0.12618065069490372,13.032361426487812
23.864435146443512,K_long,meson,-0.582870522802057,0.1489572406445984,15.789274872247002
23.864435146443512,eta,meson,-0.18593463563457324,-0.0005937372499948755,4.82282926003031
23.864435146443512,rho_770,meson,0.0,-0.0,-0.08265966936381419
23.864435146443512,omega_782,meson,0.026988660633716664,-0.03889468409925674,1.1663292053773442
23.864435146443512,phi_1020,meson,0.03761424489322723,0.05066649463786524,1.582156678747984
23.864435146443512,D0,meson,0.1881382014702887,0.3868801203367262,11.267197457307917
23.864435146443512,D_plus,meson,-0.43746227448954117,0.08393637924580415,11.669317322546195
23.864435146443512,Ds_plus,meson,-0.02202053813351582,0.43382511611772484,11.377567751184174
23.864435146443512,J_psi,meson,-0.04177446044018757,-0.13812272858444472,3.7244148040524654
23.864435146443512,B_plus,meson,0.43962844099789294,-0.16654824836805865,12.320353652430827
23.864435146443512,B0,meson,0.4082710680235407,-0.23052322235844813,12.287050836244319
23.864435146443512,Bs0,meson,0.41548011041736926,-0.2178193624012696,12.293879496489762
23.864435146443512,Upsilon_1S,meson,0.025208404697050473,0.16976706391124505,4.445367569337434
23.864435146443512,W,boson,-0.029678888917397776,-0.014450448997372614,0.7882310922760309
23.864435146443512,Z,boson,-0.030212614342984292,-0.010930795542182608,0.7649959817301074
23.864435146443512,Higgs,boson,-0.06501377598175298,-0.1271581937434984,3.685178675832777
23.864435146443512,top,quark,0.021445355362895754,-0.041036004075596454,1.1389084362748172
24.068619246861925,muon,lepton,0.45299016410683046,0.4492521406005288,16.74918461424223
24.068619246861925,tau,lepton,0.41511441808525384,0.0849134503135772,11.09597171977255
24.068619246861925,neutron,baryon,0.9716250467467762,0.23652646476520334,26.300073716822478
24.068619246861925,Lambda,baryon,0.5216442034670381,0.08201449550886164,13.84879890259473
24.068619246861925,Sigma_plus,baryon,-0.23693262325775657,-0.451207454060651,13.362837396118582
24.068619246861925,Xi_minus,baryon,0.4747180991685485,-0.21981091494998042,13.719169493736818
24.068619246861925,Omega_minus,baryon,0.12082197220389938,-0.5012779013113761,13.521150664275083
24.068619246861925,Delta_1232,baryon,0.006138420754027672,0.009792375959661965,0.22225309913704822
24.068619246861925,pi0,meson,-0.13058056341945767,-0.2099139041537029,6.439541066697468
24.068619246861925,pi_plus,meson,0.2342002879844645,-0.5191760012516671,14.943771874719356
24.068619246861925,K_plus,meson,0.5739706384186037,-0.0691064136782776,15.169617903259415
24.068619246861925,K_short,meson,-0.4547449913288522,0.2008023791014902,13.032361426487812
24.068619246861925,K_long,meson,-0.543514323742715,0.257911779061165,15.789274872247002
24.068619246861925,eta,meson,-0.18564706691290395,0.010354119910417809,4.82282926003031
24.068619246861925,rho_770,meson,0.0,-0.0,-0.08265966936381419
24.068619246861925,omega_782,meson,0.026431840006804482,-0.03927520958362402,1.1663292053773442
24.068619246861925,phi_1020,meson,0.03858630672645998,0.04993017154975584,1.582156678747984
24.068619246861925,D0,meson,0.23943527002865994,0.3574114741170705,11.267197457307917
24.068619246861925,D_plus,meson,-0.421102540430054,0.14522812332951515,11.669317322546195
24.068619246861925,Ds_plus,meson,0.03828734989389032,0.432692979273237,11.377567751184174
24.068619246861925,J_psi,meson,-0.048012557782702234,-0.1360800793350873,3.7244148040524654
24.068619246861925,B_plus,meson,0.4096908684043893,-0.23057510168004647,12.320353652430827
24.068619246861925,B0,meson,0.3692143348631197,-0.28897577054692525,12.287050836244319
24.068619246861925,Bs0,meson,0.3782186490254126,-0.2775241436681081,12.293879496489762
24.068619246861925,Upsilon_1S,meson,0.03438476027194841,0.16814876721955374,4.445367569337434
24.068619246861925,W,boson,-0.02981663846787424,-0.014164038762760641,0.7882310922760309
24.068619246861925,Z,boson,-0.03031343211188585,-0.010648013440120518,0.7649959817301074
24.068619246861925,Higgs,boson,-0.07066973448387291,-0.12410393197434778,3.685178675832777
24.068619246861925,top,quark,0.02087243668247593,-0.0413303554795901,1.1389084362748172
24.272803347280334,muon,lepton,0.5338345166420368,0.34935409465648665,16.74918461424223
24.272803347280334,tau,lepton,0.4227280520842699,0.028831720854886205,11.09597171977255
24.272803347280334,neutron,baryon,0.9969559725484786,-0.07796658771497705,26.300073716822478
24.272803347280334,Lambda,baryon,0.5280208249795301,-0.0057498584565440465,13.84879890259473
24.272803347280334,Sigma_plus,baryon,-0.3061917750931981,-0.4073964057634442,13.362837396118582
24.272803347280334,Xi_minus,baryon,0.43208544355393386,-0.294917414674257,13.719169493736818
24.272803347280334,Omega_minus,baryon,0.03793092556163076,-0.5142360627147959,13.521150664275083
24.272803347280334,Delta_1232,baryon,0.006164617485354902,0.009775905459245188,0.22225309913704822
24.272803347280334,pi0,meson,-0.14645593141639002,-0.1991627245569578,6.439541066697468
24.272803347280334,pi_plus,meson,0.137453943114077,-0.5527204616169635,14.943771874719356
24.272803347280334,K_plus,meson,0.5518541216715342,-0.17226438567583316,15.169617903259415
24.272803347280334,K_short,meson,-0.41775539027150665,0.26943466089313317,13.032361426487812
24.272803347280334,K_long,meson,-0.4849488743989638,0.35602091948532205,15.789274872247002
24.272803347280334,eta,meson,-0.18473257712710328,0.021116727977184134,4.82282926003031
24.272803347280334,rho_770,meson,0.0,-0.0,-0.08265966936381419
24.272803347280334,omega_782,meson,0.02587740551908382,-0.03964270598210713,1.1663292053773442
24.272803347280334,phi_1020,meson,0.03953091581351582,0.04918568686845008,1.582156678747984
24.272803347280334,D0,meson,0.28559743268104615,0.32172397611963893,11.267197457307917
24.272803347280334,D_plus,meson,-0.39659944548606146,0.20279900690734817,11.669317322546195
24.272803347280334,Ds_plus,meson,0.09704969493360717,0.4234034626541697,11.377567751184174
24.272803347280334,J_psi,meson,-0.05406779828918222,-0.13378963668700683,3.7244148040524654
24.272803347280334,B_plus,meson,0.37108955888525075,-0.2886243656641906,12.320353652430827
24.272803347280334,B0,meson,0.3225584021213554,-0.3402679800576644,12.287050836244319
24.272803347280334,Bs0,meson,0.3331259828069367,-0.330296951799797,12.293879496489762
24.272803347280334,Upsilon_1S,meson,0.043336037115530565,0.16606717780325042,4.445367569337434
24.272803347280334,W,boson,-0.029949790543995592,-0.013880272690682123,0.7882310922760309
24.272803347280334,Z,boson,-0.03041027395733237,-0.010368201119909472,0.7649959817301074
24.272803347280334,Higgs,boson,-0.07610789841255029,-0.120845294086032,3.685178675832777
24.272803347280334,top,quark,0.02030342302910076,-0.04161283348240818,1.1389084362748172
24.476987447698743,muon,lepton,0.5923705564106306,0.23690651850350253,16.74918461424223
24.476987447698743,tau,lepton,0.42284924773187393,-0.02699607080676031,11.09597171977255
24.476987447698743,neutron,baryon,0.9246907657985319,-0.38071904029996256,26.300073716822478
24.476987447698743,Lambda,baryon,0.5199449215865148,-0.09217554448294153,13.84879890259473
24.476987447698743,Sigma_plus,baryon,-0.3667596098022962,-0.35385395741939063,13.362837396118582
24.476987447698743,Xi_minus,baryon,0.3784893692005726,-0.3611369676611632,13.719169493736818
24.476987447698743,Omega_minus,baryon,-0.04482695047301793,-0.5136808618409557,13.521150664275083
24.476987447698743,Delta_1232,baryon,0.006190414797192264,0.009759590202849007,0.22225309913704822
24.476987447698743,pi0,meson,-0.16125282437160965,-0.1873837168277217,6.439541066697468
24.476987447698743,pi_plus,meson,0.0376557424808253,-0.5683093701725276,14.943771874719356
24.476987447698743,K_plus,meson,0.5120272040835839,-0.26841410629190227,15.169617903259415
24.476987447698743,K_short,meson,-0.37119622442654465,0.33064779685183865,13.032361426487812
24.476987447698743,K_long,meson,-0.4100301790985417,0.4402289837350715,15.789274872247002
24.476987447698743,eta,meson,-0.18321973739157849,0.0316633713088888,4.82282926003031
24.476987447698743,rho_770,meson,0.0,-0.0,-0.08265966936381419
24.476987447698743,omega_782,meson,0.025325502673114786,-0.03999753952853798,1.1663292053773442
24.476987447698743,phi_1020,meson,0.04044861599083413,0.04843381630846919,1.582156678747984
24.476987447698743,D0,meson,0.32598838187555756,0.2807201190623685,11.267197457307917
24.476987447698743,D_plus,meson,-0.364760695809344,0.2556720402295514,11.669317322546195
24.476987447698743,Ds_plus,meson,0.15323456193583657,0.40645824447608314,11.377567751184174
24.476987447698743,J_psi,meson,-0.0599341584597708,-0.13126648599852156,3.7244148040524654
24.476987447698743,B_plus,meson,0.32501444727953066,-0.3396720392206099,12.320353652430827
24.476987447698743,B0,meson,0.2696204096816035,-0.3835766621090618,12.287050836244319
24.476987447698743,Bs0,meson,0.2814957887131152,-0.3752720582805309,12.293879496489762
24.476987447698743,Upsilon_1S,meson,0.05204400844759146,0.1635473657419222,4.445367569337434
24.476987447698743,W,boson,-0.03007848685294524,-0.013599137922460525,0.7882310922760309
24.476987447698743,Z,boson,-0.030503268991445797,-0.0100913298161541,0.7649959817301074
24.476987447698743,Higgs,boson,-0.0813252475039327,-0.11739762102333559,3.685178675832777
24.476987447698743,top,quark,0.01973839976368725,-0.041883797247887176,1.1389084362748172
24.681171548117153,muon,lepton,0.6272068536029219,0.11678671758900244,16.74918461424223
24.681171548117153,tau,lepton,0.4157751117312479,-0.08161697501919307,11.09597171977255
24.681171548117153,neutron,baryon,0.7655551231631775,-0.6433703081419069,26.300073716822478
24.681171548117153,Lambda,baryon,0.49820849188456096,-0.1750067172952088,13.84879890259473
24.681171548117153,Sigma_plus,baryon,-0.41747479909465396,-0.2923012601487972,13.362837396118582
24.681171548117153,Xi_minus,baryon,0.3157726709831937,-0.41708719983893905,13.719169493736818
24.681171548117153,Omega_minus,baryon,-0.125348007904028,-0.5001653328899047,13.521150664275083
24.681171548117153,Delta_1232,baryon,0.00621582235861269,0.009743427974538213,0.22225309913704822
24.681171548117153,pi0,meson,-0.1749259991993458,-0.1746883668253369,6.439541066697468
24.681171548117153,pi_plus,meson,-0.061972880754373114,-0.5661738754293432,14.943771874719356
24.681171548117153,K_plus,meson,0.45646972229392774,-0.3547582032977352,15.169617903259415
24.681171548117153,K_short,meson,-0.3165524288458675,0.3832873104908099,13.032361426487812
24.681171548117153,K_long,meson,-0.3220043648603976,0.5081727018473621,15.789274872247002
24.681171548117153,eta,meson,-0.18113772543310064,0.0419662444996713,4.82282926003031
24.681171548117153,rho_770,meson,0.0,-0.0,-0.08265966936381419
24.681171548117153,omega_782,meson,0.024776265545632132,-0.0403400659344432,1.1663292053773442
24.681171548117153,phi_1020,meson,0.041339948178198443,0.04767529530480504,1.582156678747984
24.681171548117153,D0,meson,0.3601204320933481,0.23534120921150842,11.267197457307917
24.681171548117153,D_plus,meson,-0.32648572744755033,0.30302743627516965,11.669317322546195
24.681171548117153,Ds_plus,meson,0.2059265531213122,0.38247011673308867,11.377567751184174
24.681171548117153,J_psi,meson,-0.06560654337875642,-0.1285253872298089,3.7244148040524654
24.681171548117153,B_plus,meson,0.2727408557278119,-0.3829150177070198,12.320353652430827
24.681171548117153,B0,meson,0.2117676775373048,-0.41830691099007816,12.287050836244319
24.681171548117153,Bs0,meson,0.2246791905699992,-0.41181094948305463,12.293879496489762
24.681171548117153,Upsilon_1S,meson,0.060492531763987174,0.16061436192693987,4.445367569337434
24.681171548117153,W,boson,-0.03020286408686379,-0.01332062027637366,0.7882310922760309
24.681171548117153,Z,boson,-0.030592541564895083,-0.009817370178569528,0.7649959817301074
24.681171548117153,Higgs,boson,-0.08631957542662279,-0.11377578038265533,3.685178675832777
24.681171548117153,top,quark,0.01917744320171698,-0.04214359464234357,1.1389084362748172
24.885355648535562,muon,lepton,0.6379574870313767,-0.006149744084218222,16.74918461424223
24.885355648535562,tau,lepton,0.40190919083877014,-0.13416138216990883,11.09597171977255
24.885355648535562,neutron,baryon,0.5376935351633846,-0.8431403573803724,26.300073716822478
24.885355648535562,Lambda,baryon,0.4639166945498117,-0.25223075348242213,13.84879890259473
24.885355648535562,Sigma_plus,baryon,-0.45749748271979856,-0.22454685005304376,13.362837396118582
24.885355648535562,Xi_minus,baryon,0.2458970977267238,-0.46174530786887424,13.719169493736818
24.885355648535562,Omega_minus,baryon,-0.20172295088564435,-0.47453696841907417,13.521150664275083
24.885355648535562,Delta_1232,baryon,0.0062408495221567845,0.009727416590782913,0.22225309913704822
24.885355648535562,pi0,meson,-0.18744047042663833,-0.1611868504135294,6.439541066697468
24.885355648535562,pi_plus,meson,-0.1584258848371663,-0.5470783620115477,14.943771874719356
24.885355648535562,K_plus,meson,0.38753334703999837,-0.42899405020362347,15.169617903259415
24.885355648535562,K_short,meson,-0.2554041230390943,0.42647782653512906,13.032361426487812
24.885355648535562,K_long,meson,-0.22435699818515045,0.5582026901201251,15.789274872247002
24.885355648535562,eta,meson,-0.17851612363798566,0.052000335131140885,4.82282926003031
24.885355648535562,rho_770,meson,0.0,-0.0,-0.08265966936381419
24.885355648535562,omega_782,meson,0.024229817495061833,-0.040670630658239094,1.1663292053773442
24.885355648535562,phi_1020,meson,0.04220544958900827,0.046910820956003095,1.582156678747984
24.885355648535562,D0,meson,0.387650430201754,0.1865458504728255,11.267197457307917
24.885355648535562,D_plus,meson,-0.2827390954606909,0.3442051150993088,11.669317322546195
24.885355648535562,Ds_plus,meson,0.2543341067512147,0.3521410195039891,11.377567751184174
24.885355648535562,J_psi,meson,-0.071080724265077,-0.12558074826434612,3.7244148040524654
24.885355648535562,B_plus,meson,0.21559311713330623,-0.4177691862900505,12.320353652430827
24.885355648535562,B0,meson,0.15038259296950168,-0.4440847855571887,12.287050836244319
24.885355648535562,Bs0,meson,0.16404932149439586,-0.43949609430181896,12.293879496489762
24.885355648535562,Upsilon_1S,meson,0.06866743839190587,0.15729304676656514,4.445367569337434
24.885355648535562,W,boson,-0.030323054124352985,-0.013044704372597448,0.7882310922760309
24.885355648535562,Z,boson,-0.030678211466858757,-0.009546292359738168,0.7649959817301074
24.885355648535562,Higgs,boson,-0.09108942653008989,-0.10999415292611692,3.685178675832777
24.885355648535562,top,quark,0.018620621222462694,-0.04239256258381678,1.1389084362748172
25.089539748953975,muon,lepton,0.6251669503869849,-0.12725509324002576,16.74918461424223
25.089539748953975,tau,lepton,0.3817446236471791,-0.18385134338070214,11.09597171977255
25.089539748953975,neutron,baryon,0.26433748480066777,-0.9644302432676283,26.300073716822478
25.089539748953975,Lambda,baryon,0.418429814417289,-0.3221110722888098,13.84879890259473
25.089539748953975,Sigma_plus,baryon,-0.4863018113242454,-0.1524328798732561,13.362837396118582
25.089539748953975,Xi_minus,baryon,0.17088038881108641,-0.4944431258791241,13.719169493736818
25.089539748953975,Omega_minus,baryon,-0.272268992387856,-0.4378893457193028,13.521150664275083
25.089539748953975,Delta_1232,baryon,0.006265505336800231,0.00971155390055428,0.22225309913704822
25.089539748953975,pi0,meson,-0.19877085843368722,-0.1469873346160412,6.439541066697468
25.089539748953975,pi_plus,meson,-0.24898726819445707,-0.5122488022872661,14.943771874719356
25.089539748953975,K_plus,meson,0.3078326995097762,-0.48934345739026347,15.169617903259415
25.089539748953975,K_short,meson,-0.18937974958753495,0.45961931316869076,13.032361426487812
25.089539748953975,K_long,meson,-0.1206708904176024,0.589376655541954,15.789274872247002
25.089539748953975,eta,meson,-0.17538473681915895,0.06174330201210411,4.82282926003031
25.089539748953975,rho_770,meson,0.0,-0.0,-0.08265966936381419
25.089539748953975,omega_782,meson,0.02368627182532345,-0.040989569173141976,1.1663292053773442
25.089539748953975,phi_1020,meson,0.043045653031291396,0.04614105387706453,1.582156678747984
25.089539748953975,D0,meson,0.40837321807145327,0.13529052119864124,11.267197457307917
25.089539748953975,D_plus,meson,-0.23452549300420336,0.3787035126501911,11.669317322546195
25.089539748953975,Ds_plus,meson,0.2977934321237085,0.3162407425652636,11.377567751184174
25.089539748953975,J_psi,meson,-0.0763532785927339,-0.12244660283087212,3.7244148040524654
25.089539748953975,B_plus,meson,0.1549111836648154,-0.44386260300263214,12.320353652430827
25.089539748953975,B0,meson,0.08683113536236395,-0.4607456727559011,12.287050836244319
25.089539748953975,Bs0,meson,0.10096939860677215,-0.4581202651425843,12.293879496489762
25.089539748953975,Upsilon_1S,meson,0.07655642383747252,0.1536080519557237,4.445367569337434
25.089539748953975,W,boson,-0.03043918422310157,-0.012771373748700188,0.7882310922760309
25.089539748953975,Z,boson,-0.030760394115662195,-0.009278066095476697,0.7649959817301074
25.089539748953975,Higgs,boson,-0.0956340358389338,-0.10606662289651801,3.685178675832777
25.089539748953975,top,quark,0.018067993838534573,-0.04263102738363136,1.1389084362748172
25.293723849372384,muon,lepton,0.5902070239587401,-0.2422462455466704,16.74918461424223
25.293723849372384,tau,lepton,0.355847470487709,-0.23000619968582234,11.09597171977255
25.293723849372384,neutron,baryon,-0.028728132716808113,-0.9995872620189823,26.300073716822478
25.293723849372384,Lambda,baryon,0.3633046441357863,-0.3832085437900667,13.84879890259473
25.293723849372384,Sigma_plus,baryon,-0.5036610869727899,-0.07778652860929254,13.362837396118582
25.293723849372384,Xi_minus,baryon,0.09273887056397466,-0.5148530022208919,13.719169493736818
25.293723849372384,Omega_minus,baryon,-0.3355523169967821,-0.3915126126556698,13.521150664275083
25.293723849372384,Delta_1232,baryon,0.006289798560286408,0.00969583778535214,0.22225309913704822
25.293723849372384,pi0,meson,-0.2089007275304472,-0.13219537335793127,6.439541066697468
25.293723849372384,pi_plus,meson,-0.331288028093793,-0.46329443943285503,14.943771874719356
25.293723849372384,K_plus,meson,0.22014012080447684,-0.5345617994117454,15.169617903259415
25.293723849372384,K_short,meson,-0.12011327866647746,0.48237682664021664,13.032361426487812
25.293723849372384,K_long,meson,-0.01449651884785854,0.6014284303500207,15.789274872247002
25.293723849372384,eta,meson,-0.17177342852029487,0.07117535041618482,4.82282926003031
25.293723849372384,rho_770,meson,0.0,-0.0,-0.08265966936381419
25.293723849372384,omega_782,meson,0.023145732408723967,-0.04129720723301574,1.1663292053773442
25.293723849372384,phi_1020,meson,0.04386108629130606,0.0453666199658196,1.582156678747984
25.293723849372384,D0,meson,0.4222131191286956,0.08251237725246194,11.267197457307917
25.293723849372384,D_plus,meson,-0.18286674541327622,0.4061752217755462,11.669317322546195
25.293723849372384,Ds_plus,meson,0.3357694505704223,0.27558666792478154,11.377567751184174
25.293723849372384,J_psi,meson,-0.08142153281932199,-0.11913659257353743,3.7244148040524654
25.293723849372384,B_plus,meson,0.09202063896456775,-0.4610246058219225,12.320353652430827
25.293723849372384,B0,meson,0.0224353182242549,-0.46831920473943994,12.287050836244319
25.293723849372384,Bs0,meson,0.03676461835141711,-0.46767227801827166,12.293879496489762
25.293723849372384,Upsilon_1S,meson,0.08414893959663368,0.14958367431366676,4.445367569337434
25.293723849372384,W,boson,-0.030551377204040952,-0.012500610966401222,0.7882310922760309
25.293723849372384,Z,boson,-0.030839200740556516,-0.009012660778402664,0.7649959817301074
25.293723849372384,Higgs,boson,-0.09995327224311032,-0.10200657170697049,3.685178675832777
25.293723849372384,top,quark,0.017519613728412965,-0.042859305079999306,1.1389084362748172
25.497907949790793,muon,lepton,0.5351535375524591,-0.3473301971565088,16.74918461424223
25.497907949790793,tau,lepton,0.32484053869058777,-0.2720457655792937,11.09597171977255
25.497907949790793,neutron,baryon,-0.3156429562897551,-0.9488780343883315,26.300073716822478
25.497907949790793,Lambda,baryon,0.30023706443421183,-0.434392400513937,13.84879890259473
25.497907949790793,Sigma_plus,baryon,-0.5096269060499033,-0.0023772239481136717,13.362837396118582
25.497907949790793,Xi_minus,baryon,0.013436506394128645,-0.5229661292141853,13.719169493736818
25.497907949790793,Omega_minus,baryon,-0.39040152817358065,-0.33684437075615564,13.521150664275083
25.497907949790793,Delta_1232,baryon,0.0063137376708602465,0.00968026615917163,0.22225309913704822
25.497907949790793,pi0,meson,-0.21782192179019466,-0.11691339139559377,6.439541066697468
25.497907949790793,pi_plus,meson,-0.4033459367075211,-0.40212628676724116,14.943771874719356
25.497907949790793,K_plus,meson,0.12728716364979595,-0.5639290453134356,15.169617903259415
25.497907949790793,K_short,meson,-0.04920605780278374,0.4946649032092388,13.032361426487812
25.497907949790793,K_long,meson,0.09076194441064508,0.5947172230050136,15.789274872247002
25.497907949790793,eta,meson,-0.16771197468198115,0.08027910563000852,4.82282926003031
25.497907949790793,rho_770,meson,0.0,-0.0,-0.08265966936381419
25.497907949790793,omega_782,meson,0.022608294270560433,-0.04159386113549266,1.1663292053773442
25.497907949790793,phi_1020,meson,0.04465227159227944,0.04458811208636011,1.582156678747984
25.497907949790793,D0,meson,0.42921389237738716,0.029114342762415268,11.267197457307917
25.497907949790793,D_plus,meson,-0.1287810225920815,0.4264199873160215,11.669317322546195
25.497907949790793,Ds_plus,meson,0.3678541243722748,0.23102484424094752,11.377567751184174
25.497907949790793,J_psi,meson,-0.08628350773570168,-0.11566395285266749,3.7244148040524654
25.497907949790793,B_plus,meson,0.028206378042001577,-0.4692716541689452,12.320353652430827
25.497907949790793,B0,meson,-0.04155031795514595,-0.46701155457807614,12.287050836244319
25.497907949790793,Bs0,meson,-0.027301967266182132,-0.4683199754150161,12.293879496489762
25.497907949790793,Upsilon_1S,meson,0.09143608698861477,0.14524380073733098,4.445367569337434
25.497907949790793,W,boson,-0.030659751627420916,-0.012232397710251423,0.7882310922760309
25.497907949790793,Z,boson,-0.030914738555082293,-0.008750045525242013,0.7649959817301074
25.497907949790793,Higgs,boson,-0.10404758481763063,-0.09782687461598986,3.685178675832777
25.497907949790793,top,quark,0.016975526734447882,-0.04307770176345641,1.1389084362748172
25.702092050209203,muon,lepton,0.4626505416932071,-0.4392972238504047,16.74918461424223
25.702092050209203,tau,lepton,0.2893879604608858,-0.30949132861310363,11.09597171977255
25.702092050209203,neutron,baryon,-0.5726814455692946,-0.8197779954967461,26.300073716822478
25.702092050209203,Lambda,baryon,0.23100729175253495,-0.4748417458917159,13.84879890259473
25.702092050209203,Sigma_plus,baryon,-0.5045036637770531,0.07211995423755238,13.362837396118582
25.702092050209203,Xi_minus,baryon,-0.06515903853307287,-0.5190649397780521,13.719169493736818
25.702092050209203,Omega_minus,baryon,-0.4359129176506254,-0.2754222422675711,13.521150664275083
25.702092050209203,Delta_1232,baryon,0.006337330878437013,0.009664836968415557,0.22225309913704822
25.702092050209203,pi0,meson,-0.22553390539473178,-0.10124024998681676,6.439541066697468
25.702092050209203,pi_plus,meson,-0.46358915302482867,-0.33087549375165143,14.943771874719356
25.702092050209203,K_plus,meson,0.032075159980006866,-0.5772254102951374,15.169617903259415
25.702092050209203,K_short,meson,0.02180633300663044,0.49662771412024564,13.032361426487812
25.702092050209203,K_long,meson,0.19194305660005168,0.5701615287925216,15.789274872247002
25.702092050209203,eta,meson,-0.16322993351389847,0.08903948594602193,4.82282926003031
25.702092050209203,rho_770,meson,0.0,-0.0,-0.08265966936381419
25.702092050209203,omega_782,meson,0.022074044137875337,-0.04187983798180257,1.1663292053773442
25.702092050209203,phi_1020,meson,0.04541972512146587,0.04380609167304223,1.582156678747984
25.702092050209203,D0,meson,0.4295275632374121,-0.02404751096404015,11.267197457307917
25.702092050209203,D_plus,meson,-0.07326442287336937,0.4393755588371868,11.669317322546195
25.702092050209203,Ds_plus,meson,0.3937625559332645,0.18341260867004172,11.377567751184174
25.702092050209203,J_psi,meson,-0.09093786642862314,-0.11204150189144589,3.7244148040524654
25.702092050209203,B_plus,meson,-0.03530991592773536,-0.4687906729083703,12.320353652430827
25.702092050209203,B0,meson,-0.10395815229059305,-0.45718587423927587,12.287050836244319
25.702092050209203,Bs0,meson,-0.09004955956821675,-0.46039121799931754,12.293879496489762
25.702092050209203,Upsilon_1S,meson,0.09841051347236732,0.14061184336505955,4.445367569337434
25.702092050209203,W,boson,-0.030764421961178016,-0.011966714878841708,0.7882310922760309
25.702092050209203,Z,boson,-0.03098711092243817,-0.008490189238374631,0.7649959817301074
25.702092050209203,Higgs,boson,-0.10791795219193138,-0.09353990003316577,3.685178675832777
25.702092050209203,top,quark,0.016435772328630555,-0.043286513893990956,1.1389084362748172
25.906276150627615,muon,lepton,0.3757687462325656,-0.515582606345963,16.74918461424223
25.906276150627615,tau,lepton,0.250180724979033,-0.3419647335550564,11.09597171977255
25.906276150627615,neutron,baryon,-0.7800401463115495,-0.6257294704121394,26.300073716822478
25.906276150627615,Lambda,baryon,0.1574289557247314,-0.5040388639616535,13.84879890259473
25.906276150627615,Sigma_plus,baryon,-0.48881970057391255,0.14415455211170744,13.362837396118582
25.906276150627615,Xi_minus,baryon,-0.14131304969225927,-0.503691109705165,13.719169493736818
25.906276150627615,Omega_minus,baryon,-0.47144850001136235,-0.20883916095266705,13.521150664275083
25.906276150627615,Delta_1232,baryon,0.006360586135237538,0.00964954819175837,0.22225309913704822
25.906276150627615,pi0,meson,-0.23204311318743392,-0.08527088789426729,6.439541066697468
25.906276150627615,pi_plus,meson,-0.5108650734071656,-0.2518141615167195,14.943771874719356
25.906276150627615,K_plus,meson,-0.06280345791754603,-0.574694454342246,15.169617903259415
25.906276150627615,K_short,meson,0.09148205207696071,0.48861604224511984,13.032361426487812
25.906276150627615,K_long,meson,0.28620598526878027,0.5291620166719478,15.789274872247002
25.906276150627615,eta,meson,-0.15835653044501,0.09744357607303913,4.82282926003031
25.906276150627615,rho_770,meson,0.0,-0.0,-0.08265966936381419
25.906276150627615,omega_782,meson,0.021543060954645674,-0.04215543593283461,1.1663292053773442
25.906276150627615,phi_1020,meson,0.046163956619293976,0.04302109025848185,1.582156678747984
25.906276150627615,D0,meson,0.42340250239571675,-0.07617434823665883,11.267197457307917
25.906276150627615,D_plus,meson,-0.017275003224123994,0.4451068766330898,11.669317322546195
25.906276150627615,Ds_plus,meson,0.41332723051343184,0.1336029041239129,11.377567751184174
25.906276150627615,J_psi,meson,-0.09538386483041794,-0.10828163291479094,3.7244148040524654
25.906276150627615,B_plus,meson,-0.09738848339271781,-0.4599206110527911,12.320353652430827
25.906276150627615,B0,meson,-0.1637229623069041,-0.4393415671718955,12.287050836244319
25.906276150627615,Bs0,meson,-0.1503957784367857,-0.4443535828793532,12.293879496489762
25.906276150627615,Upsilon_1S,meson,0.10506631181923468,0.13571068409347284,4.445367569337434
25.906276150627615,W,boson,-0.03086549874195338,-0.011703542669097167,0.7882310922760309
25.906276150627615,Z,boson,-0.03105641751325334,-0.008233060662074023,0.7649959817301074
25.906276150627615,Higgs,boson,-0.1115658348786731,-0.08915751113248557,3.685178675832777
25.906276150627615,top,quark,0.015900384048283513,-0.043486028609776975,1.1389084362748172
26.110460251046025,muon,lepton,0.2778642563081012,-0.5742987286056243,16.74918461424223
26.110460251046025,tau,lepton,0.20792331561616803,-0.36918581902558856,11.09597171977255
26.110460251046025,neutron,baryon,-0.9231070847699081,-0.38454298855602825,26.300073716822478
26.110460251046025,Lambda,baryon,0.08130287959965422,-0.521755588617063,13.84879890259473
26.110460251046025,Sigma_plus,baryon,-0.46329626703288435,0.2123247595479407,13.362837396118582
26.110460251046025,Xi_minus,baryon,-0.21345311407719,-0.47761059462714756,13.719169493736818
26.110460251046025,Omega_minus,baryon,-0.49662781391032623,-0.13870219090204705,13.521150664275083
26.110460251046025,Delta_1232,baryon,0.006383511145919447,0.009634397839967241,0.22225309913704822
26.110460251046025,pi0,meson,-0.23736231617533393,-0.06909603143360539,6.439541066697468
26.110460251046025,pi_plus,meson,-0.5444360915726687,-0.16728071425228275,14.943771874719356
26.110460251046025,K_plus,meson,-0.15483202305680302,-0.5569964405759433,15.169617903259415
26.110460251046025,K_short,meson,0.15849578695080438,0.47116206140811223,13.032361426487812
26.110460251046025,K_long,meson,0.37108966565127843,0.47351743995212936,15.789274872247002
26.110460251046025,eta,meson,-0.153120557058761,0.10548050179297723,4.82282926003031
26.110460251046025,rho_770,meson,0.0,-0.0,-0.08265966936381419
26.110460251046025,omega_782,meson,0.02101541636553562,-0.042420944461033394,1.1663292053773442
26.110460251046025,phi_1020,meson,0.046885469024904265,0.042233610928870874,1.582156678747984
26.110460251046025,D0,meson,0.41117108351690995,-0.12653280382479865,11.267197457307917
26.110460251046025,D_plus,meson,0.038280735920599364,0.4437940317532847,11.669317322546195
26.110460251046025,Ds_plus,meson,0.42649075939139297,0.08243038049166121,11.377567751184174
26.110460251046025,J_psi,meson,-0.09962130481523311,-0.10439630895578345,3.7244148040524654
26.110460251046025,B_plus,meson,-0.1569864694887793,-0.4431328622051799,12.320353652430827
26.110460251046025,B0,meson,-0.219893609993333,-0.4140930104646842,12.287050836244319
26.110460251046025,Bs0,meson,-0.2073690401409147,-0.4207933910844616,12.293879496489762
26.110460251046025,Upsilon_1S,meson,0.11139892243841458,0.1305626276389041,4.445367569337434
26.110460251046025,W,boson,-0.030963088729099607,-0.011442860654172483,0.7882310922760309
26.110460251046025,Z,boson,-0.03112275445614155,-0.007978628433861346,0.7649959817301074
26.110460251046025,Higgs,boson,-0.11499313046371136,-0.08469106948002544,3.685178675832777
26.110460251046025,top,quark,0.015369389903665091,-0.04367652402747233,1.1389084362748172
26.314644351464434,muon,lepton,0.17244270450737684,-0.6142402528928498,16.74918461424223
26.314644351464434,tau,lepton,0.1633215576956521,-0.39096846795909396,11.09597171977255
26.314644351464434,neutron,baryon,-0.9931766232061825,-0.11661987445013182,26.300073716822478
26.314644351464434,Lambda,baryon,0.004376170506155848,-0.528033996647976,13.84879890259473
26.314644351464434,Sigma_plus,baryon,-0.4288153643579049,0.27539538459148827,13.362837396118582
26.314644351464434,Xi_minus,baryon,-0.28019135817929713,-0.4417769966974155,13.719169493736818
26.314644351464434,Omega_minus,baryon,-0.5113145100208164,-0.06659545894841404,13.521150664275083
26.314644351464434,Delta_1232,baryon,0.006406113377232095,0.009619383955685065,0.22225309913704822
26.314644351464434,pi0,meson,-0.24151000586487162,-0.05280196745522506,6.439541066697468
26.314644351464434,pi_plus,meson,-0.5639641030736923,-0.07961146658593157,14.943771874719356
26.314644351464434,K_plus,meson,-0.24172417466492335,-0.5251546568018743,15.169617903259415
26.314644351464434,K_short,meson,0.2216564947116206,0.4449528075466586,13.032361426487812
26.314644351464434,K_long,meson,0.44455373524018355,0.4053372452366016,15.789274872247002
26.314644351464434,eta,meson,-0.14755028296060627,0.1131413065627606,4.82282926003031
26.314644351464434,rho_770,meson,0.0,-0.0,-0.08265966936381419
26.314644351464434,omega_782,meson,0.020491175170200757,-0.04267664459780139,1.1663292053773442
26.314644351464434,phi_1020,meson,0.04758475817286748,0.04144412970984215,1.582156678747984
26.314644351464434,D0,meson,0.39323720956295594,-0.17446119161399362,11.267197457307917
26.314644351464434,D_plus,meson,0.09255895827599318,0.43571940122666225,11.669317322546195
26.314644351464434,Ds_plus,meson,0.4332974583424494,0.030699317064397314,11.377567751184174
26.314644351464434,J_psi,meson,-0.10365048978931794,-0.10039706003223141,3.7244148040524654
26.314644351464434,B_plus,meson,-0.21316933178084466,-0.41901112295118675,12.320353652430827
26.314644351464434,B0,meson,-0.27164117369147495,-0.38214826152571074,12.287050836244319
26.314644351464434,Bs0,meson,-0.2601173703535609,-0.3903946086073339,12.293879496489762
26.314644351464434,Upsilon_1S,meson,0.11740503908470594,0.125189362383286,4.445367569337434
26.314644351464434,W,boson,-0.03105729505200166,-0.011184647855422945,0.7882310922760309
26.314644351464434,Z,boson,-0.031186214481395306,-0.007726861131359174,0.7649959817301074
26.314644351464434,Higgs,boson,-0.11820213155311571,-0.08015144041010473,3.685178675832777
26.314644351464434,top,quark,0.014842812759346171,-0.04385826953408263,1.1389084362748172
26.518828451882843,muon,lepton,0.06303290424536409,-0.6348656768120996,16.74918461424223
26.518828451882843,tau,lepton,0.11707174215398919,-0.40721552197263444,11.09597171977255
26.518828451882843,neutron,baryon,-0.9876243200960463,0.15683814062536652,26.300073716822478
26.518828451882843,Lambda,baryon,-0.0716930122893154,-0.5231626558473166,13.84879890259473
26.518828451882843,Sigma_plus,baryon,-0.3863873876023768,0.3323101281416309,13.362837396118582
26.518828451882843,Xi_minus,baryon,-0.34033992780546896,-0.39729440664413535,13.719169493736818
26.518828451882843,Omega_minus,baryon,-0.5155987316727155,0.005952411936733908,13.521150664275083
26.518828451882843,Delta_1232,baryon,0.006428400067221143,0.009604504613179925,0.22225309913704822
26.518828451882843,pi0,meson,-0.24450980055210814,-0.036470373372934774,6.439541066697468
26.518828451882843,pi_plus,meson,-0.569485663894962,0.00892041399215903,14.943771874719356
26.518828451882843,K_plus,meson,-0.3214660342283821,-0.48049722061174244,15.169617903259415
26.518828451882843,K_short,meson,0.2799203293403067,0.4108031302382088,13.032361426487812
26.518828451882843,K_long,meson,0.5050022919929793,0.3269541114190701,15.789274872247002
26.518828451882843,eta,meson,-0.14167337956940854,0.12041883064482001,4.82282926003031
26.518828451882843,rho_770,meson,0.0,-0.0,-0.08265966936381419
26.518828451882843,omega_782,meson,0.01997039575000263,-0.04292280917613827,1.1663292053773442
26.518828451882843,phi_1020,meson,0.04826231253632112,0.04065309688600562,1.582156678747984
26.518828451882843,D0,meson,0.37006395679713355,-0.21937383217668416,11.267197457307917
26.518828451882843,D_plus,meson,0.14478728367781143,0.4212543173044747,11.669317322546195
26.518828451882843,Ds_plus,meson,0.4338840703908193,-0.020826640039662413,11.377567751184174
26.518828451882843,J_psi,meson,-0.1074721827132345,-0.09629498242138121,3.7244148040524654
26.518828451882843,B_plus,meson,-0.26511889169325104,-0.388231191992669,12.320353652430827
26.518828451882843,B0,meson,-0.3182638110546044,-0.34428820427746887,12.287050836244319
26.518828451882843,Bs0,meson,-0.3079139243206982,-0.3539180865663018,12.293879496489762
26.518828451882843,Upsilon_1S,meson,0.1230825181194894,0.11961192829220921,4.445367569337434
26.518828451882843,W,boson,-0.031148217351021096,-0.01092888280889003,0.7882310922760309
26.518828451882843,Z,boson,-0.031246887058159846,-0.007477727315000339,0.7649959817301074
26.518828451882843,Higgs,boson,-0.12119548636898854,-0.07554899990932344,3.685178675832777
26.518828451882843,top,quark,0.014320670691089105,-0.04403152607042631,1.1389084362748172
26.723012552301252,muon,lepton,-0.046926818648059844,-0.6362589475231469,16.74918461424223
26.723012552301252,tau,lepton,0.069851055708913,-0.41791279492588596,11.09597171977255
26.723012552301252,neutron,baryon,-0.909597545430529,0.4154904395371292,26.300073716822478
26.723012552301252,Lambda,baryon,-0.14536485194627177,-0.50764959598425,13.84879890259473
26.723012552301252,Sigma_plus,baryon,-0.33711936567127365,0.38219859739812573,13.362837396118582
26.723012552301252,Xi_minus,baryon,-0.39292019210504936,-0.34538070971824486,13.719169493736818
26.723012552301252,Omega_minus,baryon,-0.5097762539129502,0.07749615640053928,13.521150664275083
26.723012552301252,Delta_1232,baryon,0.006450378234007143,0.00958975791806499,0.22225309913704822
26.723012552301252,pi0,meson,-0.2463898760111042,-0.020178198612008705,6.439541066697468
26.723012552301252,pi_plus,meson,-0.5613797121130027,0.09615775577455703,14.943771874719356
26.723012552301252,K_plus,meson,-0.3923463689382054,-0.4245966520818769,15.169617903259415
26.723012552301252,K_short,meson,0.33239907736065294,0.36962880834870426,13.032361426487812
26.723012552301252,K_long,meson,0.5512919379341394,0.24083916845234507,15.789274872247002
26.723012552301252,eta,meson,-0.1355168548711463,0.12730759324689248,4.82282926003031
26.723012552301252,rho_770,meson,0.0,-0.0,-0.08265966936381419
26.723012552301252,omega_782,meson,0.01945313046886718,-0.043159703068303586,1.1663292053773442
26.723012552301252,phi_1020,meson,0.04891861301217071,0.039860938257170776,1.582156678747984
26.723012552301252,D0,meson,0.3421615462120435,-0.26076366053961264,11.267197457307917
26.723012552301252,D_plus,meson,0.19427139142471986,0.400845586025793,11.669317322546195
26.723012552301252,Ds_plus,meson,0.42846991330814493,-0.0714329676267048,11.377567751184174
26.723012552301252,J_psi,meson,-0.11108756648623931,-0.09210073978446826,3.7244148040524654
26.723012552301252,B_plus,meson,-0.3121382907540712,-0.35154113929074265,12.320353652430827
26.723012552301252,B0,meson,-0.35918866999130294,-0.30134651214421576,12.287050836244319
26.723012552301252,Bs0,meson,-0.3501595203984684,-0.3121815290238029,12.293879496489762
26.723012552301252,Upsilon_1S,meson,0.12843029144512616,0.11385069123960112,4.445367569337434
26.723012552301252,W,boson,-0.031235951912358968,-0.010675543626705941,0.7882310922760309
26.723012552301252,Z,boson,-0.03130485852540927,-0.00723119556691768,0.7649959817301074
26.723012552301252,Higgs,boson,-0.12397616188327779,-0.0708936427911977,3.685178675832777
26.723012552301252,top,quark,0.01380297731983949,-0.04419654640626626,1.1389084362748172
26.927196652719665,muon,lepton,-0.15418738315154357,-0.619074975660113,16.74918461424223
26.927196652719665,tau,lepton,0.022309318553278928,-0.42312240362819786,11.09597171977255
26.927196652719665,neutron,baryon,-0.7673072759928296,0.6412796146833795,26.300073716822478
26.927196652719665,Lambda,baryon,-0.21524145053536062,-0.482193084205661,13.84879890259473
26.927196652719665,Sigma_plus,baryon,-0.28218445950738535,0.42437856375672567,13.362837396118582
26.927196652719665,Xi_minus,baryon,-0.437166246646226,-0.2873321854623991,13.719169493736818
26.927196652719665,Omega_minus,baryon,-0.49432528651070934,0.14669694757043397,13.521150664275083
26.927196652719665,Delta_1232,baryon,0.006472054684161026,0.00957514200699251,0.22225309913704822
26.927196652719665,pi0,meson,-0.24718242242750327,-0.0039975921333104845,6.439541066697468
26.927196652719665,pi_plus,meson,-0.5403296998652406,0.18010361076673645,14.943771874719356
26.927196652719665,K_plus,meson,-0.452975409291313,-0.35920922699103963,15.169617903259415
26.927196652719665,K_short,meson,0.3783644840978662,0.3224204084186546,13.032361426487812
26.927196652719665,K_long,meson,0.5827258640890935,0.1495221495752899,15.789274872247002
26.927196652719665,eta,meson,-0.1291069982219885,0.13380367806077306,4.82282926003031
26.927196652719665,rho_770,meson,0.0,-0.0,-0.08265966936381419
26.927196652719665,omega_782,meson,0.018939426049908604,-0.043387583418334624,1.1663292053773442
26.927196652719665,phi_1020,meson,0.049554132744375735,0.0390680563341624,1.582156678747984
26.927196652719665,D0,meson,0.31007581481790536,-0.29820328540988067,11.267197457307917
26.927196652719665,D_plus,meson,0.24039958836829423,0.37500212702705144,11.669317322546195
26.927196652719665,Ds_plus,meson,0.4173467024537312,-0.12046105356190383,11.377567751184174
26.927196652719665,J_psi,meson,-0.1144982066172103,-0.08782456591480312,3.7244148040524654
26.927196652719665,B_plus,meson,-0.3536541431200566,-0.30974220284411497,12.320353652430827
26.927196652719665,B0,meson,-0.3939711831670092,-0.25419073127396286,12.287050836244319
26.927196652719665,Bs0,meson,-0.3863825142349988,-0.2660405034628485,12.293879496489762
26.927196652719665,Upsilon_1S,meson,0.13344828318904298,0.10792532311886781,4.445367569337434
26.927196652719665,W,boson,-0.03132059179711879,-0.010424608053790743,0.7882310922760309
26.927196652719665,Z,boson,-0.031360212217030004,-0.00698723452631594,0.7649959817301074
26.927196652719665,Higgs,boson,-0.12654740937748576,-0.06619479196554415,3.685178675832777
26.927196652719665,top,quark,0.013289742124329679,-0.044353575407198774,1.1389084362748172
27.131380753138075,muon,lepton,-0.25577141776057555,-0.584472887710316,16.74918461424223
27.131380753138075,tau,lepton,-0.024937994111589604,-0.42297561465893707,11.09597171977255
27.131380753138075,neutron,baryon,-0.5730244049693147,0.8195383037476424,26.300073716822478
27.131380753138075,Lambda,baryon,-0.28008475447193343,-0.44765118429054834,13.84879890259473
27.131380753138075,Sigma_plus,baryon,-0.22279325185055082,0.45835401328400466,13.362837396118582
27.131380753138075,Xi_minus,baryon,-0.47252335148705005,-0.2244900761922299,13.719169493736818
27.131380753138075,Omega_minus,baryon,-0.4698817717434163,0.21234077303628138,13.521150664275083
27.131380753138075,Delta_1232,baryon,0.006493436020697908,0.00956065504732527,0.22225309913704822
27.131380753138075,pi0,meson,-0.24692312890194804,0.01200412900900923,6.439541066697468
27.131380753138075,pi_plus,meson,-0.5072818736976585,0.25895674500864035,14.943771874719356
27.131380753138075,K_plus,meson,-0.5022932279891161,-0.2862158334096955,15.169617903259415
27.131380753138075,K_short,meson,0.4172488939160348,0.2702183619174353,13.032361426487812
27.131380753138075,K_long,meson,0.5990359177617571,0.05551824135656164,15.789274872247002
27.131380753138075,eta,meson,-0.12246933433724475,0.13990462250932137,4.82282926003031
27.131380753138075,rho_770,meson,0.0,-0.0,-0.08265966936381419
27.131380753138075,omega_782,meson,0.01842932392933343,-0.043606699869293025,1.1663292053773442
27.131380753138075,phi_1020,meson,0.05016933698168324,0.0382748314770269,1.582156678747984
27.131380753138075,D0,meson,0.2743773244545494,-0.3313446758126613,11.267197457307917
27.131380753138075,D_plus,meson,0.2826455136986669,0.34428196430901636,11.669317322546195
27.131380753138075,Ds_plus,meson,0.40086826925125585,-0.16731337717513728,11.377567751184174
27.131380753138075,J_psi,meson,-0.11770601610210862,-0.08347626890351006,3.7244148040524654
27.131380753138075,B_plus,meson,-0.389216194186835,-0.2636707024897198,12.320353652430827
27.131380753138075,B0,meson,-0.42229208921709604,-0.203704718689247,12.287050836244319
27.131380753138075,Bs0,meson,-0.4162363506452862,-0.21637074014482482,12.293879496489762
27.131380753138075,Upsilon_1S,meson,0.13813733017608026,0.10185478716407795,4.445367569337434
27.131380753138075,W,boson,-0.03140222696483757,-0.010176053520188076,0.7882310922760309
27.131380753138075,Z,boson,-0.03141302858130118,-0.006745812921602151,0.7649959817301074
27.131380753138075,Higgs,boson,-0.12891273231595782,-0.0614614086264612,3.685178675832777
27.131380753138075,top,quark,0.012780970733692446,-0.04450285029341095,1.1389084362748172
27.335564853556484,muon,lepton,-0.3490388111145229,-0.5340407128182747,16.74918461424223
27.335564853556484,tau,lepton,-0.07131549054924616,-0.4176653863490912,11.09597171977255
27.335564853556484,neutron,baryon,-0.3418908322098567,0.9397396761076184,26.300073716822478
27.335564853556484,Lambda,baryon,-0.33882911472146254,-0.40501096713719215,13.84879890259473
27.335564853556484,Sigma_plus,baryon,-0.1601672412395302,0.4838095590182304,13.362837396118582
27.335564853556484,Xi_minus,baryon,-0.4986419739451257,-0.15820965150538702,13.719169493736818
27.335564853556484,Omega_minus,baryon,-0.43721392347181937,0.2733522789968205,13.521150664275083
27.335564853556484,Delta_1232,baryon,0.006514528650709441,0.00954629523678841,0.22225309913704822
27.335564853556484,pi0,meson,-0.24565069639352755,0.027764474808069674,6.439541066697468
27.335564853556484,pi_plus,meson,-0.4634012971272873,0.3311385404757724,14.943771874719356
27.335564853556484,K_plus,meson,-0.5395687592476659,-0.20756575878999692,15.169617903259415
27.335564853556484,K_short,meson,0.4486426513834488,0.214089639990182,13.032361426487812
27.335564853556484,K_long,meson,0.6003546828832387,-0.038737070516004966,15.789274872247002
27.335564853556484,eta,meson,-0.11562858565234416,0.14560931094034496,4.82282926003031
27.335564853556484,rho_770,meson,0.0,-0.0,-0.08265966936381419
27.335564853556484,omega_782,meson,0.017922860589040367,-0.04381729478514992,1.1663292053773442
27.335564853556484,phi_1020,meson,0.05076468296648513,0.03748162297831768,1.582156678747984
27.335564853556484,D0,meson,0.23565121388219346,-0.3599176513594234,11.267197457307917
27.335564853556484,D_plus,meson,0.3205691641500347,0.3092797574342786,11.669317322546195
27.335564853556484,Ds_plus,meson,0.37944036565392675,-0.2114571927995391,11.377567751184174
27.335564853556484,J_psi,meson,-0.12071322242488515,-0.07906523653592126,3.7244148040524654
27.335564853556484,B_plus,meson,-0.4184948031684959,-0.21418119639610814,12.320353652430827
27.335564853556484,B0,meson,-0.4439525221751662,-0.1507726072133584,12.287050836244319
27.335564853556484,Bs0,meson,-0.4394951305431914,-0.16405190342738526,12.293879496489762
27.335564853556484,Upsilon_1S,meson,0.14249910619546238,0.09565732794673583,4.445367569337434
27.335564853556484,W,boson,-0.03148094439174056,-0.00992985718935786,0.7882310922760309
27.335564853556484,Z,boson,-0.031463385295046456,-0.00650689959952926,0.7649959817301074
27.335564853556484,Higgs,boson,-0.1310758564211328,-0.05670200320077955,3.685178675832777
27.335564853556484,top,quark,0.01227666520138653,-0.04464460089043596,1.1389084362748172
27.539748953974893,muon,lepton,-0.4317353830360662,-0.4697149493537456,16.74918461424223
27.539748953974893,tau,lepton,-0.11629242081090854,-0.4074387647344737,11.09597171977255
27.539748953974893,neutron,baryon,-0.09065306695537685,0.995882533962507,26.300073716822478
27.539748953974893,Lambda,baryon,-0.3905888591680078,-0.35535812299449115,13.84879890259473
27.539748953974893,Sigma_plus,baryon,-0.09551484152881067,0.5006017874632717,13.362837396118582
27.539748953974893,Xi_minus,baryon,-0.5153681162421607,-0.08983215888730572,13.719169493736818
27.539748953974893,Omega_minus,baryon,-0.3971966641943586,0.328804338875343,13.521150664275083
27.539748953974893,Delta_1232,baryon,0.006535338792653651,0.009532060803104415,0.22225309913704822
27.539748953974893,pi0,meson,-0.24340637958103753,0.04322574556031224,6.439541066697468
27.539748953974893,pi_plus,meson,-0.4100270410945861,0.39531167543964063,14.943771874719356
27.539748953974893,K_plus,meson,-0.5643906481627459,-0.12522454409806585,15.169617903259415
27.539748953974893,K_short,meson,0.4722887190088274,0.1551063135030208,13.032361426487812
27.539748953974893,K_long,meson,0.5871796130227676,-0.1309442932793522,15.789274872247002
27.539748953974893,eta,meson,-0.1086086422912431,0.15091787194410192,4.82282926003031
27.539748953974893,rho_770,meson,0.0,-0.0,-0.08265966936381419
27.539748953974893,omega_782,meson,0.017420067869238814,-0.044019603467251,1.1663292053773442
27.539748953974893,phi_1020,meson,0.05134061985176234,0.03668877009404002,1.582156678747984
27.539748953974893,D0,meson,0.1944878710582292,-0.3837273490063906,11.267197457307917
27.539748953974893,D_plus,meson,0.35381642929484614,0.2706150249404184,11.669317322546195
27.539748953974893,Ds_plus,meson,0.3535107159812224,-0.25242683922414155,11.377567751184174
27.539748953974893,J_psi,meson,-0.12352233659674684,-0.07460044274909468,3.7244148040524654
27.539748953974893,B_plus,meson,-0.44127656702702733,-0.16213104749414234,12.320353652430827
27.539748953974893,B0,meson,-0.4588675014704567,-0.09626441256178477,12.287050836244319
27.539748953974893,Bs0,meson,-0.4560475228767822,-0.10995296115737765,12.293879496489762
27.539748953974893,Upsilon_1S,meson,0.146536050041436,0.08935046555373286,4.445367569337434
27.539748953974893,W,boson,-0.031556828183962986,-0.009685996002721804,0.7882310922760309
27.539748953974893,Z,boson,-0.031511357372717326,-0.006270463551587949,0.7649959817301074
27.539748953974893,Higgs,boson,-0.13304070184055986,-0.05192464691537042,3.685178675832777
27.539748953974893,top,quark,0.011776824261646605,-0.04477904987205001,1.1389084362748172
27.743933054393302,muon,lepton,-0.5020252575414039,-0.393698127252566,16.74918461424223
27.743933054393302,tau,lepton,-0.15938612698961613,-0.39258927222947043,11.09597171977255
27.743933054393302,neutron,baryon,0.1635839776000617,0.9865294127761942,26.300073716822478
27.743933054393302,Lambda,baryon,-0.4346613212379231,-0.2998476084680962,13.84879890259473
27.743933054393302,Sigma_plus,baryon,-0.03001008744682519,0.5087480999621821,13.362837396118582
27.743933054393302,Xi_minus,baryon,-0.5227305993395236,-0.020659925544149204,13.719169493736818
27.743933054393302,Omega_minus,baryon,-0.3507865249440236,0.3779236658745697,13.521150664275083
27.743933054393302,Delta_1232,baryon,0.006555872483320103,0.009517950003613676,0.22225309913704822
27.743933054393302,pi0,meson,-0.24023355778363276,0.058334967340446554,6.439541066697468
27.743933054393302,pi_plus,meson,-0.348627785584151,0.4503911214559723,14.943771874719356
27.743933054393302,K_plus,meson,-0.5766511765523952,-0.041126764507691975,15.169617903259415
27.743933054393302,K_short,meson,0.48807496347866164,0.09432620323536596,13.032361426487812
27.743933054393302,K_long,meson,0.5603311991972684,-0.21898687882644302,15.789274872247002
27.743933054393302,eta,meson,-0.10143253892609215,0.1558315799171989,4.82282926003031
27.743933054393302,rho_770,meson,0.0,-0.0,-0.08265966936381419
27.743933054393302,omega_782,meson,0.016920973262324248,-0.04421385436532999,1.1663292053773442
27.743933054393302,phi_1020,meson,0.051897588643340535,0.035896593024730215,1.582156678747984
27.743933054393302,D0,meson,0.15147447680180592,-0.4026508329084318,11.267197457307917
27.743933054393302,D_plus,meson,0.38211732762785133,0.22892117702171513,11.669317322546195
27.743933054393302,Ds_plus,meson,0.3235594499847416,-0.28982480535630245,11.377567751184174
27.743933054393302,J_psi,meson,-0.12613612414764672,-0.07009045499702815,3.7244148040524654
27.743933054393302,B_plus,meson,-0.45745839561606516,-0.10836651442711448,12.320353652430827
27.743933054393302,B0,meson,-0.4670581397843615,-0.04102334814196565,12.287050836244319
27.743933054393302,Bs0,meson,-0.46588933794792425,-0.05491922774192824,12.293879496489762
27.743933054393302,Upsilon_1S,meson,0.15025129728363026,0.08295099349013967,4.445367569337434
27.743933054393302,W,boson,-0.03162995968597041,-0.009444446720734368,0.7882310922760309
27.743933054393302,Z,boson,-0.03155701727065473,-0.006036473937862938,0.7649959817301074
27.743933054393302,Higgs,boson,-0.13481135729752006,-0.04713698385678725,3.685178675832777
27.743933054393302,top,quark,0.01128144356958995,-0.04490641299546656,1.1389084362748172
27.948117154811715,muon,lepton,-0.5585079574552516,-0.30837710043200894,16.74918461424223
27.948117154811715,tau,lepton,-0.20016446638368454,-0.3734494082787521,11.09597171977255
27.948117154811715,neutron,baryon,0.40450075665469354,0.9145376634484664,26.300073716822478
27.948117154811715,Lambda,baryon,-0.4705258133489767,-0.23967584662751834,13.84879890259473
27.948117154811715,Sigma_plus,baryon,0.035225842615403694,0.50841358614393,13.362837396118582
27.948117154811715,Xi_minus,baryon,-0.5209259498342309,0.04806523482364165,13.719169493736818
27.948117154811715,Omega_minus,baryon,-0.2989974819013216,0.42009283393917396,13.521150664275083
27.948117154811715,Delta_1232,baryon,0.00657613558448715,0.009503961124882884,0.22225309913704822
27.948117154811715,pi0,meson,-0.2361773347969614,0.0730438034893925,6.439541066697468
27.948117154811715,pi_plus,meson,-0.2807588872866752,0.4955481231699149,14.943771874719356
27.948117154811715,K_plus,meson,-0.5765245227089505,0.0428656610044634,15.169617903259415
27.948117154811715,K_short,meson,0.4960245485439057,0.032775750690274275,13.032361426487812
27.948117154811715,K_long,meson,0.5209070448367997,-0.30096869692941214,15.789274872247002
27.948117154811715,eta,meson,-0.09412243785922193,0.16035276094885442,4.82282926003031
27.948117154811715,rho_770,meson,0.0,-0.0,-0.08265966936381419
27.948117154811715,omega_782,meson,0.016425600189167118,-0.04440026928306331,1.1663292053773442
27.948117154811715,phi_1020,meson,0.05243602216492335,0.03510539384903928,1.582156678747984
27.948117154811715,D0,meson,0.10718744847626546,-0.4166330054777017,11.267197457307917
27.948117154811715,D_plus,meson,0.40528313112121617,0.1848354430055048,11.669317322546195
27.948117154811715,Ds_plus,meson,0.29009002526017574,-0.3233216861251309,11.377567751184174
27.948117154811715,J_psi,meson,-0.128557577983596,-0.06554344238497557,3.7244148040524654
27.948117154811715,B_plus,meson,-0.46704033481954793,-0.053710434929824816,12.320353652430827
27.948117154811715,B0,meson,-0.4686428665041641,0.014145130128964447,12.287050836244319
27.948117154811715,Bs0,meson,-0.4691150602166617,0.00023888751080683448,12.293879496489762
27.948117154811715,Upsilon_1S,meson,0.15364861570404756,0.07647497988652856,4.445367569337434
27.948117154811715,W,boson,-0.03170041758439863,-0.009205185960731815,0.7882310922760309
27.948117154811715,Z,boson,-0.031600434986762745,-0.005804900108553167,0.7649959817301074
27.948117154811715,Higgs,boson,-0.13639205611961172,-0.042346243410476464,3.685178675832777
27.948117154811715,top,quark,0.010790515926034437,-0.045026899328992745,1.1389084362748172
28.152301255230125,muon,lepton,-0.6002215735036665,-0.21624439255729447,16.74918461424223
28.152301255230125,tau,lepton,-0.23824729450955512,-0.3503833626262705,11.09597171977255
28.152301255230125,neutron,baryon,0.617540907369921,0.7865387642861188,26.300073716822478
28.152301255230125,Lambda,baryon,-0.49783905878953305,-0.17605488924731857,13.84879890259473
28.152301255230125,Sigma_plus,baryon,0.09914025304441831,0.49989643406408213,13.362837396118582
28.152301255230125,Xi_minus,baryon,-0.5103015002115274,0.11518025391190942,13.719169493736818
28.152301255230125,Omega_minus,baryon,-0.24287811570388299,0.45484910049653693,13.521150664275083
28.152301255230125,Delta_1232,baryon,0.006596133789287128,0.00949009248230321,0.22225309913704822
28.152301255230125,pi0,meson,-0.23128416726092205,0.08730844560759755,6.439541066697468
28.152301255230125,pi_plus,meson,-0.20802178054713893,0.5302079158081998,14.943771874719356
28.152301255230125,K_plus,meson,-0.5644405856508955,0.12499926179064792,15.169617903259415
28.152301255230125,K_short,meson,0.496284851005686,-0.02856482546350623,13.032361426487812
28.152301255230125,K_long,meson,0.47023357120200615,-0.37524218100661855,15.789274872247002
28.152301255230125,eta,meson,-0.08669961770426006,0.16448470306511395,4.82282926003031
28.152301255230125,rho_770,meson,0.0,-0.0,-0.08265966936381419
28.152301255230125,omega_782,meson,0.015933968258897212,-0.04457906357817937,1.1663292053773442
28.152301255230125,phi_1020,meson,0.0529563450435891,0.03431545741208814,1.582156678747984
28.152301255230125,D0,meson,0.06218579280080767,-0.42568196759784144,11.267197457307917
28.152301255230125,D_plus,meson,0.4232025596483764,0.1389897509513581,11.669317322546195
28.152301255230125,Ds_plus,meson,0.2536207233995319,-0.35265516320698503,11.377567751184174
28.152301255230125,J_psi,meson,-0.13078989302379462,-0.06096718444790883,3.7244148040524654
28.152301255230125,B_plus,meson,-0.470117417117299,0.0010484711087594596,12.320353652430827
28.152301255230125,B0,meson,-0.463827941733266,0.06848256346755041,12.287050836244319
28.152301255230125,Bs0,meson,-0.4659086169677845,0.054755432830826685,12.293879496489762
28.152301255230125,Upsilon_1S,meson,0.15673234432180946,0.06993777162452912,4.445367569337434
28.152301255230125,W,boson,-0.03176827800752308,-0.00896819023179307,0.7882310922760309
28.152301255230125,Z,boson,-0.031641678155816144,-0.0055757116233398326,0.7649959817301074
28.152301255230125,Higgs,boson,-0.13778715404256373,-0.03755925297933187,3.685178675832777
28.152301255230125,top,quark,0.010304031488011504,-0.045140711472320835,1.1389084362748172
28.356485355648534,muon,lepton,-0.6266335963938443,-0.1198244986728804,16.74918461424223
28.356485355648534,tau,lepton,-0.27330709832909345,-0.32378002432106046,11.09597171977255
28.356485355648534,neutron,baryon,0.7906796435016863,0.6122301049050481,26.300073716822478
28.356485355648534,Lambda,baryon,-0.516427604022212,-0.11018884829333328,13.84879890259473
28.356485355648534,Sigma_plus,baryon,0.16076173918891865,0.48361234245690066,13.362837396118582
28.356485355648534,Xi_minus,baryon,-0.4913372671797823,0.17961570613298444,13.719169493736818
28.356485355648534,Omega_minus,baryon,-0.18349039636435496,0.4818804392714332,13.521150664275083
28.356485355648534,Delta_1232,baryon,0.006615872628294285,0.009476342419680164,0.22225309913704822
28.356485355648534,pi0,meson,-0.22560152097591968,0.10108948725433649,6.439541066697468
28.356485355648534,pi_plus,meson,-0.13202639741643937,0.5540419889799992,14.943771874719356
28.356485355648534,K_plus,meson,-0.5410555473612332,0.2036587460625474,15.169617903259415
28.356485355648534,K_short,meson,0.4891152885803137,-0.08877407880959926,13.032361426487812
28.356485355648534,K_long,meson,0.4098169000209448,-0.4404275358662524,15.789274872247002
28.356485355648534,eta,meson,-0.07918446708731251,0.1682315708319395,4.82282926003031
28.356485355648534,rho_770,meson,0.0,-0.0,-0.08265966936381419
28.356485355648534,omega_782,meson,0.015446093513197492,-0.04475044635715336,1.1663292053773442
28.356485355648534,phi_1020,meson,0.053458973713636455,0.033527052170765397,1.582156678747984
28.356485355648534,D0,meson,0.017005360302444004,-0.42986396462743737,11.267197457307917
28.356485355648534,D_plus,meson,0.43583721784054247,0.09200259185193452,11.669317322546195
28.356485355648534,Ds_plus,meson,0.21467678271320795,-0.37762814306954556,11.377567751184174
28.356485355648534,J_psi,meson,-0.1328364425325229,-0.05636908046069865,3.7244148040524654
28.356485355648534,B_plus,meson,-0.46687079855322317,0.05516468641243334,12.320353652430827
28.356485355648534,B0,meson,-0.4528975109073291,0.12128505944901391,12.287050836244319
28.356485355648534,Bs0,meson,-0.45653363516116585,0.10791680478895073,12.293879496489762
28.356485355648534,Upsilon_1S,meson,0.1595073359139754,0.06335400102630652,4.445367569337434
28.356485355648534,W,boson,-0.03183361462055789,-0.008733435966829227,0.7882310922760309
28.356485355648534,Z,boson,-0.03168081214061219,-0.005348878268771725,0.7649959817301074
28.356485355648534,Higgs,boson,-0.1390011086897398,-0.03278245089278382,3.685178675832777
28.356485355648534,top,quark,0.009821977965891581,-0.045248045769632865,1.1389084362748172
28.560669456066943,muon,lepton,-0.6376211477966657,-0.02160663079133515,16.74918461424223
28.560669456066943,tau,lepton,-0.30506887132022825,-0.2940463533149447,11.09597171977255
28.560669456066943,neutron,baryon,0.9149590450046686,0.40354670852844865,26.300073716822478
28.560669456066943,Lambda,baryon,-0.526277727878821,-0.04325281057965333,13.84879890259473
28.560669456066943,Sigma_plus,baryon,0.21921026466640794,0.46007835683563714,13.362837396118582
28.560669456066943,Xi_minus,baryon,-0.4646271210180212,0.24040746748770614,13.719169493736818
28.560669456066943,Omega_minus,baryon,-0.12189031972042562,0.5010191945113779,13.521150664275083
28.560669456066943,Delta_1232,baryon,0.006635357475349545,0.009462709308816696,0.22225309913704822
28.560669456066943,pi0,meson,-0.21917755442139927,0.11435178327357881,6.439541066697468
28.560669456066943,pi_plus,meson,-0.05435712156180533,0.5669557288741267,14.943771874719356
28.560669456066943,K_plus,meson,-0.5072202662038633,0.2773906842888109,15.169617903259415
28.560669456066943,K_short,meson,0.4748744165082351,-0.14699962971878452,13.032361426487812
28.560669456066943,K_long,meson,0.3412942665361165,-0.49542358595606883,15.789274872247002
28.560669456066943,eta,meson,-0.07159648283138731,0.17159832428860838,4.82282926003031
28.560669456066943,rho_770,meson,0.0,-0.0,-0.08265966936381419
28.560669456066943,omega_782,meson,0.014961988656053386,-0.044914620664534534,1.1663292053773442
28.560669456066943,phi_1020,meson,0.05394431643685189,0.03274043099803802,1.582156678747984
28.560669456066943,D0,meson,-0.027846019937079938,-0.4292980427836801,11.267197457307917
28.560669456066943,D_plus,meson,0.44321643619050255,0.044471879351431806,11.669317322546195
28.560669456066943,Ds_plus,meson,0.17378321100963043,-0.3981061806169673,11.377567751184174
28.560669456066943,J_psi,meson,-0.13470075606213822,-0.05175615917907076,3.7244148040524654
28.560669456066943,B_plus,meson,-0.45755841852706985,0.10794340555917804,12.320353652430827
28.560669456066943,B0,meson,-0.4362034239611099,0.17190926082154298,12.287050836244319
28.560669456066943,Bs0,meson,-0.44132341335207254,0.15906804083976364,12.293879496489762
28.560669456066943,Upsilon_1S,meson,0.16197890293053674,0.056737594783659924,4.445367569337434
28.560669456066943,W,boson,-0.03189649871697498,-0.008500899552101364,0.7882310922760309
28.560669456066943,Z,boson,-0.03171790011916602,-0.0051243700738244575,0.7649959817301074
28.560669456066943,Higgs,boson,-0.140038460631227,-0.028021899427963962,3.685178675832777
28.560669456066943,top,quark,0.009344340807979594,-0.04534909251570066,1.1389084362748172
28.764853556485352,muon,lepton,-0.6334424160192248,0.07601499983172928,16.74918461424223
28.764853556485352,tau,lepton,-0.3333093214729757,-0.2616011665983923,11.09597171977255
28.764853556485352,neutron,baryon,0.9847847427824554,0.17377862464323127,26.300073716822478
28.764853556485352,Lambda,baryon,-0.5275233472551428,0.023625634066913176,13.84879890259473
28.764853556485352,Sigma_plus,baryon,0.27370463945446416,0.4298965048762298,13.362837396118582
28.764853556485352,Xi_minus,baryon,-0.43085970325332984,0.2967052883279972,13.719169493736818
28.764853556485352,Omega_minus,baryon,-0.059110551284278175,0.5122337611259592,13.521150664275083
28.764853556485352,Delta_1232,baryon,0.006654593553135248,0.009449191549091067,0.22225309913704822
28.764853556485352,pi0,meson,-0.21206082859938202,0.12706429739992467,6.439541066697468
28.764853556485352,pi_plus,meson,0.02345736686692979,0.5690722687913614,14.943771874719356
28.764853556485352,K_plus,meson,-0.46394749764377236,0.3449213092985335,15.169617903259415
28.764853556485352,K_short,meson,0.45400661511170803,-0.20246628367781616,13.032361426487812
28.764853556485352,K_long,meson,0.26638711448094465,-0.5394109853632129,15.789274872247002
28.764853556485352,eta,meson,-0.06395427212758627,0.17459064215791806,4.82282926003031
28.764853556485352,rho_770,meson,0.0,-0.0,-0.08265966936381419
28.764853556485352,omega_782,meson,0.014481663269845806,-0.04507178366696509,1.1663292053773442
28.764853556485352,phi_1020,meson,0.054412773337437485,0.03195583194825556,1.582156678747984
28.764853556485352,D0,meson,-0.07189255789869829,-0.4241505280947048,11.267197457307917
28.764853556485352,D_plus,meson,0.4454316661103425,-0.0030312025043709658,11.669317322546195
28.764853556485352,Ds_plus,meson,0.13145830480369866,-0.4140143108304168,11.377567751184174
28.764853556485352,J_psi,meson,-0.1363864989252929,-0.04713508892090966,3.7244148040524654
28.764853556485352,B_plus,meson,-0.44250539504368247,0.15874652917761983,12.320353652430827
28.764853556485352,B0,meson,-0.4141550164761649,0.21977680350581283,12.287050836244319
28.764853556485352,Bs0,meson,-0.42067080955526653,0.2076175974657294,12.293879496489762
28.764853556485352,Upsilon_1S,meson,0.16415276669374743,0.05010178483051432,4.445367569337434
28.764853556485352,W,boson,-0.03195699930602462,-0.008270557354353164,0.7882310922760309
28.764853556485352,Z,boson,-0.031753003168138734,-0.00490215732377806,0.7649959817301074
28.764853556485352,Higgs,boson,-0.1409038159299791,-0.023283297873909585,3.685178675832777
28.764853556485352,top,quark,0.008871103373379138,-0.04544403615516641,1.1389084362748172
28.969037656903765,muon,lepton,-0.6147011058284347,0.1707926377364961,16.74918461424223
28.969037656903765,tau,lepton,-0.35785550125882565,-0.22686937731921838,11.09597171977255
28.969037656903765,neutron,baryon,0.997994165130437,-0.0633059741699156,26.300073716822478
28.969037656903765,Lambda,baryon,-0.5204323931264303,0.08938219436235856,13.84879890259473
28.969037656903765,Sigma_plus,baryon,0.32356756491612093,0.3937375591659352,13.362837396118582
28.969037656903765,Xi_minus,baryon,-0.3907994926027161,0.34777847631906006,13.719169493736818
28.969037656903765,Omega_minus,baryon,0.0038548292664362807,0.5156186804235318,13.521150664275083
28.969037656903765,Delta_1232,baryon,0.006673585938512396,0.009435787567030791,0.22225309913704822
28.969037656903765,pi0,meson,-0.2043000422228145,0.1391999405450634,6.439541066697468
28.969037656903765,pi_plus,meson,0.09997014052578036,0.5607133547285393,14.943771874719356
28.969037656903765,K_plus,meson,-0.4123788302569848,0.40516871860252696,15.169617903259415
28.969037656903765,K_short,meson,0.42702865438591964,-0.25448208370108755,13.032361426487812
28.969037656903765,K_long,meson,0.1868568222205799,-0.5718486109816328,15.789274872247002
28.969037656903765,eta,meson,-0.05627555823493471,0.17721484925883052,4.82282926003031
28.969037656903765,rho_770,meson,0.0,-0.0,-0.08265966936381419
28.969037656903765,omega_782,meson,0.014005124018617605,-0.04522212683196184,1.1663292053773442
28.969037656903765,phi_1020,meson,0.05486473644999385,0.031173478985336477,1.582156678747984
28.969037656903765,D0,meson,-0.11469371425660342,-0.4146294276510765,11.267197457307917
28.969037656903765,D_plus,meson,0.4426305656641799,-0.049967386386184594,11.669317322546195
28.969037656903765,Ds_plus,meson,0.0882078863874483,-0.4253334036415505,11.377567751184174
28.969037656903765,J_psi,meson,-0.13789745311655394,-0.042512187907102476,3.7244148040524654
28.969037656903765,B_plus,meson,-0.42209434376445304,0.20699722251943906,12.320353652430827
28.969037656903765,B0,meson,-0.3872090239597186,0.2643773681610571,12.287050836244319
28.969037656903765,Bs0,meson,-0.3950182200006078,0.2530407134373367,12.293879496489762
28.969037656903765,Upsilon_1S,meson,0.1660350097659804,0.04345912088878272,4.445367569337434
28.969037656903765,W,boson,-0.03201518319663001,-0.008042385745730126,0.7882310922760309
28.969037656903765,Z,boson,-0.03178618034267785,-0.004682210572545806,0.7649959817301074
28.969037656903765,Higgs,boson,-0.14160183008618044,-0.018571995578265867,3.685178675832777
28.969037656903765,top,quark,0.008402247093871665,-0.0455330554751905,1.1389084362748172
29.173221757322175,muon,lepton,-0.5823056607891098,0.26066778094856424,16.74918461424223
29.173221757322175,tau,lepton,-0.37858294539240744,-0.19027671324790305,11.09597171977255
29.173221757322175,neutron,baryon,0.9557190792251001,-0.29428054914507484,26.300073716822478
29.173221757322175,Lambda,baryon,-0.5053920981684551,0.15302901552718812,13.84879890259473
29.173221757322175,Sigma_plus,baryon,0.3682284374773648,0.3523252082901178,13.362837396118582
29.173221757322175,Xi_minus,baryon,-0.34526836166623315,0.3930189186816109,13.719169493736818
29.173221757322175,Omega_minus,baryon,0.06606344469375704,0.5113835200566914,13.521150664275083
29.173221757322175,Delta_1232,baryon,0.006692339567632074,0.00942249581588389,0.22225309913704822
29.173221757322175,pi0,meson,-0.19594379119038005,0.1507354019264676,6.439541066697468
29.173221757322175,pi_plus,meson,0.17383787898757874,0.5423779927290349,14.943771874719356
29.173221757322175,K_plus,meson,-0.353752110740111,0.45724985984147554,15.169617903259415
29.173221757322175,K_short,meson,0.39451638520420257,-0.3024424315417824,13.032361426487812
29.173221757322175,K_long,meson,0.10446381246053095,-0.5924640223492116,15.789274872247002
29.173221757322175,eta,meson,-0.0485771892870386,0.17947784802993033,4.82282926003031
29.173221757322175,rho_770,meson,0.0,-0.0,-0.08265966936381419
29.173221757322175,omega_782,meson,0.01353237483929121,-0.04536583610154034,1.1663292053773442
29.173221757322175,phi_1020,meson,0.05530058977909446,0.030393582675637503,1.582156678747984
29.173221757322175,D0,meson,-0.15584665456221808,-0.40097884062129685,11.267197457307917
29.173221757322175,D_plus,meson,0.4350108992434707,-0.09583357919771722,11.669317322546195
29.173221757322175,Ds_plus,meson,0.044520257353158434,-0.4320961492069278,11.377567751184174
29.173221757322175,J_psi,meson,-0.13923749960590598,-0.03789343478989873,3.7244148040524654
29.173221757322175,B_plus,meson,-0.3967557850175033,0.2521831323142987,12.320353652430827
29.173221757322175,B0,meson,-0.35585977487693277,0.30527044019384486,12.287050836244319
29.173221757322175,Bs0,meson,-0.3648477984234721,0.2948814690258959,12.293879496489762
29.173221757322175,Upsilon_1S,meson,0.16763203136603633,0.03682148444198373,4.445367569337434
29.173221757322175,W,boson,-0.032071115077820116,-0.007816361126644737,0.7882310922760309
29.173221757322175,Z,boson,-0.03181748875284005,-0.004464500653577733,0.7649959817301074
29.173221757322175,Higgs,boson,-0.1421371932947372,-0.013893004923671095,3.685178675832777
29.173221757322175,top,quark,0.007937751625508728,-0.04561632379165362,1.1389084362748172
29.377405857740584,muon,lepton,-0.5374249216962215,0.343805218330817,16.74918461424223
29.377405857740584,tau,lepton,-0.39541339804341213,-0.15224493027413882,11.09597171977255
29.377405857740584,neutron,baryon,0.8620743664399573,-0.5067817939973241,26.300073716822478
29.377405857740584,Lambda,baryon,-0.48289359993129877,0.21366521389717266,13.84879890259473
29.377405857740584,Sigma_plus,baryon,0.40722412026607374,0.30642087141253743,13.362837396118582
29.377405857740584,Xi_minus,baryon,-0.2951279107283307,0.431941695508176,13.719169493736818
29.377405857740584,Omega_minus,baryon,0.12663560699803436,0.4998408810317709,13.521150664275083
29.377405857740584,Delta_1232,baryon,0.006710859240832226,0.009409314775188466,0.22225309913704822
29.377405857740584,pi0,meson,-0.18704035123269774,0.16165097497615669,6.439541066697468
29.377405857740584,pi_plus,meson,0.24383854676147204,0.5147195918953645,14.943771874719356
29.377405857740584,K_plus,meson,-0.2893700153958902,0.5004827513190789,15.169617903259415
29.377405857740584,K_short,meson,0.35709177071201476,-0.34583243034922906,13.032361426487812
29.377405857740584,K_long,meson,0.020930611287379924,-0.6012389004406923,15.789274872247002
29.377405857740584,eta,meson,-0.040875149818043646,0.18138705405798958,4.82282926003031
29.377405857740584,rho_770,meson,0.0,-0.0,-0.08265966936381419
29.377405857740584,omega_782,meson,0.01306341712156552,-0.045503092060769794,1.1663292053773442
29.377405857740584,phi_1020,meson,0.055720709369116404,0.02961634084722422,1.582156678747984
29.377405857740584,D0,meson,-0.1949879995426436,-0.3834734546205157,11.267197457307917
29.377405857740584,D_plus,meson,0.4228143608737813,-0.1401662355967154,11.669317322546195
29.377405857740584,Ds_plus,meson,0.0008618562974773765,-0.434382772077772,11.377567751184174
29.377405857740584,J_psi,meson,-0.1404106019290968,-0.03328447930477049,3.7244148040524654
29.377405857740584,B_plus,meson,-0.366958779323495,0.29385836630274265,12.320353652430827
29.377405857740584,B0,meson,-0.32062978368469386,0.3420858998057527,12.287050836244319
29.377405857740584,Bs0,meson,-0.33067204127076577,0.33275365950076335,12.293879496489762
29.377405857740584,Upsilon_1S,meson,0.16895050571104672,0.030200103913672213,4.445367569337434
29.377405857740584,W,boson,-0.03212485759585743,-0.007592459946735605,0.7882310922760309
29.377405857740584,Z,boson,-0.03184698363675801,-0.004248998689452247,0.7649959817301074
29.377405857740584,Higgs,boson,-0.1425146169345761,-0.009251014187951403,3.685178675832777
29.377405857740584,top,quark,0.007477594990566598,-0.04569400912910033,1.1389084362748172
29.581589958158993,muon,lepton,-0.4814417566341848,0.41861845346410725,16.74918461424223
29.581589958158993,tau,lepton,-0.4083122062961101,-0.11318752729880657,11.09597171977255
29.581589958158993,neutron,baryon,0.7237108212983415,-0.6901033597481466,26.300073716822478
29.581589958158993,Lambda,baryon,-0.4535162230776932,0.2704849124991591,13.84879890259473
29.581589958158993,Sigma_plus,baryon,0.440197902594661,0.2568093477951257,13.362837396118582
29.581589958158993,Xi_minus,baryon,-0.24126281130243996,0.4641835497858478,13.719169493736818
29.581589958158993,Omega_minus,baryon,0.1847632234551668,0.4813938455867853,13.521150664275083
29.581589958158993,Delta_1232,baryon,0.006729149627330198,0.009396242950341648,0.22225309913704822
29.581589958158993,pi0,meson,-0.17763748257680845,0.1719303797581075,6.439541066697468
29.581589958158993,pi_plus,meson,0.30888500567481575,0.4785222549024718,14.943771874719356
29.581589958158993,K_plus,meson,-0.2205703108274212,0.5343844385455359,15.169617903259415
29.581589958158993,K_short,meson,0.31541043668180235,-0.38422761356218427,13.032361426487812
29.581589958158993,K_long,meson,-0.06209075060843077,-0.5983903780817985,15.789274872247002
29.581589958158993,eta,meson,-0.03318457465265786,0.182950335494652,4.82282926003031
29.581589958158993,rho_770,meson,0.0,-0.0,-0.08265966936381419
29.581589958158993,omega_782,meson,0.012598249877174728,-0.04563407010135267,1.1663292053773442
29.581589958158993,phi_1020,meson,0.05612546338311094,0.028841939217181138,1.582156678747984
29.581589958158993,D0,meson,-0.23179492844799154,-0.36241319168874797,11.267197457307917
29.581589958158993,D_plus,meson,0.40632041741960734,-0.18254390088527794,11.669317322546195
29.581589958158993,Ds_plus,meson,-0.04232640057692196,-0.4323165637451901,11.377567751184174
29.581589958158993,J_psi,meson,-0.14142079100239185,-0.028690652989062176,3.7244148040524654
29.581589958158993,B_plus,meson,-0.3332019093658298,0.3316443467989041,12.320353652430827
29.581589958158993,B0,meson,-0.28206084219678007,0.3745235671234164,12.287050836244319
29.581589958158993,Bs0,meson,-0.2930248413014879,0.3663406054064479,12.293879496489762
29.581589958158993,Upsilon_1S,meson,0.16999734315958512,0.023605570848791082,4.445367569337434
29.581589958158993,W,boson,-0.0321764714282093,-0.007370658724058136,0.7882310922760309
29.581589958158993,Z,boson,-0.031874718430704385,-0.004035676100260491,0.7649959817301074
29.581589958158993,Higgs,boson,-0.14273882121218093,-0.004650400248547068,3.685178675832777
29.581589958158993,top,quark,0.007021753710473657,-0.04576627439460961,1.1389084362748172
29.785774058577406,muon,lepton,-0.41590604642063117,0.48378686956391276,16.74918461424223
29.785774058577406,tau,lepton,-0.41728545129710376,-0.07350596086160442,11.09597171977255
29.785774058577406,neutron,baryon,0.5492724797561154,-0.8356433108585073,26.300073716822478
29.785774058577406,Lambda,baryon,-0.417911762128969,0.32278291707987544,13.84879890259473
29.785774058577406,Sigma_plus,baryon,0.46689687167615834,0.2042854517157633,13.362837396118582
29.785774058577406,Xi_minus,baryon,-0.18456534156550014,0.4894994859059177,13.719169493736818
29.785774058577406,Omega_minus,baryon,0.23971670382865343,0.45652314860903076,13.521150664275083
29.785774058577406,Delta_1232,baryon,0.006747215269720958,0.009383278872168705,0.22225309913704822
29.785774058577406,pi0,meson,-0.1677822554537776,0.18156058342833198,6.439541066697468
29.785774058577406,pi_plus,meson,0.3680347469372289,0.4346767997196619,14.943771874719356
29.785774058577406,K_plus,meson,-0.14869823607685168,0.5586652170716964,15.169617903259415
29.785774058577406,K_short,meson,0.27014988654657235,-0.41729323190098666,13.032361426487812
29.785774058577406,K_long,meson,-0.14304675840916248,-0.5843491514502496,15.789274872247002
29.785774058577406,eta,meson,-0.025519764835294344,0.18417595623542943,4.82282926003031
29.785774058577406,rho_770,meson,0.0,-0.0,-0.08265966936381419
29.785774058577406,omega_782,meson,0.012136869899147654,-0.045758940580328845,1.1663292053773442
29.785774058577406,phi_1020,meson,0.056515212189607825,0.028070551988518183,1.582156678747984
29.785774058577406,D0,meson,-0.26598569432353264,-0.3381180574584312,11.267197457307917
29.785774058577406,D_plus,meson,0.38584025491415885,-0.22258898231995905,11.669317322546195
29.785774058577406,Ds_plus,meson,-0.08463212455423587,-0.4260593139079152,11.377567751184174
29.785774058577406,J_psi,meson,-0.14227215109200725,-0.02411697991735365,3.7244148040524654
29.785774058577406,B_plus,meson,-0.29600470496790465,0.36522965351347103,12.320353652430827
29.785774058577406,B0,meson,-0.24070568636042436,0.402351828112365,12.287050836244319
29.785774058577406,Bs0,meson,-0.2524530907484394,0.39539402342585445,12.293879496489762
29.785774058577406,Upsilon_1S,meson,0.17077965403116255,0.01704785691550284,4.445367569337434
29.785774058577406,W,boson,-0.03222601535450472,-0.007150934062633323,0.7882310922760309
29.785774058577406,Z,boson,-0.03190074483619857,-0.003824504610880951,0.7649959817301074
29.785774058577406,Higgs,boson,-0.14281452388552096,-9.524109722462458e-05,3.685178675832777
29.785774058577406,top,quark,0.006570202930276955,-0.04583327754577705,1.1389084362748172
29.989958158995815,muon,lepton,-0.3424882421929937,0.5382651563785676,16.74918461424223
29.989958158995815,tau,lepton,-0.42237688285478925,-0.03358635104156063,11.09597171977255
29.989958158995815,neutron,baryon,0.3487989365539481,-0.9371975788801606,26.300073716822478
29.989958158995815,Lambda,baryon,-0.3767890436932375,0.3699581990402014,13.84879890259473
29.989958158995815,Sigma_plus,baryon,0.4871679203247298,0.1496417454127499,13.362837396118582
29.989958158995815,Xi_minus,baryon,-0.1259212491679845,0.5077577680521705,13.719169493736818
29.989958158995815,Omega_minus,baryon,0.2908499769835518,0.4257743230856517,13.521150664275083
29.989958158995815,Delta_1232,baryon,0.006765060588290377,0.00937042109649313,0.22225309913704822
29.989958158995815,pi0,meson,-0.1575208952658968,0.19053162009132066,6.439541066697468
29.989958158995815,pi_plus,meson,0.4204959874651069,0.38415702478728897,14.943771874719356
29.989958158995815,K_plus,meson,-0.07508133432144071,0.5732196641904784,15.169617903259415
29.989958158995815,K_short,meson,0.22199849592866672,-0.44478227302457346,13.032361426487812
29.989958158995815,K_long,meson,-0.2205057582492071,-0.559735219966493,15.789274872247002
29.989958158995815,eta,meson,-0.017894205301768766,0.1850725227285285,4.82282926003031
29.989958158995815,rho_770,meson,0.0,-0.0,-0.08265966936381419
29.989958158995815,omega_782,meson,0.01167927191166736,-0.04587786897400794,1.1663292053773442
29.989958158995815,phi_1020,meson,0.05689030845634393,0.027302342418161506,1.582156678747984
29.989958158995815,D0,meson,-0.2973196107955437,-0.3109232371512639,11.267197457307917
29.989958158995815,D_plus,meson,0.36171089876087487,-0.2599688117449058,11.669317322546195
29.989958158995815,Ds_plus,meson,-0.1256738395420853,-0.4158067117411614,11.377567751184174
29.989958158995815,J_psi,meson,-0.1429688068712479,-0.019568187409486657,3.7244148040524654
29.989958158995815,B_plus,meson,-0.2558995877459118,0.39436897210629895,12.320353652430827
29.989958158995815,B0,meson,-0.1971202960818816,0.4254054652965761,12.287050836244319
29.989958158995815,Bs0,meson,-0.20950889563813824,0.4197320805440211,12.293879496489762
29.989958158995815,Upsilon_1S,meson,0.17130471497774918,0.01053633156307977,4.445367569337434
29.989958158995815,W,boson,-0.03227354632461168,-0.0069332626684734475,0.7882310922760309
29.989958158995815,Z,boson,-0.03192511288429432,-0.0036154562572329333,0.7649959817301074
29.989958158995815,Higgs,boson,-0.14274642999817808,0.00441067186377385,3.685178675832777
29.989958158995815,top,quark,0.006122916535181176,-0.045895171752990044,1.1389084362748172
30.194142259414225,muon,lepton,-0.2629345370711465,0.5812856473601189,16.74918461424223
30.194142259414225,tau,lepton,-0.4236647174064547,0.006203335499885768,11.09597171977255
30.194142259414225,neutron,baryon,0.1331107755186055,-0.9911011660980101,26.300073716822478
30.194142259414225,Lambda,baryon,-0.33089900529823135,0.41151537125236864,13.84879890259473
30.194142259414225,Sigma_plus,baryon,0.5009526094778315,0.09365744829455763,13.362837396118582
30.194142259414225,Xi_minus,baryon,-0.06619703446360786,0.518933584033228,13.719169493736818
30.194142259414225,Omega_minus,baryon,0.33760374535164017,0.3897450377296963,13.521150664275083
30.194142259414225,Delta_1232,baryon,0.006782689885152338,0.009357668203708413,0.22225309913704822
30.194142259414225,pi0,meson,-0.14689864623321677,0.1988364112400976,6.439541066697468
30.194142259414225,pi_plus,meson,0.46563041984520176,0.3279966574257401,14.943771874719356
30.194142259414225,K_plus,meson,-0.001006966049201826,0.5781150198684588,15.169617903259415
30.194142259414225,K_short,meson,0.1716453730129529,-0.46653238742314634,13.032361426487812
30.194142259414225,K_long,meson,-0.29317665037952306,-0.5253320450574465,15.789274872247002
30.194142259414225,eta,meson,-0.010320584023489501,0.18564893427622375,4.82282926003031
30.194142259414225,rho_770,meson,0.0,-0.0,-0.08265966936381419
30.194142259414225,omega_782,meson,0.011225448711092342,-0.04599101602723664,1.1663292053773442
30.194142259414225,phi_1020,meson,0.057251097250000375,0.02653746335744051,1.582156678747984
30.194142259414225,D0,meson,-0.3255965696350174,-0.2811744728920888,11.267197457307917
30.194142259414225,D_plus,meson,0.3342895667662653,-0.29439606470481355,11.669317322546195
30.194142259414225,Ds_plus,meson,-0.16510278596212513,-0.40178377959020667,11.377567751184174
30.194142259414225,J_psi,meson,-0.14351491150116027,-0.015048716672696937,3.7244148040524654
30.194142259414225,B_plus,meson,-0.21342439382291833,0.41888126395200137,12.320353652430827
30.194142259414225,B0,meson,-0.15185686817718763,0.4435828137101587,12.287050836244319
30.194142259414225,Bs0,meson,-0.1647424451268015,0.43923675115245964,12.293879496489762
30.194142259414225,Upsilon_1S,meson,0.17157993778420738,0.004079780188018906,4.445367569337434
30.194142259414225,W,boson,-0.03231911952396339,-0.006717621364193745,0.7882310922760309
30.194142259414225,Z,boson,-0.03194787099717916,-0.0034085033915925655,0.7649959817301074
30.194142259414225,Higgs,boson,-0.14253922255706292,0.008863821768443095,3.685178675832777
30.194142259414225,top,quark,0.005679867259654682,-0.045952105556176126,1.1389084362748172
30.398326359832634,muon,lepton,-0.1790245174520005,0.6123543065601555,16.74918461424223
30.398326359832634,tau,lepton,-0.4212583533769175,0.045515644086218957,11.09597171977255
30.398326359832634,neutron,baryon,-0.08678786810091679,-0.9962268145108812,26.300073716822478
30.398326359832634,Lambda,baryon,-0.28102048753150255,0.44706435562667074,13.84879890259473
30.398326359832634,Sigma_plus,baryon,0.5082810959989216,0.03708856985422184,13.362837396118582
30.398326359832634,Xi_minus,baryon,-0.00622870920123191,0.5231016298875716,13.719169493736818
30.398326359832634,Omega_minus,baryon,0.3795071204243887,0.34907281311721494,13.521150664275083
30.398326359832634,Delta_1232,baryon,0.0068001073482180955,0.009345018798352067,0.22225309913704822
30.398326359832634,pi0,meson,-0.13595965235211516,0.20647058781406363,6.439541066697468
30.398326359832634,pi_plus,meson,0.5029529369752321,0.267267353703488,14.943771874719356
30.398326359832634,K_plus,meson,0.07229735156018662,0.5735774430149041,15.169617903259415
30.398326359832634,K_short,meson,0.11977114525603604,-0.48246189005511514,13.032361426487812
30.398326359832634,K_long,meson,-0.3599230559553076,-0.48205985072788277,15.789274872247002
30.398326359832634,eta,meson,-0.002810812378799787,0.1859143366883112,4.82282926003031
30.398326359832634,rho_770,meson,0.0,-0.0,-0.08265966936381419
30.398326359832634,omega_782,meson,0.010775391298665681,-0.04609853789811063,1.1663292053773442
30.398326359832634,phi_1020,meson,0.05759791614111355,0.025776057766418614,1.582156678747984
30.398326359832634,D0,meson,-0.350656147176554,-0.2492237484902464,11.267197457307917
30.398326359832634,D_plus,meson,0.3039483029650948,-0.3256286020715887,11.669317322546195
30.398326359832634,Ds_plus,meson,-0.20260418522377843,-0.3842403929886289,11.377567751184174
30.398326359832634,J_psi,meson,-0.14391463567330356,-0.0105627333442286,3.7244148040524654
30.398326359832634,B_plus,meson,-0.16911551640038597,0.4386472697753141,12.320353652430827
30.398326359832634,B0,meson,-0.1054574868664444,0.4568423573787995,12.287050836244319
30.398326359832634,Bs0,meson,-0.11869556383518931,0.4538505920621581,12.293879496489762
30.398326359832634,Upsilon_1S,meson,0.1716128404764053,-0.0023135773241671756,4.445367569337434
30.398326359832634,W,boson,-0.032362788436255896,-0.006503987102312348,0.7882310922760309
30.398326359832634,Z,boson,-0.031969066047210414,-0.0032036186870471536,0.7649959817301074
30.398326359832634,Higgs,boson,-0.1421975540905978,0.013260954496798115,3.685178675832777
30.398326359832634,top,quark,0.005241026789569738,-0.04600422301619997,1.1389084362748172
30.602510460251043,muon,lepton,-0.09253198673351144,0.6312411631403958,16.74918461424223
30.602510460251043,tau,lepton,-0.415295052120478,0.08402555462872428,11.09597171977255
30.602510460251043,neutron,baryon,-0.300260939686915,-0.9538571004601951,26.300073716822478
30.602510460251043,Lambda,baryon,-0.22794689783698022,0.47631844836288995,13.84879890259473
30.602510460251043,Sigma_plus,baryon,0.5092653251178978,-0.019340713437158683,13.362837396118582
30.602510460251043,Xi_minus,baryon,0.05318794776200083,0.5204278568852883,13.719169493736818
30.602510460251043,Omega_minus,baryon,0.41617779227873897,0.3044232719822391,13.521150664275083
30.602510460251043,Delta_1232,baryon,0.006817317055005766,0.009332471508682508,0.22225309913704822
30.602510460251043,pi0,meson,-0.1247468545196177,0.2134323147685334,6.439541066697468
30.602510460251043,pi_plus,meson,0.5321286723537891,0.20305804890885487,14.943771874719356
30.602510460251043,K_plus,meson,0.14368071189634243,0.5599766452336142,15.169617903259415
30.602510460251043,K_short,meson,0.0670397097624387,-0.4925650006917508,13.032361426487812
30.602510460251043,K_long,meson,-0.4197731669660523,-0.4309487141032989,15.789274872247002
30.602510460251043,eta,meson,0.004623953470903546,0.185878079145397,4.82282926003031
30.602510460251043,rho_770,meson,0.0,-0.0,-0.08265966936381419
30.602510460251043,omega_782,meson,0.010329089005406421,-0.04620058629824187,1.1663292053773442
30.602510460251043,phi_1020,meson,0.05793109531340372,0.025018259203346487,1.582156678747984
30.602510460251043,D0,meson,-0.37237635578120676,-0.21542530032320437,11.267197457307917
30.602510460251043,D_plus,meson,0.2710689300521485,-0.3534687999284259,11.669317322546195
30.602510460251043,Ds_plus,meson,-0.23789800863633986,-0.36344693279915163,11.377567751184174
30.602510460251043,J_psi,meson,-0.144172157556013,-0.006114137905309315,3.7244148040524654
30.602510460251043,B_plus,meson,-0.12350169511764361,0.4536064555005528,12.320353652430827
30.602510460251043,B0,meson,-0.05844850245404266,0.46519887531300513,12.287050836244319
30.602510460251043,Bs0,meson,-0.07189596114402054,0.4635730444714214,12.293879496489762
30.602510460251043,Upsilon_1S,meson,0.17141102061818964,-0.008636067799965653,4.445367569337434
30.602510460251043,W,boson,-0.032404604903633664,-0.006292336977332412,0.7882310922760309
30.602510460251043,Z,boson,-0.03198874341350572,-0.003000775141158337,0.7649959817301074
30.602510460251043,Higgs,boson,-0.14172603902763045,0.017599067164290487,3.685178675832777
30.602510460251043,top,quark,0.004806365857808858,-0.04605166386108259,1.1389084362748172
30.806694560669456,muon,lepton,-0.005189489250938065,0.6379660208921828,16.74918461424223
30.806694560669456,tau,lepton,-0.4059366269503011,0.12143199350511938,11.09597171977255
30.806694560669456,neutron,baryon,-0.49752370200185914,-0.8674503824117926,26.300073716822478
30.806694560669456,Lambda,baryon,-0.17247386850219276,0.4990909908706248,13.84879890259473
30.806694560669456,Sigma_plus,baryon,0.5040916737095147,-0.07494544055802607,13.362837396118582
30.806694560669456,Xi_minus,baryon,0.11130564517211068,0.5111606062307301,13.719169493736818
30.806694560669456,Omega_minus,baryon,0.4473208916682908,0.25647905019214096,13.521150664275083
30.806694560669456,Delta_1232,baryon,0.006834322976297438,0.009320024986259222,0.22225309913704822
30.806694560669456,pi0,meson,-0.11330190270491672,0.2197221189216929,6.439541066697468
30.806694560669456,pi_plus,meson,0.552967706658189,0.13645589236401717,14.943771874719356
30.806694560669456,K_plus,meson,0.21208269334690935,0.537809372697105,15.169617903259415
30.806694560669456,K_short,meson,0.014090964208625618,-0.4969064774373219,13.032361426487812
30.806694560669456,K_long,meson,-0.4719255555889233,-0.3731120151832183,15.789274872247002
30.806694560669456,eta,meson,0.011973290401303198,0.1855496741291927,4.82282926003031
30.806694560669456,rho_770,meson,0.0,-0.0,-0.08265966936381419
30.806694560669456,omega_782,meson,0.00988652960964633,-0.046297308628693405,1.1663292053773442
30.806694560669456,phi_1020,meson,0.05825095767683297,0.024264192290457804,1.582156678747984
30.806694560669456,D0,meson,-0.39067209408594616,-0.18013196625456657,11.267197457307917
30.806694560669456,D_plus,meson,0.23603834897581993,-0.37776243219148614,11.669317322546195
30.806694560669456,Ds_plus,meson,-0.2707392956908469,-0.339690107661485,11.377567751184174
30.806694560669456,J_psi,meson,-0.1442916535882694,-0.001706575941421168,3.7244148040524654
30.806694560669456,B_plus,meson,-0.07709846598020793,0.46375350318052055,12.320353652430827
30.806694560669456,B0,meson,-0.011335616888836239,0.46871923880011007,12.287050836244319
30.806694560669456,Bs0,meson,-0.02485217919843076,0.4684563650740739,12.293879496489762
30.806694560669456,Upsilon_1S,meson,0.17098213068124263,-0.014880545827270476,4.445367569337434
30.806694560669456,W,boson,-0.03244461918447394,-0.006082648236695076,0.7882310922760309
30.806694560669456,Z,boson,-0.032006947036200606,-0.002799946078900247,0.7649959817301074
30.806694560669456,Higgs,boson,-0.14112924684061884,0.0218753969041551,3.685178675832777
30.806694560669456,top,quark,0.004375854333745862,-0.04609456362721192,1.1389084362748172
31.010878661087865,muon,lepton,0.08134309190466044,0.6327802746697154,16.74918461424223
31.010878661087865,tau,lepton,-0.39336617728332646,0.1574589620057171,11.09597171977255
31.010878661087865,neutron,baryon,-0.6700413570669893,-0.7423237702106995,26.300073716822478
31.010878661087865,Lambda,baryon,-0.11538799842451797,0.5152908521446089,13.84879890259473
31.010878661087865,Sigma_plus,baryon,0.4930132159915231,-0.12908603108544417,13.362837396118582
31.010878661087865,Xi_minus,baryon,0.16743237661911148,0.495621338593309,13.719169493736818
31.010878661087865,Omega_minus,baryon,0.47272670502548936,0.20592946769736853,13.521150664275083
31.010878661087865,Delta_1232,baryon,0.0068511289796509564,0.009307677905526711,0.22225309913704822
31.010878661087865,pi0,meson,-0.10166508208244825,0.22534272072814343,6.439541066697468
31.010878661087865,pi_plus,meson,0.5654177920972935,0.06852893948908688,14.943771874719356
31.010878661087865,K_plus,meson,0.27654439923595886,0.5076821696980852,15.169617903259415
31.010878661087865,K_short,meson,-0.03846548259003013,-0.4956157879250948,13.032361426487812
31.010878661087865,K_long,meson,-0.5157512699522645,-0.30972073458944016,15.789274872247002
31.010878661087865,eta,meson,0.019227485522795993,0.18493876027743403,4.82282926003031
31.010878661087865,rho_770,meson,0.0,-0.0,-0.08265966936381419
31.010878661087865,omega_782,meson,0.009447699447646691,-0.04638884811169425,1.1663292053773442
31.010878661087865,phi_1020,meson,0.058557818983769404,0.023513973157265312,1.582156678747984
31.010878661087865,D0,meson,-0.4054933469083317,-0.14369187860597418,11.267197457307917
31.010878661087865,D_plus,meson,0.19924420589014027,-0.3983971683906219,11.669317322546195
31.010878661087865,Ds_plus,meson,-0.30091806690483536,-0.31326897785210733,11.377567751184174
31.010878661087865,J_psi,meson,-0.14427729006798234,0.002656551772554269,3.7244148040524654
31.010878661087865,B_plus,meson,-0.030403274162680023,0.46913444351155387,12.320353652430827
31.010878661087865,B0,meson,0.035400335304446556,0.4675179539781738,12.287050836244319
31.010878661087865,Bs0,meson,0.02195076910846959,0.46860128096802256,12.293879496489762
31.010878661087865,Upsilon_1S,meson,0.1703338553750352,-0.021040374746938994,4.445367569337434
31.010878661087865,W,boson,-0.03248288000887582,-0.005874898290683789,0.7882310922760309
31.010878661087865,Z,boson,-0.032023719468479706,-0.0026011051549319087,0.7649959817301074
31.010878661087865,Higgs,boson,-0.1404116958997854,0.02608740995309487,3.685178675832777
31.010878661087865,top,quark,0.003949461306981389,-0.04613305379571037,1.1389084362748172
31.215062761506275,muon,lepton,0.16550563044391842,0.6161456490985322,16.74918461424223
31.215062761506275,tau,lepton,-0.37778489971610835,0.19185631001586897,11.09597171977255
31.215062761506275,neutron,baryon,-0.8108331041479884,-0.5852774361084984,26.300073716822478
31.215062761506275,Lambda,baryon,-0.057456738375952894,0.5249169226644641,13.84879890259473
31.215062761506275,Sigma_plus,baryon,0.47634176766320757,-0.18117327325846733,13.362837396118582
31.215062761506275,Xi_minus,baryon,0.2209368129285361,0.4741951462239238,13.719169493736818
31.215062761506275,Omega_minus,baryon,0.4922674013800876,0.1534610336498266,13.521150664275083
31.215062761506275,Delta_1232,baryon,0.0068677388327731724,0.00929542896340253,0.22225309913704822
31.215062761506275,pi0,meson,-0.08987525207813721,0.2302988705223807,6.439541066697468
31.215062761506275,pi_plus,meson,0.5695554394628807,0.0003107183966111975,14.943771874719356
31.215062761506275,K_plus,meson,0.33621676983580784,0.47029381652250996,15.169617903259415
31.215062761506275,K_short,meson,-0.0900556365883077,-0.4888809516745065,13.032361426487812
31.215062761506275,K_long,meson,-0.5507925793169669,-0.24197900830724708,15.789274872247002
31.215062761506275,eta,meson,0.026377512918628658,0.18405506802234792,4.82282926003031
31.215062761506275,rho_770,meson,0.0,-0.0,-0.08265966936381419
31.215062761506275,omega_782,meson,0.009012583517702262,-0.04647534391824706,1.1663292053773442
31.215062761506275,phi_1020,meson,0.05885198794769296,0.022767709862458733,1.582156678747984
31.215062761506275,D0,meson,-0.4168231824861786,-0.10644550204836525,11.267197457307917
31.215062761506275,D_plus,meson,0.16107093919815949,-0.41530074633725494,11.669317322546195
31.215062761506275,Ds_plus,meson,-0.328258875995533,-0.2844912051441949,11.377567751184174
31.215062761506275,J_psi,meson,-0.14413321548412728,0.006972079380436668,3.7244148040524654
31.215062761506275,B_plus,meson,0.016108757874769078,0.4698425194556559,12.320353652430827
31.215062761506275,B0,meson,0.08130693078835755,0.4617525354964305,12.287050836244319
31.215062761506275,Bs0,meson,0.0680550897402257,0.4641524550724414,12.293879496489762
31.215062761506275,Upsilon_1S,meson,0.1694738908275458,-0.02710940766944425,4.445367569337434
31.215062761506275,W,boson,-0.03251943463195469,-0.005669064721356571,0.7882310922760309
31.215062761506275,Z,boson,-0.032039101926483064,-0.0024042263552603595,0.7649959817301074
31.215062761506275,Higgs,boson,-0.139577847987977,0.03023279104812884,3.685178675832777
31.215062761506275,top,quark,0.003527155165688214,-0.046167261924121177,1.1389084362748172
31.419246861924684,muon,lepton,0.24586043930250334,0.5887106411452664,16.74918461424223
31.419246861924684,tau,lepton,-0.35940900293581274,0.22440018439185883,11.09597171977255
31.419246861924684,neutron,baryon,-0.9146775449701833,-0.40418434992874036,26.300073716822478
31.419246861924684,Lambda,baryon,0.000580547201617583,0.5280518113303659,13.84879890259473
31.419246861924684,Sigma_plus,baryon,0.4544398484491366,-0.23067218884213642,13.362837396118582
31.419246861924684,Xi_minus,baryon,0.2712523589574072,0.44732121542510067,13.719169493736818
31.419246861924684,Omega_minus,baryon,0.5058929262362396,0.09974883705844458,13.521150664275083
31.419246861924684,Delta_1232,baryon,0.006884156206760919,0.009283276878869788,0.22225309913704822
31.419246861924684,pi0,meson,-0.07796979732077679,0.23459718967999163,6.439541066697468
31.419246861924684,pi_plus,meson,0.5655757001626911,-0.06721326173575304,14.943771874719356
31.419246861924684,K_plus,meson,0.3903663120998888,0.4264177910871742,15.169617903259415
31.419246861924684,K_short,meson,-0.14014550978634155,-0.47694217540308065,13.032361426487812
31.419246861924684,K_long,meson,-0.5767587545277737,-0.17110127108694234,15.789274872247002
31.419246861924684,eta,meson,0.033415010069614094,0.18290838787363234,4.82282926003031
31.419246861924684,rho_770,meson,0.0,-0.0,-0.08265966936381419
31.419246861924684,omega_782,meson,0.008581165578116695,-0.04655693129174052,1.1663292053773442
31.419246861924684,phi_1020,meson,0.05913376636393074,0.022025502795453986,1.582156678747984
31.419246861924684,D0,meson,-0.42467559132835764,-0.06872301284245662,11.267197457307917
31.419246861924684,D_plus,meson,0.12189621282968426,-0.42843887622418025,11.669317322546195
31.419246861924684,Ds_plus,meson,-0.3526200451464917,-0.2536695473152685,11.377567751184174
31.419246861924684,J_psi,meson,-0.14386355354474337,0.01123706626125056,3.7244148040524654
31.419246861924684,B_plus,meson,0.06198842286104851,0.4660138630984128,12.320353652430827
31.419246861924684,B0,meson,0.1259630529625172,0.4516187887145166,12.287050836244319
31.419246861924684,Bs0,meson,0.11303324958268435,0.4552938405888043,12.293879496489762
31.419246861924684,Upsilon_1S,meson,0.16840992551107964,-0.033081968589665854,4.445367569337434
31.419246861924684,W,boson,-0.03255432888503777,-0.005465125290576517,0.7882310922760309
31.419246861924684,Z,boson,-0.03205313433718382,-0.0022092839983458355,0.7649959817301074
31.419246861924684,Higgs,boson,-0.1386321034288823,0.03430943314014842,3.685178675832777
31.419246861924684,top,quark,0.0031089036699012847,-0.04619731177357103,1.1389084362748172
31.623430962343093,muon,lepton,0.32111054411210804,0.5512854007424072,16.74918461424223
31.623430962343093,tau,lepton,-0.3384667487874835,0.25489318176766873,11.09597171977255
31.623430962343093,neutron,baryon,-0.9782205637602142,-0.20756813010828226,26.300073716822478
31.623430962343093,Lambda,baryon,0.0580203323275729,0.5248549261662043,13.84879890259473
31.623430962343093,Sigma_plus,baryon,0.42771268684156094,-0.27710483950748555,13.362837396118582
31.623430962343093,Xi_minus,baryon,0.3178799570911036,0.4154833870193916,13.719169493736818
31.623430962343093,Omega_minus,baryon,0.5136262113561305,0.045448853872513115,13.521150664275083
31.623430962343093,Delta_1232,baryon,0.006900384679215796,0.009271220392574386,0.22225309913704822
31.623430962343093,pi0,meson,-0.06598458953329546,0.23824601705824067,6.439541066697468
31.623430962343093,pi_plus,meson,0.55378095804338,-0.13311703751298473,14.943771874719356
31.623430962343093,K_plus,meson,0.4383784233042308,0.3768850596129136,15.169617903259415
31.623430962343093,K_short,meson,-0.1882446162443827,-0.46008539103790463,13.032361426487812
31.623430962343093,K_long,meson,-0.5935192808258861,-0.09829124671057457,15.789274872247002
31.623430962343093,eta,meson,0.040332254095981755,0.18150854120955495,4.82282926003031
31.623430962343093,rho_770,meson,0.0,-0.0,-0.08265966936381419
31.623430962343093,omega_782,meson,0.008153428239407788,-0.04663374166767803,1.1663292053773442
31.623430962343093,phi_1020,meson,0.05940344923196023,0.021287445058588445,1.582156678747984
31.623430962343093,D0,meson,-0.4290932074201313,-0.03084201209614755,11.267197457307917
31.623430962343093,D_plus,meson,0.08208773614769438,-0.4378129291565116,11.669317322546195
31.623430962343093,Ds_plus,meson,-0.3738926256645555,-0.22111861058696902,11.377567751184174
31.623430962343093,J_psi,meson,-0.1434723968552902,0.015448787566637274,3.7244148040524654
31.623430962343093,B_plus,meson,0.10681540460436932,0.45782306026227126,12.320353652430827
31.623430962343093,B0,meson,0.16898117201009805,0.4373460695349837,12.287050836244319
31.623430962343093,Bs0,meson,0.15649040173467424,0.442243994819879,12.293879496489762
31.623430962343093,Upsilon_1S,meson,0.16714962281133217,-0.038952833663860945,4.445367569337434
31.623430962343093,W,boson,-0.03258760722485252,-0.0052630579472055196,0.7882310922760309
31.623430962343093,Z,boson,-0.03206585538432889,-0.002016252735696909,0.7649959817301074
31.623430962343093,Higgs,boson,-0.13757879678404633,0.03831542742771793,3.685178675832777
31.623430962343093,top,quark,0.0026946740200635057,-0.04622332343156261,1.1389084362748172
31.827615062761506,muon,lepton,0.3901136467722724,0.5048157259968525,16.74918461424223
31.827615062761506,tau,lepton,-0.31519563758020125,0.28316423537732605,11.09597171977255
31.827615062761506,neutron,baryon,-0.9999912243658863,-0.004189414185256868,26.300073716822478
31.827615062761506,Lambda,baryon,0.11420150633931272,0.5155551070779589,13.84879890259473
31.827615062761506,Sigma_plus,baryon,0.3966003748638382,-0.32005214765965795,13.362837396118582
31.827615062761506,Xi_minus,baryon,0.3603897295086656,0.3792009426069748,13.719169493736818
31.827615062761506,Omega_minus,baryon,0.5155578416221699,-0.008808816734788874,13.521150664275083
31.827615062761506,Delta_1232,baryon,0.006916427737238493,0.009259258266427244,0.22225309913704822
31.827615062761506,pi0,meson,-0.05395395944303449,0.24125526100048547,6.439541066697468
31.827615062761506,pi_plus,meson,0.534569024639222,-0.1965437688250331,14.943771874719356
31.827615062761506,K_plus,meson,0.4797585074729886,0.3225674575734867,15.169617903259415
31.827615062761506,K_short,meson,-0.2339086205791237,-0.4386357940367704,13.032361426487812
31.827615062761506,K_long,meson,-0.6010949013333184,-0.024722974802483727,15.789274872247002
31.827615062761506,eta,meson,0.047122137932593434,0.17986535344291626,4.82282926003031
31.827615062761506,rho_770,meson,0.0,-0.0,-0.08265966936381419
31.827615062761506,omega_782,meson,0.007729353051079964,-0.04670590278963317,1.1663292053773442
31.827615062761506,phi_1020,meson,0.0596613248788628,0.020553622830909533,1.582156678747984
31.827615062761506,D0,meson,-0.4301449489378537,0.006894437430702937,11.267197457307917
31.827615062761506,D_plus,meson,0.042000465928531766,-0.443457459317401,11.669317322546195
31.827615062761506,Ds_plus,meson,-0.39199912448380625,-0.187151868487003,11.377567751184174
31.827615062761506,J_psi,meson,-0.14296380120427382,0.019604724989294078,3.7244148040524654
31.827615062761506,B_plus,meson,0.15020066572618856,0.4454786697296697,12.320353652430827
31.827615062761506,B0,meson,0.2100090464886547,0.41919258274035714,12.287050836244319
31.827615062761506,Bs0,meson,0.1980662293893325,0.4252514145359393,12.293879496489762
31.827615062761506,Upsilon_1S,meson,0.16570060514175156,-0.04471721270464403,4.445367569337434
31.827615062761506,W,boson,-0.032619312780794704,-0.005062840833522923,0.7882310922760309
31.827615062761506,Z,boson,-0.03207730255252981,-0.0018251075519990438,0.7649959817301074
31.827615062761506,Higgs,boson,-0.13642219307678943,0.04224905371288005,3.685178675832777
31.827615062761506,top,quark,0.0022844329211200195,-0.04624541343054631,1.1389084362748172
32.03179916317992,muon,lepton,0.45189195741111066,0.4503567846039909,16.74918461424223
32.03179916317992,tau,lepton,-0.2898397518290879,0.30906826496110534,11.09597171977255
32.03179916317992,neutron,baryon,-0.9803347504226049,0.19734177741636202,26.300073716822478
32.03179916317992,Lambda,baryon,0.16851080357812712,0.5004429653434921,13.84879890259473
32.03179916317992,Sigma_plus,baryon,0.36157026516398955,-0.35915481051064696,13.362837396118582
32.03179916317992,Xi_minus,baryon,0.3984215581135474,0.3390197251484353,13.719169493736818
32.03179916317992,Omega_minus,baryon,0.5118403110981932,-0.06242578990515369,13.521150664275083
32.03179916317992,Delta_1232,baryon,0.006932288780308009,0.00924738928321172,0.22225309913704822
32.03179916317992,pi0,meson,-0.04191067783552177,0.24363625711983034,6.439541066697468
32.03179916317992,pi_plus,meson,0.508420807636207,-0.25671341517385526,14.943771874719356
32.03179916317992,K_plus,meson,0.5141310990507247,0.26436187918651716,15.169617903259415
32.03179916317992,K_short,meson,-0.2767411931207293,-0.41295146763465035,13.032361426487812
32.03179916317992,K_long,meson,-0.5996468822702149,0.04847599896450864,15.789274872247002
32.03179916317992,eta,meson,0.05377814654061701,0.17798862943216195,4.82282926003031
32.03179916317992,rho_770,meson,0.0,-0.0,-0.08265966936381419
32.03179916317992,omega_782,meson,0.00730892058328213,-0.04677353882154072,1.1663292053773442
32.03179916317992,phi_1020,meson,0.05990767508355065,0.01982411571445806,1.582156678747984
32.03179916317992,D0,meson,-0.42792361204515866,0.04419946400646974,11.267197457307917
32.03179916317992,D_plus,meson,0.0019741816633428145,-0.44543760502366464,11.669317322546195
32.03179916317992,Ds_plus,meson,-0.4068920348459401,-0.15207895138110786,11.377567751184174
32.03179916317992,J_psi,meson,-0.14234178041537862,0.02370255777044142,3.7244148040524654
32.03179916317992,B_plus,meson,0.19178828006807838,0.42921875634370255,12.320353652430827
32.03179916317992,B0,meson,0.2487308866986263,0.39744077173048087,12.287050836244319
32.03179916317992,Bs0,meson,0.2374362471088396,0.4045899471665046,12.293879496489762
32.03179916317992,Upsilon_1S,meson,0.16407043950922645,-0.050370730942327045,4.445367569337434
32.03179916317992,W,boson,-0.032649487400359285,-0.004864452290924822,0.7882310922760309
32.03179916317992,Z,boson,-0.03208751216958639,-0.0016358237648183662,0.7649959817301074
32.03179916317992,Higgs,boson,-0.13516648450367716,0.046108771079175846,3.685178675832777
32.03179916317992,top,quark,0.0018781466424352728,-0.04626369486241625,1.1389084362748172
32.23598326359833,muon,lepton,0.5056381371766484,0.389047103631706,16.74918461424223
32.23598326359833,tau,lepton,-0.2626472690984247,0.33248561800708765,11.09597171977255
32.23598326359833,neutron,baryon,-0.9212742586152824,0.38891353847977794,26.300073716822478
32.23598326359833,Lambda,baryon,0.22038712842610614,0.4798630701652595,13.84879890259473
32.23598326359833,Sigma_plus,baryon,0.3231096878961932,-0.3941133899670514,13.362837396118582
32.23598326359833,Xi_minus,baryon,0.43168470524722347,0.29550368401250976,13.719169493736818
32.23598326359833,Omega_minus,baryon,0.5026819904445197,-0.11484032302772985,13.521150664275083
32.23598326359833,Delta_1232,baryon,0.006947971123050962,0.009235612246196416,0.22225309913704822
32.23598326359833,pi0,meson,-0.029885944922058302,0.2454016320159845,6.439541066697468
32.23598326359833,pi_plus,meson,0.4758877967276118,-0.31292858625158615,14.943771874719356
32.23598326359833,K_plus,meson,0.5412372175559171,0.2031754525292406,15.169617903259415
32.23598326359833,K_short,meson,-0.3163951306051519,-0.3834171669615817,13.032361426487812
32.23598326359833,K_long,meson,-0.5894648767349425,0.12023919904862594,15.789274872247002
32.23598326359833,eta,meson,0.060294333246694594,0.17588813101178855,4.82282926003031
32.23598326359833,rho_770,meson,0.0,-0.0,-0.08265966936381419
32.23598326359833,omega_782,meson,0.006892110503647489,-0.046836770456431066,1.1663292053773442
32.23598326359833,phi_1020,meson,0.06014277520142889,0.019098997063900714,1.582156678747984
32.23598326359833,D0,meson,-0.4225434478170684,0.08080374416510101,11.267197457307917
32.23598326359833,D_plus,meson,-0.037668578070755965,-0.44384640990841134,11.669317322546195
32.23598326359833,Ds_plus,meson,-0.4185522071478656,-0.11620320721003052,11.377567751184174
32.23598326359833,J_psi,meson,-0.1416103017275854,0.027740153952406272,3.7244148040524654
32.23598326359833,B_plus,meson,0.23125674591442125,0.40930648985543727,12.320353652430827
32.23598326359833,B0,meson,0.2848680222237006,0.3723928449177861,12.287050836244319
32.23598326359833,Bs0,meson,0.2743126006933075,0.3805543244928364,12.293879496489762
32.23598326359833,Upsilon_1S,meson,0.16226662444111403,-0.055909411094211076,4.445367569337434
32.23598326359833,W,boson,-0.032678171692813285,-0.004667870864957608,0.7882310922760309
32.23598326359833,Z,boson,-0.032096519447122114,-0.0014483770239171632,0.7649959817301074
32.23598326359833,Higgs,boson,-0.13381578759660986,0.049893208890726126,3.685178675832777
32.23598326359833,top,quark,0.0014757810737891111,-0.046278277489071436,1.1389084362748172
32.44016736401674,muon,lepton,0.5507176442139247,0.32208329817479764,16.74918461424223
32.44016736401674,tau,lepton,-0.23386815142888978,0.3533213295198142,11.09597171977255
32.44016736401674,neutron,baryon,-0.8263146211885134,0.5632087950397113,26.300073716822478
32.44016736401674,Lambda,baryon,0.2693248299309341,0.45420610791468574,13.84879890259473
32.44016736401674,Sigma_plus,baryon,0.2817190508156388,-0.4246876628432147,13.362837396118582
32.44016736401674,Xi_minus,baryon,0.4599565802414794,0.2492269172900691,13.719169493736818
32.44016736401674,Omega_minus,baryon,0.4883409172795032,-0.16553136204656488,13.521150664275083
32.44016736401674,Delta_1232,baryon,0.006963477997905882,0.009223925978753511,0.22225309913704822
32.44016736401674,pi0,meson,-0.01790938723720145,0.24656517302486364,6.439541066697468
32.44016736401674,pi_plus,meson,0.4375795844463678,-0.36457866427346136,14.943771874719356
32.44016736401674,K_plus,meson,0.5609301806957885,0.139911838536712,15.169617903259415
32.44016736401674,K_short,meson,-0.3525728044183917,-0.35043832578079553,13.032361426487812
32.44016736401674,K_long,meson,-0.5709537440575648,0.1895735425597273,15.789274872247002
32.44016736401674,eta,meson,0.06666529628961662,0.17357355652028672,4.82282926003031
32.44016736401674,rho_770,meson,0.0,-0.0,-0.08265966936381419
32.44016736401674,omega_782,meson,0.006478901649595574,-0.04689571502171355,1.1663292053773442
32.44016736401674,phi_1020,meson,0.06036689428918807,0.018378334300324702,1.582156678747984
32.44016736401674,D0,meson,-0.4141377489113156,0.11645658114036661,11.267197457307917
32.44016736401674,D_plus,meson,-0.07662423327643748,-0.4388021014503648,11.669317322546195
32.44016736401674,Ds_plus,meson,-0.4269870934632755,-0.07981953075551824,11.377567751184174
32.44016736401674,J_psi,meson,-0.14077328166690506,0.03171556188074228,3.7244148040524654
32.44016736401674,B_plus,meson,0.2683198185149932,0.386025854264695,12.320353652430827
32.44016736401674,B0,meson,0.31817911729720183,0.3443664768057114,12.287050836244319
32.44016736401674,Bs0,meson,0.30844440832540765,0.3534558582936689,12.293879496489762
32.44016736401674,Upsilon_1S,meson,0.16029657818760548,-0.06132965577728213,4.445367569337434
32.44016736401674,W,boson,-0.03270540507118594,-0.0044730753097336345,0.7882310922760309
32.44016736401674,Z,boson,-0.03210435851960606,-0.0012627433102168407,0.7649959817301074
32.44016736401674,Higgs,boson,-0.13237414080089815,0.053601158110050465,3.685178675832777
32.44016736401674,top,quark,0.0010773017776922855,-0.046289267849178944,1.1389084362748172
32.64435146443515,muon,lepton,0.5866678119077408,0.25069593750811825,16.74918461424223
32.64435146443515,tau,lepton,-0.20375201598997675,0.371504226256493,11.09597171977255
32.64435146443515,neutron,baryon,-0.7002027033462935,0.713944097409974,26.300073716822478
32.64435146443515,Lambda,baryon,0.3148759894726495,0.4239011249548103,13.84879890259473
32.64435146443515,Sigma_plus,baryon,0.23790537291382116,-0.4506953162641389,13.362837396118582
32.64435146443515,Xi_minus,baryon,0.4830807568374825,0.20076626803990902,13.719169493736818
32.64435146443515,Omega_minus,baryon,0.4691185101968257,-0.21402174352408276,13.521150664275083
32.64435146443515,Delta_1232,baryon,0.006978812557687045,0.009212329323982771,0.22225309913704822
32.64435146443515,pi0,meson,-0.006009061327710493,0.2471417040524581,6.439541066697468
32.64435146443515,pi_plus,meson,0.3941516126680881,-0.41114231282953906,14.943771874719356
32.64435146443515,K_plus,meson,0.5731701024189496,0.07545875609353533,15.169617903259415
32.64435146443515,K_short,meson,-0.38502600018440875,-0.314435337984604,13.032361426487812
32.64435146443515,K_long,meson,-0.5446196576158695,0.255569431721341,15.789274872247002
32.64435146443515,eta,meson,0.07288615564443114,0.17105452220815243,4.82282926003031
32.64435146443515,rho_770,meson,0.0,-0.0,-0.08265966936381419
32.64435146443515,omega_782,meson,0.006069272096360134,-0.046950486581112734,1.1663292053773442
32.64435146443515,phi_1020,meson,0.06058029522945347,0.017662189209969283,1.582156678747984
32.64435146443515,D0,meson,-0.4028564693107253,0.15092672228181242,11.267197457307917
32.64435146443515,D_plus,meson,-0.11460955161327269,-0.4304453601114347,11.669317322546195
32.64435146443515,Ds_plus,meson,-0.4322288966728214,-0.04321245601956208,11.377567751184174
32.64435146443515,J_psi,meson,-0.13983458237542654,0.035627001958781566,3.7244148040524654
32.64435146443515,B_plus,meson,0.3027269018720948,0.3596775056236204,12.320353652430827
32.64435146443515,B0,meson,0.3484599781249978,0.3136907149992348,12.287050836244319
32.64435146443515,Bs0,meson,0.33961768635288514,0.32361833060820006,12.293879496489762
32.64435146443515,Upsilon_1S,meson,0.15816762811738538,-0.06662823029418924,4.445367569337434
32.64435146443515,W,boson,-0.03273122579264815,-0.004280044591775649,0.7882310922760309
32.64435146443515,Z,boson,-0.032111062481832695,-0.00107889893444021,0.7649959817301074
32.64435146443515,Higgs,boson,-0.13084550243687573,0.05723156293127234,3.685178675832777
32.64435146443515,top,quark,0.0006826740382477067,-0.04629676936127134,1.1389084362748172
32.848535564853556,muon,lepton,0.6131940132029833,0.17612687694872145,16.74918461424223
32.848535564853556,tau,lepton,-0.17254618908410838,0.38698589997436134,11.09597171977255
32.848535564853556,neutron,baryon,-0.5486583445905872,0.8360466619221181,26.300073716822478
32.848535564853556,Lambda,baryon,0.3566517918650527,0.3894079504116228,13.84879890259473
32.848535564853556,Sigma_plus,baryon,0.19217628983495244,-0.47201007212661134,13.362837396118582
32.848535564853556,Xi_minus,baryon,0.5009643448068837,0.15069451629557437,13.719169493736818
32.848535564853556,Omega_minus,baryon,0.44535329617803165,-0.259880597378373,13.521150664275083
32.848535564853556,Delta_1232,baryon,0.006993977878052348,0.009200821144341283,0.22225309913704822
32.848535564853556,pi0,meson,0.005788536460888458,0.2471469675024032,6.439541066697468
32.848535564853556,pi_plus,meson,0.34629330885521,-0.45218849986458887,14.943771874719356
32.848535564853556,K_plus,meson,0.5780172973774874,0.01067680245007729,15.169617903259415
32.848535564853556,K_short,meson,-0.41355521307498927,-0.27583815604443973,13.032361426487812
32.848535564853556,K_long,meson,-0.5110558067442217,0.3174086770789495,15.789274872247002
32.848535564853556,eta,meson,0.07895253018472682,0.16834054541290208,4.82282926003031
32.848535564853556,rho_770,meson,0.0,-0.0,-0.08265966936381419
32.848535564853556,omega_782,meson,0.005663199220988782,-0.04700119603335956,1.1663292053773442
32.848535564853556,phi_1020,meson,0.06078323485504734,0.016950618228626847,1.582156678747984
32.848535564853556,D0,meson,-0.3888638973222768,0.18400293400803275,11.267197457307917
32.848535564853556,D_plus,meson,-0.15136272799763872,-0.4189366084929449,11.669317322546195
32.848535564853556,Ds_plus,meson,-0.43433265252657466,-0.006654503999310947,11.377567751184174
32.848535564853556,J_psi,meson,-0.13879800836534695,0.039472858656221695,3.7244148040524654
32.848535564853556,B_plus,meson,0.33426304048522887,0.3305748098907063,12.320353652430827
32.848535564853556,B0,meson,0.37554299610061603,0.28070211810988843,12.287050836244319
32.848535564853556,Bs0,meson,0.3676549030625157,0.2913741049637341,12.293879496489762
32.848535564853556,Upsilon_1S,meson,0.15588700122842455,-0.07180224581741292,4.445367569337434
32.848535564853556,W,boson,-0.03275567099734977,-0.004088757893331705,0.7882310922760309
32.848535564853556,Z,boson,-0.032116663424927444,-0.0008968205354625037,0.7649959817301074
32.848535564853556,Higgs,boson,-0.12923374901466916,0.06078351272448911,3.685178675832777
32.848535564853556,top,quark,0.0002918629067682454,-0.046300882423307044,1.1389084362748172
33.052719665271965,muon,lepton,0.6301632788340126,0.09960831602259419,16.74918461424223
33.052719665271965,tau,lepton,-0.14049394342648777,0.3997395727306594,11.09597171977255
33.052719665271965,neutron,baryon,-0.37808994020906855,0.925768868083553,26.300073716822478
33.052719665271965,Lambda,baryon,0.3943230551686486,0.3512098811918547,13.84879890259473
33.052719665271965,Sigma_plus,baryon,0.14503455828731585,-0.4885593223612662,13.362837396118582
33.052719665271965,Xi_minus,baryon,0.5135748160326055,0.09957419518340525,13.719169493736818
33.052719665271965,Omega_minus,baryon,0.4174147302812083,-0.30272500103995986,13.521150664275083
33.052719665271965,Delta_1232,baryon,0.007008976959879334,0.009189400321279071,0.22225309913704822
33.052719665271965,pi0,meson,0.017458454750128485,0.2465975122699552,6.439541066697468
33.052719665271965,pi_plus,meson,0.2947167502248138,-0.4873761712523519,14.943771874719356
33.052719665271965,K_plus,meson,0.5756248049700006,-0.05361039154288608,15.169617903259415
33.052719665271965,K_short,meson,-0.4380084627882823,-0.23508123939894132,13.032361426487812
33.052719665271965,K_long,meson,-0.470927969008049,0.3743703432404203,15.789274872247002
33.052719665271965,eta,meson,0.08486051523545234,0.16544102939252134,4.82282926003031
33.052719665271965,rho_770,meson,0.0,-0.0,-0.08265966936381419
33.052719665271965,omega_782,meson,0.005260659762548249,-0.047047951207737075,1.1663292053773442
33.052719665271965,phi_1020,meson,0.06097596407264532,0.01624367271241222,1.582156678747984
33.052719665271965,D0,meson,-0.3723363990564819,0.21549435329466748,11.267197457307917
33.052719665271965,D_plus,meson,-0.1866441750976763,-0.4044533462150685,11.669317322546195
33.052719665271965,Ds_plus,meson,-0.4333742703541454,0.029595223757545946,11.377567751184174
33.052719665271965,J_psi,meson,-0.13766730366754348,0.043251672772152375,3.7244148040524654
33.052719665271965,B_plus,meson,0.3627485518242706,0.2990400864735376,12.320353652430827
33.052719665271965,B0,meson,0.399296270085611,0.24574114374138462,12.287050836244319
33.052719665271965,Bs0,meson,0.3924142032053672,0.2570604790939706,12.293879496489762
33.052719665271965,Upsilon_1S,meson,0.15346181569958442,-0.0768491429919802,4.445367569337434
33.052719665271965,W,boson,-0.03277877674578015,-0.0038991946152002036,0.7882310922760309
33.052719665271965,Z,boson,-0.03212119247094246,-0.0007164850783995964,0.7649959817301074
33.052719665271965,Higgs,boson,-0.1275426738737068,0.06425623428633138,3.685178675832777
33.052719665271965,top,quark,-9.51667556511248e-05,-0.046301704508817695,1.1389084362748172
33.25690376569038,muon,lepton,0.6375957419220022,0.02234377977474043,16.74918461424223
33.25690376569038,tau,lepton,-0.10783291671651152,0.4097588757047554,11.09597171977255
33.25690376569038,neutron,baryon,-0.19530745032552352,0.9807420659109831,26.300073716822478
33.25690376569038,Lambda,baryon,0.42761999754950925,0.3098066980878423,13.84879890259473
33.25690376569038,Sigma_plus,baryon,0.09697307671556067,-0.5003213536878218,13.362837396118582
33.25690376569038,Xi_minus,baryon,0.5209363811055241,0.0479520474018328,13.719169493736818
33.25690376569038,Omega_minus,baryon,0.38569717590168223,-0.3422209400545857,13.521150664275083
33.25690376569038,Delta_1232,baryon,0.007023812731553381,0.009178065754880595,0.22225309913704822
33.25690376569038,pi0,meson,0.02897726705437122,0.24551058774328374,6.439541066697468
33.25690376569038,pi_plus,meson,0.24014596924513307,-0.5164527167350296,14.943771874719356
33.25690376569038,K_plus,meson,0.5662302351992926,-0.11662465830297897,15.169617903259415
33.25690376569038,K_short,meson,-0.4582796908528522,-0.19259887731581082,13.032361426487812
33.25690376569038,K_long,meson,-0.4249601985711878,0.425834634009885,15.789274872247002
33.25690376569038,eta,meson,0.09060666056103528,0.16236524971329575,4.82282926003031
33.25690376569038,rho_770,meson,0.0,-0.0,-0.08265966936381419
33.25690376569038,omega_782,meson,0.004861629878752628,-0.04709085695657833,1.1663292053773442
33.25690376569038,phi_1020,meson,0.06115872798563286,0.015541399195563629,1.582156678747984
33.25690376569038,D0,meson,-0.35346024683811567,0.24523063485089502,11.267197457307917
33.25690376569038,D_plus,meson,-0.22023704593462437,-0.38718755269306926,11.669317322546195
33.25690376569038,Ds_plus,meson,-0.4294485555670441,0.06529221696057318,11.377567751184174
33.25690376569038,J_psi,meson,-0.13644614934604526,0.04696213395191584,3.7244148040524654
33.25690376569038,B_plus,meson,0.38803833982640645,0.26540107760420395,12.320353652430827
33.25690376569038,B0,meson,0.4196224496943835,0.2091488004844629,12.287050836244319
33.25690376569038,Bs0,meson,0.4137883449506121,0.22101629435939374,12.293879496489762
33.25690376569038,Upsilon_1S,meson,0.1508990734124384,-0.08176667597305491,4.445367569337434
33.25690376569038,W,boson,-0.03280057805471425,-0.0037113343791015992,0.7882310922760309
33.25690376569038,Z,boson,-0.03212467980610416,-0.0005378698524576331,0.7649959817301074
33.25690376569038,Higgs,boson,-0.12577598612039556,0.06764908439111868,3.685178675832777
33.25690376569038,top,quark,-0.0004784502384194942,-0.04629933025976301,1.1389084362748172
33.46108786610879,muon,lepton,0.6356542779510441,-0.054508839046775365,16.74918461424223
33.46108786610879,tau,lepton,-0.07479370788393408,0.41705656140071456,11.09597171977255
33.46108786610879,neutron,baryon,-0.007244242331984405,0.9999737601322524,26.300073716822478
33.46108786610879,Lambda,baryon,0.4563313209702406,0.26570806910195444,13.84879890259473
33.46108786610879,Sigma_plus,baryon,0.04847043062959426,-0.507322236767006,13.362837396118582
33.46108786610879,Xi_minus,baryon,0.5231260074051741,-0.0036458724153569056,13.719169493736818
33.46108786610879,Omega_minus,baryon,0.35061410372014207,-0.37808363305345416,13.521150664275083
33.46108786610879,Delta_1232,baryon,0.007038488051171811,0.009166816363512194,0.22225309913704822
33.46108786610879,pi0,meson,0.0403230474328401,0.24390404372564614,6.439541066697468
33.46108786610879,pi_plus,meson,0.18330699048855806,-0.539251372187132,14.943771874719356
33.46108786610879,K_plus,meson,0.5501471256048243,-0.17764045250697422,15.169617903259415
33.46108786610879,K_short,meson,-0.4743068009137132,-0.1488209030966273,13.032361426487812
33.46108786610879,K_long,meson,-0.3739208454351652,0.47128495333613973,15.789274872247002
33.46108786610879,eta,meson,0.09618794882664991,0.15912234209250856,4.82282926003031
33.46108786610879,rho_770,meson,0.0,-0.0,-0.08265966936381419
33.46108786610879,omega_782,meson,0.004466085199220997,-0.0471300152448119,1.1663292053773442
33.46108786610879,phi_1020,meson,0.0613317660159888,0.01484383963590616,1.582156678747984
33.46108786610879,D0,meson,-0.33242954442461176,0.27306191304881716,11.267197457307917
33.46108786610879,D_plus,meson,-0.2519475102695005,-0.36734317665019733,11.669317322546195
33.46108786610879,Ds_plus,meson,-0.42266723459305217,0.10020750608466852,11.377567751184174
33.46108786610879,J_psi,meson,-0.1351381613514751,0.05060307345629961,3.7244148040524654
33.46108786610879,B_plus,meson,0.4100209287717218,0.2299876586642879,12.320353652430827
33.46108786610879,B0,meson,0.4364573399054016,0.17126357310971238,12.287050836244319
33.46108786610879,Bs0,meson,0.43170338946195896,0.18357881227522183,12.293879496489762
33.46108786610879,Upsilon_1S,meson,0.14820565337636607,-0.08655289691107668,4.445367569337434
33.46108786610879,W,boson,-0.03282110893180398,-0.003525157029631524,0.7882310922760309
33.46108786610879,Z,boson,-0.03212715471277115,-0.00036095246856872846,0.7649959817301074
33.46108786610879,Higgs,boson,-0.1239373098391565,0.07096154263647006,3.685178675832777
33.46108786610879,top,quark,-0.0008580229444215148,-0.046293851576209306,1.1389084362748172
33.6652719665272,muon,lepton,0.6246326988936493,-0.12985209310799084,16.74918461424223
33.6652719665272,tau,lepton,-0.04159864601597196,0.4216631674643318,11.09597171977255
33.6652719665272,neutron,baryon,0.1793025220445839,0.9837939853386234,26.300073716822478
33.6652719665272,Lambda,baryon,0.4803026915609236,0.2194273842610946,13.84879890259473
33.6652719665272,Sigma_plus,baryon,-1.3036827900959704e-05,-0.509632450295051,13.362837396118582
33.6652719665272,Xi_minus,baryon,0.5202691638722764,-0.05471845331320928,13.719169493736818
33.6652719665272,Omega_minus,baryon,0.3125925577801007,-0.41007728068118077,13.521150664275083
33.6652719665272,Delta_1232,baryon,0.007053005708667552,0.009155651083475505,0.22225309913704822
33.6652719665272,pi0,meson,0.05147534239457004,0.24179623616871038,6.439541066697468
33.6652719665272,pi_plus,meson,0.1249186671069318,-0.5556877016597584,14.943771874719356
33.6652719665272,K_plus,meson,0.5277559840643631,-0.23599070206766296,15.169617903259415
33.6652719665272,K_short,meson,-0.48606940008187616,-0.10416880960988992,13.032361426487812
33.6652719665272,K_long,meson,-0.3186090896419465,0.5103082929852563,15.789274872247002
33.6652719665272,eta,meson,0.10160177456425562,0.15572129160098092,4.82282926003031
33.6652719665272,rho_770,meson,0.0,-0.0,-0.08265966936381419
33.6652719665272,omega_782,meson,0.004074000875557405,-0.04716552523664779,1.1663292053773442
33.6652719665272,phi_1020,meson,0.06149531202504413,0.01415103164857464,1.582156678747984
33.6652719665272,D0,meson,-0.3094442585353936,0.29885859737293013,11.267197457307917
33.6652719665272,D_plus,meson,-0.2816048065993942,-0.34513372808605064,11.669317322546195
33.6652719665272,Ds_plus,meson,-0.4131570004664521,0.13412840280794816,11.377567751184174
33.6652719665272,J_psi,meson,-0.13374688868816498,0.05417345718076874,3.7244148040524654
33.6652719665272,B_plus,meson,0.428617255569405,0.19312880001920427,12.320353652430827
33.6652719665272,B0,meson,0.449768305399732,0.13241862591591294,12.287050836244319
33.6652719665272,Bs0,meson,0.4461171814876069,0.14508086424776548,12.293879496489762
33.6652719665272,Upsilon_1S,meson,0.14538830599349956,-0.09120614089388705,4.445367569337434
33.6652719665272,W,boson,-0.032840402408871365,-0.0033406426358261417,0.7882310922760309
33.6652719665272,Z,boson,-0.032128645600158025,-0.00018571085683329776,0.7649959817301074
33.6652719665272,Higgs,boson,-0.1220301835536497,0.07419320457681552,3.685178675832777
33.6652719665272,top,quark,-0.0012339203555097387,-0.04628535770294434,1.1389084362748172
33.86945606694561,muon,lepton,0.6049428444484903,-0.2026616134403852,16.74918461424223
33.86945606694561,tau,lepton,-0.008460725830139182,0.4236256487334572,11.09597171977255
33.86945606694561,neutron,baryon,0.3579050996570882,0.9337579663057498,26.300073716822478
33.86945606694561,Lambda,baryon,0.4994346953932524,0.1714760552432407,13.84879890259473
33.86945606694561,Sigma_plus,baryon,-0.048038635284558984,-0.507363305811224,13.362837396118582
33.86945606694561,Xi_minus,baryon,0.512535371439674,-0.10479315355758166,13.719169493736818
33.86945606694561,Omega_minus,baryon,0.27206792804701757,-0.4380142986690964,13.521150664275083
33.86945606694561,Delta_1232,baryon,0.007067368427855706,0.009144568868666889,0.22225309913704822
33.86945606694561,pi0,meson,0.06241513954473707,0.2392059385876613,6.439541066697468
33.86945606694561,pi_plus,meson,0.06568436519706525,-0.5657552998747212,14.943771874719356
33.86945606694561,K_plus,meson,0.4994951767858758,-0.2910713976772356,15.169617903259415
33.86945606694561,K_short,meson,-0.4935862964026251,-0.05905227002441535,13.032361426487812
33.86945606694561,K_long,meson,-0.25984214465527,0.5425941077388748,15.789274872247002
33.86945606694561,eta,meson,0.10684592366934967,0.15217092313489805,4.82282926003031
33.86945606694561,rho_770,meson,0.0,-0.0,-0.08265966936381419
33.86945606694561,omega_782,meson,0.0036853516284354455,-0.04719748337949483,1.1663292053773442
33.86945606694561,phi_1020,meson,0.06164959443298046,0.013463008728568938,1.582156678747984
33.86945606694561,D0,meson,-0.28470836402516475,0.3225110196851403,11.267197457307917
33.86945606694561,D_plus,meson,-0.3090610914552721,-0.3207799855211264,11.669317322546195
33.86945606694561,Ds_plus,meson,-0.4010575949890047,0.1668590452324434,11.377567751184174
33.86945606694561,J_psi,meson,-0.1322758118711983,0.057672378921770934,3.7244148040524654
33.86945606694561,B_plus,meson,0.4437792568557955,0.1551497868294517,12.320353652430827
33.86945606694561,B0,meson,0.45955251087444327,0.09293928545346039,12.287050836244319
33.86945606694561,Bs0,meson,0.45701765730320953,0.10584827680416467,12.293879496489762
33.86945606694561,Upsilon_1S,meson,0.14245364810354005,-0.09572501135235142,4.445367569337434
33.86945606694561,W,boson,-0.03285849057395785,-0.0031577714923703647,0.7882310922760309
33.86945606694561,Z,boson,-0.03212918003387846,-1.2123263790358008e-05,0.7649959817301074
33.86945606694561,Higgs,boson,-0.12005805991658869,0.0773437751378832,3.685178675832777
33.86945606694561,top,quark,-0.001606178000364327,-0.046273935313137095,1.1389084362748172
34.07364016736402,muon,lepton,0.5771008931245021,-0.27199656940224903,16.74918461424223
34.07364016736402,tau,lepton,0.024417297368454664,0.42300599255286647,11.09597171977255
34.07364016736402,neutron,baryon,0.5227060406001292,0.8525129882413148,26.300073716822478
34.07364016736402,Lambda,baryon,0.5136803462626698,0.12235830314203179,13.84879890259473
34.07364016736402,Sigma_plus,baryon,-0.09519223053774692,-0.5006632339296994,13.362837396118582
34.07364016736402,Xi_minus,baryon,0.5001336315347389,-0.15342901491315605,13.719169493736818
34.07364016736402,Omega_minus,baryon,0.22947906035025,-0.4617540949154039,13.521150664275083
34.07364016736402,Delta_1232,baryon,0.007081578868406352,0.009133568690242816,0.22225309913704822
34.07364016736402,pi0,meson,0.07312483342444623,0.23615225901235834,6.439541066697468
34.07364016736402,pi_plus,meson,0.00628452618007768,-0.569520851153291,14.943771874719356
34.07364016736402,K_plus,meson,0.4658518047543887,-0.3423449812472964,15.169617903259415
34.07364016736402,K_short,meson,-0.49691280413084504,-0.013866062249858875,13.032361426487812
34.07364016736402,K_long,meson,-0.19844325551259445,0.5679318447081122,15.789274872247002
34.07364016736402,eta,meson,0.11191855344933417,0.14847989307071877,4.82282926003031
34.07364016736402,rho_770,meson,0.0,-0.0,-0.08265966936381419
34.07364016736402,omega_782,meson,0.003300111791858062,-0.047225983485197444,1.1663292053773442
34.07364016736402,phi_1020,meson,0.06179483633695159,0.012779800462678043,1.582156678747984
34.07364016736402,D0,meson,-0.258428108063737,0.34392895098672943,11.267197457307917
34.07364016736402,D_plus,meson,-0.3341911073259273,-0.29450782866798064,11.669317322546195
34.07364016736402,Ds_plus,meson,-0.38651994118801486,0.19822076212713094,11.377567751184174
34.07364016736402,J_psi,meson,-0.1307283416510976,0.06109905388657729,3.7244148040524654
34.07364016736402,B_plus,meson,0.45548828543441827,0.11636969966756944,12.320353652430827
34.07364016736402,B0,meson,0.46583503125639986,0.05314080057690202,12.287050836244319
34.07364016736402,Bs0,meson,0.46442101411266545,0.06619757125369755,12.293879496489762
34.07364016736402,Upsilon_1S,meson,0.1394081587517419,-0.10010836593344317,4.445367569337434
34.07364016736402,W,boson,-0.03287540460218141,-0.002976524120475617,0.7882310922760309
34.07364016736402,Z,boson,-0.03212878476435799,0.00015983175046709966,0.7649959817301074
34.07364016736402,Higgs,boson,-0.11802430560800552,0.08041306230496856,3.685178675832777
34.07364016736402,top,quark,-0.0019748314245763704,-0.04625966858914746,1.1389084362748172
34.27782426778243,muon,lepton,0.5417131923124167,-0.33700799973647694,16.74918461424223
34.27782426778243,tau,lepton,0.056843661036984315,0.41987983084011987,11.09597171977255
34.27782426778243,neutron,baryon,0.6685826787093184,0.7436378162317139,26.300073716822478
34.27782426778243,Lambda,baryon,0.5230422191483873,0.07256644867060846,13.84879890259473
34.27782426778243,Sigma_plus,baryon,-0.14108665787127653,-0.4897139874808661,13.362837396118582
34.27782426778243,Xi_minus,baryon,0.483307798347178,-0.20021909016412723,13.719169493736818
34.27782426778243,Omega_minus,baryon,0.18526372683196873,-0.4812014493231574,13.521150664275083
34.27782426778243,Delta_1232,baryon,0.007095639627746628,0.00912264953629125,0.22225309913704822
34.27782426778243,pi0,meson,0.08358818896113501,0.23265456231544346,6.439541066697468
34.27782426778243,pi_plus,meson,-0.05262987892995324,-0.5671186745395496,14.943771874719356
34.27782426778243,K_plus,meson,0.42735269562695927,-0.3893426045509331,15.169617903259415
34.27782426778243,K_short,meson,-0.49613790489238024,0.031012609056574294,13.032361426487812
34.27782426778243,K_long,meson,-0.13523059031798268,0.5862072955314067,15.789274872247002
34.27782426778243,eta,meson,0.11681817323977174,0.14465668202128176,4.82282926003031
34.27782426778243,rho_770,meson,0.0,-0.0,-0.08265966936381419
34.27782426778243,omega_782,meson,0.0029182553547551938,-0.047251116808678134,1.1663292053773442
34.27782426778243,phi_1020,meson,0.06193125562772421,0.01210143273129162,1.582156678747984
34.27782426778243,D0,meson,-0.23081039691040617,0.3630410046293606,11.267197457307917
34.27782426778243,D_plus,meson,-0.35689168996838616,-0.26654620423852865,11.669317322546195
34.27782426778243,Ds_plus,meson,-0.3697043377396437,0.22805227061079347,11.377567751184174
34.27782426778243,J_psi,meson,-0.12910781798527854,0.06445281244260147,3.7244148040524654
34.27782426778243,B_plus,meson,0.4637533885368041,0.07709915556825768,12.320353652430827
34.27782426778243,B0,meson,0.46866686330690444,0.013326374963674384,12.287050836244319
34.27782426778243,Bs0,meson,0.46836977264993807,0.026433933819435085,12.293879496489762
34.27782426778243,Upsilon_1S,meson,0.13625817562656403,-0.1043553028424309,4.445367569337434
34.27782426778243,W,boson,-0.03289117478545084,-0.0027968812684535794,0.7882310922760309
34.27782426778243,Z,boson,-0.03212748575416472,0.0003301753153131957,0.7649959817301074
34.27782426778243,Higgs,boson,-0.11593220142321531,0.08340097107757001,3.685178675832777
34.27782426778243,top,quark,-0.0023399161628185044,-0.04624263930058741,1.1389084362748172
34.48200836820084,muon,lepton,0.4994618804846929,-0.39694509009985857,16.74918461424223
34.48200836820084,tau,lepton,0.0886382053979482,0.4143350608990825,11.09597171977255
34.48200836820084,neutron,baryon,0.7912729885146914,0.6114630468368707,26.300073716822478
34.48200836820084,Lambda,baryon,0.5275692794340443,0.022576711048712415,13.84879890259473
34.48200836820084,Sigma_plus,baryon,-0.18536366624684153,-0.4747268117551673,13.362837396118582
34.48200836820084,Xi_minus,baryon,0.4623319537975565,-0.24479231300651894,13.719169493736818
34.48200836820084,Omega_minus,baryon,0.13985447294211792,-0.4963045533827591,13.521150664275083
34.48200836820084,Delta_1232,baryon,0.007109553242895065,0.009111810411508985,0.22225309913704822
34.48200836820084,pi0,meson,0.09379030291378272,0.2287323977475291,6.439541066697468
34.48200836820084,pi_plus,meson,-0.11044300384602851,-0.5587448774433134,14.943771874719356
34.48200836820084,K_plus,meson,0.3845556218942619,-0.43166533778802557,15.169617903259415
34.48200836820084,K_short,meson,-0.49138130904541083,0.07522640302656337,13.032361426487812
34.48200836820084,K_long,meson,-0.0710070984831274,0.5973979392808477,15.789274872247002
34.48200836820084,eta,meson,0.12154362560074981,0.14070958861537583,4.82282926003031
34.48200836820084,rho_770,meson,0.0,-0.0,-0.08265966936381419
34.48200836820084,omega_782,meson,0.002539756000069116,-0.04727297212406911,1.1663292053773442
34.48200836820084,phi_1020,meson,0.062059065104749594,0.011427927900584119,1.582156678747984
34.48200836820084,D0,meson,-0.20206130728493765,0.3797939421087923,11.267197457307917
34.48200836820084,D_plus,meson,-0.37708113513994895,-0.23712523038265182,11.669317322546195
34.48200836820084,Ds_plus,meson,-0.35077872510403896,0.25620972169032175,11.377567751184174
34.48200836820084,J_psi,meson,-0.12741750923670148,0.06773309410174669,3.7244148040524654
34.48200836820084,B_plus,meson,0.4686094782049159,0.03763830635433594,12.320353652430827
34.48200836820084,B0,meson,0.46812286760845884,-0.026214535159685193,12.287050836244319
34.48200836820084,Bs0,meson,0.4689307622866875,-0.013150550199560202,12.293879496489762
34.48200836820084,Upsilon_1S,meson,0.13300989211652875,-0.10846514765381743,4.445367569337434
34.48200836820084,W,boson,-0.03290583056108436,-0.002618823912009097,0.7882310922760309
34.48200836820084,Z,boson,-0.03212530820430405,0.0004989282527321765,0.7649959817301074
34.48200836820084,Higgs,boson,-0.11378494253302274,0.08630749768282794,3.685178675832777
34.48200836820084,top,quark,-0.0027014677129774465,-0.04622292687973135,1.1389084362748172
34.68619246861925,muon,lepton,0.45109054711234947,-0.4511594983124835,16.74918461424223
34.68619246861925,tau,lepton,0.11963284883782477,0.4064704855525939,11.09597171977255
34.68619246861925,neutron,baryon,0.8874622044391367,0.4608805004467297,26.300073716822478
34.68619246861925,Lambda,baryon,0.5273534738797708,-0.027154485288283025,13.84879890259473
34.68619246861925,Sigma_plus,baryon,-0.22769541756939757,-0.4559386267707466,13.362837396118582
34.68619246861925,Xi_minus,baryon,0.43750583745049526,-0.2868148430714286,13.719169493736818
34.68619246861925,Omega_minus,baryon,0.09367485063043622,-0.5070527641870647,13.521150664275083
34.68619246861925,Delta_1232,baryon,0.007123322192230977,0.00910105033688491,0.22225309913704822
34.68619246861925,pi0,meson,0.10371756366565064,0.22440543150123324,6.439541066697468
34.68619246861925,pi_plus,meson,-0.16657890288780333,-0.5446512317808277,14.943771874719356
34.68619246861925,K_plus,meson,0.33804084031067605,-0.4689844138776733,15.169617903259415
34.68619246861925,K_short,meson,-0.48279045771018236,0.1184397590992531,13.032361426487812
34.68619246861925,K_long,meson,-0.006551386002416642,0.6015674403036151,15.789274872247002
34.68619246861925,eta,meson,0.12609406810185775,0.1366467242271384,4.82282926003031
34.68619246861925,rho_770,meson,0.0,-0.0,-0.08265966936381419
34.68619246861925,omega_782,meson,0.002164587141471866,-0.04729163579841447,1.1663292053773442
34.68619246861925,phi_1020,meson,0.062178472589589404,0.010759305005537173,1.582156678747984
34.68619246861925,D0,meson,-0.17238472293231172,0.3941518966893155,11.267197457307917
34.68619246861925,D_plus,meson,-0.39469844393213693,-0.20647444326116465,11.669317322546195
34.68619246861925,Ds_plus,meson,-0.3299170313377099,0.282566607913178,11.377567751184174
34.68619246861925,J_psi,meson,-0.1256606115814067,0.07093944173496015,3.7244148040524654
34.68619246861925,B_plus,meson,0.4701154218377468,-0.0017249113089566274,12.320353652430827
34.68619246861925,B0,meson,0.4642996674034001,-0.06520766734592748,12.287050836244319
34.68619246861925,Bs0,meson,0.46619305547800577,-0.05227840676040144,12.293879496489762
34.68619246861925,Upsilon_1S,meson,0.12966935493877046,-0.11243744058888124,4.445367569337434
34.68619246861925,W,boson,-0.03291940053937748,-0.0024423332542749597,0.7882310922760309
34.68619246861925,Z,boson,-0.03212227657952101,0.0006661110805678109,0.7649959817301074
34.68619246861925,Higgs,boson,-0.11158563889994128,0.08913272404008837,3.685178675832777
34.68619246861925,top,quark,-0.0030595215121269996,-0.04620060849437032,1.1389084362748172
34.890376569037656,muon,lepton,0.3973901475322898,-0.49910784932312524,16.74918461424223
34.890376569037656,tau,lepton,0.14967193770052575,0.3963944818124808,11.09597171977255
34.890376569037656,neutron,baryon,0.9548310513122517,0.2971492275775594,26.300073716822478
34.890376569037656,Lambda,baryon,0.5225261448733247,-0.07619370320541607,13.84879890259473
34.890376569037656,Sigma_plus,baryon,-0.2677855677409231,-0.43360826130664065,13.362837396118582
34.890376569037656,Xi_minus,baryon,0.40915037708106655,-0.32599092156648846,13.719169493736818
34.890376569037656,Omega_minus,baryon,0.047136041688124394,-0.5134741248440401,13.521150664275083
34.890376569037656,Delta_1232,baryon,0.007136948897201593,0.009090368349389161,0.22225309913704822
34.890376569037656,pi0,meson,0.11335760968766304,0.21969338411953243,6.439541066697468
34.890376569037656,pi_plus,meson,-0.22050545208656583,-0.5251388776007508,14.943771874719356
34.890376569037656,K_plus,meson,0.2884030323487346,-0.5010405982654376,15.169617903259415
34.890376569037656,K_short,meson,-0.4705375020739098,0.16034045569831026,13.032361426487812
34.890376569037656,K_long,meson,0.05739036291908737,0.5988594594193294,15.789274872247002
34.890376569037656,eta,meson,0.1304689557010308,0.13247600858557756,4.82282926003031
34.890376569037656,rho_770,meson,0.0,-0.0,-0.08265966936381419
34.890376569037656,omega_782,meson,0.001792721957848564,-0.047307191863021736,1.1663292053773442
34.890376569037656,phi_1020,meson,0.06228968103763036,0.010095579924242657,1.582156678747984
34.890376569037656,D0,meson,-0.14198109574518192,0.4060955291741491,11.267197457307917
34.890376569037656,D_plus,meson,-0.4097024649317009,-0.17482118747836747,11.669317322546195
34.890376569037656,Ds_plus,meson,-0.30729760390885047,0.3070135471052154,11.377567751184174
34.890376569037656,J_psi,meson,-0.12384024860780203,0.07407149601188545,3.7244148040524654
34.890376569037656,B_plus,meson,0.4683520786471995,-0.04071628170098369,12.320353652430827
34.890376569037656,B0,meson,0.45731352824604504,-0.10339515421313912,12.287050836244319
34.890376569037656,Bs0,meson,0.4602658759088008,-0.09068803814853062,12.293879496489762
34.890376569037656,Upsilon_1S,meson,0.1262424622945526,-0.11627192425613114,4.445367569337434
34.890376569037656,W,boson,-0.032931912530163296,-0.0022673907256089425,0.7882310922760309
34.890376569037656,Z,boson,-0.03211841463265225,0.000831744015866405,0.7649959817301074
34.890376569037656,Higgs,boson,-0.10933731583534217,0.09187681246885566,3.685178675832777
34.890376569037656,top,quark,-0.003414112914231453,-0.04617575911820106,1.1389084362748172
35.09456066945607,muon,lepton,0.3391853614890734,-0.5403525378521111,16.74918461424223
35.09456066945607,tau,lepton,0.17861247960835783,0.3842237060288826,11.09597171977255
35.09456066945607,neutron,baryon,0.9920676701205123,0.12570496371129644,26.300073716822478
35.09456066945607,Lambda,baryon,0.5132543247714544,-0.12413319696089439,13.84879890259473
35.09456066945607,Sigma_plus,baryon,-0.3053699580727213,-0.40801277341568715,13.362837396118582
35.09456066945607,Xi_minus,baryon,0.3776033592959853,-0.36206327493648727,13.719169493736818
35.09456066945607,Omega_minus,baryon,0.0006338701654273549,-0.5156327002033433,13.521150664275083
35.09456066945607,Delta_1232,baryon,0.007150435723969459,0.009079763501668125,0.22225309913704822
35.09456066945607,pi0,meson,0.12269928696751436,0.2146159725594918,6.439541066697468
35.09456066945607,pi_plus,meson,-0.27173744816270745,-0.5005519497851317,14.943771874719356
35.09456066945607,K_plus,meson,0.23624371092773816,-0.5276427761518432,15.169617903259415
35.09456066945607,K_short,meson,-0.4548162927549086,0.20064082943453407,13.032361426487812
35.09456066945607,K_long,meson,0.12011140732295353,0.5894909292965377,15.789274872247002
35.09456066945607,eta,meson,0.13466802371959702,0.12820516619833075,4.82282926003031
35.09456066945607,rho_770,meson,0.0,-0.0,-0.08265966936381419
35.09456066945607,omega_782,meson,0.0014241334256740582,-0.04731972208253954,1.1663292053773442
35.09456066945607,phi_1020,meson,0.0623928886480334,0.009436765543903441,1.582156678747984
35.09456066945607,D0,meson,-0.11104632973643114,0.4156211291745193,11.267197457307917
35.09456066945607,D_plus,meson,-0.4220709504035119,-0.14238915052746937,11.669317322546195
35.09456066945607,Ds_plus,meson,-0.2831017323423146,0.3294579557683006,11.377567751184174
35.09456066945607,J_psi,meson,-0.12195947109167829,0.07712899006028189,3.7244148040524654
35.09456066945607,B_plus,meson,0.4634203054660663,-0.0790765809228256,12.320353652430827
35.09456066945607,B0,meson,0.44729823996517293,-0.14053649190037323,12.287050836244319
35.09456066945607,Bs0,meson,0.45127650226732635,-0.1281347544216351,12.293879496489762
35.09456066945607,Upsilon_1S,meson,0.12273496250972023,-0.11996853184961716,4.445367569337434
35.09456066945607,W,boson,-0.03294339356840597,-0.0020939779831727397,0.7882310922760309
35.09456066945607,Z,boson,-0.03211374542806723,0.0009958469783006665,0.7649959817301074
35.09456066945607,Higgs,boson,-0.10704291468352316,0.09454000063238109,3.685178675832777
35.09456066945607,top,quark,-0.0037652771694728325,-0.046148451598838035,1.1389084362748172
35.29874476987448,muon,lepton,0.27732155595953983,-0.5745609882439551,16.74918461424223
35.29874476987448,tau,lepton,0.20632426946912996,0.3700818422652551,11.09597171977255
35.29874476987448,neutron,baryon,0.998846325435456,-0.048021017940971064,26.300073716822478
35.29874476987448,Lambda,baryon,0.49973696227667197,-0.17059314470053563,13.84879890259473
35.29874476987448,Sigma_plus,baryon,-0.34021694689112475,-0.37944388730321915,13.362837396118582
35.29874476987448,Xi_minus,baryon,0.34321527358998344,-0.3948131051319094,13.719169493736818
35.29874476987448,Omega_minus,baryon,-0.04545380158656693,-0.5136257735274843,13.521150664275083
35.29874476987448,Delta_1232,baryon,0.007163784985002568,0.00906923486174523,0.22225309913704822
35.29874476987448,pi0,meson,0.13173260567326378,0.2091928567196437,6.439541066697468
35.29874476987448,pi_plus,meson,-0.3198389253907984,-0.47127121381698717,14.943771874719356
35.29874476987448,K_plus,meson,0.18216414502976067,-0.5486658495329457,15.169617903259415
35.29874476987448,K_short,meson,-0.435839408271758,0.23907867489347592,13.032361426487812
35.29874476987448,K_long,meson,0.1809504200197606,0.5737449358265991,15.789274872247002
35.29874476987448,eta,meson,0.13869127141328336,0.12384172352745466,4.82282926003031
35.29874476987448,rho_770,meson,0.0,-0.0,-0.08265966936381419
35.29874476987448,omega_782,meson,0.0010587943494015349,-0.04732930602183575,1.1663292053773442
35.29874476987448,phi_1020,meson,0.06248828897187144,0.008782871918933382,1.582156678747984
35.29874476987448,D0,meson,-0.07977078523412792,0.42273967425280223,11.267197457307917
35.29874476987448,D_plus,meson,-0.43179954260758224,-0.10939704002550027,11.669317322546195
35.29874476987448,Ds_plus,meson,-0.2575122651601691,0.34982362522609284,11.377567751184174
35.29874476987448,J_psi,meson,-0.12002125693198933,0.08011174433968084,3.7244148040524654
35.29874476987448,B_plus,meson,0.4554389530736069,-0.11656262347735344,12.320353652430827
35.29874476987448,B0,meson,0.4344030200368802,-0.1764092889120156,12.287050836244319
35.29874476987448,Bs0,meson,0.43936818719571985,-0.16439158393808317,12.293879496489762
35.29874476987448,Upsilon_1S,meson,0.11915245312061387,-0.12352737579886874,4.445367569337434
35.29874476987448,W,boson,-0.032953869938866905,-0.0019220769103102326,0.7882310922760309
35.29874476987448,Z,boson,-0.03210829136423694,0.0011584395936632972,0.7649959817301074
35.29874476987448,Higgs,boson,-0.10470529361970485,0.09712259670913885,3.685178675832777
35.29874476987448,top,quark,-0.00411304940510332,-0.0461187567235331,1.1389084362748172
35.50292887029289,muon,lepton,0.21265248560202296,-0.6015035286504743,16.74918461424223
35.50292887029289,tau,lepton,0.23268991726140575,0.35409839953224215,11.09597171977255
35.50292887029289,neutron,baryon,0.9757767482277927,-0.21876868518596254,26.300073716822478
35.50292887029289,Lambda,baryon,0.4822011278690606,-0.21522342987263163,13.84879890259473
35.50292887029289,Sigma_plus,baryon,-0.3721274119097166,-0.3482045718669883,13.362837396118582
35.50292887029289,Xi_minus,baryon,0.306345357526888,-0.42405970562064793,13.719169493736818
35.50292887029289,Omega_minus,baryon,-0.09076930246263291,-0.5075809462941104,13.521150664275083
35.50292887029289,Delta_1232,baryon,0.007176998940609528,0.009058781512727468,0.22225309913704822
35.50292887029289,pi0,meson,0.14044869629543713,0.20344359023794545,6.439541066697468
35.50292887029289,pi_plus,meson,-0.3644247362347771,-0.4377077869856673,14.943771874719356
35.50292887029289,K_plus,meson,0.126758841143356,-0.5640480355165917,15.169617903259415
35.50292887029289,K_short,meson,-0.4138352480468856,0.27541784630896593,13.032361426487812
35.50292887029289,K_long,meson,0.23929642751802194,0.5519633372508613,15.789274872247002
35.50292887029289,eta,meson,0.142538946136657,0.11939300685858761,4.82282926003031
35.50292887029289,rho_770,meson,0.0,-0.0,-0.08265966936381419
35.50292887029289,omega_782,meson,0.0006966773899759798,-0.047336021110748194,1.1663292053773442
35.50292887029289,phi_1020,meson,0.06257607101841917,0.008133906421533237,1.582156678747984
35.50292887029289,D0,meson,-0.04833839989155308,0.4274758583360691,11.267197457307917
35.50292887029289,D_plus,meson,-0.4389007052473567,-0.07605740132183747,11.669317322546195
35.50292887029289,Ds_plus,meson,-0.23071232335718725,0.36805021304894764,11.377567751184174
35.50292887029289,J_psi,meson,-0.11802851123342184,0.08301966172361215,3.7244148040524654
35.50292887029289,B_plus,meson,0.44454287197628567,-0.15294809624111724,12.320353652430827
35.50292887029289,B0,meson,0.41879045515899915,-0.21080980930526783,12.287050836244319
35.50292887029289,Bs0,meson,0.4246981086710726,-0.19924987648813933,12.293879496489762
35.50292887029289,Upsilon_1S,meson,0.11550038036839634,-0.12694873686323466,4.445367569337434
35.50292887029289,W,boson,-0.03296336719988097,-0.0017516696157423386,0.7882310922760309
35.50292887029289,Z,boson,-0.032102074195466124,0.0013195411974195887,0.7649959817301074
35.50292887029289,Higgs,boson,-0.1023272285499024,0.09962497478449205,3.685178675832777
35.50292887029289,top,quark,-0.004457464607730621,-0.04608674328268466,1.1389084362748172
35.7071129707113,muon,lepton,0.14602883812252612,-0.6210500406958167,16.74918461424223
35.7071129707113,tau,lepton,0.2576047865436417,0.3364075624836934,11.09597171977255
35.7071129707113,neutron,baryon,0.9243285060577444,-0.38159771080164817,26.300073716822478
35.7071129707113,Lambda,baryon,0.4608982404046421,-0.25770499505488526,13.84879890259473
35.7071129707113,Sigma_plus,baryon,-0.400934454217524,-0.314605781868345,13.362837396118582
35.7071129707113,Xi_minus,baryon,0.2673578654063293,-0.4496597422659922,13.719169493736818
35.7071129707113,Omega_minus,baryon,-0.1349770201300497,-0.4976531797820543,13.521150664275083
35.7071129707113,Delta_1232,baryon,0.007190079800421977,0.009048402552517605,0.22225309913704822
35.7071129707113,pi0,meson,0.14883976548846856,0.19738757536717114,6.439541066697468
35.7071129707113,pi_plus,meson,-0.40516144612252053,-0.40029701190938843,14.943771874719356
35.7071129707113,K_plus,meson,0.0706096088297695,-0.5737876552515222,15.169617903259415
35.7071129707113,K_short,meson,-0.3890452119093602,0.3094485832604466,13.032361426487812
35.7071129707113,K_long,meson,0.29459275195194007,0.5245392419918445,15.789274872247002
35.7071129707113,eta,meson,0.14621152809648513,0.11486614080822202,4.82282926003031
35.7071129707113,rho_770,meson,0.0,-0.0,-0.08265966936381419
35.7071129707113,omega_782,meson,0.00033775509157870764,-0.04733994270677791,1.1663292053773442
35.7071129707113,phi_1020,meson,0.0626564193595655,0.0074898738851040736,1.582156678747984
35.7071129707113,D0,meson,-0.016925922455035484,0.42986709982654037,11.267197457307917
35.7071129707113,D_plus,meson,-0.44340261391601926,-0.04257557204430379,11.669317322546195
35.7071129707113,Ds_plus,meson,-0.2028841115536709,0.3840926616759616,11.377567751184174
35.7071129707113,J_psi,meson,-0.11598406652271634,0.08585272278463327,3.7244148040524654
35.7071129707113,B_plus,meson,0.43088094442298297,-0.18802419233137174,12.320353652430827
35.7071129707113,B0,meson,0.4006344956131614,-0.2435533246670898,12.287050836244319
35.7071129707113,Bs0,meson,0.40743536887127546,-0.2325197131041853,12.293879496489762
35.7071129707113,Upsilon_1S,meson,0.11178403906708544,-0.1302330536625144,4.445367569337434
35.7071129707113,W,boson,-0.03297191020627854,-0.0015827384325934446,0.7882310922760309
35.7071129707113,Z,boson,-0.03209511505282375,0.0014791708383095846,0.7649959817301074
35.7071129707113,Higgs,boson,-0.09991141410151605,0.10204757045491096,3.685178675832777
35.7071129707113,top,quark,-0.004798557606947898,-0.046052478131215185,1.1389084362748172
35.91129707112971,muon,lepton,0.07828770730567156,-0.6331655466752056,16.74918461424223
35.91129707112971,tau,lepton,0.2809768524200636,0.3171470992308286,11.09597171977255
35.91129707112971,neutron,baryon,0.8467351155745668,-0.5320147028540894,26.300073716822478
35.91129707112971,Lambda,baryon,0.43610035216618503,-0.29775079399535304,13.84879890259473
35.91129707112971,Sigma_plus,baryon,-0.42650283460660454,-0.27896337866506393,13.362837396118582
35.91129707112971,Xi_minus,baryon,0.2266185778333644,-0.4715062377001292,13.719169493736818
35.91129707112971,Omega_minus,baryon,-0.17776492156159895,-0.48402181352969625,13.521150664275083
35.91129707112971,Delta_1232,baryon,0.007203029724826359,0.009038097093531977,0.22225309913704822
35.91129707112971,pi0,meson,0.1568990518106591,0.1910440217355913,6.439541066697468
35.91129707112971,pi_plus,meson,-0.44176759595985543,-0.359492540016517,14.943771874719356
35.91129707112971,K_plus,meson,0.01428022712390694,-0.5779394996809116,15.169617903259415
35.91129707112971,K_short,meson,-0.3617209847720329,0.3409875830100669,13.032361426487812
35.91129707112971,K_long,meson,0.3463399978362004,0.49190945487032145,15.789274872247002
35.91129707112971,eta,meson,0.14970971568774447,0.11026804741709295,4.82282926003031
35.91129707112971,rho_770,meson,0.0,-0.0,-0.08265966936381419
35.91129707112971,omega_782,meson,-1.8000093296930542e-05,-0.04734114415579268,1.1663292053773442
35.91129707112971,phi_1020,meson,0.06272951423232644,0.006850776740841338,1.582156678747984
35.91129707112971,D0,meson,0.014297745298439487,0.429962538884047,11.267197457307917
35.91129707112971,D_plus,meson,-0.4453480182767153,-0.009148769286665748,11.669317322546195
35.91129707112971,Ds_plus,meson,-0.17420782699444676,0.39792055549835575,11.377567751184174
35.91129707112971,J_psi,meson,-0.11389068308658284,0.0886109812763211,3.7244148040524654
35.91129707112971,B_plus,meson,0.4146141573615138,-0.22160005795150023,12.320353652430827
35.91129707112971,B0,meson,0.38011851491113374,-0.2744742896035242,12.287050836244319
35.91129707112971,Bs0,meson,0.38775905349036777,-0.2640301369646637,12.293879496489762
35.91129707112971,Upsilon_1S,meson,0.10800857281276766,-0.1333809126350697,4.445367569337434
35.91129707112971,W,boson,-0.03297952313148772,-0.0014152659172643198,0.7882310922760309
35.91129707112971,Z,boson,-0.03208743446430483,0.0016373472819906118,0.7649959817301074
35.91129707112971,Higgs,boson,-0.09746046469430641,0.1043908766372066,3.685178675832777
35.91129707112971,top,quark,-0.00513636306022706,-0.04601602624789308,1.1389084362748172
36.11548117154812,muon,lepton,0.010243053633961885,-0.637904894528912,16.74918461424223
36.11548117154812,tau,lepton,0.30272648742755665,0.2964573290647216,11.09597171977255
36.11548117154812,neutron,baryon,0.7458827391051266,-0.666077277427352,26.300073716822478
36.11548117154812,Lambda,baryon,0.40809652496289023,-0.33510636937776467,13.84879890259473
36.11548117154812,Sigma_plus,baryon,-0.4487281724916938,-0.24159524369482357,13.362837396118582
36.11548117154812,Xi_minus,baryon,0.18449156506164835,-0.48952729692066305,13.719169493736818
36.11548117154812,Omega_minus,baryon,-0.2188457437327535,-0.46688759221083986,13.521150664275083
36.11548117154812,Delta_1232,baryon,0.007215850826347071,0.00902786426242384,0.22225309913704822
36.11548117154812,pi0,meson,0.16462078154158702,0.1844319088027613,6.439541066697468
36.11548117154812,pi_plus,meson,-0.4740133880843724,-0.3157606737458788,14.943771874719356
36.11548117154812,K_plus,meson,-0.0416882810230908,-0.576610854392694,15.169617903259415
36.11548117154812,K_short,meson,-0.33212194206069756,0.36987784225785564,13.032361426487812
36.11548117154812,K_long,meson,0.3940981348127111,0.4545469899021863,15.789274872247002
36.11548117154812,eta,meson,0.15303441140450286,0.10560544578079725,4.82282926003031
36.11548117154812,rho_770,meson,0.0,-0.0,-0.08265966936381419
36.11548117154812,omega_782,meson,-0.00037061578034538713,-0.04733969685080652,1.1663292053773442
36.11548117154812,phi_1020,meson,0.06279553163944256,0.006216615147833014,1.582156678747984
36.11548117154812,D0,meson,0.045172103464636786,0.4278220324303259,11.267197457307917
36.11548117154812,D_plus,meson,-0.44479308759384273,0.024034695571075244,11.669317322546195
36.11548117154812,Ds_plus,meson,-0.14486066570667314,0.40951742698604,11.377567751184174
36.11548117154812,J_psi,meson,-0.1117510494198827,0.0912945598063538,3.7244148040524654
36.11548117154812,B_plus,meson,0.39591372906928196,-0.2535030656681721,12.320353652430827
36.11548117154812,B0,meson,0.3574334452568677,-0.3034263555517398,12.287050836244319
36.11548117154812,Bs0,meson,0.3658563624979509,-0.2936292199511024,12.293879496489762
36.11548117154812,Upsilon_1S,meson,0.10417897450357264,-0.13639303841398576,4.445367569337434
36.11548117154812,W,boson,-0.03298622948884935,-0.0012492348481648661,0.7882310922760309
36.11548117154812,Z,boson,-0.03207905237425489,0.0017940890147123494,0.7649959817301074
36.11548117154812,Higgs,boson,-0.09497691568220343,0.10665543957534589,3.685178675832777
36.11548117154812,top,quark,-0.005470915438997715,-0.045977450792672125,1.1389084362748172
36.31966527196653,muon,lepton,-0.057322808533488166,-0.6354066967175619,16.74918461424223
36.31966527196653,tau,lepton,0.32278618349407917,0.27448015209071475,11.09597171977255
36.31966527196653,neutron,baryon,0.6251882610456876,-0.7804739830709728,26.300073716822478
36.31966527196653,Lambda,baryon,0.3771893253661031,-0.36955008498740427,13.84879890259473
36.31966527196653,Sigma_plus,baryon,-0.46753593691171974,-0.20281859446258108,13.362837396118582
36.31966527196653,Xi_minus,baryon,0.14133621283787035,-0.5036846105947607,13.719169493736818
36.31966527196653,Omega_minus,baryon,-0.25795787331016834,-0.4464697289936605,13.521150664275083
36.31966527196653,Delta_1232,baryon,0.0072285451709829225,0.009017703199812174,0.22225309913704822
36.31966527196653,pi0,meson,0.17200012473708762,0.1775699518229908,6.439541066697468
36.31966527196653,pi_plus,meson,-0.501719852454418,-0.269575007782239,14.943771874719356
36.31966527196653,K_plus,meson,-0.09678176748846788,-0.5699572612573165,15.169617903259415
36.31966527196653,K_short,meson,-0.30051268857988256,0.3959882909809165,13.032361426487812
36.31966527196653,K_long,meson,0.4374877341225112,0.4129537363729102,15.789274872247002
36.31966527196653,eta,meson,0.15618670831656914,0.10088485217176313,4.82282926003031
36.31966527196653,rho_770,meson,0.0,-0.0,-0.08265966936381419
36.31966527196653,omega_782,meson,-0.0007201196314339684,-0.047335670288898686,1.1663292053773442
36.31966527196653,phi_1020,meson,0.06285464344805056,0.005587387116974615,1.582156678747984
36.31966527196653,D0,meson,0.07554551109142207,0.4235151545318898,11.267197457307917
36.31966527196653,D_plus,meson,-0.441806250136472,0.05679607999507764,11.669317322546195
36.31966527196653,Ds_plus,meson,-0.11501592438339485,0.41888002173949557,11.377567751184174
36.31966527196653,J_psi,meson,-0.10956778277353015,0.09390364569479444,3.7244148040524654
36.31966527196653,B_plus,meson,0.374959300324773,-0.28357892775850446,12.320353652430827
36.31966527196653,B0,meson,0.33277599752075854,-0.3302822376478474,12.287050836244319
36.31966527196653,Bs0,meson,0.34192082149285585,-0.3211839793933931,12.293879496489762
36.31966527196653,Upsilon_1S,meson,0.1003000871419724,-0.13927028461135482,4.445367569337434
36.31966527196653,W,boson,-0.0329920521521762,-0.0010846282243189087,0.7882310922760309
36.31966527196653,Z,boson,-0.03206998816208743,0.001949414247016763,0.7649959817301074
36.31966527196653,Higgs,boson,-0.0924632245571245,0.10884185503754247,3.685178675832777
36.31966527196653,top,quark,-0.005802249015839449,-0.045936813162119124,1.1389084362748172
36.52384937238494,muon,lepton,-0.12366667723923948,-0.6258866730905015,16.74918461424223
36.52384937238494,tau,lepton,0.3411002177693645,0.2513581420684585,11.09597171977255
36.52384937238494,neutron,baryon,0.48847134640362844,-0.8725799354458171,26.300073716822478
36.52384937238494,Lambda,baryon,0.3436914628732011,-0.4008930416363108,13.84879890259473
36.52384937238494,Sigma_plus,baryon,-0.48288025809780755,-0.16294750965599697,13.362837396118582
36.52384937238494,Xi_minus,baryon,0.09750451573318818,-0.5139717710351258,13.719169493736818
36.52384937238494,Omega_minus,baryon,-0.2948659354074586,-0.42300303006794404,13.521150664275083
36.52384937238494,Delta_1232,baryon,0.007241114779498715,0.009007613060015874,0.22225309913704822
36.52384937238494,pi0,meson,0.17903315166442166,0.17047657113250833,6.439541066697468
36.52384937238494,pi_plus,meson,-0.5247575500796791,-0.22141140169840007,14.943771874719356
36.52384937238494,K_plus,meson,-0.15051647952598401,-0.5581780894743512,15.169617903259415
36.52384937238494,K_short,meson,-0.2671607408184345,0.4192132406745304,13.032361426487812
36.52384937238494,K_long,meson,0.4761904214771431,0.36765335356204343,15.789274872247002
36.52384937238494,eta,meson,0.1591678771017083,0.09611258060950727,4.82282926003031
36.52384937238494,rho_770,meson,0.0,-0.0,-0.08265966936381419
36.52384937238494,omega_782,meson,-0.0010665393339909701,-0.047329132126333696,1.1663292053773442
36.52384937238494,phi_1020,meson,0.06290701748642408,0.004963088628992469,1.582156678747984
36.52384937238494,D0,meson,0.10527555100530218,0.4171202089623142,11.267197457307917
36.52384937238494,D_plus,meson,-0.43646703591025077,0.08896675742196071,11.669317322546195
36.52384937238494,Ds_plus,meson,-0.08484219591721633,0.42601753164182316,11.377567751184174
36.52384937238494,J_psi,meson,-0.10734342979229941,0.09643848701170432,3.7244148040524654
36.52384937238494,B_plus,meson,0.35193719923504796,-0.3116916632880907,12.320353652430827
36.52384937238494,B0,meson,0.3063469727207711,-0.3549334491653671,12.287050836244319
36.52384937238494,Bs0,meson,0.3161505810866584,-0.34658015936849756,12.293879496489762
36.52384937238494,Upsilon_1S,meson,0.0963766048928338,-0.14201362500036974,4.445367569337434
36.52384937238494,W,boson,-0.03299701337558626,-0.0009214292638532985,0.7882310922760309
36.52384937238494,Z,boson,-0.03206026066032301,0.0021033409174558474,0.7649959817301074
36.52384937238494,Higgs,boson,-0.08992177220665665,0.11095076469645798,3.685178675832777
36.52384937238494,top,quark,-0.006130397852719295,-0.04589417304299779,1.1389084362748172
36.72803347280335,muon,lepton,-0.18809087965595025,-0.6096305402470756,16.74918461424223
36.72803347280335,tau,lepton,0.3576242697512631,0.22723370311485724,11.09597171977255
36.72803347280335,neutron,baryon,0.33982476988558163,-0.9404887696151462,26.300073716822478
36.72803347280335,Lambda,baryon,0.3079225907380038,-0.4289787064616722,13.84879890259473
36.72803347280335,Sigma_plus,baryon,-0.49474258688977946,-0.12229066718807899,13.362837396118582
36.72803347280335,Xi_minus,baryon,0.0533386396009265,-0.5204124340701997,13.719169493736818
36.72803347280335,Omega_minus,baryon,-0.3293611123538589,-0.3967351017737229,13.521150664275083
36.72803347280335,Delta_1232,baryon,0.007253561628673727,0.008997593010793241,0.22225309913704822
36.72803347280335,pi0,meson,0.18571678974399425,0.1631698645803753,6.439541066697468
36.72803347280335,pi_plus,meson,-0.5430448701444183,-0.1717433089744954,14.943771874719356
36.72803347280335,K_plus,meson,-0.20244199710945235,-0.5415119832325682,15.169617903259415
36.72803347280335,K_short,meson,-0.23233436023199291,0.4394716687649923,13.032361426487812
36.72803347280335,K_long,meson,0.5099486124633756,0.31918445848548754,15.789274872247002
36.72803347280335,eta,meson,0.16197935362224938,0.09129474383885323,4.82282926003031
36.72803347280335,rho_770,meson,0.0,-0.0,-0.08265966936381419
36.72803347280335,omega_782,meson,-0.0014099025817159866,-0.047320148231942104,1.1663292053773442
36.72803347280335,phi_1020,meson,0.06295281763878285,0.004343713746858538,1.582156678747984
36.72803347280335,D0,meson,0.13422930811354616,0.40872325992973946,11.267197457307917
36.72803347280335,D_plus,meson,-0.4288649311478613,0.1203886547561618,11.669317322546195
36.72803347280335,Ds_plus,meson,-0.05450265596215605,0.4309508045790354,11.377567751184174
36.72803347280335,J_psi,meson,-0.10508046723341172,0.09889938878824714,3.7244148040524654
36.72803347280335,B_plus,meson,0.3270387872016496,-0.33772343246268915,12.320353652430827
36.72803347280335,B0,meson,0.2783496704379697,-0.377289917700803,12.287050836244319
36.72803347280335,Bs0,meson,0.2887468101695967,-0.36972189062349,12.293879496489762
36.72803347280335,Upsilon_1S,meson,0.09241307437245672,-0.1446241450845806,4.445367569337434
36.72803347280335,W,boson,-0.033001134812638604,-0.0007596214023814703,0.7882310922760309
36.72803347280335,Z,boson,-0.03204988817197745,0.002255886696321262,0.7649959817301074
36.72803347280335,Higgs,boson,-0.08735486421808925,0.11298285268550191,3.685178675832777
36.72803347280335,top,quark,-0.006455395790210273,-0.04584958846407442,1.1389084362748172
36.932217573221756,muon,lepton,-0.24994865122240592,-0.5869865810764251,16.74918461424223
36.932217573221756,tau,lepton,0.37232499673347647,0.20224829036071482,11.09597171977255
36.932217573221756,neutron,baryon,0.18348689609131433,-0.983022155886008,26.300073716822478
36.932217573221756,Lambda,baryon,0.27020628541191855,-0.4536822850941246,13.84879890259473
36.932217573221756,Sigma_plus,baryon,-0.5031302279242977,-0.08114929643897513,13.362837396118582
36.932217573221756,Xi_minus,baryon,0.009168751837108665,-0.5230583581199109,13.719169493736818
36.932217573221756,Omega_minus,baryon,-0.3612612139520617,-0.3679236586633975,13.521150664275083
36.932217573221756,Delta_1232,baryon,0.007265887652508754,0.008987642233086722,0.22225309913704822
36.932217573221756,pi0,meson,0.19204878110898105,0.1556675829276849,6.439541066697468
36.932217573221756,pi_plus,meson,-0.5565459760635756,-0.12103748053854659,14.943771874719356
36.932217573221756,K_plus,meson,-0.25214360747333775,-0.5202322475476354,15.169617903259415
36.932217573221756,K_short,meson,-0.19630054278887402,0.45670636024943856,13.032361426487812
36.932217573221756,K_long,meson,0.5385645987428964,0.2680941604602738,15.789274872247002
36.932217573221756,eta,meson,0.16462272703413558,0.08643725467833896,4.82282926003031
36.932217573221756,rho_770,meson,0.0,-0.0,-0.08265966936381419
36.932217573221756,omega_782,meson,-0.001750237056539789,-0.04730878273881941,1.1663292053773442
36.932217573221756,phi_1020,meson,0.06299220393817419,0.0037292547228596875,1.582156678747984
36.932217573221756,D0,meson,0.16228356699768925,0.39841718618395616,11.267197457307917
36.932217573221756,D_plus,meson,-0.4190982520057804,0.1509145868634226,11.669317322546195
36.932217573221756,Ds_plus,meson,-0.024154437444216487,0.4337115384976523,11.377567751184174
36.932217573221756,J_psi,meson,-0.10278130275742708,0.10128670939549317,3.7244148040524654
36.932217573221756,B_plus,meson,0.3004588919956742,-0.36157425155759937,12.320353652430827
36.932217573221756,B0,meson,0.24898839816037377,-0.3972794968446475,12.287050836244319
36.932217573221756,Bs0,meson,0.259912187459731,-0.3905312427952757,12.293879496489762
36.932217573221756,Upsilon_1S,meson,0.08841389614547793,-0.14710303404346112,4.445367569337434
36.932217573221756,W,boson,-0.033004437534799494,-0.0005991882912923011,0.7882310922760309
36.932217573221756,Z,boson,-0.03203888848732531,0.0024070689893797145,0.7649959817301074
36.932217573221756,Higgs,boson,-0.08476473222188306,0.11493884232437308,3.685178675832777
36.932217573221756,top,quark,-0.006777276437630088,-0.04580311584620848,1.1389084362748172
37.13640167364017,muon,lepton,-0.30864850212784734,-0.5583580184307616,16.74918461424223
37.13640167364017,tau,lepton,0.38517957418904647,0.1765416941517219,11.09597171977255
37.13640167364017,neutron,baryon,0.023719715405635666,-0.9997186479710557,26.300073716822478
37.13640167364017,Lambda,baryon,0.23086721701861798,-0.4749098657539261,13.84879890259473
37.13640167364017,Sigma_plus,baryon,-0.5080747710400596,-0.039815343729364704,13.362837396118582
37.13640167364017,Xi_minus,baryon,-0.03468888447327813,-0.5219873497541363,13.719169493736818
37.13640167364017,Omega_minus,baryon,-0.3904105209321138,-0.336833947897021,13.521150664275083
37.13640167364017,Delta_1232,baryon,0.0072780947433933275,0.008977759920772757,0.22225309913704822
37.13640167364017,pi0,meson,0.19802764088032285,0.14798710804447412,6.439541066697468
37.13640167364017,pi_plus,meson,-0.565268453950839,-0.06975005473621745,14.943771874719356
37.13640167364017,K_plus,meson,-0.29924414174947994,-0.49464222808687686,15.169617903259415
37.13640167364017,K_short,meson,-0.15932316802830124,0.4708829267672828,13.032361426487812
37.13640167364017,K_long,meson,0.5618990542516769,0.21493198627255825,15.789274872247002
37.13640167364017,eta,meson,0.16709972841579845,0.08154582770350635,4.82282926003031
37.13640167364017,rho_770,meson,0.0,-0.0,-0.08265966936381419
37.13640167364017,omega_782,meson,-0.0020875704117619713,-0.04729509809439915,1.1663292053773442
37.13640167364017,phi_1020,meson,0.06302533265743347,0.0031197021005774195,1.582156678747984
37.13640167364017,D0,meson,0.18932493463998062,0.3863007629914828,11.267197457307917
37.13640167364017,D_plus,meson,-0.4072730439810477,0.18040849483566368,11.669317322546195
37.13640167364017,Ds_plus,meson,0.006051910434752581,0.43434146688330005,11.377567751184174
37.13640167364017,J_psi,meson,-0.10044827578356795,0.10360085708520587,3.7244148040524654
37.13640167364017,B_plus,meson,0.27239433252235573,-0.38316160138824806,12.320353652430827
37.13640167364017,B0,meson,0.21846708424720865,-0.41484738655574066,12.287050836244319
37.13640167364017,Bs0,meson,0.22984949441425973,-0.40894768211451465,12.293879496489762
37.13640167364017,Upsilon_1S,meson,0.08438332640813184,-0.1494515770432474,4.445367569337434
37.13640167364017,W,boson,-0.033006942049264666,-0.0004401137959527302,0.7882310922760309
37.13640167364017,Z,boson,-0.03202727890006385,0.00255690494160895,0.7649959817301074
37.13640167364017,Higgs,boson,-0.08215353526820927,0.11681949300715927,3.685178675832777
37.13640167364017,top,quark,-0.007096073164044671,-0.04575481005078893,1.1389084362748172
37.34058577405858,muon,lepton,-0.3636576071498125,-0.5241953065163434,16.74918461424223
37.34058577405858,tau,lepton,0.3961752072846661,0.15025138694656734,11.09597171977255
37.34058577405858,neutron,baryon,-0.135304679823379,-0.9908040389592147,26.300073716822478
37.34058577405858,Lambda,baryon,0.1902285200435662,-0.49259736362100875,13.84879890259473
37.34058577405858,Sigma_plus,baryon,-0.509630443781791,0.0014301519049423263,13.362837396118582
37.34058577405858,Xi_minus,baryon,-0.0779335586830782,-0.51730114289487,13.719169493736818
37.34058577405858,Omega_minus,baryon,-0.4166794232758507,-0.30373630261936413,13.521150664275083
37.34058577405858,Delta_1232,baryon,0.007290184753234627,0.008967945280416726,0.22225309913704822
37.34058577405858,pi0,meson,0.20365261624173459,0.1401454337389904,6.439541066697468
37.34058577405858,pi_plus,meson,-0.5692607147633669,-0.018323039998258062,14.943771874719356
37.34058577405858,K_plus,meson,-0.3434053022444815,-0.4650707350162006,15.169617903259415
37.34058577405858,K_short,meson,-0.12166130905046878,0.4819887223490015,13.032361426487812
37.34058577405858,K_long,meson,0.5798690305076587,0.16024423031767496,15.789274872247002
37.34058577405858,eta,meson,0.16941221990370875,0.0766259812320924,4.82282926003031
37.34058577405858,rho_770,meson,0.0,-0.0,-0.08265966936381419
37.34058577405858,omega_782,meson,-0.0024219302563006076,-0.04727915510895386,1.1663292053773442
37.34058577405858,phi_1020,meson,0.06305235639823493,0.0025150448120183893,1.582156678747984
37.34058577405858,D0,meson,0.21524989409641646,0.3724777757876518,11.267197457307917
37.34058577405858,D_plus,meson,-0.39350201267899115,0.20874559487577501,11.669317322546195
37.34058577405858,Ds_plus,meson,0.035972882456543474,0.43289154207724456,11.377567751184174
37.34058577405858,J_psi,meson,-0.09808365840217609,0.10584228668696745,3.7244148040524654
37.34058577405858,B_plus,meson,0.24304253858552605,-0.40241994186000457,12.320353652430827
37.34058577405858,B0,meson,0.18698799603175295,-0.4299554748711013,12.287050836244319
37.34058577405858,Bs0,meson,0.19876031138672987,-0.4249274472269062,12.293879496489762
37.34058577405858,Upsilon_1S,meson,0.0803254788378484,-0.1516711479019177,4.445367569337434
37.34058577405858,W,boson,-0.03300866831616298,-0.00028238199383398137,0.7882310922760309
37.34058577405858,Z,boson,-0.03201507622290141,0.0027054114409294826,0.7649959817301074
37.34058577405858,Higgs,boson,-0.07952336123071031,0.11862559724648217,3.685178675832777
37.34058577405858,top,quark,-0.007411819090081337,-0.045704724426574944,1.1389084362748172
37.54476987447699,muon,lepton,-0.4145042640806233,-0.48498844282175574,16.74918461424223
37.54476987447699,tau,lepton,0.4053086192986264,0.12351193168538988,11.09597171977255
37.54476987447699,neutron,baryon,-0.28960683638297896,-0.9571456944061559,26.300073716822478
37.54476987447699,Lambda,baryon,0.1486093704598858,-0.5067092928848357,13.84879890259473
37.54476987447699,Sigma_plus,baryon,-0.5078724062649914,0.04231847726825725,13.362837396118582
37.54476987447699,Xi_minus,baryon,-0.12028151105171582,-0.5091232366612856,13.719169493736818
37.54476987447699,Omega_minus,baryon,-0.43996387482628735,-0.2689038344059387,13.521150664275083
37.54476987447699,Delta_1232,baryon,0.007302159494549571,0.008958197531032835,0.22225309913704822
37.54476987447699,pi0,meson,0.2089236463876136,0.13215914905936843,6.439541066697468
37.54476987447699,pi_plus,meson,-0.5686091988101458,0.03281880857315125,14.943771874719356
37.54476987447699,K_plus,meson,-0.38432851175908633,-0.4318675551916103,15.169617903259415
37.54476987447699,K_short,meson,-0.08356770322942289,0.49003167404613307,13.032361426487812
37.54476987447699,K_long,meson,0.5924455091395873,0.10456875533509687,15.789274872247002
37.54476987447699,eta,meson,0.1715621843210462,0.07168303958032833,4.82282926003031
37.54476987447699,rho_770,meson,0.0,-0.0,-0.08265966936381419
37.54476987447699,omega_782,meson,-0.0027533441399912937,-0.047261013002576215,1.1663292053773442
37.54476987447699,phi_1020,meson,0.06307342417824546,0.0019152702701235851,1.582156678747984
37.54476987447699,D0,meson,0.23996479485578007,0.35705616868226503,11.267197457307917
37.54476987447699,D_plus,meson,-0.3779034907335297,0.2358124446543718,11.669317322546195
37.54476987447699,Ds_plus,meson,0.0654724008997191,0.4294211222036866,11.377567751184174
37.54476987447699,J_psi,meson,-0.0956896563375379,0.10801149645609429,3.7244148040524654
37.54476987447699,B_plus,meson,0.21260026781007943,-0.41930014464079174,12.320353652430827
37.54476987447699,B0,meson,0.1547505635307421,-0.4425816129467229,12.287050836244319
37.54476987447699,Bs0,meson,0.16684381784123603,-0.4384428551561599,12.293879496489762
37.54476987447699,Upsilon_1S,meson,0.07624432659057628,-0.15376320209713565,4.445367569337434
37.54476987447699,W,boson,-0.03300963576516553,-0.00012597717256834478,0.7882310922760309
37.54476987447699,Z,boson,-0.03200229680259296,0.0028526051219277004,0.7649959817301074
37.54476987447699,Higgs,boson,-0.07687622823211746,0.12035797786735213,3.685178675832777
37.54476987447699,top,quark,-0.0077245470805029585,-0.045652910854997446,1.1389084362748172
37.7489539748954,muon,lepton,-0.4607794734754643,-0.44125939246135537,16.74918461424223
37.7489539748954,tau,lepton,0.4125855222942878,0.09645445007652594,11.09597171977255
37.7489539748954,neutron,baryon,-0.435490101102144,-0.9001935191068887,26.300073716822478
37.7489539748954,Lambda,baryon,0.10632277283284469,-0.517237392752563,13.84879890259473
37.7489539748954,Sigma_plus,baryon,-0.5028950080131708,0.08259446397386115,13.362837396118582
37.7489539748954,Xi_minus,baryon,-0.1614670912233843,-0.4975967146808816,13.719169493736818
37.7489539748954,Omega_minus,baryon,-0.46018468514125443,-0.23261027249849064,13.521150664275083
37.7489539748954,Delta_1232,baryon,0.007314020741521451,0.008948515903848932,0.22225309913704822
37.7489539748954,pi0,meson,0.21384132340588882,0.12404442391341516,6.439541066697468
37.7489539748954,pi_plus,meson,-0.563435428451684,0.08327072194441686,14.943771874719356
37.7489539748954,K_plus,meson,-0.42175531848526665,-0.3953990914348743,15.169617903259415
37.7489539748954,K_short,meson,-0.04528738200465281,0.49503904454362097,13.032361426487812
37.7489539748954,K_long,meson,0.5996505779875985,0.048430261315991624,15.789274872247002
37.7489539748954,eta,meson,0.17355171528560423,0.06672213556165689,4.82282926003031
37.7489539748954,rho_770,meson,0.0,-0.0,-0.08265966936381419
37.7489539748954,omega_782,meson,-0.003081839539876518,-0.0472407294506907,1.1663292053773442
37.7489539748954,phi_1020,meson,0.06308868151639814,0.0013203644568762205,1.582156678747984
37.7489539748954,D0,meson,0.2633857855100465,0.34014723040984834,11.267197457307917
37.7489539748954,D_plus,meson,-0.36060044490687443,0.2615069339337341,11.669317322546195
37.7489539748954,Ds_plus,meson,0.09442212646904181,0.42399716686236405,11.377567751184174
37.7489539748954,J_psi,meson,-0.0932684099548071,0.11010902506689911,3.7244148040524654
37.7489539748954,B_plus,meson,0.1812624208429129,-0.4337688554505419,12.320353652430827
37.7489539748954,B0,meson,0.12195030829652179,-0.4527188347506522,12.287050836244319
37.7489539748954,Bs0,meson,0.13429569648005815,-0.449481548782885,12.293879496489762
37.7489539748954,Upsilon_1S,meson,0.07214370442854945,-0.15572927010597953,4.445367569337434
37.7489539748954,W,boson,-0.03300986331152295,2.911617205504361e-05,0.7882310922760309
37.7489539748954,Z,boson,-0.031988956534444904,0.0029985023695662393,0.7649959817301074
37.7489539748954,Higgs,boson,-0.07421408608679947,0.12201748534458393,3.685178675832777
37.7489539748954,top,quark,-0.008034289737495131,-0.04559941979397578,1.1389084362748172
37.95313807531381,muon,lepton,-0.5021376983365061,-0.39355470588090613,16.74918461424223
37.95313807531381,tau,lepton,0.41802007498507154,0.06920614897457039,11.09597171977255
37.95313807531381,neutron,baryon,-0.5696169353302454,-0.8219103034911894,26.300073716822478
37.95313807531381,Lambda,baryon,0.06367355854156605,-0.5241991324172404,13.84879890259473
37.95313807531381,Sigma_plus,baryon,-0.49481002472145263,0.12201751513144289,13.362837396118582
37.95313807531381,Xi_minus,baryon,-0.20124368769216838,-0.482882066527019,13.719169493736818
37.95313807531381,Omega_minus,baryon,-0.47728666893134375,-0.19512795538005157,13.521150664275083
37.95313807531381,Delta_1232,baryon,0.007325770231022496,0.00893889964207608,0.22225309913704822
37.95313807531381,pi0,meson,0.21840685414793776,0.11581699685795012,6.439541066697468
37.95313807531381,pi_plus,meson,-0.5538929517519802,0.13265026636669733,14.943771874719356
37.95313807531381,K_plus,meson,-0.45546739149480686,-0.35604416223700275,15.169617903259415
37.95313807531381,K_short,meson,-0.007056456855564039,0.4970561427124124,13.032361426487812
37.95313807531381,K_long,meson,0.6015542947226982,-0.007663967162852476,15.789274872247002
37.95313807531381,eta,meson,0.17538300778282173,0.061748213201146485,4.82282926003031
37.95313807531381,rho_770,meson,0.0,-0.0,-0.08265966936381419
37.95313807531381,omega_782,meson,-0.003407443847428958,-0.04721836062814465,1.1663292053773442
37.95313807531381,phi_1020,meson,0.0630982705163035,0.0007303120072146558,1.582156678747984
37.95313807531381,D0,meson,0.2854386942141195,0.32186481977621145,11.267197457307917
37.95313807531381,D_plus,meson,-0.3417195266757684,0.2857382061449728,11.669317322546195
37.95313807531381,Ds_plus,meson,0.12270170092130094,0.41669344615108445,11.377567751184174
37.95313807531381,J_psi,meson,-0.09082199530523682,0.11213544874595419,3.7244148040524654
37.95313807531381,B_plus,meson,0.14922095502548913,-0.4458077968698925,12.320353652430827
37.95313807531381,B0,meson,0.08877787612891543,-0.4603745320297855,12.287050836244319
37.95313807531381,Bs0,meson,0.10130714029875276,-0.458045696534542,12.293879496489762
37.95313807531381,Upsilon_1S,meson,0.06802731096247686,-0.15757095106532013,4.445367569337434
37.95313807531381,W,boson,-0.033009369371553146,0.00018291333814888868,0.7882310922760309
37.95313807531381,Z,boson,-0.03197507087631005,0.0031431193228778948,0.7649959817301074
37.95313807531381,Higgs,boson,-0.0715388177557501,0.12360499527779696,3.685178675832777
37.95313807531381,top,quark,-0.008341079394621745,-0.045544300320302065,1.1389084362748172
38.15732217573222,muon,lepton,-0.5382968667380531,-0.34243840011261184,16.74918461424223
38.15732217573222,tau,lepton,0.42163433231929115,0.041889902793881814,11.09597171977255
38.15732217573222,neutron,baryon,-0.689070620560257,-0.7246941974934684,26.300073716822478
38.15732217573222,Lambda,baryon,0.02095659411944935,-0.527636118596184,13.84879890259473
38.15732217573222,Sigma_plus,baryon,-0.4837448912542149,0.16036244806420333,13.362837396118582
38.15732217573222,Xi_minus,baryon,-0.2393844402751962,-0.4651550298163811,13.719169493736818
38.15732217573222,Omega_minus,baryon,-0.4912376726671907,-0.1567259782642927,13.521150664275083
38.15732217573222,Delta_1232,baryon,0.0073374096636036135,0.008929348000682891,0.22225309913704822
38.15732217573222,pi0,meson,0.22262202312865648,0.10749216491492264,6.439541066697468
38.15732217573222,pi_plus,meson,-0.5401642166355989,0.18059931958378736,14.943771874719356
38.15732217573222,K_plus,meson,-0.48528614272240095,-0.31418999006929904,15.169617903259415
38.15732217573222,K_short,meson,0.03089894251572205,0.496144996893959,13.032361426487812
38.15732217573222,K_long,meson,0.5982712990047698,-0.06322783152332051,15.789274872247002
38.15732217573222,eta,meson,0.17705834918969166,0.05676603064073413,4.82282926003031
38.15732217573222,rho_770,meson,0.0,-0.0,-0.08265966936381419
38.15732217573222,omega_782,meson,-0.0037301843566570937,-0.047193961251925584,1.1663292053773442
38.15732217573222,phi_1020,meson,0.06310232994781914,0.00014509628894762182,1.582156678747984
38.15732217573222,D0,meson,0.30605886223763185,0.30232463215894423,11.267197457307917
38.15732217573222,D_plus,meson,-0.3213901689463137,0.3084265174512692,11.669317322546195
38.15732217573222,Ds_plus,meson,0.15019892573643004,0.4075897670230074,11.377567751184174
38.15732217573222,J_psi,meson,-0.08835242520435464,0.11409137854014166,3.7244148040524654
38.15732217573222,B_plus,meson,0.11666389590906219,-0.4554130219482375,12.320353652430827
38.15732217573222,B0,meson,0.055418171650736425,-0.4655695944566125,12.287050836244319
38.15732217573222,Bs0,meson,0.0680639608464269,-0.4641511542840554,12.293879496489762
38.15732217573222,Upsilon_1S,meson,0.06389871099328814,-0.15928990674179977,4.445367569337434
38.15732217573222,W,boson,-0.033008171877600447,0.00033542941983445067,0.7882310922760309
38.15732217573222,Z,boson,-0.03196065486209266,0.0032864718786400913,0.7649959817301074
38.15732217573222,Higgs,boson,-0.06885224080988954,0.12512140599822086,3.685178675832777
38.15732217573222,top,quark,-0.008644948111408219,-0.045487600170643315,1.1389084362748172
38.36150627615063,muon,lepton,-0.5690376834267562,-0.28848516331347324,16.74918461424223
38.36150627615063,tau,lepton,0.42345769091610813,0.01462388971556766,11.09597171977255
38.36150627615063,neutron,baryon,-0.7914020582857514,-0.6112959857066593,26.300073716822478
38.36150627615063,Lambda,baryon,-0.02154480316410218,-0.527612427773412,13.84879890259473
38.36150627615063,Sigma_plus,baryon,-0.4698409455665501,0.1974201621740459,13.362837396118582
38.36150627615063,Xi_minus,baryon,-0.27568274841427576,-0.444604469428838,13.719169493736818
38.36150627615063,Omega_minus,baryon,-0.5020274970759417,-0.11766849829093087,13.521150664275083
38.36150627615063,Delta_1232,baryon,0.0073489407044525406,0.00891986024617448,0.22225309913704822
38.36150627615063,pi0,meson,0.22648915649144893,0.09908477527746093,6.439541066697468
38.36150627615063,pi_plus,meson,-0.5224574118119801,0.22678568740201432,14.943771874719356
38.36150627615063,K_plus,meson,-0.5110720117107089,-0.27022840158669814,15.169617903259415
38.36150627615063,K_short,meson,0.06836358268340369,0.4923830045342608,13.032361426487812
38.36150627615063,K_long,meson,0.5899572308544095,-0.11779970990878108,15.789274872247002
38.36150627615063,eta,meson,0.17858011073520927,0.051780163212218046,4.82282926003031
38.36150627615063,rho_770,meson,0.0,-0.0,-0.08265966936381419
38.36150627615063,omega_782,meson,-0.004050088253042508,-0.04716758462255057,1.1663292053773442
38.36150627615063,phi_1020,meson,0.06310099532679968,-0.0004353005211391581,1.582156678747984
38.36150627615063,D0,meson,0.32519093571349983,0.2816435081694821,11.267197457307917
38.36150627615063,D_plus,meson,-0.29974373092865364,0.3295030396391344,11.669317322546195
38.36150627615063,Ds_plus,meson,0.1768098812078969,0.3967712204551843,11.377567751184174
38.36150627615063,J_psi,meson,-0.08586165033813954,0.11597745771438533,3.7244148040524654
38.36150627615063,B_plus,meson,0.08377444526192679,-0.4625941282482548,12.320353652430827
38.36150627615063,B0,meson,0.02204959213780739,-0.4683375241406153,12.287050836244319
38.36150627615063,Bs0,meson,0.03474579533294177,-0.46782659874787613,12.293879496489762
38.36150627615063,Upsilon_1S,meson,0.059761337939704944,-0.1608878558004656,4.445367569337434
38.36150627615063,W,boson,-0.03300628829248626,0.0004866793093898043,0.7882310922760309
38.36150627615063,Z,boson,-0.03194572311478289,0.003428575695026427,0.7649959817301074
38.36150627615063,Higgs,boson,-0.0661561088979391,0.12656763630169704,3.685178675832777
38.36150627615063,top,quark,-0.008945927668511267,-0.04542936578121045,1.1389084362748172
38.56569037656904,muon,lepton,-0.5942023182327615,-0.23227393228363497,16.74918461424223
38.56569037656904,tau,lepton,0.4235263340998512,-0.012478720701918786,11.09597171977255
38.56569037656904,neutron,baryon,-0.8746617862674763,-0.48473369971912184,26.300073716822478
38.56569037656904,Lambda,baryon,-0.06356024699235394,-0.5242128837472471,13.84879890259473
38.56569037656904,Sigma_plus,baryon,-0.45325169666344806,0.23299814169946118,13.362837396118582
38.56569037656904,Xi_minus,baryon,-0.3099525887051528,-0.4214303083124442,13.719169493736818
38.56569037656904,Omega_minus,baryon,-0.5096667332954333,-0.07821319762251837,13.521150664275083
38.56569037656904,Delta_1232,baryon,0.0073603649843216,0.008910435656375941,0.22225309913704822
38.56569037656904,pi0,meson,0.2300110870654229,0.09060921877477714,6.439541066697468
38.56569037656904,pi_plus,meson,-0.5010033074071258,0.2709043763670091,14.943771874719356
38.56569037656904,K_plus,meson,-0.5327234492886186,-0.22455225840808057,15.169617903259415
38.56569037656904,K_short,meson,0.10513389933420429,0.48586157061685986,13.032361426487812
38.56569037656904,K_long,meson,0.5768050092515893,-0.17094527543711174,15.789274872247002
38.56569037656904,eta,meson,0.17995073938302442,0.04679500665654803,4.82282926003031
38.56569037656904,rho_770,meson,0.0,-0.0,-0.08265966936381419
38.56569037656904,omega_782,meson,-0.004367182603262161,-0.047139282664171576,1.1663292053773442
38.56569037656904,phi_1020,meson,0.06309439899305105,-0.0010108973648078508,1.582156678747984
38.56569037656904,D0,meson,0.3427886204721108,0.25993878517655244,11.267197457307917
38.56569037656904,D_plus,meson,-0.2769126926444901,0.34890961295848,11.669317322546195
38.56569037656904,Ds_plus,meson,0.20243899031389637,0.3843274524086684,11.377567751184174
38.56569037656904,J_psi,meson,-0.0833515603926356,0.11779435927409171,3.7244148040524654
38.56569037656904,B_plus,meson,0.05073018359034989,-0.4673734413096189,12.320353652430827
38.56569037656904,B0,meson,-0.011156642526068437,-0.46872353296922337,12.287050836244319
38.56569037656904,Bs0,meson,0.0015254096818277014,-0.46911264096656735,12.293879496489762
38.56569037656904,Upsilon_1S,meson,0.05561849633892125,-0.16236656836126223,4.445367569337434
38.56569037656904,W,boson,-0.03300373562347066,0.0006366776994344948,0.7882310922760309
38.56569037656904,Z,boson,-0.03193028985903882,0.003569446195232848,0.7649959817301074
38.56569037656904,Higgs,boson,-0.06345211321544322,0.12794462330246323,3.685178675832777
38.56569037656904,top,quark,-0.009244049563439922,-0.04536964232614047,1.1389084362748172
38.76987447698745,muon,lepton,-0.613692539833889,-0.17438188312987388,16.74918461424223
38.76987447698745,tau,lepton,0.42188267991036027,-0.0393100310107708,11.09597171977255
38.76987447698745,neutron,baryon,-0.9374177004274273,-0.3482069139539795,26.300073716822478
38.76987447698745,Lambda,baryon,-0.1048334668737613,-0.517541299518755,13.84879890259473
38.76987447698745,Sigma_plus,baryon,-0.4341411281883535,0.26692080357109693,13.362837396118582
38.76987447698745,Xi_minus,baryon,-0.34202865543206895,-0.3958415224211307,13.719169493736818
38.76987447698745,Omega_minus,baryon,-0.5141855294381338,-0.038609903221889,13.521150664275083
38.76987447698745,Delta_1232,baryon,0.007371684100426162,0.00890107352022032,0.22225309913704822
38.76987447698745,pi0,meson,0.23319112053520427,0.08207942497074894,6.439541066697468
38.76987447698745,pi_plus,meson,-0.47605212493424104,0.312678540218658,14.943771874719356
38.76987447698745,K_plus,meson,-0.5501756358565763,-0.1775521328735444,15.169617903259415
38.76987447698745,K_short,meson,0.14101863472086656,0.4766847461928683,13.032361426487812
38.76987447698745,K_long,meson,0.5590410210824377,-0.22225985386277383,15.789274872247002
38.76987447698745,eta,meson,0.18117275012199519,0.04181478046954976,4.82282926003031
38.76987447698745,rho_770,meson,0.0,-0.0,-0.08265966936381419
38.76987447698745,omega_782,meson,-0.004681494345651386,-0.04710910596343913,1.1663292053773442
38.76987447698745,phi_1020,meson,0.06308267018651403,-0.0015817142333532316,1.582156678747984
38.76987447698745,D0,meson,0.35881440462007486,0.23732769202386791,11.267197457307917
38.76987447698745,D_plus,meson,-0.2530299000336084,0.3665984547859419,11.669317322546195
38.76987447698745,Ds_plus,meson,0.22699903168491842,0.3703519610969496,11.377567751184174
38.76987447698745,J_psi,meson,-0.08082398520279754,0.11954278360745553,3.7244148040524654
38.76987447698745,B_plus,meson,0.017702364656058994,-0.46978517585625273,12.320353652430827
38.76987447698745,B0,meson,-0.044037067332501054,-0.46678363053170346,12.287050836244319
38.76987447698745,Bs0,meson,-0.03143190582807134,-0.4680609277490914,12.293879496489762
38.76987447698745,Upsilon_1S,meson,0.05147336440865573,-0.1637278608327513,4.445367569337434
38.76987447698745,W,boson,-0.03300053043574345,0.0007854390851452445,0.7882310922760309
38.76987447698745,Z,boson,-0.0319143689333338,0.0037090985710760095,0.7649959817301074
38.76987447698745,Higgs,boson,-0.060741883971836885,0.12925332040248153,3.685178675832777
38.76987447698745,top,quark,-0.009539345006792325,-0.04530847375463708,1.1389084362748172
38.97405857740586,muon,lepton,-0.627467363157249,-0.11537886628052607,16.74918461424223
38.97405857740586,tau,lepton,0.41857483511342375,-0.06576763304381121,11.09597171977255
38.97405857740586,neutron,baryon,-0.9787592832829631,-0.20501284200610512,26.300073716822478
38.97405857740586,Lambda,baryon,-0.1451233032956654,-0.5077187009800683,13.84879890259473
38.97405857740586,Sigma_plus,baryon,-0.4126820477730789,0.2990297008818935,13.362837396118582
38.97405857740586,Xi_minus,baryon,-0.37176633808613124,-0.3680542105116796,13.719169493736818
38.97405857740586,Omega_minus,baryon,-0.5156323032544528,0.0009006391539624214,13.521150664275083
38.97405857740586,Delta_1232,baryon,0.0073828996173149015,0.008891773137540946,0.22225309913704822
38.97405857740586,pi0,meson,0.23603300273762876,0.07350885877669104,6.439541066697468
38.97405857740586,pi_plus,meson,-0.44787046297775984,0.3518601193084607,14.943771874719356
38.97405857740586,K_plus,meson,-0.5633989691123461,-0.1296132392206846,15.169617903259415
38.97405857740586,K_short,meson,0.1758393465093846,0.464967877181477,13.032361426487812
38.97405857740586,K_long,meson,0.5369212665140779,-0.271370336361428,15.789274872247002
38.97405857740586,eta,meson,0.18224871865043551,0.03684353135569313,4.82282926003031
38.97405857740586,rho_770,meson,0.0,-0.0,-0.08265966936381419
38.97405857740586,omega_782,meson,-0.0049930502813658835,-0.04707710380716569,1.1663292053773442
38.97405857740586,phi_1020,meson,0.06306593512170304,-0.0021477721018860856,1.582156678747984
38.97405857740586,D0,meson,0.37323925328267055,0.2139267869464439,11.267197457307917
38.97405857740586,D_plus,meson,-0.22822786116797772,0.3825318297202841,11.669317322546195
38.97405857740586,Ds_plus,meson,0.2504111059091188,0.3549414226483283,11.377567751184174
38.97405857740586,J_psi,meson,-0.0782806959167025,0.12122345624291418,3.7244148040524654
38.97405857740586,B_plus,meson,-0.015144700983504717,-0.46987458241623015,12.320353652430827
38.97405857740586,B0,meson,-0.07643646098832861,-0.4625837096820259,12.287050836244319
38.97405857740586,Bs0,meson,-0.06396885206498708,-0.4647332382720358,12.293879496489762
38.97405857740586,Upsilon_1S,meson,0.047328996659763437,-0.16497359101260764,4.445367569337434
38.97405857740586,W,boson,-0.03299668886546231,0.0009329777664978361,0.7882310922760309
38.97405857740586,Z,boson,-0.03189797380168568,0.003847547786561398,0.7649959817301074
38.97405857740586,Higgs,boson,-0.05802699185274889,0.1304946953712512,3.685178675832777
38.97405857740586,top,quark,-0.009831844918974493,-0.045245902826913355,1.1389084362748172
39.17824267782427,muon,lepton,-0.6355402776067601,-0.055822308723420845,16.74918461424223
39.17824267782427,tau,lepton,0.41365605789862664,-0.09175478140229724,11.09597171977255
39.17824267782427,neutron,baryon,-0.998289394914893,-0.05846609274149263,26.300073716822478
39.17824267782427,Lambda,baryon,-0.18420452123722952,-0.49488154829221187,13.84879890259473
39.17824267782427,Sigma_plus,baryon,-0.38905449089143396,0.3291835926666207,13.362837396118582
39.17824267782427,Xi_minus,baryon,-0.3990415498887974,-0.33828974780754706,13.719169493736818
39.17824267782427,Omega_minus,baryon,-0.514072415493616,0.04008784028775478,13.521150664275083
39.17824267782427,Delta_1232,baryon,0.007394013067712877,0.00888253381886804,0.22225309913704822
39.17824267782427,pi0,meson,0.23854088809395604,0.06491051846457335,6.439541066697468
39.17824267782427,pi_plus,meson,-0.41673830179155064,0.38823019329718755,14.943771874719356
39.17824267782427,K_plus,meson,-0.5723973549202352,-0.08111262699759521,15.169617903259415
39.17824267782427,K_short,meson,0.20943079517583715,0.4508362725241981,13.032361426487812
39.17824267782427,K_long,meson,0.5107275027568654,-0.31793666636569634,15.789274872247002
39.17824267782427,eta,meson,0.18318127443998847,0.03188513677287859,4.82282926003031
39.17824267782427,rho_770,meson,0.0,-0.0,-0.08265966936381419
39.17824267782427,omega_782,meson,-0.005301877066202656,-0.047043324218828085,1.1663292053773442
39.17824267782427,phi_1020,meson,0.06304431706042793,-0.002709092866760738,1.582156678747984
39.17824267782427,D0,meson,0.3860422796823189,0.18985143839832488,11.267197457307917
39.17824267782427,D_plus,meson,-0.20263809367164035,0.3966816864383604,11.669317322546195
39.17824267782427,Ds_plus,meson,0.2726045593181932,0.3381950468489755,11.377567751184174
39.17824267782427,J_psi,meson,-0.07572340617157079,0.12283712571717188,3.7244148040524654
39.17824267782427,B_plus,meson,-0.04765417676596347,-0.46769708637692486,12.320353652430827
39.17824267782427,B0,meson,-0.10820825031139436,-0.4561986361182503,12.287050836244319
39.17824267782427,Bs0,meson,-0.09593655172549599,-0.45920058235192407,12.293879496489762
39.17824267782427,Upsilon_1S,meson,0.04318832654944113,-0.16610565344464912,4.445367569337434
39.17824267782427,W,boson,-0.032992226632355175,0.0010793078505308429,0.7882310922760309
39.17824267782427,Z,boson,-0.031881117564984206,0.003984808581419571,0.7649959817301074
39.17824267782427,Higgs,boson,-0.055308949474984215,0.13166972853123182,3.685178675832777
39.17824267782427,top,quark,-0.010121579927372231,-0.04518197114897784,1.1389084362748172
39.38242677824268,muon,lepton,-0.6379761214927175,0.0037474013395744073,16.74918461424223
39.38242677824268,tau,lepton,0.40718423163280465,-0.11718052592482155,11.09597171977255
39.38242677824268,neutron,baryon,-0.9961048814224466,0.08817633019339004,26.300073716822478
39.38242677824268,Lambda,baryon,-0.22186845091214027,-0.47917996929565093,13.84879890259473
39.38242677824268,Sigma_plus,baryon,-0.3634441866443932,0.3572583907455386,13.362837396118582
39.38242677824268,Xi_minus,baryon,-0.4237504212460458,-0.30677303092538327,13.719169493736818
39.38242677824268,Omega_minus,baryon,-0.5095868174547711,0.07873219663324149,13.521150664275083
39.38242677824268,Delta_1232,baryon,0.007405025953338438,0.008873354885229567,0.22225309913704822
39.38242677824268,pi0,meson,0.2407193091812576,0.056296934972439504,6.439541066697468
39.38242677824268,pi_plus,meson,-0.38294610694856085,0.42159906823974186,14.943771874719356
39.38242677824268,K_plus,meson,-0.5772063336569142,-0.032416640240403714,15.169617903259415
39.38242677824268,K_short,meson,0.24164121738115737,0.4344238997270394,13.032361426487812
39.38242677824268,K_long,meson,0.48076342403523437,-0.36165292201489746,15.789274872247002
39.38242677824268,eta,meson,0.1839730941652212,0.026943308552555254,4.82282926003031
39.38242677824268,rho_770,meson,0.0,-0.0,-0.08265966936381419
39.38242677824268,omega_782,meson,-0.0056080012030428035,-0.047007813993947566,1.1663292053773442
39.38242677824268,phi_1020,meson,0.06301793638282607,-0.00326569928600045,1.582156678747984
39.38242677824268,D0,meson,0.39721039647488116,0.16521534824737807,11.267197457307917
39.38242677824268,D_plus,meson,-0.17639052307922182,0.40902926634936115,11.669317322546195
39.38242677824268,Ds_plus,meson,0.2935168692774757,0.32021396428606347,11.377567751184174
39.38242677824268,J_psi,meson,-0.0731537732783323,0.12438456154934716,3.7244148040524654
39.38242677824268,B_plus,meson,-0.07967714890932791,-0.4633174258652346,12.320353652430827
39.38242677824268,B0,meson,-0.13921483459732334,-0.4477113477003291,12.287050836244319
39.38242677824268,Bs0,meson,-0.12719489946419316,-0.4515423062566992,12.293879496489762
39.38242677824268,Upsilon_1S,meson,0.03905416916585953,-0.16712597502237486,4.445367569337434
39.38242677824268,W,boson,-0.03298715905190308,0.001224443253626827,0.7882310922760309
39.38242677824268,Z,boson,-0.031863812971931846,0.00412089547460833,0.7649959817301074
39.38242677824268,Higgs,boson,-0.05258921283190058,0.1327794110441664,3.685178675832777
39.38242677824268,top,quark,-0.010408580363945227,-0.04511671920630471,1.1389084362748172
39.58661087866109,muon,lepton,-0.6348876656249836,0.062811039228384,16.74918461424223
39.58661087866109,tau,lepton,0.3992213517362135,-0.14195980580546652,11.09597171977255
39.58661087866109,neutron,baryon,-0.972767400621334,0.231783485797442,26.300073716822478
39.58661087866109,Lambda,baryon,-0.2579234652312934,-0.4607760177867502,13.84879890259473
39.58661087866109,Sigma_plus,baryon,-0.3360410916695102,0.38314699434193705,13.362837396118582
39.58661087866109,Xi_minus,baryon,-0.4458088718432458,-0.27373081995858595,13.719169493736818
39.58661087866109,Omega_minus,baryon,-0.502270685114431,0.1166260784947245,13.521150664275083
39.58661087866109,Delta_1232,baryon,0.007415939745694876,0.008864235667956164,0.22225309913704822
39.58661087866109,pi0,meson,0.24257314744209774,0.04768017239930343,6.439541066697468
39.58661087866109,pi_plus,meson,-0.3467920492473,0.45180611964263545,14.943771874719356
39.58661087866109,K_plus,meson,-0.57789107280361,0.01612135701563486,15.169617903259415
39.58661087866109,K_short,meson,0.27233249292938466,0.41587211482180814,13.032361426487812
39.58661087866109,K_long,meson,0.4473509114860623,-0.4022480178752722,15.789274872247002
39.58661087866109,eta,meson,0.18462689548525082,0.022021596580670842,4.82282926003031
39.58661087866109,rho_770,meson,0.0,-0.0,-0.08265966936381419
39.58661087866109,omega_782,meson,-0.005911449034880933,-0.046970618734384455,1.1663292053773442
39.58661087866109,phi_1020,meson,0.06298691065673402,-0.0038176149225798706,1.582156678747984
39.58661087866109,D0,meson,0.40673795101373283,0.1401301165680846,11.267197457307917
39.58661087866109,D_plus,meson,-0.14961293154305505,0.4195646887877378,11.669317322546195
39.58661087866109,Ds_plus,meson,0.3130934948679258,0.30110064587382607,11.377567751184174
39.58661087866109,J_psi,meson,-0.0705733994117529,0.12586655231692878,3.7244148040524654
39.58661087866109,B_plus,meson,-0.11107299710058946,-0.45680879422773685,12.320353652430827
39.58661087866109,B0,meson,-0.16932783452755418,-0.4372119685985441,12.287050836244319
39.58661087866109,Bs0,meson,-0.1576128359151313,-0.44184521129476423,12.293879496489762
39.58661087866109,Upsilon_1S,meson,0.034929223935819875,-0.16803651082921348,4.445367569337434
39.58661087866109,W,boson,-0.0329815010471191,0.001368397703807553,0.7882310922760309
39.58661087866109,Z,boson,-0.03184607242961287,0.00425582276777953,0.7649959817301074
39.58661087866109,Higgs,boson,-0.049869182727105055,0.13382474329377675,3.685178675832777
39.58661087866109,top,quark,-0.010692876263216718,-0.04505018639642667,1.1389084362748172
39.7907949790795,muon,lepton,-0.6264319661221641,0.12087417603446303,16.74918461424223
39.7907949790795,tau,lepton,0.38983302746567283,-0.1660135080147494,11.09597171977255
39.7907949790795,neutron,baryon,-0.9292659585386086,0.3694113943847982,26.300073716822478
39.7907949790795,Lambda,baryon,-0.2921953039376945,-0.439841968030669,13.84879890259473
39.7907949790795,Sigma_plus,baryon,-0.3070379972133654,0.4067590230479244,13.362837396118582
39.7907949790795,Xi_minus,baryon,-0.4651520747717928,-0.23939018222317274,13.719169493736818
39.7907949790795,Omega_minus,baryon,-0.4922320511200173,0.15357438315213331,13.521150664275083
39.7907949790795,Delta_1232,baryon,0.007426755886837773,0.00885517550849015,0.22225309913704822
39.7907949790795,pi0,meson,0.24410760502762097,0.03907182959207291,6.439541066697468
39.7907949790795,pi_plus,meson,-0.30857935529689384,0.4787194132811312,14.943771874719356
39.7907949790795,K_plus,meson,-0.5745442548399146,0.06416299095724953,15.169617903259415
39.7907949790795,K_short,meson,0.3013802130062566,0.39532843282491065,13.032361426487812
39.7907949790795,K_long,meson,0.4108263826824408,-0.43948605118257933,15.789274872247002
39.7907949790795,eta,meson,0.18514543116393556,0.017123392526130588,4.82282926003031
39.7907949790795,rho_770,meson,0.0,-0.0,-0.08265966936381419
39.7907949790795,omega_782,meson,-0.0062122467384077016,-0.04693178288158298,1.1663292053773442
39.7907949790795,phi_1020,meson,0.06295135470542751,-0.00436486409043267,1.582156678747984
39.7907949790795,D0,meson,0.41462634796054554,0.114704847069055,11.267197457307917
39.7907949790795,D_plus,meson,-0.12243045601599575,0.4282865171846686,11.669317322546195
39.7907949790795,Ds_plus,meson,0.33128769669804825,0.2809583554385758,11.377567751184174
39.7907949790795,J_psi,meson,-0.06798383280337911,0.12728390382936552,3.7244148040524654
39.7907949790795,B_plus,meson,-0.14170969118276744,-0.44825199229182583,12.320353652430827
39.7907949790795,B0,meson,-0.19842827029015064,-0.4247969427635562,12.287050836244319
39.7907949790795,Bs0,meson,-0.1870685501669672,-0.43020268981929183,12.293879496489762
39.7907949790795,Upsilon_1S,meson,0.03081607734771291,-0.16883924020592728,4.445367569337434
39.7907949790795,W,boson,-0.03297526715993835,0.0015111847430393612,0.7882310922760309
39.7907949790795,Z,boson,-0.03182790801370475,0.004389604548709209,0.7649959817301074
39.7907949790795,Higgs,boson,-0.047150206194620486,0.13480673336046464,3.685178675832777
39.7907949790795,top,quark,-0.010974497360633691,-0.044982411060487795,1.1389084362748172
39.99497907949791,muon,lepton,-0.6128065431847066,0.17747032214345265,16.74918461424223
39.99497907949791,tau,lepton,0.3790880001244337,-0.1892684926449001,11.09597171977255
39.99497907949791,neutron,baryon,-0.8669726971206897,0.49835563852260856,26.300073716822478
39.99497907949791,Lambda,baryon,-0.3245272546843167,-0.4165586554753057,13.84879890259473
39.99497907949791,Sigma_plus,baryon,-0.2766292133351508,0.42802045849850695,13.362837396118582
39.99497907949791,Xi_minus,baryon,-0.4817338256727516,-0.20397704089441632,13.719169493736818
39.99497907949791,Omega_minus,baryon,-0.4795904448627337,0.18939505935145903,13.521150664275083
39.99497907949791,Delta_1232,baryon,0.007437475790118864,0.008846173758198458,0.22225309913704822
39.99497907949791,pi0,meson,0.2453281777655757,0.03048304273223194,6.439541066697468
39.99497907949791,pi_plus,meson,-0.2686138005803324,0.5022351255193791,14.943771874719356
39.99497907949791,K_plus,meson,-0.5672838876671028,0.11138662833316526,15.169617903259415
39.99497907949791,K_short,meson,0.3286736574105012,0.37294534387212963,13.032361426487812
39.99497907949791,K_long,meson,0.37153726657937075,-0.4731663189986431,15.789274872247002
39.99497907949791,eta,meson,0.1855314835154246,0.012251933604508452,4.82282926003031
39.99497907949791,rho_770,meson,0.0,-0.0,-0.08265966936381419
39.99497907949791,omega_782,meson,-0.006510420318113952,-0.046891349748801124,1.1663292053773442
39.99497907949791,phi_1020,meson,0.06291138067375968,-0.004907471803056625,1.582156678747984
39.99497907949791,D0,meson,0.4208836624136728,0.08904579202572234,11.267197457307917
39.99497907949791,D_plus,meson,-0.09496513479189014,0.4352013103569614,11.669317322546195
39.99497907949791,Ds_plus,meson,0.34806032942318166,0.25989063576064714,11.377567751184174
39.99497907949791,J_psi,meson,-0.06538656893480992,0.12863743739524014,3.7244148040524654
39.99497907949791,B_plus,meson,-0.1714640180688002,-0.437734595018955,12.320353652430827
39.99497907949791,B0,meson,-0.22640667363778938,-0.41056819063814065,12.287050836244319
39.99497907949791,Bs0,meson,-0.2154496153229733,-0.4167138827139165,12.293879496489762
39.99497907949791,Upsilon_1S,meson,0.026717205682740372,-0.16953616303585844,4.445367569337434
39.99497907949791,W,boson,-0.032968471562233564,0.0016528177295456418,0.7882310922760309
39.99497907949791,Z,boson,-0.03180933147834545,0.0045222546946894265,0.7649959817301074
39.99497907949791,Higgs,boson,-0.04443357790387117,0.13572639558381874,3.685178675832777
39.99497907949791,top,quark,-0.011253473091271603,-0.044913430513792596,1.1389084362748172
40.19916317991632,muon,lepton,-0.5942454389715682,0.23216359075698886,16.74918461424223
40.19916317991632,tau,lepton,0.3670576789720959,-0.2116575877544509,11.09597171977255
40.19916317991632,neutron,baryon,-0.7875934782325533,0.6161951907030341,26.300073716822478
40.19916317991632,Lambda,baryon,-0.35478020151624884,-0.3911138722883959,13.84879890259473
40.19916317991632,Sigma_plus,baryon,-0.2450093332212306,0.4468732048335238,13.362837396118582
40.19916317991632,Xi_minus,baryon,-0.4955258294047064,-0.1677148305968356,13.719169493736818
40.19916317991632,Omega_minus,baryon,-0.4644755497944323,0.2239195099886059,13.521150664275083
40.19916317991632,Delta_1232,baryon,0.007448100840907314,0.008837229778189487,0.22225309913704822
40.19916317991632,pi0,meson,0.24624062924163187,0.021924488835048526,6.439541066697468
40.19916317991632,pi_plus,meson,-0.2272013543433851,0.5222767846192369,14.943771874719356
40.19916317991632,K_plus,meson,-0.5562510628831738,0.15748887331958467,15.169617903259415
40.19916317991632,K_short,meson,0.35411568843886077,0.348879179362954,13.032361426487812
40.19916317991632,K_long,meson,0.32983862592720303,-0.503123033400828,15.789274872247002
40.19916317991632,eta,meson,0.1857878591621345,0.0074103063657600795,4.82282926003031
40.19916317991632,rho_770,meson,0.0,-0.0,-0.08265966936381419
40.19916317991632,omega_782,meson,-0.006805995600886415,-0.04684936155235861,1.1663292053773442
40.19916317991632,phi_1020,meson,0.06286709809272739,-0.005445463724596007,1.582156678747984
40.19916317991632,D0,meson,0.4255242464813857,0.06325603544867159,11.267197457307917
40.19916317991632,D_plus,meson,-0.06733550107516263,0.44032316275369265,11.669317322546195
40.19916317991632,Ds_plus,meson,0.36337961038099476,0.23800082822041504,11.377567751184174
40.19916317991632,J_psi,meson,-0.06278305172900978,0.12992798817911966,3.7244148040524654
40.19916317991632,B_plus,meson,-0.20022174319609615,-0.4253501366171438,12.320353652430827
40.19916317991632,B0,meson,-0.25316313861743467,-0.39463229249134524,12.287050836244319
40.19916317991632,Bs0,meson,-0.24265306180251917,-0.401482861884773,12.293879496489762
40.19916317991632,Upsilon_1S,meson,0.022634977747943832,-0.17012929623896386,4.445367569337434
40.19916317991632,W,boson,-0.032961128066469766,0.0017933098401231612,0.7882310922760309
40.19916317991632,Z,boson,-0.03179035426566958,0.00465378687588108,0.7649959817301074
40.19916317991632,Higgs,boson,-0.041720541548016826,0.13658474920888802,3.685178675832777
40.19916317991632,top,quark,-0.011529832588862796,-0.04484328107538573,1.1389084362748172
40.40334728033473,muon,lepton,-0.5710152038909445,0.2845508944583968,16.74918461424223
40.40334728033473,tau,lepton,0.35381569587939055,-0.23311955622769592,11.09597171977255
40.40334728033473,neutron,baryon,-0.6931147766566648,0.7208272375404399,26.300073716822478
40.40334728033473,Lambda,baryon,-0.38283255129360194,-0.3637008250669297,13.84879890259473
40.40334728033473,Sigma_plus,baryon,-0.2123720796849822,0.4632745776901341,13.362837396118582
40.40334728033473,Xi_minus,baryon,-0.5065169162059882,-0.13082326095356056,13.719169493736818
40.40334728033473,Omega_minus,baryon,-0.4470258861390948,0.25699288011914767,13.521150664275083
40.40334728033473,Delta_1232,baryon,0.007458632397289144,0.008828342939133711,0.22225309913704822
40.40334728033473,pi0,meson,0.24685096597956604,0.013406390078917781,6.439541066697468
40.40334728033473,pi_plus,meson,-0.18464598338057053,0.5387943540805705,14.943771874719356
40.40334728033473,K_plus,meson,-0.5416076852785886,0.20218581905094657,15.169617903259415
40.40334728033473,K_short,meson,0.3776225689765798,0.3232890316590167,13.032361426487812
40.40334728033473,K_long,meson,0.2860899456243487,-0.529224762180166,15.789274872247002
40.40334728033473,eta,meson,0.18591738409251107,0.0026014504956381455,4.82282926003031
40.40334728033473,rho_770,meson,0.0,-0.0,-0.08265966936381419
40.40334728033473,omega_782,meson,-0.00709899823106734,-0.04680585944193531,1.1663292053773442
40.40334728033473,phi_1020,meson,0.0628186139424957,-0.005978866123286465,1.582156678747984
40.40334728033473,D0,meson,0.42856833198948346,0.03743521310192571,11.267197457307917
40.40334728033473,D_plus,meson,-0.03965622207327086,0.44367323720654317,11.669317322546195
40.40334728033473,Ds_plus,meson,0.37722086757735934,0.21539162597100056,11.377567751184174
40.40334728033473,J_psi,meson,-0.06017467473760163,0.13115640364429343,3.7244148040524654
40.40334728033473,B_plus,meson,-0.22787771087823872,-0.41119731766343054,12.320353652430827
40.40334728033473,B0,meson,-0.2786073156785201,-0.37709970124890646,12.287050836244319
40.40334728033473,Bs0,meson,-0.2685853930269921,-0.38461784077426925,12.293879496489762
40.40334728033473,Upsilon_1S,meson,0.01857165760517965,-0.17062067046583484,4.445367569337434
40.40334728033473,W,boson,-0.03295325013601155,0.0019326740724597772,0.7882310922760309
40.40334728033473,Z,boson,-0.03177098751502575,0.004784214558626834,0.7649959817301074
40.40334728033473,Higgs,boson,-0.039012291214328115,0.13738281711234157,3.685178675832777
40.40334728033473,top,quark,-0.011803604685125655,-0.04477199809669578,1.1389084362748172
40.60753138075314,muon,lepton,-0.5434108566404382,0.3342636915625083,16.74918461424223
40.60753138075314,tau,lepton,0.3394374795615917,-0.2535990370945625,11.09597171977255
40.60753138075314,neutron,baryon,-0.5857483307999815,0.8104929937791168,26.300073716822478
40.60753138075314,Lambda,baryon,-0.4085800485657432,-0.33451666086810783,13.84879890259473
40.60753138075314,Sigma_plus,baryon,-0.17890923510107737,0.4771967310860835,13.362837396118582
40.60753138075314,Xi_minus,baryon,-0.514712198738043,-0.0935171881506107,13.719169493736818
40.60753138075314,Omega_minus,baryon,-0.4273875261757472,0.2884742376361406,13.521150664275083
40.60753138075314,Delta_1232,baryon,0.007469071790745636,0.008819512621088028,0.22225309913704822
40.60753138075314,pi0,meson,0.24716541370344336,0.004938518887143398,6.439541066697468
40.60753138075314,pi_plus,meson,-0.1412476196928688,0.5517631784550106,14.943771874719356
40.60753138075314,K_plus,meson,-0.5235341949481019,0.24521406341842553,15.169617903259415
40.60753138075314,K_short,meson,0.39912371218536613,0.29633573014887954,13.032361426487812
40.60753138075314,K_long,meson,0.24065210210207402,-0.5513736225517585,15.789274872247002
40.60753138075314,eta,meson,0.18592289900623987,-0.0021718373785993895,4.82282926003031
40.60753138075314,rho_770,meson,0.0,-0.0,-0.08265966936381419
40.60753138075314,omega_782,meson,-0.007389453665950933,-0.04676088352995126,1.1663292053773442
40.60753138075314,phi_1020,meson,0.06276603271391105,-0.0065077058271518235,1.582156678747984
40.60753138075314,D0,meson,0.43004163178202776,0.011679267891676526,11.267197457307917
40.60753138075314,D_plus,meson,-0.012037781957923897,0.44527929344175843,11.669317322546195
40.60753138075314,Ds_plus,meson,0.38956627007848277,0.19216466036029028,11.377567751184174
40.60753138075314,J_psi,meson,-0.057562782322247104,0.13232354207775188,3.7244148040524654
40.60753138075314,B_plus,meson,-0.25433588791481027,-0.39537923729919283,12.320353652430827
40.60753138075314,B0,meson,-0.3026583538057702,-0.3580839872197391,12.287050836244319
40.60753138075314,Bs0,meson,-0.29316254808566866,-0.366230415434386,12.293879496489762
40.60753138075314,Upsilon_1S,meson,0.014529407290700215,-0.17101232698316218,4.445367569337434
40.60753138075314,W,boson,-0.032944850895095454,0.0020709232474507215,0.7882310922760309
40.60753138075314,Z,boson,-0.031751242071887176,0.004913551008722815,0.7649959817301074
40.60753138075314,Higgs,boson,-0.03630997273546461,0.13812162460478247,3.685178675832777
40.60753138075314,top,quark,-0.01207481790937515,-0.04469961598927538,1.1389084362748172
40.81171548117155,muon,lepton,-0.5117518592773407,0.38096930209385027,16.74918461424223
40.81171548117155,tau,lepton,0.3239998500302477,-0.2730464636775072,11.09597171977255
40.81171548117155,neutron,baryon,-0.46787490964124673,0.8837946984046664,26.300073716822478
40.81171548117155,Lambda,baryon,-0.43193548929213765,-0.303761066587368,13.84879890259473
40.81171548117155,Sigma_plus,baryon,-0.14480965527699724,0.48862603113450037,13.362837396118582
40.81171548117155,Xi_minus,baryon,-0.5201321807782048,-0.05600559372291576,13.719169493736818
40.81171548117155,Omega_minus,baryon,-0.4057128483399881,0.3182366540834531,13.521150664275083
40.81171548117155,Delta_1232,baryon,0.007479420326811422,0.008810738213323748,0.22225309913704822
40.81171548117155,pi0,meson,0.2471903946628046,-0.003469796311007594,6.439541066697468
40.81171548117155,pi_plus,meson,-0.09730029507393317,0.5611828113424383,14.943771874719356
40.81171548117155,K_plus,meson,-0.5022273014439007,0.2863314999480673,15.169617903259415
40.81171548117155,K_short,meson,0.4185613699789064,0.2681808758149572,13.032361426487812
40.81171548117155,K_long,meson,0.1938845256657583,-0.5695042551196259,15.789274872247002
40.81171548117155,eta,meson,0.1858072549348851,-0.0069068998867920966,4.82282926003031
40.81171548117155,rho_770,meson,0.0,-0.0,-0.08265966936381419
40.81171548117155,omega_782,meson,-0.00767738717169185,-0.04671447292005813,1.1663292053773442
40.81171548117155,phi_1020,meson,0.06270945646853317,-0.007032010181849971,1.582156678747984
40.81171548117155,D0,meson,0.4299749418511955,-0.013919760928110453,11.267197457307917
40.81171548117155,D_plus,meson,0.015413793079366796,0.445175215331407,11.669317322546195
40.81171548117155,Ds_plus,meson,0.4004045436848517,0.16842012014831487,11.377567751184174
40.81171548117155,J_psi,meson,-0.05494867082842232,0.13343027119387363,3.7244148040524654
40.81171548117155,B_plus,meson,-0.27950935479164524,-0.3780026531026794,12.320353652430827
40.81171548117155,B0,meson,-0.3252447952337441,-0.3377011166771069,12.287050836244319
40.81171548117155,Bs0,meson,-0.31630981589997703,-0.3464348382519396,12.293879496489762
40.81171548117155,Upsilon_1S,meson,0.010510289520494046,-0.1713063147423656,4.445367569337434
40.81171548117155,W,boson,-0.03293594313847971,0.002208070011511144,0.7882310922760309
40.81171548117155,Z,boson,-0.03173112849646682,0.005041809294649167,0.7649959817301074
40.81171548117155,Higgs,boson,-0.033614685020653644,0.1388021983056352,3.685178675832777
40.81171548117155,top,quark,-0.012343500488394974,-0.0446261682516687,1.1389084362748172
41.01589958158996,muon,lepton,-0.4763781445244289,0.4243718157832267,16.74918461424223
41.01589958158996,tau,lepton,0.30758063372527045,-0.29141796084588933,11.09597171977255
41.01589958158996,neutron,baryon,-0.3419884434559035,0.9397041579894219,26.300073716822478
41.01589958158996,Lambda,baryon,-0.45282834361288654,-0.2716349456626362,13.84879890259473
41.01589958158996,Sigma_plus,baryon,-0.11025836709421209,0.49756238508293055,13.362837396118582
41.01589958158996,Xi_minus,baryon,-0.5228118276861973,-0.018490669018870583,13.719169493736818
41.01589958158996,Omega_minus,baryon,-0.38215933550949927,0.34616719312106325,13.521150664275083
41.01589958158996,Delta_1232,baryon,0.007489679285712963,0.00880201911415815,0.22225309913704822
41.01589958158996,pi0,meson,0.24693250600003888,-0.011809664708777432,6.439541066697468
41.01589958158996,pi_plus,meson,-0.053090443942143614,0.567075744437816,14.943771874719356
41.01589958158996,K_plus,meson,-0.4778977474490839,0.32531789554407303,15.169617903259415
41.01589958158996,K_short,meson,0.43589026723799984,0.2389859358177413,13.032361426487812
41.01589958158996,K_long,meson,0.1461425647689503,-0.5835826048253574,15.789274872247002
41.01589958158996,eta,meson,0.185573309126259,-0.011601215126592028,4.82282926003031
41.01589958158996,rho_770,meson,0.0,-0.0,-0.08265966936381419
41.01589958158996,omega_782,meson,-0.0079628238196012,-0.046666665734771476,1.1663292053773442
41.01589958158996,phi_1020,meson,0.06264898489721635,-0.007551807010567462,1.582156678747984
41.01589958158996,D0,meson,0.4284037463181029,-0.039273916342137546,11.267197457307917
41.01589958158996,D_plus,meson,0.042597169546835206,0.4434005395903982,11.669317322546195
41.01589958158996,Ds_plus,meson,0.4097306745818774,0.14425640291136732,11.377567751184174
41.01589958158996,J_psi,meson,-0.05233358975004472,0.1344774668134219,3.7244148040524654
41.01589958158996,B_plus,meson,-0.3033202487456876,-0.3591772708142326,12.320353652430827
41.01589958158996,B0,meson,-0.3463044271866633,-0.3160687658445897,12.287050836244319
41.01589958158996,Bs0,meson,-0.33796170530218367,-0.32534732600494026,12.293879496489762
41.01589958158996,Upsilon_1S,meson,0.00651627037702096,-0.1715046876233667,4.445367569337434
41.01589958158996,W,boson,-0.03292653934078303,0.0023441268388828735,0.7882310922760309
41.01589958158996,Z,boson,-0.031710657072048114,0.00516900229075827,0.7649959817301074
41.01589958158996,Higgs,boson,-0.03092748136589994,0.13942556508716952,3.685178675832777
41.01589958158996,top,quark,-0.012609680346554169,-0.04455168749543586,1.1389084362748172
41.22008368200837,muon,lepton,-0.437646228471571,0.46421261649841017,16.74918461424223
41.22008368200837,tau,lepton,0.29025829962751887,-0.3086752235663834,11.09597171977255
41.22008368200837,neutron,baryon,-0.21064163918046058,0.9775633482508275,26.300073716822478
41.22008368200837,Lambda,baryon,-0.47120429761344024,-0.23833917511596403,13.84879890259473
41.22008368200837,Sigma_plus,baryon,-0.07543574915393562,0.5040185337001816,13.362837396118582
41.22008368200837,Xi_minus,baryon,-0.5227996081088037,0.018832996857344884,13.719169493736818
41.22008368200837,Omega_minus,baryon,-0.3568884220069653,0.3721668141408578,13.521150664275083
41.22008368200837,Delta_1232,baryon,0.00749984992298812,0.008793354730789515,0.22225309913704822
41.22008368200837,pi0,meson,0.2463984991375639,-0.02007262620458274,6.439541066697468
41.22008368200837,pi_plus,meson,-0.008895374170287206,0.5694860555676915,14.943771874719356
41.22008368200837,K_plus,meson,-0.4507681175458176,0.36197526763900983,15.169617903259415
41.22008368200837,K_short,meson,0.45107718845026473,0.20891139904586556,13.032361426487812
41.22008368200837,K_long,meson,0.09777505847457528,-0.5936045348818433,15.789274872247002
41.22008368200837,eta,meson,0.1852239211811532,-0.016252392893401885,4.82282926003031
41.22008368200837,rho_770,meson,0.0,-0.0,-0.08265966936381419
41.22008368200837,omega_782,meson,-0.008245788482808996,-0.046617499142271424,1.1663292053773442
41.22008368200837,phi_1020,meson,0.06258471537727023,-0.008067124575868006,1.582156678747984
41.22008368200837,D0,meson,0.42536782708162446,-0.06429947160041012,11.267197457307917
41.22008368200837,D_plus,meson,0.06941590308858119,0.43999998836460763,11.669317322546195
41.22008368200837,Ds_plus,meson,0.4175456034826177,0.1197697978898842,11.377567751184174
41.22008368200837,J_psi,meson,-0.04971874288357009,0.13546601161456856,3.7244148040524654
41.22008368200837,B_plus,meson,-0.32569966288537083,-0.339015065690394,12.320353652430827
41.22008368200837,B0,meson,-0.3657840949532385,-0.2933056714604157,12.287050836244319
41.22008368200837,Bs0,meson,-0.3580617753206382,-0.3030854035475113,12.293879496489762
41.22008368200837,Upsilon_1S,meson,0.002549221973376363,-0.17160950184574714,4.445367569337434
41.22008368200837,W,boson,-0.03291665166552363,0.0024791060339332447,0.7882310922760309
41.22008368200837,Z,boson,-0.03168983781304172,0.005295142680420485,0.7649959817301074
41.22008368200837,Higgs,boson,-0.028249370742480955,0.1399927510843633,3.685178675832777
41.22008368200837,top,quark,-0.012873385106150877,-0.0444762054703634,1.1389084362748172
41.42426778242678,muon,lepton,-0.3959254378629827,0.5002705490678979,16.74918461424223
41.42426778242678,tau,lepton,0.27211161650527,-0.32478537884163466,11.09597171977255
41.42426778242678,neutron,baryon,-0.07639406374480816,0.9970777036041646,26.300073716822478
41.42426778242678,Lambda,baryon,-0.4870247237137843,-0.20407344505311262,13.84879890259473
41.42426778242678,Sigma_plus,baryon,-0.04051679413460207,0.5080193145508847,13.362837396118582
41.42426778242678,Xi_minus,baryon,-0.5201565157188865,0.05577912839526258,13.719169493736818
41.42426778242678,Omega_minus,baryon,-0.3300643930735,0.39615019845432314,13.521150664275083
41.42426778242678,Delta_1232,baryon,0.007509933470087463,0.008784744479135595,0.22225309913704822
41.42426778242678,pi0,meson,0.24559526016112118,-0.028250643999459372,6.439541066697468
41.42426778242678,pi_plus,meson,0.03501809573119606,0.5684779926602593,14.943771874719356
41.42426778242678,K_plus,meson,-0.42107070580415834,0.3961280738495073,15.169617903259415
41.42426778242678,K_short,meson,0.46410052316852285,0.17811599306687734,13.032361426487812
41.42426778242678,K_long,meson,0.04912212086479945,-0.5995942987835526,15.789274872247002
41.42426778242678,eta,meson,0.18476194943139715,-0.02085817093595198,4.82282926003031
41.42426778242678,rho_770,meson,0.0,-0.0,-0.08265966936381419
41.42426778242678,omega_782,meson,-0.008526305833269623,-0.046567009382399195,1.1663292053773442
41.42426778242678,phi_1020,meson,0.06251674302823013,-0.008577991543405647,1.582156678747984
41.42426778242678,D0,meson,0.4209108797570583,-0.08891704935710529,11.267197457307917
41.42426778242678,D_plus,meson,0.09577859862999469,0.4350230079052515,11.669317322546195
41.42426778242678,Ds_plus,meson,0.4238559126005894,0.09505419942205917,11.377567751184174
41.42426778242678,J_psi,meson,-0.04710528947031899,0.13639679395278478,3.7244148040524654
41.42426778242678,B_plus,meson,-0.34658750545254285,-0.31762963689317464,12.320353652430827
41.42426778242678,B0,meson,-0.3836394804551548,-0.269531018748685,12.287050836244319
41.42426778242678,Bs0,meson,-0.3765624298218341,-0.27976728407017365,12.293879496489762
41.42426778242678,Upsilon_1S,meson,-0.001389074908651723,-0.171622813539789,4.445367569337434
41.42426778242678,W,boson,-0.0329062919738693,0.0026130197334441395,0.7882310922760309
41.42426778242678,Z,boson,-0.03166868047277836,0.005420242959126982,0.7649959817301074
41.42426778242678,Higgs,boson,-0.025581319063096516,0.1405047807674411,3.685178675832777
41.42426778242678,top,quark,-0.013134642087967297,-0.04439975308888833,1.1389084362748172
41.62845188284519,muon,lepton,-0.3515942773007536,0.5323617555582401,16.74918461424223
41.62845188284519,tau,lepton,0.25321933131554425,-0.3397208330298922,11.09597171977255
41.62845188284519,neutron,baryon,0.058236465261470145,0.9983028168415882,26.300073716822478
41.62845188284519,Lambda,baryon,-0.5002660889514835,-0.16903518192826067,13.84879890259473
41.62845188284519,Sigma_plus,baryon,-0.0056704511063600995,0.5096009032055839,13.362837396118582
41.62845188284519,Xi_minus,baryon,-0.5149550791155966,0.09217037757542858,13.719169493736818
41.62845188284519,Omega_minus,baryon,-0.30185333983775436,0.41804550534501705,13.521150664275083
41.62845188284519,Delta_1232,baryon,0.0075199311349579325,0.008776187783675412,0.22225309913704822
41.62845188284519,pi0,meson,0.24452979117440302,-0.036336096766106094,6.439541066697468
41.62845188284519,pi_plus,meson,0.07839483595417601,0.5641345095483833,14.943771874719356
41.62845188284519,K_plus,meson,-0.3890454541376584,0.4276232276115926,15.169617903259415
41.62845188284519,K_short,meson,0.4749497763729217,0.14675596245062145,13.032361426487812
41.62845188284519,K_long,meson,0.0005131388963591949,-0.601602894424943,15.789274872247002
41.62845188284519,eta,meson,0.1841902475485445,-0.025416411243317838,4.82282926003031
41.62845188284519,rho_770,meson,0.0,-0.0,-0.08265966936381419
41.62845188284519,omega_782,meson,-0.008804400339092707,-0.0465152317918753,1.1663292053773442
41.62845188284519,phi_1020,meson,0.062445160766267035,-0.009084436947415233,1.582156678747984
41.62845188284519,D0,meson,0.4150801373412927,-0.11305171360474069,11.267197457307917
41.62845188284519,D_plus,meson,0.12159903625771373,0.4285233152859403,11.669317322546195
41.62845188284519,Ds_plus,meson,0.4286735076167746,0.07020085000751902,11.377567751184174
41.62845188284519,J_psi,meson,-0.04449434532592185,0.13727070674655462,3.7244148040524654
41.62845188284519,B_plus,meson,-0.3659323231888887,-0.2951355959796939,12.320353652430827
41.62845188284519,B0,meson,-0.3998348503031966,-0.24486386731125823,12.287050836244319
41.62845188284519,Bs0,meson,-0.39342468050298307,-0.25551128656176947,12.293879496489762
41.62845188284519,Upsilon_1S,meson,-0.005296928209811745,-0.17154667647015237,4.445367569337434
41.62845188284519,W,boson,-0.03289547183310886,0.0027458799088898836,0.7882310922760309
41.62845188284519,Z,boson,-0.03164719455104752,0.005544315437549322,0.7649959817301074
41.62845188284519,Higgs,boson,-0.022924250425144045,0.1409626760740584,3.685178675832777
41.62845188284519,top,quark,-0.013393478312021057,-0.04432236044976251,1.1389084362748172
41.8326359832636,muon,lepton,-0.3050369579788463,0.5603392087643895,16.74918461424223
41.8326359832636,tau,lepton,0.23365986866252353,-0.35345910643669587,11.09597171977255
41.8326359832636,neutron,baryon,0.19081848862461892,0.9816253380995298,26.300073716822478
41.8326359832636,Lambda,baryon,-0.5109193100297831,-0.13341855614203058,13.84879890259473
41.8326359832636,Sigma_plus,baryon,0.02894095435178771,0.5088100389388011,13.362837396118582
41.8326359832636,Xi_minus,baryon,-0.5072783673481399,0.1278388439792577,13.719169493736818
41.8326359832636,Omega_minus,baryon,-0.2724221721305558,0.4377940651060123,13.521150664275083
41.8326359832636,Delta_1232,baryon,0.007529844102609483,0.008767684077294325,0.22225309913704822
41.8326359832636,pi0,meson,0.24320919259934518,-0.04432177044261211,6.439541066697468
41.8326359832636,pi_plus,meson,0.1209924452092693,0.5565557684275306,14.943771874719356
41.8326359832636,K_plus,meson,-0.35493797167020513,0.45632995348187855,15.169617903259415
41.8326359832636,K_short,meson,0.483625049499141,0.11498440802321809,13.032361426487812
41.8326359832636,K_long,meson,-0.04773501684125326,-0.5997063231775711,15.789274872247002
41.8326359832636,eta,meson,0.18351166137282388,-0.029925096368592842,4.82282926003031
41.8326359832636,rho_770,meson,0.0,-0.0,-0.08265966936381419
41.8326359832636,omega_782,meson,-0.009080096262178362,-0.04646220082876485,1.1663292053773442
41.8326359832636,phi_1020,meson,0.06237005935726689,-0.009586490157899441,1.582156678747984
41.8326359832636,D0,meson,0.407926002866086,-0.13663303608546754,11.267197457307917
41.8326359832636,D_plus,meson,0.14679626487495698,0.42055845489208704,11.669317322546195
41.8326359832636,Ds_plus,meson,0.4320152966351083,0.045298111964258245,11.377567751184174
41.8326359832636,J_psi,meson,-0.04188698395589661,0.13808864642598043,3.7244148040524654
41.8326359832636,B_plus,meson,-0.38369109263156403,-0.2716479902445496,12.320353652430827
41.8326359832636,B0,meson,-0.4143427771593851,-0.21942261516865855,12.287050836244319
41.8326359832636,Bs0,meson,-0.40861788206051053,-0.23043529080787017,12.293879496489762
41.8326359832636,Upsilon_1S,meson,-0.009172732016740973,-0.1713831399051963,4.445367569337434
41.8326359832636,W,boson,-0.032884202524854904,0.0028776983687019923,0.7882310922760309
41.8326359832636,Z,boson,-0.03162538930139104,0.005667372244555717,0.7649959817301074
41.8326359832636,Higgs,boson,-0.020279048330679162,0.14136745559822675,3.685178675832777
41.8326359832636,top,quark,-0.01364992049849922,-0.044244056860983046,1.1389084362748172
42.03682008368201,muon,lepton,-0.25664010601266934,0.5840919710092721,16.74918461424223
42.03682008368201,tau,lepton,0.21351105110946508,-0.36598265696689325,11.09597171977255
42.03682008368201,neutron,baryon,0.31904696660695453,0.9477389055530541,26.300073716822478
42.03682008368201,Lambda,baryon,-0.5189890635737269,-0.09741357387551165,13.84879890259473
42.03682008368201,Sigma_plus,baryon,0.06316222472774452,0.5057032409735361,13.362837396118582
42.03682008368201,Xi_minus,baryon,-0.49721899787124807,0.16262650511297097,13.719169493736818
42.03682008368201,Omega_minus,baryon,-0.24193769087184186,0.45535001597230523,13.521150664275083
42.03682008368201,Delta_1232,baryon,0.007539673535665255,0.008759232801132314,0.22225309913704822
42.03682008368201,pi0,meson,0.24164064639571237,-0.05220084970051039,6.439541066697468
42.03682008368201,pi_plus,meson,0.162582135900143,0.5458576226946222,14.943771874719356
42.03682008368201,K_plus,meson,-0.31899764374315737,0.4821394958561748,15.169617903259415
42.03682008368201,K_short,meson,0.4901364975631695,0.08295068624192103,13.032361426487812
42.03682008368201,K_long,meson,-0.095319570826707,-0.5940037755009714,15.789274872247002
42.03682008368201,eta,meson,0.1827290259523277,-0.03438232579388851,4.82282926003031
42.03682008368201,rho_770,meson,0.0,-0.0,-0.08265966936381419
42.03682008368201,omega_782,meson,-0.009353417656139703,-0.0464079500962143,1.1663292053773442
42.03682008368201,phi_1020,meson,0.06229152746860857,-0.01008418084943356,1.582156678747984
42.03682008368201,D0,meson,0.3995016921362081,-0.15959513884996968,11.267197457307917
42.03682008368201,D_plus,meson,0.17129466567375587,0.4111893661978314,11.669317322546195
42.03682008368201,Ds_plus,meson,0.4339028679558974,0.02043126657586728,11.377567751184174
42.03682008368201,J_psi,meson,-0.03928423765648878,0.13885151194146028,3.7244148040524654
42.03682008368201,B_plus,meson,-0.39982898301230163,-0.2472817613817383,12.320353652430827
42.03682008368201,B0,meson,-0.4271438380395959,-0.1933245009211418,12.287050836244319
42.03682008368201,Bs0,meson,-0.42211944318243716,-0.2046562299972178,12.293879496489762
42.03682008368201,Upsilon_1S,meson,-0.013014964019946505,-0.1711342466251993,4.445367569337434
42.03682008368201,W,boson,-0.0328724950529874,0.003008486760519743,0.7882310922760309
42.03682008368201,Z,boson,-0.03160327373816085,0.00578942533018366,0.7649959817301074
42.03682008368201,Higgs,boson,-0.017646556882724776,0.14172013383319745,3.685178675832777
42.03682008368201,top,quark,-0.01390399506886074,-0.0441648708620137,1.1389084362748172
42.24100418410042,muon,lepton,-0.20678966506796043,0.6035442063616975,16.74918461424223
42.24100418410042,tau,lepton,0.19284984004677874,-0.3772786945221624,11.09597171977255
42.24100418410042,neutron,baryon,0.44077838570474825,0.8976159616982734,26.300073716822478
42.24100418410042,Lambda,baryon,-0.5244930595868713,-0.06120525246689564,13.84879890259473
42.24100418410042,Sigma_plus,baryon,0.09684572262738417,0.5003460208420532,13.362837396118582
42.24100418410042,Xi_minus,baryon,-0.48487815310091803,0.19638556121769773,13.719169493736818
42.24100418410042,Omega_minus,baryon,-0.21056572118532202,0.47067989161646023,13.521150664275083
42.24100418410042,Delta_1232,baryon,0.0075494205748958725,0.00875083340443538,0.22225309913704822
42.24100418410042,pi0,meson,0.2398314001730751,-0.05996690913341525,6.439541066697468
42.24100418410042,pi_plus,meson,0.202949470325644,0.5321700927919735,14.943771874719356
42.24100418410042,K_plus,meson,-0.281475837667902,0.5049646947928991,15.169617903259415
42.24100418410042,K_short,meson,0.49450376747563096,0.05079986755793326,13.032361426487812
42.24100418410042,K_long,meson,-0.14195321473506228,-0.5846157633167082,15.789274872247002
42.24100418410042,eta,meson,0.1818451627827442,-0.03878631234083501,4.82282926003031
42.24100418410042,rho_770,meson,0.0,-0.0,-0.08265966936381419
42.24100418410042,omega_782,meson,-0.009624388364495924,-0.04635251236548304,1.1663292053773442
42.24100418410042,phi_1020,meson,0.062209651719669745,-0.010577538971513615,1.582156678747984
42.24100418410042,D0,meson,0.3898628874945671,-0.1818767146135899,11.267197457307917
42.24100418410042,D_plus,meson,0.1950239874530972,0.4004799641434666,11.669317322546195
42.24100418410042,Ds_plus,meson,0.43436216833730906,-0.004317660426466732,11.377567751184174
42.24100418410042,J_psi,meson,-0.036687098599999905,0.1395602038297267,3.7244148040524654
42.24100418410042,B_plus,meson,-0.4143190942741112,-0.222151239673756,12.320353652430827
42.24100418410042,B0,meson,-0.438226293001431,-0.16668514377061028,12.287050836244319
42.24100418410042,Bs0,meson,-0.4339145168286471,-0.17828962077105517,12.293879496489762
42.24100418410042,Upsilon_1S,meson,-0.01682218300863714,-0.1708020310629793,4.445367569337434
42.24100418410042,W,boson,-0.032860360151347356,0.0031382565734251653,0.7882310922760309
42.24100418410042,Z,boson,-0.031580856643349,0.0059104864685691205,0.7649959817301074
42.24100418410042,Higgs,boson,-0.015027581957648091,0.14202172046564146,3.685178675832777
42.24100418410042,top,quark,-0.01415572814709646,-0.0440848302453208,1.1389084362748172
42.44518828451883,muon,lepton,-0.15586800483351412,0.6186539741090411,16.74918461424223
42.44518828451883,tau,lepton,0.17175209673672506,-0.38733898772645375,11.09597171977255
42.44518828451883,neutron,baryon,0.554060639253138,0.8324763107923276,26.300073716822478
42.44518828451883,Lambda,baryon,-0.527461285634573,-0.024972878109203296,13.84879890259473
42.44518828451883,Sigma_plus,baryon,0.1298517333194825,0.4928120959530341,13.362837396118582
42.44518828451883,Xi_minus,baryon,-0.4703646111180095,0.22897869904676973,13.719169493736818
42.44518828451883,Omega_minus,baryon,-0.17847030687499224,0.48376216560860114,13.521150664275083
42.44518828451883,Delta_1232,baryon,0.007559086339738358,0.008742485344410033,0.22225309913704822
42.44518828451883,pi0,meson,0.23778875216789352,-0.06761390420933472,6.439541066697468
42.44518828451883,pi_plus,meson,0.2418949542365807,0.5156358465841564,14.943771874719356
42.44518828451883,K_plus,meson,-0.24262421090125635,0.5247394424499415,15.169617903259415
42.44518828451883,K_short,meson,0.49675542229912534,0.018672252352465148,13.032361426487812
42.44518828451883,K_long,meson,-0.18736527836361513,-0.5716822179810398,15.789274872247002
42.44518828451883,eta,meson,0.18086287723827324,-0.043135378630271136,4.82282926003031
42.44518828451883,rho_770,meson,0.0,-0.0,-0.08265966936381419
42.44518828451883,omega_782,meson,-0.009893032019118708,-0.04629591959829283,1.1663292053773442
42.44518828451883,phi_1020,meson,0.06212451673108956,-0.011066594720376811,1.582156678747984
42.44518828451883,D0,meson,0.37906740341185696,-0.2034210265307576,11.267197457307917
42.44518828451883,D_plus,meson,0.21791935578766664,0.3884967332366471,11.669317322546195
42.44518828451883,Ds_plus,meson,0.4334231832617265,-0.02887004824240713,11.377567751184174
42.44518828451883,J_psi,meson,-0.034096519903942926,0.14021562333463772,3.7244148040524654
42.44518828451883,B_plus,meson,-0.4271421735521407,-0.19636967368170502,12.320353652430827
42.44518828451883,B0,meson,-0.44758574746858787,-0.13961812093919115,12.287050836244319
42.44518828451883,Bs0,meson,-0.4439956730744247,-0.15144913033924454,12.293879496489762
42.44518828451883,Upsilon_1S,meson,-0.02059302640433832,-0.17038851757065457,4.445367569337434
42.44518828451883,W,boson,-0.03284780829118929,0.0032670191401612883,0.7882310922760309
42.44518828451883,Z,boson,-0.03155814657319851,0.006030567260831971,0.7649959817301074
42.44518828451883,Higgs,boson,-0.01242289235342587,0.14227321971857468,3.685178675832777
42.44518828451883,top,quark,-0.01440514556113296,-0.04400396207724734,1.1389084362748172
42.64937238493724,muon,lepton,-0.10425124393651418,0.6294118307987069,16.74918461424223
42.64937238493724,tau,lepton,0.15029236308337443,-0.3961596644602154,11.09597171977255
42.64937238493724,neutron,baryon,0.6571575359793039,0.753753257310116,26.300073716822478
42.64937238493724,Lambda,baryon,-0.5279352288033464,0.011110655817366701,13.84879890259473
42.64937238493724,Sigma_plus,baryon,0.16204876098287044,0.48318260898713333,13.362837396118582
42.64937238493724,Xi_minus,baryon,-0.453793795467753,0.26027927924504196,13.719169493736818
42.64937238493724,Omega_minus,baryon,-0.14581296642571268,0.4945867589538882,13.521150664275083
42.64937238493724,Delta_1232,baryon,0.007568671928800236,0.00873418808608073,0.22225309913704822
42.64937238493724,pi0,meson,0.235520037058174,-0.07513616202674524,6.439541066697468
42.64937238493724,pi_plus,meson,0.2792344946097047,0.4964086947140833,14.943771874719356
42.64937238493724,K_plus,meson,-0.20269312599152586,0.5414180333660085,15.169617903259415
42.64937238493724,K_short,meson,0.4969283558633136,-0.013297057211294339,13.032361426487812
42.64937238493724,K_long,meson,-0.2313027059325737,-0.5553605712690318,15.789274872247002
42.64937238493724,eta,meson,0.17978495618468832,-0.047427953594407234,4.82282926003031
42.64937238493724,rho_770,meson,0.0,-0.0,-0.08265966936381419
42.64937238493724,omega_782,meson,-0.010159372038918424,-0.04623820296851668,1.1663292053773442
42.64937238493724,phi_1020,meson,0.06203620517281618,-0.011551378512227567,1.582156678747984
42.64937238493724,D0,meson,0.3671748645636224,-0.2241758889731904,11.267197457307917
42.64937238493724,D_plus,meson,0.23992125801764091,0.3753083363232034,11.669317322546195
42.64937238493724,Ds_plus,meson,0.4311196205768543,-0.05315080646534221,11.377567751184174
42.64937238493724,J_psi,meson,-0.03151341668343118,0.14081867158021844,3.7244148040524654
42.64937238493724,B_plus,meson,-0.4382863132925527,-0.17004879520046226,12.320353652430827
42.64937238493724,B0,meson,-0.4552248012476173,-0.11223458183943326,12.287050836244319
42.64937238493724,Bs0,meson,-0.4523625576016201,-0.12424618010001706,12.293879496489762
42.64937238493724,Upsilon_1S,meson,-0.02432620783499071,-0.1698957188065193,4.445367569337434
42.64937238493724,W,boson,-0.03283484968840097,0.003394785639332583,0.7882310922760309
42.64937238493724,Z,boson,-0.03153515186460268,0.006149679137918158,0.7649959817301074
42.64937238493724,Higgs,boson,-0.009833220913652409,0.1424756297405909,3.685178675832777
42.64937238493724,top,quark,-0.01465227284437123,-0.043922292718246755,1.1389084362748172
42.853556485355654,muon,lepton,-0.052306793173306235,0.6358392674250432,16.74918461424223
42.853556485355654,tau,lepton,0.12854366161494182,-0.40374100758411774,11.09597171977255
42.853556485355654,neutron,baryon,0.748567906231219,0.6630581345256302,26.300073716822478
42.853556485355654,Lambda,baryon,-0.5259670820042024,0.04687943186855352,13.84879890259473
42.853556485355654,Sigma_plus,baryon,0.1933137620106236,0.471545357289197,13.362837396118582
42.853556485355654,Xi_minus,baryon,-0.43528684842806575,0.2901714520674105,13.719169493736818
42.853556485355654,Omega_minus,baryon,-0.11275201026485673,0.5031545165171541,13.521150664275083
42.853556485355654,Delta_1232,baryon,0.007578178420349245,0.008725941102150317,0.22225309913704822
42.853556485355654,pi0,meson,0.23303261258804778,-0.08252837191161483,6.439541066697468
42.853556485355654,pi_plus,meson,0.31479972892324337,0.4746521103266366,14.943771874719356
42.853556485355654,K_plus,meson,-0.161930175413182,0.5549744214545287,15.169617903259415
42.853556485355654,K_short,meson,0.4950672018171514,-0.044978531283628456,13.032361426487812
42.853556485355654,K_long,meson,-0.2735308453607969,-0.5358238353490855,15.789274872247002
42.853556485355654,eta,meson,0.17861416576583636,-0.05166256904430786,4.82282926003031
42.853556485355654,rho_770,meson,0.0,-0.0,-0.08265966936381419
42.853556485355654,omega_782,meson,-0.010423431628753903,-0.04617939288322872,1.1663292053773442
42.853556485355654,phi_1020,meson,0.06194479781096792,-0.012031920957802294,1.582156678747984
42.853556485355654,D0,meson,0.3542463969327498,-0.24409363085586522,11.267197457307917
42.853556485355654,D_plus,meson,0.2609755059867645,0.3609852388081961,11.669317322546195
42.853556485355654,Ds_plus,meson,0.42748859874115663,-0.07708847787166029,11.377567751184174
42.853556485355654,J_psi,meson,-0.028938667086317496,0.14137024879354304,3.7244148040524654
42.853556485355654,B_plus,meson,-0.447746634007086,-0.1432984190562861,12.320353652430827
42.853556485355654,B0,meson,-0.4611526870973303,-0.08464289819303708,12.287050836244319
42.853556485355654,Bs0,meson,-0.45902153872977197,-0.09678958503618762,12.293879496489762
42.853556485355654,Upsilon_1S,meson,-0.028020514750970373,-0.16932563423624222,4.445367569337434
42.853556485355654,W,boson,-0.032821494310498696,0.00352156709758672,0.7882310922760309
42.853556485355654,Z,boson,-0.03151188064130055,0.006267833363398162,0.7649959817301074
42.853556485355654,Higgs,boson,-0.007259265627240113,0.14262994203906768,3.685178675832777
42.853556485355654,top,quark,-0.014897135237348187,-0.04383984784249837,1.1389084362748172
43.05774058577406,muon,lepton,-0.0003911224259318782,0.6379870074185982,16.74918461424223
43.05774058577406,tau,lepton,0.10657731411285268,-0.4100872471351744,11.09597171977255
43.05774058577406,neutron,baryon,0.827039379785543,0.5621439889244965,26.300073716822478
43.05774058577406,Lambda,baryon,-0.5216189407060952,0.08217501555208209,13.84879890259473
43.05774058577406,Sigma_plus,baryon,0.22353231883420643,0.4579940359876962,13.362837396118582
43.05774058577406,Xi_minus,baryon,-0.4149697315702915,0.3185502062310235,13.719169493736818
43.05774058577406,Omega_minus,baryon,-0.07944191864244525,0.5094766578291734,13.521150664275083
43.05774058577406,Delta_1232,baryon,0.007587606872789215,0.008717743872863271,0.22225309913704822
43.05774058577406,pi0,meson,0.23033384697460257,-0.08978557588985744,6.439541066697468
43.05774058577406,pi_plus,meson,0.3484382335371351,0.4505377815202606,14.943771874719356
43.05774058577406,K_plus,meson,-0.12057881827783237,0.5654013961433543,15.169617903259415
43.05774058577406,K_short,meson,0.49122374086799775,-0.07624853440654927,13.032361426487812
43.05774058577406,K_long,meson,-0.3138340589663862,-0.513258696297178,15.789274872247002
43.05774058577406,eta,meson,0.17735324935517988,-0.05583785629519574,4.82282926003031
43.05774058577406,rho_770,meson,0.0,-0.0,-0.08265966936381419
43.05774058577406,omega_782,meson,-0.010685233778553736,-0.04611951900313529,1.1663292053773442
43.05774058577406,phi_1020,meson,0.06185037355353481,-0.012508252838214474,1.582156678747984
43.05774058577406,D0,meson,0.34034433235985234,-0.26313104300853796,11.267197457307917
43.05774058577406,D_plus,meson,0.28103317840550757,0.345599348954474,11.669317322546195
43.05774058577406,Ds_plus,meson,0.4225703407697835,-0.10061531978757578,11.377567751184174
43.05774058577406,J_psi,meson,-0.02637311331064881,0.1418712535751505,3.7244148040524654
43.05774058577406,B_plus,meson,-0.4555249544831866,-0.11622607715911769,12.320353652430827
43.05774058577406,B0,meson,-0.4653849015167648,-0.056948349158129394,12.287050836244319
43.05774058577406,Bs0,meson,-0.46398534568826005,-0.06918522801776952,12.293879496489762
43.05774058577406,Upsilon_1S,meson,-0.03167480608428301,-0.16868024874281548,4.445367569337434
43.05774058577406,W,boson,-0.03280775188340577,0.0036473743917767687,0.7882310922760309
43.05774058577406,Z,boson,-0.03148834081987577,0.00638504103622246,0.7649959817301074
43.05774058577406,Higgs,boson,-0.004701690703788234,0.14273714095511564,3.685178675832777
43.05774058577406,top,quark,-0.01513975768951219,-0.043756652456924845,1.1389084362748172
43.26192468619247,muon,lepton,0.05115224764381741,0.6359331900228797,16.74918461424223
43.26192468619247,tau,lepton,0.08446277827806205,-0.4152063501826124,11.09597171977255
43.26192468619247,neutron,baryon,0.8915770010875742,0.45286913245626237,26.300073716822478
43.26192468619247,Lambda,baryon,-0.5149619957074029,0.11684688896749659,13.84879890259473
43.26192468619247,Sigma_plus,baryon,0.2525987578020409,0.4426274981522978,13.362837396118582
43.26192468619247,Xi_minus,baryon,-0.39297235691461596,0.34532135571134187,13.719169493736818
43.26192468619247,Omega_minus,baryon,-0.046032779150646484,0.5135742074462515,13.521150664275083
43.26192468619247,Delta_1232,baryon,0.007596958325122518,0.008709595885871797,0.22225309913704822
43.26192468619247,pi0,meson,0.22743110706938455,-0.09690315906711774,6.439541066697468
43.26192468619247,pi_plus,meson,0.3800136190044894,0.4242442038953366,14.943771874719356
43.26192468619247,K_plus,meson,-0.07887712987754268,0.5727096895988526,15.169617903259415
43.26192468619247,K_short,meson,0.48545630963515635,-0.10698959775095764,13.032361426487812
43.26192468619247,K_long,meson,-0.35201616473047065,-0.48786363428774465,15.789274872247002
43.26192468619247,eta,meson,0.1760049256642997,-0.059952542851724674,4.82282926003031
43.26192468619247,rho_770,meson,0.0,-0.0,-0.08265966936381419
43.26192468619247,omega_782,meson,-0.010944801262635431,-0.04605861026240714,1.1663292053773442
43.26192468619247,phi_1020,meson,0.06175300949494851,-0.01298040508201873,1.582156678747984
43.26192468619247,D0,meson,0.32553192685773175,-0.28124931104009315,11.267197457307917
43.26192468619247,D_plus,meson,0.3000505446591515,0.32922367474439723,11.669317322546195
43.26192468619247,Ds_plus,meson,0.41640787485066433,-0.12366736528527071,11.377567751184174
43.26192468619247,J_psi,meson,-0.023817562604091402,0.1423225822147742,3.7244148040524654
43.26192468619247,B_plus,meson,-0.46162945209148987,-0.08893668607732838,12.320353652430827
43.26192468619247,B0,meson,-0.4679428302257238,-0.029252840408146925,12.287050836244319
43.26192468619247,Bs0,meson,-0.46727270064112686,-0.04153576801833312,12.293879496489762
43.26192468619247,Upsilon_1S,meson,-0.03528800995195397,-0.16796153133990482,4.445367569337434
43.26192468619247,W,boson,-0.032793631898021744,0.0037722182511030124,0.7882310922760309
43.26192468619247,Z,boson,-0.031464540115565716,0.006501313093433928,0.7649959817301074
43.26192468619247,Higgs,boson,-0.0021611276246614563,0.14279820317813724,3.685178675832777
43.26192468619247,top,quark,-0.015380164861103308,-0.043672730919631454,1.1389084362748172
43.46610878661088,muon,lepton,0.10199453008770511,0.6297814624485852,16.74918461424223
43.46610878661088,tau,lepton,0.06226750178883906,-0.41910980943828097,11.09597171977255
43.46610878661088,neutron,baryon,0.9414469270818747,0.3371612129057778,26.300073716822478
43.46610878661088,Lambda,baryon,-0.5060757270823606,0.150752814044693,13.84879890259473
43.46610878661088,Sigma_plus,baryon,0.2804162146874549,0.42554903489968776,13.362837396118582
43.46610878661088,Xi_minus,baryon,-0.3694277514895369,0.3704014692718327,13.719169493736818
43.46610878661088,Omega_minus,baryon,-0.01266978260772981,0.5154774097077877,13.521150664275083
43.46610878661088,Delta_1232,baryon,0.007606233797399541,0.00870149663610463,0.22225309913704822
43.46610878661088,pi0,meson,0.22433174724716393,-0.10387683994532922,6.439541066697468
43.46610878661088,pi_plus,meson,0.40940552027836596,0.39595531961734987,14.943771874719356
43.46610878661088,K_plus,meson,-0.0370566640815681,0.5769270264299278,15.169617903259415
43.46610878661088,K_short,meson,0.4778292142323841,-0.13709064380022026,13.032361426487812
43.46610878661088,K_long,meson,-0.3879007178008038,-0.45984708221496545,15.789274872247002
43.46610878661088,eta,meson,0.1745718870005857,-0.06400544915503897,4.82282926003031
43.46610878661088,rho_770,meson,0.0,-0.0,-0.08265966936381419
43.46610878661088,omega_782,meson,-0.011202156639210129,-0.04599669488793193,1.1663292053773442
43.46610878661088,phi_1020,meson,0.061652780959547085,-0.013448408743439024,1.582156678747984
43.46610878661088,D0,meson,0.30987309290854487,-0.2984139350893772,11.267197457307917
43.46610878661088,D_plus,meson,0.3179889718187277,0.3119319976599491,11.669317322546195
43.46610878661088,Ds_plus,meson,0.4090467424810078,-0.14618446545349187,11.377567751184174
43.46610878661088,J_psi,meson,-0.02127278824504098,0.14272512805025828,3.7244148040524654
43.46610878661088,B_plus,meson,-0.4660743156554778,-0.061532247277215665,12.320353652430827
43.46610878661088,B0,meson,-0.4688533706235926,-0.0016546560069046889,12.287050836244319
43.46610878661088,Bs0,meson,-0.46890794678995024,-0.013940381148238349,12.293879496489762
43.46610878661088,Upsilon_1S,meson,-0.03885912140448259,-0.16717143398346118,4.445367569337434
43.46610878661088,W,boson,-0.03277914361658975,0.0038961092592338046,0.7882310922760309
43.46610878661088,Z,boson,-0.03144048604788773,0.0066166603128373115,0.7649959817301074
43.46610878661088,Higgs,boson,0.0003618238301358501,0.14281409729795788,3.685178675832777
43.46610878661088,top,quark,-0.01561838112512886,-0.04358810695778688,1.1389084362748172
43.67029288702929,muon,lepton,0.1518232351561171,0.6196590029027423,16.74918461424223
43.67029288702929,tau,lepton,0.04005679307532397,-0.42181243162682625,11.09597171977255
43.67029288702929,neutron,baryon,0.9761755193511787,0.21698238504417003,26.300073716822478
43.67029288702929,Lambda,baryon,-0.49504710397847645,0.18375912855381435,13.84879890259473
43.67029288702929,Sigma_plus,baryon,0.30689665141186795,0.40686567797723966,13.362837396118582
43.67029288702929,Xi_minus,baryon,-0.3444712576414211,0.39371774746420196,13.719169493736818
43.67029288702929,Omega_minus,baryon,0.020507224225102608,0.5152251324081143,13.521150664275083
43.67029288702929,Delta_1232,baryon,0.007615434291155613,0.008693445625638573,0.22225309913704822
43.67029288702929,pi0,meson,0.22104309899479968,-0.11070266070320152,6.439541066697468
43.67029288702929,pi_plus,meson,0.4365094898379783,0.3658592085065852,14.943771874719356
43.67029288702929,K_plus,meson,0.004658572232955388,0.578097126686237,15.169617903259415
43.67029288702929,K_short,meson,0.46841215139129116,-0.16644716585294753,13.032361426487812
43.67029288702929,K_long,meson,-0.4213311423129633,-0.42942563315345944,15.789274872247002
43.67029288702929,eta,meson,0.17305679766663581,-0.06799548539316873,4.82282926003031
43.67029288702929,rho_770,meson,0.0,-0.0,-0.08265966936381419
43.67029288702929,omega_782,meson,-0.01145732225006221,-0.04593380041800517,1.1663292053773442
43.67029288702929,phi_1020,meson,0.06154976154396087,-0.013912294981707877,1.582156678747984
43.67029288702929,D0,meson,0.2934321458732721,-0.3145946377998859,11.267197457307917
43.67029288702929,D_plus,meson,0.3348148165464638,0.293798563617006,11.669317322546195
43.67029288702929,Ds_plus,meson,0.4005347148619825,-0.16811031397471568,11.377567751184174
43.67029288702929,J_psi,meson,-0.01873953050518615,0.14307978086762005,3.7244148040524654
43.67029288702929,B_plus,meson,-0.4688793931733365,-0.03411157906210294,12.320353652430827
43.67029288702929,B0,meson,-0.4681485533283473,0.025751758157077736,12.287050836244319
43.67029288702929,Bs0,meson,-0.4689206746978736,0.013505466678940948,12.293879496489762
43.67029288702929,Upsilon_1S,meson,-0.04238720022003299,-0.16631189047666395,4.445367569337434
43.67029288702929,W,boson,-0.03276429607886876,0.004019057856404777,0.7882310922760309
43.67029288702929,Z,boson,-0.031416185946088845,0.00673109331562631,0.7649959817301074
43.67029288702929,Higgs,boson,0.0028665945791704513,0.14278578339258188,3.685178675832777
43.67029288702929,top,quark,-0.01585443056942762,-0.04350280368496322,1.1389084362748172
43.8744769874477,muon,lepton,0.20034351720703236,0.6057144952242814,16.74918461424223
43.8744769874477,tau,lepton,0.017893708113727133,-0.4233321265346584,11.09597171977255
43.8744769874477,neutron,baryon,0.9955441962627721,0.09429609370228964,26.300073716822478
43.8744769874477,Lambda,baryon,-0.48196979449270183,0.21574097821460927,13.84879890259473
43.8744769874477,Sigma_plus,baryon,0.33196082755476075,0.38668752699415443,13.362837396118582
43.8744769874477,Xi_minus,baryon,-0.31823977100659656,0.41520785175501723,13.719169493736818
43.8744769874477,Omega_minus,baryon,0.05336413084650818,0.5128642635721212,13.521150664275083
43.8744769874477,Delta_1232,baryon,0.007624560789835814,0.008685442363572595,0.22225309913704822
43.8744769874477,pi0,meson,0.21757246117336296,-0.11737697746559353,6.439541066697468
43.8744769874477,pi_plus,meson,0.4612368017488584,0.3341468358074956,14.943771874719356
43.8744769874477,K_plus,meson,0.04605303428554763,0.5762786723549874,15.169617903259415
43.8744769874477,K_short,meson,0.4572796396465071,-0.19496136477840198,13.032361426487812
43.8744769874477,K_long,meson,-0.45217072388157636,-0.39682230576973276,15.789274872247002
43.8744769874477,eta,meson,0.17146229249418168,-0.07192164837601568,4.82282926003031
43.8744769874477,rho_770,meson,0.0,-0.0,-0.08265966936381419
43.8744769874477,omega_782,meson,-0.011710320220391706,-0.04586995372047793,1.1663292053773442
43.8744769874477,phi_1020,meson,0.06144402315844554,-0.014372095041465107,1.582156678747984
43.8744769874477,D0,meson,0.2762735645620721,-0.3297652617975418,11.267197457307917
43.8744769874477,D_plus,meson,0.3504993035178866,0.2748977911805305,11.669317322546195
43.8744769874477,Ds_plus,meson,0.3909215181838861,-0.18939245522209355,11.377567751184174
43.8744769874477,J_psi,meson,-0.016218497593360574,0.14338742634030063,3.7244148040524654
43.8744769874477,B_plus,meson,-0.47006983651042744,-0.006770079155107443,12.320353652430827
43.8744769874477,B0,meson,-0.46586516471912565,0.052875980679577,12.287050836244319
43.8744769874477,Bs0,meson,-0.4673453488005007,0.04071021670125689,12.293879496489762
43.8744769874477,Upsilon_1S,meson,-0.04587136874489828,-0.1653848154634657,4.445367569337434
43.8744769874477,W,boson,-0.03274909810811755,0.004141074341495879,0.7882310922760309
43.8744769874477,Z,boson,-0.03139164695442512,0.006844622568968412,0.7649959817301074
43.8744769874477,Higgs,boson,0.0053526452607107365,0.14271421264971343,3.685178675832777
43.8744769874477,top,quark,-0.016088336998813402,-0.04341684361795388,1.1389084362748172
44.07866108786611,muon,lepton,0.24727931089526436,0.5881160744401174,16.74918461424223
44.07866108786611,tau,lepton,-0.004161047473355143,-0.4236896975739908,11.09597171977255
44.07866108786611,neutron,baryon,0.9995804526283295,-0.028964093691050373,26.300073716822478
44.07866108786611,Lambda,baryon,-0.4669433894206513,0.24658248834961438,13.84879890259473
44.07866108786611,Sigma_plus,baryon,0.35553823018481306,0.3651271031308788,13.362837396118582
44.07866108786611,Xi_minus,baryon,-0.2908710176545191,0.43481969032918905,13.719169493736818
44.07866108786611,Omega_minus,baryon,0.08577290207647001,0.5084491052010592,13.521150664275083
44.07866108786611,Delta_1232,baryon,0.007633614259208003,0.00867748636590456,0.22225309913704822
44.07866108786611,pi0,meson,0.21392709092705112,-0.12389645058468052,6.439541066697468
44.07866108786611,pi_plus,meson,0.4835141746007648,0.30101086048150866,14.943771874719356
44.07866108786611,K_plus,meson,0.08692044626348056,0.5715442469306206,15.169617903259415
44.07866108786611,K_short,meson,0.44451046282477424,-0.22254224549689772,13.032361426487812
44.07866108786611,K_long,meson,-0.4803024732745642,-0.36226487555148457,15.789274872247002
44.07866108786611,eta,meson,0.16979097550564437,-0.07578301847594367,4.82282926003031
44.07866108786611,rho_770,meson,0.0,-0.0,-0.08265966936381419
44.07866108786611,omega_782,meson,-0.01196117245881046,-0.04580518101037804,1.1663292053773442
44.07866108786611,phi_1020,meson,0.06133563606718777,-0.014827840234167387,1.582156678747984
44.07866108786611,D0,meson,0.2584617659408507,-0.34390365789123495,11.267197457307917
44.07866108786611,D_plus,meson,0.36501839191077534,0.2553039970884314,11.669317322546195
44.07866108786611,Ds_plus,meson,0.38025856833545246,-0.20998227706575412,11.377567751184174
44.07866108786611,J_psi,meson,-0.013710366580550696,0.143648945505729,3.7244148040524654
44.07866108786611,B_plus,meson,-0.46967574501317366,0.020400483205715372,12.320353652430827
44.07866108786611,B0,meson,-0.4620443722331172,0.0796317720467762,12.287050836244319
44.07866108786611,Bs0,meson,-0.46422093589750885,0.06758638519528884,12.293879496489762
44.07866108786611,Upsilon_1S,meson,-0.04931080978062707,-0.16439210350620206,4.445367569337434
44.07866108786611,W,boson,-0.03273355831689671,0.004262168874085791,0.7882310922760309
44.07866108786611,Z,boson,-0.03136687603727664,0.006957258388547886,0.7649959817301074
44.07866108786611,Higgs,boson,0.00781946527758441,0.1426003270202677,3.685178675832777
44.07866108786611,top,quark,-0.016320123937292194,-0.0433302486930859,1.1389084362748172
44.28284518828452,muon,lepton,0.2923742637278076,0.5670492611063989,16.74918461424223
44.28284518828452,tau,lepton,-0.026049201734932713,-0.422908634619096,11.09597171977255
44.28284518828452,neutron,baryon,0.9885454846082787,-0.15092324161832518,26.300073716822478
44.28284518828452,Lambda,baryon,-0.45007264325616025,0.2761768786063504,13.84879890259473
44.28284518828452,Sigma_plus,baryon,0.37756696548949154,0.3422987308401152,13.362837396118582
44.28284518828452,Xi_minus,baryon,-0.2625028715363421,0.4525111649943259,13.719169493736818
44.28284518828452,Omega_minus,baryon,0.11761186607047802,0.5020407675376547,13.521150664275083
44.28284518828452,Delta_1232,baryon,0.007642595647764507,0.008669577155410422,0.22225309913704822
44.28284518828452,pi0,meson,0.21011419521285707,-0.13025803495388055,6.439541066697468
44.28284518828452,pi_plus,meson,0.5032834211419724,0.2666445071088267,14.943771874719356
44.28284518828452,K_plus,meson,0.12706450276965534,0.5639792569891494,15.169617903259415
44.28284518828452,K_short,meson,0.43018712781445523,-0.24910567567650085,13.032361426487812
44.28284518828452,K_long,meson,-0.5056288718409494,-0.3259842785363198,15.789274872247002
44.28284518828452,eta,meson,0.1680454186966936,-0.07957875663477341,4.82282926003031
44.28284518828452,rho_770,meson,0.0,-0.0,-0.08265966936381419
44.28284518828452,omega_782,meson,-0.012209900657481385,-0.045739507867021675,1.1663292053773442
44.28284518828452,phi_1020,meson,0.06122466892760812,-0.015279561920463407,1.582156678747984
44.28284518828452,D0,meson,0.2400608938834543,-0.35699156515541314,11.267197457307917
44.28284518828452,D_plus,meson,0.37835263143736125,0.23509113902247017,11.669317322546195
44.28284518828452,Ds_plus,meson,0.3685987154790655,-0.22983498954995957,11.377567751184174
44.28284518828452,J_psi,meson,-0.011215784305995508,0.1438652142774005,3.7244148040524654
44.28284518828452,B_plus,meson,-0.4677318098322426,0.04731214685216903,12.320353652430827
44.28284518828452,B0,meson,-0.45673135400134995,0.10593720453031902,12.287050836244319
44.28284518828452,Bs0,meson,-0.4595905372530572,0.09405070364846381,12.293879496489762
44.28284518828452,Upsilon_1S,meson,-0.05270476451806144,-0.16333562824292416,4.445367569337434
44.28284518828452,W,boson,-0.03271768511269505,0.004382351476483396,0.7882310922760309
44.28284518828452,Z,boson,-0.03134187998410388,0.007069010941067231,0.7649959817301074
44.28284518828452,Higgs,boson,0.01026657186554027,0.14244505890217582,3.685178675832777
44.28284518828452,top,quark,-0.016549814630345272,-0.04324304028204377,1.1389084362748172
44.48702928870293,muon,lepton,0.33539247311539894,0.5427149008358135,16.74918461424223
44.48702928870293,tau,lepton,-0.04771498585847454,-0.42101490979648315,11.09597171977255
44.48702928870293,neutron,baryon,0.9629188769810938,-0.2697910976171547,26.300073716822478
44.48702928870293,Lambda,baryon,-0.43146673541922254,0.30442652432239276,13.84879890259473
44.48702928870293,Sigma_plus,baryon,0.39799361560603636,0.31831794875647695,13.362837396118582
44.48702928870293,Xi_minus,baryon,-0.2332727130281935,0.46824988346588353,13.719169493736818
44.48702928870293,Omega_minus,baryon,0.14876595350654556,0.49370656708987154,13.521150664275083
44.48702928870293,Delta_1232,baryon,0.007651505887112814,0.008661714261525903,0.22225309913704822
44.48702928870293,pi0,meson,0.20614092292542793,-0.1364589703736832,6.439541066697468
44.48702928870293,pi_plus,meson,0.5205010322566116,0.2312405037779474,14.943771874719356
44.48702928870293,K_plus,meson,0.16629946815712923,0.5536808440507841,15.169617903259415
44.48702928870293,K_short,meson,0.4143953383397184,-0.2745744091385917,13.032361426487812
44.48702928870293,K_long,meson,-0.5280715092279146,-0.28821309309909665,15.789274872247002
44.48702928870293,eta,meson,0.16622816093346832,-0.08330810143773837,4.82282926003031
44.48702928870293,rho_770,meson,0.0,-0.0,-0.08265966936381419
44.48702928870293,omega_782,meson,-0.012456526292391953,-0.045672959250631556,1.1663292053773442
44.48702928870293,phi_1020,meson,0.06111118882868616,-0.015727291493488723,1.582156678747984
44.48702928870293,D0,meson,0.22113462181980872,-0.3690144839933046,11.267197457307917
44.48702928870293,D_plus,meson,0.3904870093213991,0.21433257548419396,11.669317322546195
44.48702928870293,Ds_plus,meson,0.3559959988482542,-0.24890959057111647,11.377567751184174
44.48702928870293,J_psi,meson,-0.008735368264332044,0.14403710299074846,3.7244148040524654
44.48702928870293,B_plus,meson,-0.4642769605852714,0.07388091119097501,12.320353652430827
44.48702928870293,B0,meson,-0.4499749342486075,0.1317147659891115,12.287050836244319
44.48702928870293,Bs0,meson,-0.45350102577383383,0.1200242326007773,12.293879496489762
44.48702928870293,Upsilon_1S,meson,-0.05605253051843434,-0.16221724162028836,4.445367569337434
44.48702928870293,W,boson,-0.03270148670338616,0.004501632035735723,0.7882310922760309
44.48702928870293,Z,boson,-0.03131666541425081,0.007179890246707572,0.7649959817301074
44.48702928870293,Higgs,boson,0.012693509184859429,0.14224933085286737,3.685178675832777
44.48702928870293,top,quark,-0.01677743204727234,-0.043155239207220364,1.1389084362748172
44.69121338912134,muon,lepton,0.3761190369203849,0.515327123949218,16.74918461424223
44.69121338912134,tau,lepton,-0.06910519051772444,-0.4180367768389813,11.09597171977255
44.69121338912134,neutron,baryon,0.9233808193143432,-0.3838852205052601,26.300073716822478
44.69121338912134,Lambda,baryon,-0.411238554310195,0.3312429681264109,13.84879890259473
44.69121338912134,Sigma_plus,baryon,0.41677306396762426,0.29330095075661633,13.362837396118582
44.69121338912134,Xi_minus,baryon,-0.2033168290416811,0.48201284115444815,13.719169493736818
44.69121338912134,Omega_minus,baryon,0.17912689026374418,0.48351943135185177,13.521150664275083
44.69121338912134,Delta_1232,baryon,0.007660345892355592,0.008653897220230551,0.22225309913704822
44.69121338912134,pi0,meson,0.2020143575920592,-0.14249677198680888,6.439541066697468
44.69121338912134,pi_plus,meson,0.5351377027193057,0.19499008768648002,14.943771874719356
44.69121338912134,K_plus,meson,0.2044506774855471,0.5407567943667778,15.169617903259415
44.69121338912134,K_short,meson,0.3972234862252567,-0.29887807645016345,13.032361426487812
44.69121338912134,K_long,meson,-0.5475706238067154,-0.24918410430025562,15.789274872247002
44.69121338912134,eta,meson,0.16434170695836403,-0.08697036625480396,4.82282926003031
44.69121338912134,rho_770,meson,0.0,-0.0,-0.08265966936381419
44.69121338912134,omega_782,meson,-0.012701070623753601,-0.04560555951847676,1.1663292053773442
44.69121338912134,phi_1020,meson,0.06099526132833126,-0.01617106036303975,1.582156678747984
44.69121338912134,D0,meson,0.20174596907784262,-0.37996154321862213,11.267197457307917
44.69121338912134,D_plus,meson,0.40141078954636045,0.1931008425621848,11.669317322546195
44.69121338912134,Ds_plus,meson,0.3425054120448767,-0.2671688196519503,11.377567751184174
44.69121338912134,J_psi,meson,-0.006269707473802412,0.14416547598115828,3.7244148040524654
44.69121338912134,B_plus,meson,-0.4593540158374823,0.10002686290534375,12.320353652430827
44.69121338912134,B0,meson,-0.4418272257305022,0.15689143901084257,12.287050836244319
44.69121338912134,Bs0,meson,-0.44600268958122036,0.14543245055916,12.293879496489762
44.69121338912134,Upsilon_1S,meson,-0.05935345974155085,-0.16103877319801943,4.445367569337434
44.69121338912134,W,boson,-0.032684971102521006,0.00462002030561236,0.7882310922760309
44.69121338912134,Z,boson,-0.03129123878160023,0.0072899061815483715,0.7649959817301074
44.69121338912134,Higgs,boson,0.01509984743494874,0.14201405532888606,3.685178675832777
44.69121338912134,top,quark,-0.017002998883588746,-0.043066865756610735,1.1389084362748172
44.895397489539754,muon,lepton,0.41436042720744853,0.4851113387420988,16.74918461424223
44.895397489539754,tau,lepton,-0.09016920983126638,-0.41400457454576556,11.09597171977255
44.895397489539754,neutron,baryon,0.8707923179641086,-0.4916510337370347,26.300073716822478
44.895397489539754,Lambda,baryon,-0.3895040064273886,0.3565468853620048,13.84879890259473
44.895397489539754,Sigma_plus,baryon,0.4338682923765405,0.267364057857374,13.362837396118582
44.895397489539754,Xi_minus,baryon,-0.17276985488566146,0.49378607640569905,13.719169493736818
44.895397489539754,Omega_minus,baryon,0.2085933459851254,0.47155731286992814,13.521150664275083
44.895397489539754,Delta_1232,baryon,0.00766911656246042,0.008646125573934172,0.22225309913704822
44.895397489539754,pi0,meson,0.1977415106133231,-0.14836922079849987,6.439541066697468
44.895397489539754,pi_plus,meson,0.5471778059145062,0.15808207957344228,14.943771874719356
44.895397489539754,K_plus,meson,0.24135494318992956,0.5253244536245373,15.169617903259415
44.895397489539754,K_short,meson,0.3787621614129105,-0.32195314515208073,13.032361426487812
44.895397489539754,K_long,meson,-0.5640845560389349,-0.20912895430894715,15.789274872247002
44.895397489539754,eta,meson,0.16238852649855814,-0.09056493644954779,4.82282926003031
44.895397489539754,rho_770,meson,0.0,-0.0,-0.08265966936381419
44.895397489539754,omega_782,meson,-0.012943554696517595,-0.045537332440549916,1.1663292053773442
44.895397489539754,phi_1020,meson,0.060876950489823056,-0.016610899940585105,1.582156678747984
44.895397489539754,D0,meson,0.18195713067068658,-0.3898253621332575,11.267197457307917
44.895397489539754,D_plus,meson,0.41111734562570723,0.1714674473132756,11.669317322546195
44.895397489539754,Ds_plus,meson,0.3281826790405546,-0.28457910087005933,11.377567751184174
44.895397489539754,J_psi,meson,-0.0038193633255497036,0.14425119119254587,3.7244148040524654
44.895397489539754,B_plus,meson,-0.45300933873276705,0.1256742781543125,12.320353652430827
44.895397489539754,B0,meson,-0.43234328033591957,0.1813987568314115,12.287050836244319
44.895397489539754,Bs0,meson,-0.4371488831488245,0.17020531939707506,12.293879496489762
44.895397489539754,Upsilon_1S,meson,-0.06260695662098577,-0.15980202952113293,4.445367569337434
44.895397489539754,W,boson,-0.0326681461344621,0.004737525908565835,0.7882310922760309
44.895397489539754,Z,boson,-0.03126560637908624,0.00739906847994671,0.7649959817301074
44.895397489539754,Higgs,boson,0.017485181991609835,0.1417401344511671,3.685178675832777
44.895397489539754,top,quark,-0.017226537563470652,-0.04297793969826363,1.1389084362748172
45.09958158995816,muon,lepton,0.449944697458367,0.4523022704351473,16.74918461424223
45.09958158995816,tau,lepton,-0.11085907365581205,-0.4089505348261456,11.09597171977255
45.09958158995816,neutron,baryon,0.8061738631918243,-0.5916787154413871,26.300073716822478
45.09958158995816,Lambda,baryon,-0.36638135244481884,0.38026800689124396,13.84879890259473
45.09958158995816,Sigma_plus,baryon,0.4492501529039997,0.24062322140522796,13.362837396118582
45.09958158995816,Xi_minus,baryon,-0.14176425780091576,0.5035643029638845,13.719169493736818
45.09958158995816,Omega_minus,baryon,0.2370710409694739,0.45790261502204543,13.521150664275083
45.09958158995816,Delta_1232,baryon,0.007677818780619526,0.008638398871365536,0.22225309913704822
45.09958158995816,pi0,meson,0.19332931502538434,-0.15407435429625752,6.439541066697468
45.09958158995816,pi_plus,meson,0.5566188244328832,0.12070202754979799,14.943771874719356
45.09958158995816,K_plus,meson,0.2768608718424775,0.5075096529335733,15.169617903259415
45.09958158995816,K_short,meson,0.35910368178100366,-0.34374285203160826,13.032361426487812
45.09958158995816,K_long,meson,-0.5775891247647125,-0.16827688149454592,15.789274872247002
45.09958158995816,eta,meson,0.16037105347168618,-0.0940912666556526,4.82282926003031
45.09958158995816,rho_770,meson,0.0,-0.0,-0.08265966936381419
45.09958158995816,omega_782,meson,-0.013183999341001467,-0.04546830121479552,1.1663292053773442
45.09958158995816,phi_1020,meson,0.060756318917344086,-0.017046841625077525,1.582156678747984
45.09958158995816,D0,meson,0.16182932023995822,-0.39860190851889776,11.267197457307917
45.09958158995816,D_plus,meson,0.4196039880713952,0.14950267742431417,11.669317322546195
45.09958158995816,Ds_plus,meson,0.3130840410199843,-0.3011104759599769,11.377567751184174
45.09958158995816,J_psi,meson,-0.0013848704140819125,0.1442950998149874,3.7244148040524654
45.09958158995816,B_plus,meson,-0.4452924989684222,0.15075170158629744,12.320353652430827
45.09958158995816,B0,meson,-0.42158074884568913,0.20517283746712933,12.287050836244319
45.09958158995816,Bs0,meson,-0.42699568703866203,0.1942773276522661,12.293879496489762
45.09958158995816,Upsilon_1S,meson,-0.06581247618613689,-0.15850879355626993,4.445367569337434
45.09958158995816,W,boson,-0.03265101943936442,0.0048541583376678545,0.7882310922760309
45.09958158995816,Z,boson,-0.031239774343068853,0.007507386736876991,0.7649959817301074
45.09958158995816,Higgs,boson,0.019849132566684146,0.1414284597945719,3.685178675832777
45.09958158995816,top,quark,-0.017448070242244075,-0.042888480294304754,1.1389084362748172
45.30376569037657,muon,lepton,0.482721533925699,0.41714205649408065,16.74918461424223
45.30376569037657,tau,lepton,-0.13112946892915783,-0.40290859574445953,11.09597171977255
45.30376569037657,neutron,baryon,0.730682996049217,-0.6827168954145926,26.300073716822478
45.30376569037657,Lambda,baryon,-0.34199057182693005,0.4023450027847036,13.84879890259473
45.30376569037657,Sigma_plus,baryon,0.4628971175951911,0.21319355779610297,13.362837396118582
45.30376569037657,Xi_minus,baryon,-0.11042986185357534,0.5113505232424699,13.719169493736818
45.30376569037657,Omega_minus,baryon,0.26447281386705457,0.4426416316114198,13.521150664275083
45.30376569037657,Delta_1232,baryon,0.0076864534145998625,0.008630716667463333,0.22225309913704822
45.30376569037657,pi0,meson,0.18878461976066171,-0.15961045718190067,6.439541066697468
45.30376569037657,pi_plus,meson,0.5634707431584496,0.08303142039096771,14.943771874719356
45.30376569037657,K_plus,meson,0.3108290956177049,0.4874456518378356,15.169617903259415
45.30376569037657,K_short,meson,0.3383416436206759,-0.3641971097957204,13.032361426487812
45.30376569037657,K_long,meson,-0.5880769360909747,-0.126853549930019,15.789274872247002
45.30376569037657,eta,meson,0.15829168528332271,-0.09754887812091462,4.82282926003031
45.30376569037657,rho_770,meson,0.0,-0.0,-0.08265966936381419
45.30376569037657,omega_782,meson,-0.013422425173616642,-0.04539848848190394,1.1663292053773442
45.30376569037657,phi_1020,meson,0.06063342779062756,-0.017478916789528225,1.582156678747984
45.30376569037657,D0,meson,0.14142262583075713,-0.40629035340181086,11.267197457307917
45.30376569037657,D_plus,meson,0.42687178766272893,0.12727542677235149,11.669317322546195
45.30376569037657,Ds_plus,meson,0.2972660541425598,-0.31673652856713547,11.377567751184174
45.30376569037657,J_psi,meson,0.0010332626510007508,0.14429804594995396,3.7244148040524654
45.30376569037657,B_plus,meson,-0.43625594217396363,0.17519200348935365,12.320353652430827
45.30376569037657,B0,meson,-0.4095995507086083,0.22815439748317648,12.287050836244319
45.30376569037657,Bs0,meson,-0.41560157713873236,0.2175875131277603,12.293879496489762
45.30376569037657,Upsilon_1S,meson,-0.06896952223090033,-0.157160824188652,4.445367569337434
45.30376569037657,W,boson,-0.032633598478008306,0.004969926958521399,0.7882310922760309
45.30376569037657,Z,boson,-0.031213748657575337,0.007614870410231116,0.7649959817301074
45.30376569037657,Higgs,boson,0.022191342389733654,0.14107991220034213,3.685178675832777
45.30376569037657,top,quark,-0.01766761880891154,-0.04279850631454614,1.1389084362748172
45.50794979079498,muon,lepton,0.5125621620856606,0.37987840766456243,16.74918461424223
45.50794979079498,tau,lepton,-0.15093775076619295,-0.39591421992656173,11.09597171977255
45.50794979079498,neutron,baryon,0.6455911990712203,-0.7636831827936137,26.300073716822478
45.50794979079498,Lambda,baryon,-0.31645275725767114,0.42272533033679355,13.84879890259473
45.50794979079498,Sigma_plus,baryon,0.4747950088303988,0.18518891476931876,13.362837396118582
45.50794979079498,Xi_minus,baryon,-0.07889341366144757,0.5171556257938138,13.719169493736818
45.50794979079498,Omega_minus,baryon,0.29071865266718966,0.42586400212010345,13.521150664275083
45.50794979079498,Delta_1232,baryon,0.007695021317083802,0.00862307852326935,0.22225309913704822
45.50794979079498,pi0,meson,0.18411418438411262,-0.16497605222748535,6.439541066697468
45.50794979079498,pi_plus,meson,0.5677554111433912,0.04524696989938617,14.943771874719356
45.50794979079498,K_plus,meson,0.34313242324530674,0.46527210350066817,15.169617903259415
45.50794979079498,K_short,meson,0.3165704934405032,-0.38327239044096667,13.032361426487812
45.50794979079498,K_long,meson,-0.5955566342096164,-0.08507997026861999,15.789274872247002
45.50794979079498,eta,meson,0.1561527822111529,-0.10093735611853424,4.82282926003031
45.50794979079498,rho_770,meson,0.0,-0.0,-0.08265966936381419
45.50794979079498,omega_782,meson,-0.013658852597691734,-0.04532791633968444,1.1663292053773442
45.50794979079498,phi_1020,meson,0.06050833689874223,-0.01790715676830937,1.582156678747984
45.50794979079498,D0,meson,0.12079587814371535,-0.4128929233926435,11.267197457307917
45.50794979079498,D_plus,meson,0.4329253955450384,0.10485303645879875,11.669317322546195
45.50794979079498,Ds_plus,meson,0.28078539824292437,-0.3314343005903424,11.377567751184174
45.50794979079498,J_psi,meson,0.0034345524518877737,0.1442608663017667,3.7244148040524654
45.50794979079498,B_plus,meson,-0.4259546676283872,0.19893241639887796,12.320353652430827
45.50794979079498,B0,meson,-0.39646155457375404,0.2502887468037013,12.287050836244319
45.50794979079498,Bs0,meson,-0.4030271041815915,0.24007946618635578,12.293879496489762
45.50794979079498,Upsilon_1S,meson,-0.07207764552864757,-0.15575985577632534,4.445367569337434
45.50794979079498,W,boson,-0.03261589053648924,0.0050848410111482365,0.7882310922760309
45.50794979079498,Z,boson,-0.031187535158413028,0.007721528823079701,0.7649959817301074
45.50794979079498,Higgs,boson,0.02451147741141673,0.14069536161019752,3.685178675832777
45.50794979079498,top,quark,-0.017885204888712602,-0.04270803604969469,1.1389084362748172
45.71213389121339,muon,lepton,0.5393591193175091,0.3407628427817966,16.74918461424223
45.71213389121339,tau,lepton,-0.1702439439971831,-0.3880042186351835,11.09597171977255
45.71213389121339,neutron,baryon,0.5522605092465722,-0.83367159596973,26.300073716822478
45.71213389121339,Lambda,baryon,-0.2898895398824402,0.44136504976162405,13.84879890259473
45.71213389121339,Sigma_plus,baryon,0.4849367130600834,0.15672146914248497,13.362837396118582
45.71213389121339,Xi_minus,baryon,-0.047278188239641486,0.5209979701746682,13.719169493736818
45.71213389121339,Omega_minus,baryon,0.31573569146111913,0.40766218422604095,13.521150664275083
45.71213389121339,Delta_1232,baryon,0.0077035233260007874,0.008615484005823761,0.22225309913704822
45.71213389121339,pi0,meson,0.17932467428300952,-0.17016989126542192,6.439541066697468
45.71213389121339,pi_plus,meson,0.5695058782367101,0.007519961536520544,14.943771874719356
45.71213389121339,K_plus,meson,0.3736559153578782,0.4411340466300453,15.169617903259415
45.71213389121339,K_short,meson,0.2938851216013196,-0.4009315875468957,13.032361426487812
45.71213389121339,K_long,meson,-0.6000521030900144,-0.04317151224183327,15.789274872247002
45.71213389121339,eta,meson,0.15395666687094442,-0.10425634742533708,4.82282926003031
45.71213389121339,rho_770,meson,0.0,-0.0,-0.08265966936381419
45.71213389121339,omega_782,meson,-0.013893301804384358,-0.04525660635703027,1.1663292053773442
45.71213389121339,phi_1020,meson,0.06038110467303565,-0.018331592845151526,1.582156678747984
45.71213389121339,D0,meson,0.10000653088382538,-0.41841475134705414,11.267197457307917
45.71213389121339,D_plus,meson,0.43777286111639646,0.08230115085721695,11.669317322546195
45.71213389121339,Ds_plus,meson,0.2636986964404439,-0.3451842015067574,11.377567751184174
45.71213389121339,J_psi,meson,0.005818539987906356,0.14418438989394833,3.7244148040524654
45.71213389121339,B_plus,meson,-0.41444591513101214,0.2219145524744249,12.320353652430827
45.71213389121339,B0,meson,-0.38223027020336325,0.27152576594472394,12.287050836244319
45.71213389121339,Bs0,meson,-0.3893345842077477,0.26170131510771044,12.293879496489762
45.71213389121339,Upsilon_1S,meson,-0.07513644209312637,-0.15430759775850736,4.445367569337434
45.71213389121339,W,boson,-0.0325979027307693,0.005198909611851999,0.7882310922760309
45.71213389121339,Z,boson,-0.031161139537157698,0.007827371165895143,0.7649959817301074
45.71213389121339,Higgs,boson,0.026809225528209676,0.14027566692086063,3.685178675832777
45.71213389121339,top,quark,-0.018100849845713786,-0.042617087324172846,1.1389084362748172
45.9163179916318,muon,lepton,0.5630259049979254,0.3000490041859123,16.74918461424223
45.9163179916318,tau,lepton,-0.1890107358215052,-0.37921658177172113,11.09597171977255
45.9163179916318,neutron,baryon,0.4521202221839543,-0.8919570083206543,26.300073716822478
45.9163179916318,Lambda,baryon,-0.26242254610278415,0.4582286108278987,13.84879890259473
45.9163179916318,Sigma_plus,baryon,0.4933218804949249,0.12790135569511163,13.362837396118582
45.9163179916318,Xi_minus,baryon,-0.01570363408621517,0.5229029622079355,13.719169493736818
45.9163179916318,Omega_minus,baryon,0.33945817544465473,0.38813094495822353,13.521150664275083
45.9163179916318,Delta_1232,baryon,0.007711960264850167,0.00860793268806253,0.22225309913704822
45.9163179916318,pi0,meson,0.174422656288756,-0.1751909463219132,6.439541066697468
45.9163179916318,pi_plus,meson,0.5687657120921052,-0.029984327840350496,14.943771874719356
45.9163179916318,K_plus,meson,0.4022968892169215,0.41518092815605195,15.169617903259415
45.9163179916318,K_short,meson,0.270380478126921,-0.41714385964479217,13.032361426487812
45.9163179916318,K_long,meson,-0.6016016275747509,-0.0013370083795077982,15.789274872247002
45.9163179916318,eta,meson,0.1517056237596444,-0.10750555786646926,4.82282926003031
45.9163179916318,rho_770,meson,0.0,-0.0,-0.08265966936381419
45.9163179916318,omega_782,meson,-0.014125792773675408,-0.04518457958748849,1.1663292053773442
45.9163179916318,phi_1020,meson,0.06025178821925735,-0.01875225624180355,1.582156678747984
45.9163179916318,D0,meson,0.07911055280453995,-0.4228637260385369,11.267197457307917
45.9163179916318,D_plus,meson,0.4414254485911651,0.0596835881842469,11.669317322546195
45.9163179916318,Ds_plus,meson,0.24606234558194504,-0.357969911530227,11.377567751184174
45.9163179916318,J_psi,meson,0.008184789919154802,0.14406943780920461,3.7244148040524654
45.9163179916318,B_plus,meson,-0.40178886172862,0.24408440294194605,12.320353652430827
45.9163179916318,B0,meson,-0.3669705522833951,0.2918198670214643,12.287050836244319
45.9163179916318,Bs0,meson,-0.37458780052934665,0.2824056948503541,12.293879496489762
45.9163179916318,Upsilon_1S,meson,-0.07814555148485086,-0.1528057343149908,4.445367569337434
45.9163179916318,W,boson,-0.0325796420110947,0.005312141755056697,0.7882310922760309
45.9163179916318,Z,boson,-0.031134567345021878,0.007932406498736477,0.7649959817301074
45.9163179916318,Higgs,boson,0.02908429582809774,0.13982167585785235,3.685178675832777
45.9163179916318,top,quark,-0.018314574785423445,-0.04252567750856395,1.1389084362748172
46.12050209205021,muon,lepton,0.5834965191644199,0.25799105940845374,16.74918461424223
46.12050209205021,tau,lepton,-0.20720346023223435,-0.3695903140156735,11.09597171977255
46.12050209205021,neutron,baryon,0.34664402378839987,-0.9379967594676366,26.300073716822478
46.12050209205021,Lambda,baryon,-0.23417288642498013,0.4732886135834319,13.84879890259473
46.12050209205021,Sigma_plus,baryon,0.4999566131926699,0.09883632676608119,13.362837396118582
46.12050209205021,Xi_minus,baryon,0.01571494351567813,0.5229026224447976,13.719169493736818
46.12050209205021,Omega_minus,baryon,0.3618273965928918,0.3673668716490202,13.521150664275083
46.12050209205021,Delta_1232,baryon,0.0077203329430155215,0.008600424148716885,0.22225309913704822
46.12050209205021,pi0,meson,0.16941459470989573,-0.18003840090179302,6.439541066697468
46.12050209205021,pi_plus,meson,0.5655883008335737,-0.06710714662290455,14.943771874719356
46.12050209205021,K_plus,meson,0.4289648578347489,0.38756566014153837,15.169617903259415
46.12050209205021,K_short,meson,0.24615121089272363,-0.4318844567329813,13.032361426487812
46.12050209205021,K_long,meson,-0.6002570219685225,0.040222052029661934,15.789274872247002
46.12050209205021,eta,meson,0.14940189887113645,-0.11068474992600502,4.82282926003031
46.12050209205021,rho_770,meson,0.0,-0.0,-0.08265966936381419
46.12050209205021,omega_782,meson,-0.014356345275439572,-0.045111856582447,1.1663292053773442
46.12050209205021,phi_1020,meson,0.060120443348882245,-0.019169178107324762,1.582156678747984
46.12050209205021,D0,meson,0.05816233102822594,-0.42625034148208935,11.267197457307917
46.12050209205021,D_plus,meson,0.44389745306174677,0.03706222507827155,11.669317322546195
46.12050209205021,Ds_plus,meson,0.22793235740101225,-0.3697782794106007,11.377567751184174
46.12050209205021,J_psi,meson,0.010532889828247764,0.1439168229518251,3.7244148040524654
46.12050209205021,B_plus,meson,-0.388044328895976,0.2653923208768067,12.320353652430827
46.12050209205021,B0,meson,-0.3507483165489273,0.31112993984780474,12.287050836244319
46.12050209205021,Bs0,meson,-0.3588517176483729,0.30214970052961726,12.293879496489762
46.12050209205021,Upsilon_1S,meson,-0.08110465516248297,-0.15125592407370284,4.445367569337434
46.12050209205021,W,boson,-0.03256111516628405,0.005424546315120765,0.7882310922760309
46.12050209205021,Z,boson,-0.031107823996607106,0.008036643753396975,0.7649959817301074
46.12050209205021,Higgs,boson,0.03133641785687096,0.13933422486745392,3.685178675832777
46.12050209205021,top,quark,-0.018526400557428564,-0.04243382353169416,1.1389084362748172
46.32468619246862,muon,lepton,0.6007249007820533,0.2148421936959374,16.74918461424223
46.32468619246862,tau,lepton,-0.22479007484757746,-0.35916527726999975,11.09597171977255
46.32468619246862,neutron,baryon,0.23732785098177875,-0.9714296120400956,26.300073716822478
46.32468619246862,Lambda,baryon,-0.20526067664440373,0.4865255462026792,13.84879890259473
46.32468619246862,Sigma_plus,baryon,0.5048531438429944,0.06963144200389171,13.362837396118582
46.32468619246862,Xi_minus,baryon,0.046866662127413354,0.5210351504364963,13.719169493736818
46.32468619246862,Omega_minus,baryon,0.3827916023956478,0.3454679036404826,13.521150664275083
46.32468619246862,Delta_1232,baryon,0.007728642156070742,0.008592957972214774,0.22225309913704822
46.32468619246862,pi0,meson,0.16430684775612847,-0.18471164143182042,6.439541066697468
46.32468619246862,pi_plus,meson,0.5600361463072389,-0.10369672124524545,14.943771874719356
46.32468619246862,K_plus,meson,0.45358140850568657,0.35844371390237867,15.169617903259415
46.32468619246862,K_short,meson,0.22129132626342235,-0.44513453192498115,13.032361426487812
46.32468619246862,K_long,meson,-0.5960827337537716,0.08131224023863977,15.789274872247002
46.32468619246862,eta,meson,0.14704769938039675,-0.11379374042281945,4.82282926003031
46.32468619246862,rho_770,meson,0.0,-0.0,-0.08265966936381419
46.32468619246862,omega_782,meson,-0.014584978870587007,-0.045038457403950155,1.1663292053773442
46.32468619246862,phi_1020,meson,0.05998712460965458,-0.01958238950798068,1.582156678747984
46.32468619246862,D0,meson,0.0372145852104215,-0.428587546496455,11.267197457307917
46.32468619246862,D_plus,meson,0.4452060168146314,0.014496894650520011,11.669317322546195
46.32468619246862,Ds_plus,meson,0.20936421024051324,-0.380599215638463,11.377567751184174
46.32468619246862,J_psi,meson,0.0128624494999521,0.14372734983134614,3.7244148040524654
46.32468619246862,B_plus,meson,-0.3732745006678861,0.2857929885771285,12.320353652430827
46.32468619246862,B0,meson,-0.33363026854887445,0.32941928440759355,12.287050836244319
46.32468619246862,Bs0,meson,-0.34219220748944124,0.32089482688698506,12.293879496489762
46.32468619246862,Upsilon_1S,meson,-0.0840134748786669,-0.14965979986364622,4.445367569337434
46.32468619246862,W,boson,-0.03254232882789141,0.005536132048126337,0.7882310922760309
46.32468619246862,Z,boson,-0.031080914773543956,0.008140091735514809,0.7649959817301074
46.32468619246862,Higgs,boson,0.03356534090464199,0.13881413902578443,3.685178675832777
46.32468619246862,top,quark,-0.0187363477580487,-0.0423415418923628,1.1389084362748172
46.52887029288703,muon,lepton,0.6146842764533863,0.17085319690502565,16.74918461424223
46.52887029288703,tau,lepton,-0.24174113076473402,-0.34798203954084045,11.09597171977255
46.52887029288703,neutron,baryon,0.12566874684577126,-0.992072258490385,26.300073716822478
46.52887029288703,Lambda,baryon,-0.17580459144713886,0.4979275028660682,13.84879890259473
46.52887029288703,Sigma_plus,baryon,0.5080295074108696,0.040388787597125275,13.362837396118582
46.52887029288703,Xi_minus,baryon,0.07764530597036441,0.517344487232749,13.719169493736818
46.52887029288703,Omega_minus,baryon,0.40230587998845746,0.32253288551261,13.521150664275083
46.52887029288703,Delta_1232,baryon,0.007736888686078084,0.008585533748584312,0.22225309913704822
46.52887029288703,pi0,meson,0.15910566433379456,-0.1892102488685401,6.439541066697468
46.52887029288703,pi_plus,meson,0.5521801524978646,-0.1396086471358855,14.943771874719356
46.52887029288703,K_plus,meson,0.4760800257224158,0.32797225383601686,15.169617903259415
46.52887029288703,K_short,meson,0.19589387213130935,-0.45688094012871533,13.032361426487812
46.52887029288703,K_long,meson,-0.5891549295982526,0.1217488185654142,15.789274872247002
46.52887029288703,eta,meson,0.14464519339197532,-0.11683239825100573,4.82282926003031
46.52887029288703,rho_770,meson,0.0,-0.0,-0.08265966936381419
46.52887029288703,omega_782,meson,-0.014811712912270599,-0.044964401637154906,1.1663292053773442
46.52887029288703,phi_1020,meson,0.05985188531537207,-0.019991921417713894,1.582156678747984
46.52887029288703,D0,meson,0.016318292105007962,-0.4298905950436812,11.267197457307917
46.52887029288703,D_plus,meson,0.44537094659387616,-0.00795470254207179,11.669317322546195
46.52887029288703,Ds_plus,meson,0.1904127111525597,-0.39042558177683356,11.377567751184174
46.52887029288703,J_psi,meson,0.015173100218503637,0.14350181436637038,3.7244148040524654
46.52887029288703,B_plus,meson,-0.3575426531286266,0.30524537074695984,12.320353652430827
46.52887029288703,B0,meson,-0.3156836452886204,0.3466555309365387,12.287050836244319
46.52887029288703,Bs0,meson,-0.32467578822005555,0.33860689498740365,12.293879496489762
46.52887029288703,Upsilon_1S,meson,-0.08687177111973689,-0.14801896851057667,4.445367569337434
46.52887029288703,W,boson,-0.03252328947424827,0.005646907593644092,0.7882310922760309
46.52887029288703,Z,boson,-0.031053844828023675,0.00824275912664726,0.7649959817301074
46.52887029288703,Higgs,boson,0.03577083331219424,0.13826223196399606,3.685178675832777
46.52887029288703,top,quark,-0.018944436733005263,-0.04224884867073198,1.1389084362748172
46.733054393305444,muon,lepton,0.6253664301515176,0.12627114734268305,16.74918461424223
46.733054393305444,tau,lepton,-0.2580297360302727,-0.33608173034332445,11.09597171977255
46.733054393305444,neutron,baryon,0.013144938770930193,-0.9999136015600091,26.300073716822478
46.733054393305444,Lambda,baryon,-0.14592145032810186,0.5074898844494115,13.84879890259473
46.733054393305444,Sigma_plus,baryon,0.5095092076587805,0.011207224215574657,13.362837396118582
46.733054393305444,Xi_minus,baryon,0.10794953527002964,0.5118798783350759,13.719169493736818
46.733054393305444,Omega_minus,baryon,0.4203320179516276,0.29866114242581027,13.521150664275083
46.733054393305444,Delta_1232,baryon,0.007745073301878491,0.008578151073359123,0.22225309913704822
46.733054393305444,pi0,meson,0.15381718119392254,-0.19353399047596004,6.439541066697468
46.733054393305444,pi_plus,meson,0.5420989133409398,-0.17470622004453465,14.943771874719356
46.733054393305444,K_plus,meson,0.49640586338504794,0.29630931300767094,15.169617903259415
46.733054393305444,K_short,meson,0.1700506431990955,-0.46711602556438847,13.032361426487812
46.733054393305444,K_long,meson,-0.5795605703443285,0.16135628650335485,15.789274872247002
46.733054393305444,eta,meson,0.14219650974892395,-0.11980064218403724,4.82282926003031
46.733054393305444,rho_770,meson,0.0,-0.0,-0.08265966936381419
46.733054393305444,omega_782,meson,-0.015036566547154115,-0.04488970840243795,1.1663292053773442
46.733054393305444,phi_1020,meson,0.05971477757492949,-0.020397804709164084,1.582156678747984
46.733054393305444,D0,meson,-0.0044773799199228515,-0.43017689783772367,11.267197457307917
46.733054393305444,D_plus,meson,0.44441453244461826,-0.030237075164265926,11.669317322546195
46.733054393305444,Ds_plus,meson,0.171131868161531,-0.3992530765990307,11.377567751184174
46.733054393305444,J_psi,meson,0.01746449408237051,0.14324100370748533,3.7244148040524654
46.733054393305444,B_plus,meson,-0.3409128955786788,0.323712654675203,12.320353652430827
46.733054393305444,B0,meson,-0.296975969910114,0.36281054880964,12.287050836244319
46.733054393305444,Bs0,meson,-0.30636937585057206,0.35525596733940423,12.293879496489762
46.733054393305444,Upsilon_1S,meson,-0.0896793415886805,-0.14633501067289328,4.445367569337434
46.733054393305444,W,boson,-0.032504003434388466,0.0057568814764737426,0.7882310922760309
46.733054393305444,Z,boson,-0.031026619186224916,0.008344654486309146,0.7649959817301074
46.733054393305444,Higgs,boson,0.037952681796779415,0.13767930580863286,3.685178675832777
46.733054393305444,top,quark,-0.0191506875801017,-0.042155759539386654,1.1389084362748172
46.937238493723854,muon,lepton,0.632780904239711,0.08133819423410013,16.74918461424223
46.937238493723854,tau,lepton,-0.273631513298826,-0.32350590269144963,11.09597171977255
46.937238493723854,neutron,baryon,-0.09880266858322259,-0.995107045840212,26.300073716822478
46.937238493723854,Lambda,baryon,-0.11572583556043277,0.5152150846667568,13.84879890259473
46.937238493723854,Sigma_plus,baryon,0.5093208804295486,-0.0178178371910275,13.362837396118582
46.937238493723854,Xi_minus,baryon,0.1376830625438931,0.5046954391490791,13.719169493736818
46.937238493723854,Omega_minus,baryon,0.4368383479802349,0.2739520780068601,13.521150664275083
46.937238493723854,Delta_1232,baryon,0.007753196759374374,0.00857080954748558,0.22225309913704822
46.937238493723854,pi0,meson,0.14844742041459763,-0.19768281177746508,6.439541066697468
46.937238493723854,pi_plus,meson,0.5298780038184046,-0.2088607101326144,14.943771874719356
46.937238493723854,K_plus,meson,0.5145154711162864,0.26361301212216115,15.169617903259415
46.937238493723854,K_short,meson,0.1438519082540168,-0.4758373998365139,13.032361426487812
46.937238493723854,K_long,meson,-0.5673964811917475,0.19996884513148305,15.789274872247002
46.937238493723854,eta,meson,0.13970373789846632,-0.12269843874182006,4.82282926003031
46.937238493723854,rho_770,meson,0.0,-0.0,-0.08265966936381419
46.937238493723854,omega_782,meson,-0.01525955871673613,-0.044814396367165145,1.1663292053773442
46.937238493723854,phi_1020,meson,0.059575852320640464,-0.020800070145211933,1.582156678747984
46.937238493723854,D0,meson,-0.02512512687014259,-0.4294658756688288,11.267197457307917
46.937238493723854,D_plus,meson,0.4423613687111816,-0.05229700597957959,11.669317322546195
46.937238493723854,Ds_plus,meson,0.1515747724508292,-0.4070801196702271,11.377567751184174
46.937238493723854,J_psi,meson,0.01973630333621174,0.14294569607827307,3.7244148040524654
46.937238493723854,B_plus,meson,-0.3234499236191832,0.3411621785594806,12.320353652430827
46.937238493723854,B0,meson,-0.27757481949640617,0.37786034538324154,12.287050836244319
46.937238493723854,Bs0,meson,-0.28734004873205615,0.3708162525887782,12.293879496489762
46.937238493723854,Upsilon_1S,meson,-0.09243601973069858,-0.14460948071534224,4.445367569337434
46.937238493723854,W,boson,-0.03248447689185973,0.0058660621083598385,0.7882310922760309
46.937238493723854,Z,boson,-0.030999242751639174,0.008445786253975742,0.7649959817301074
46.937238493723854,Higgs,boson,0.040110690796964076,0.13706615113624873,3.685178675832777
46.937238493723854,top,quark,-0.019355120151912396,-0.04206228977407536,1.1389084362748172
47.14142259414226,muon,lepton,0.6369541416769924,0.036290439680671485,16.74918461424223
47.14142259414226,tau,lepton,-0.2885245522291562,-0.3102964016990532,11.09597171977255
47.14142259414226,neutron,baryon,-0.20878742989502388,-0.9779610468305118,26.300073716822478
47.14142259414226,Lambda,baryon,-0.08532974180301921,0.5211121641721328,13.84879890259473
47.14142259414226,Sigma_plus,baryon,0.5074979554351691,-0.046594632661066254,13.362837396118582
47.14142259414226,Xi_minus,baryon,0.16675479730574988,0.4958497248006352,13.719169493736818
47.14142259414226,Omega_minus,baryon,0.45179956855193054,0.24850479505769488,13.521150664275083
47.14142259414226,Delta_1232,baryon,0.007761259801805114,0.008563508777231872,0.22225309913704822
47.14142259414226,pi0,meson,0.1430022872000175,-0.20165682868565765,6.439541066697468
47.14142259414226,pi_plus,meson,0.5156092778899146,-0.24195158135775413,14.943771874719356
47.14142259414226,K_plus,meson,0.5303764793785282,0.23004082311661653,15.169617903259415
47.14142259414226,K_short,meson,0.1173861590933819,-0.4830477121825542,13.032361426487812
47.14142259414226,K_long,meson,-0.552768422808958,0.23743078283426758,15.789274872247002
47.14142259414226,eta,meson,0.13716892781088602,-0.12552580011971837,4.82282926003031
47.14142259414226,rho_770,meson,0.0,-0.0,-0.08265966936381419
47.14142259414226,omega_782,meson,-0.015480708158725673,-0.04473848375713315,1.1663292053773442
47.14142259414226,phi_1020,meson,0.059435159335855914,-0.02119874837102222,1.582156678747984
47.14142259414226,D0,meson,-0.045579556074038796,-0.42777881484749597,11.267197457307917
47.14142259414226,D_plus,meson,0.43923817770887535,-0.07408360551056192,11.669317322546195
47.14142259414226,Ds_plus,meson,0.13179349021255796,-0.4139077329693654,11.377567751184174
47.14142259414226,J_psi,meson,0.021988219719780804,0.14261666063344638,3.7244148040524654
47.14142259414226,B_plus,meson,-0.3052187843209703,0.35756534908508036,12.320353652430827
47.14142259414226,B0,meson,-0.2575476060212287,0.3917849558933307,12.287050836244319
47.14142259414226,Bs0,meson,-0.26765482500230053,0.38526600089069996,12.293879496489762
47.14142259414226,Upsilon_1S,meson,-0.09514167330069316,-0.1428439066182356,4.445367569337434
47.14142259414226,W,boson,-0.03246471588842559,0.005974457789683574,0.7882310922760309
47.14142259414226,Z,boson,-0.030971720308298166,0.008546162751050934,0.7649959817301074
47.14142259414226,Higgs,boson,0.0422446818361286,0.13642354694142395,3.685178675832777
47.14142259414226,top,quark,-0.019557754058477195,-0.041968454264141884,1.1389084362748172
47.34560669456067,muon,lepton,0.6379285789048895,-0.008643079779728738,16.74918461424223
47.34560669456067,tau,lepton,-0.3026893571434117,-0.29649523979066417,11.09597171977255
47.34560669456067,neutron,baryon,-0.31549220481861123,-0.9489281683555881,26.300073716822478
47.34560669456067,Lambda,baryon,-0.05484225680128991,0.5251965149858433,13.84879890259473
47.34560669456067,Sigma_plus,baryon,0.504078318163517,-0.07503521653954619,13.362837396118582
47.34560669456067,Xi_minus,baryon,0.19507896070303038,0.48540530600764237,13.719169493736818
47.34560669456067,Omega_minus,baryon,0.4651965526388429,0.22241773922804314,13.521150664275083
47.34560669456067,Delta_1232,baryon,0.007769263160015474,0.008556248374098872,0.22225309913704822
47.34560669456067,pi0,meson,0.13748756797926076,-0.20545631981309587,6.439541066697468
47.34560669456067,pi_plus,meson,0.49939017648376444,-0.27386665879436983,14.943771874719356
47.34560669456067,K_plus,meson,0.5439672479515927,0.19574887824481466,15.169617903259415
47.34560669456067,K_short,meson,0.0907398806847774,-0.4887544134274481,13.032361426487812
47.34560669456067,K_long,meson,-0.535790168635962,0.27359678558974976,15.789274872247002
47.34560669456067,eta,meson,0.13459408994826355,-0.1282827821786006,4.82282926003031
47.34560669456067,rho_770,meson,0.0,-0.0,-0.08265966936381419
47.34560669456067,omega_782,meson,-0.015700033408465562,-0.04466198836769326,1.1663292053773442
47.34560669456067,phi_1020,meson,0.05929274728189694,-0.02159386990656378,1.582156678747984
47.34560669456067,D0,meson,-0.06579722454838287,-0.42513872513094403,11.267197457307917
47.34560669456067,D_plus,meson,0.4350736365357035,-0.09554835505678094,11.669317322546195
47.34560669456067,Ds_plus,meson,0.11183896388089538,-0.41973942110825724,11.377567751184174
47.34560669456067,J_psi,meson,0.02421995383350916,0.14225465733319123,3.7244148040524654
47.34560669456067,B_plus,meson,-0.28628465357747823,0.3728975493278679,12.320353652430827
47.34560669456067,B0,meson,-0.23696137040381693,0.40456832546301763,12.287050836244319
47.34560669456067,Bs0,meson,-0.24738045296831718,0.39858739101797386,12.293879496489762
47.34560669456067,Upsilon_1S,meson,-0.09779620297197329,-0.14103978992000674,4.445367569337434
47.34560669456067,W,boson,-0.03244472632766119,0.0060820767111301995,0.7882310922760309
47.34560669456067,Z,boson,-0.030944056523906395,0.008645792182801157,0.7649959817301074
47.34560669456067,Higgs,boson,0.04435449290423137,0.13575226061735812,3.685178675832777
47.34560669456067,top,quark,-0.019758608669999643,-0.04187426752265722,1.1389084362748172
47.54979079497908,muon,lepton,0.6357616984739233,-0.05324131258001397,16.74918461424223
47.54979079497908,tau,lepton,-0.31610879045196455,-0.2821444784953468,11.09597171977255
47.54979079497908,neutron,baryon,-0.417682825680523,-0.9085928995603773,26.300073716822478
47.54979079497908,Lambda,baryon,-0.024369272519811393,0.5274895174704317,13.84879890259473
47.54979079497908,Sigma_plus,baryon,0.4991039733846276,-0.10305560787930677,13.362837396118582
47.54979079497908,Xi_minus,baryon,0.22257517163451754,0.47342835253205157,13.719169493736818
47.54979079497908,Omega_minus,baryon,0.4770161414247253,0.19578836566722752,13.521150664275083
47.54979079497908,Delta_1232,baryon,0.007777207552717158,0.008549027954732774,0.22225309913704822
47.54979079497908,pi0,meson,0.1319089287883944,-0.2090817189662723,6.439541066697468
47.54979079497908,pi_plus,meson,0.48132304845369195,-0.3045022466172,14.943771874719356
47.54979079497908,K_plus,meson,0.5552764821758625,0.16089132518731963,15.169617903259415
47.54979079497908,K_short,meson,0.06399734207663085,-0.4929695150804187,13.032361426487812
47.54979079497908,K_long,meson,-0.5165825931776692,0.30833217528800133,15.789274872247002
47.54979079497908,eta,meson,0.13198119527986799,-0.13096948249489612,4.82282926003031
47.54979079497908,rho_770,meson,0.0,-0.0,-0.08265966936381419
47.54979079497908,omega_782,meson,-0.015917552800398665,-0.04458492757456743,1.1663292053773442
47.54979079497908,phi_1020,meson,0.05914866372431971,-0.021985465139583552,1.582156678747984
47.54979079497908,D0,meson,-0.0857366692352018,-0.4215702004562091,11.267197457307917
47.54979079497908,D_plus,meson,0.42989820743995577,-0.11664513964315382,11.669317322546195
47.54979079497908,Ds_plus,meson,0.09176092245457536,-0.42458105066586815,11.377567751184174
47.54979079497908,J_psi,meson,0.02643123452049768,0.14186043683283733,3.7244148040524654
47.54979079497908,B_plus,meson,-0.2667126256789166,0.3871380380073295,12.320353652430827
47.54979079497908,B0,meson,-0.2158825895745974,0.41619818422257804,12.287050836244319
47.54979079497908,Bs0,meson,-0.22658321435750076,0.41076641021479326,12.293879496489762
47.54979079497908,Upsilon_1S,meson,-0.10039954098545247,-0.1391986056910251,4.445367569337434
47.54979079497908,W,boson,-0.03242451397844635,0.006188926955332491,0.7882310922760309
47.54979079497908,Z,boson,-0.030916255952882093,0.008744682640255281,0.7649959817301074
47.54979079497908,Higgs,boson,0.04643997785743077,0.13505304794826356,3.685178675832777
47.54979079497908,top,quark,-0.019957703119545478,-0.04177974369626189,1.1389084362748172
47.75397489539749,muon,lepton,0.6305250500060858,-0.09729201368310518,16.74918461424223
47.75397489539749,tau,lepton,-0.3287680123226722,-0.26728611677342035,11.09597171977255
47.75397489539749,neutron,baryon,-0.5142197319543305,-0.8576584793895624,26.300073716822478
47.75397489539749,Lambda,baryon,0.005986774056801349,0.5280181919410794,13.84879890259473
47.75397489539749,Sigma_plus,baryon,0.49262071161190635,-0.13057591299575697,13.362837396118582
47.75397489539749,Xi_minus,baryon,0.24916850591586542,0.45998822557648444,13.719169493736818
47.75397489539749,Omega_minus,baryon,0.4872509259008276,0.16871282855539987,13.521150664275083
47.75397489539749,Delta_1232,baryon,0.007785093686743715,0.008541847140839411,0.22225309913704822
47.75397489539749,pi0,meson,0.1262719139201711,-0.21253360782457412,6.439541066697468
47.75397489539749,pi_plus,meson,0.4615144871006988,-0.33376319953502365,14.943771874719356
47.75397489539749,K_plus,meson,0.5643028211976752,0.12561972841268768,15.169617903259415
47.75397489539749,K_short,meson,0.03724040751577852,-0.49570934491852703,13.032361426487812
47.75397489539749,K_long,meson,-0.4952727756328088,0.3415130797040862,15.789274872247002
47.75397489539749,eta,meson,0.12933217534115193,-0.13358603846962855,4.82282926003031
47.75397489539749,rho_770,meson,0.0,-0.0,-0.08265966936381419
47.75397489539749,omega_782,meson,-0.016133284469574447,-0.044507318344365464,1.1663292053773442
47.75397489539749,phi_1020,meson,0.059002955158529435,-0.02237356431901416,1.582156678747984
47.75397489539749,D0,meson,-0.10535842955969285,-0.4170992827672447,11.267197457307917
47.75397489539749,D_plus,meson,0.4237439721120033,-0.1373302714669998,11.669317322546195
47.75397489539749,Ds_plus,meson,0.07160780060115618,-0.42844072911817355,11.377567751184174
47.75397489539749,J_psi,meson,0.02862180826463863,0.14143474038701823,3.7244148040524654
47.75397489539749,B_plus,meson,-0.24656751508856142,0.40026984107194286,12.320353652430827
47.75397489539749,B0,meson,-0.19437699640798417,0.4266659164955828,12.287050836244319
47.75397489539749,Bs0,meson,-0.20532874031874362,0.42179272775670623,12.293879496489762
47.75397489539749,Upsilon_1S,meson,-0.1029516498386027,-0.1373218025366867,4.445367569337434
47.75397489539749,W,boson,-0.032404084478359185,0.006295016498490278,0.7882310922760309
47.75397489539749,Z,boson,-0.0308883230393094,0.008842842102071466,0.7649959817301074
47.75397489539749,Higgs,boson,0.04850100583517552,0.13432665311281639,3.685178675832777
47.75397489539749,top,quark,-0.02015505630574,-0.04168489657472717,1.1389084362748172
47.9581589958159,muon,lepton,0.6223032476078297,-0.14059247002751854,16.74918461424223
47.9581589958159,tau,lepton,-0.34065441704992855,-0.2519619858049793,11.09597171977255
47.9581589958159,neutron,baryon,-0.6040677457690617,-0.7969329699049251,26.300073716822478
47.9581589958159,Lambda,baryon,0.0361271313068964,0.5268148468559595,13.84879890259473
47.9581589958159,Sigma_plus,baryon,0.48467777975146775,-0.15752042527521384,13.362837396118582
47.9581589958159,Xi_minus,baryon,0.27478953006905904,0.44515708033656287,13.719169493736818
47.9581589958159,Omega_minus,baryon,0.49589901812363385,0.14128569331108295,13.521150664275083
47.9581589958159,Delta_1232,baryon,0.00779292225729897,0.0085347055591003,0.22225309913704822
47.9581589958159,pi0,meson,0.1205819448261653,-0.21581270880541906,6.439541066697468
47.9581589958159,pi_plus,meson,0.44007468456406357,-0.3615629504989651,14.943771874719356
47.9581589958159,K_plus,meson,0.5710544022746566,0.090082516732535,15.169617903259415
47.9581589958159,K_short,meson,0.010548367178155698,-0.4969943003107493,13.032361426487812
47.9581589958159,K_long,meson,-0.47199312276248934,0.3730265378721864,15.789274872247002
47.9581589958159,eta,meson,0.12664892233344976,-0.13613262549535785,4.82282926003031
47.9581589958159,rho_770,meson,0.0,-0.0,-0.08265966936381419
47.9581589958159,omega_782,meson,-0.016347246353191243,-0.04442917724481265,1.1663292053773442
47.9581589958159,phi_1020,meson,0.058855667034759876,-0.02275819754879499,1.582156678747984
47.9581589958159,D0,meson,-0.1246250627533088,-0.41175332918868857,11.267197457307917
47.9581589958159,D_plus,meson,0.41664447022359624,-0.1575625044055754,11.669317322546195
47.9581589958159,Ds_plus,meson,0.05142666622563417,-0.4313286838075626,11.377567751184174
47.9581589958159,J_psi,meson,0.030791438604583655,0.1409782997675214,3.7244148040524654
47.9581589958159,B_plus,meson,-0.22591367035077362,0.4122796365543032,12.320353652430827
47.9581589958159,B0,meson,-0.17250941233458905,0.435966424954468,12.287050836244319
47.9581589958159,Bs0,meson,-0.18368184000930327,0.43165956312830794,12.293879496489762
47.9581589958159,Upsilon_1S,meson,-0.10545252101340241,-0.1354108026279032,4.445367569337434
47.9581589958159,W,boson,-0.03238344333697355,0.006400353211966282,0.7882310922760309
47.9581589958159,Z,boson,-0.030860262119804777,0.008940278436371085,0.7649959817301074
47.9581589958159,Higgs,boson,0.050537460694368035,0.13357380869796234,3.685178675832777
47.9581589958159,top,quark,-0.02035068689546241,-0.041589739600244015,1.1389084362748172
48.16234309623431,muon,lepton,0.6111929513526324,-0.18295013208125674,16.74918461424223
48.16234309623431,tau,lepton,-0.35175756655548784,-0.23621365015040255,11.09597171977255
48.16234309623431,neutron,baryon,-0.6863039898767674,-0.7273148104357767,26.300073716822478
48.16234309623431,Lambda,baryon,0.06595693546672403,0.5239167253945728,13.84879890259473
48.16234309623431,Sigma_plus,baryon,0.4753275570551158,-0.18381770335773467,13.362837396118582
48.16234309623431,Xi_minus,baryon,0.29937431131193215,0.4290094797738783,13.719169493736818
48.16234309623431,Omega_minus,baryon,0.5029638138261555,0.11359967117833512,13.521150664275083
48.16234309623431,Delta_1232,baryon,0.007800693948199203,0.008527602841090312,0.22225309913704822
48.16234309623431,pi0,meson,0.11484431925678477,-0.21891987811626124,6.439541066697468
48.16234309623431,pi_plus,meson,0.4171168061034177,-0.3878234975265951,14.943771874719356
48.16234309623431,K_plus,meson,0.5755484050103931,0.054424476737267496,15.169617903259415
48.16234309623431,K_short,meson,-0.01600221312459141,-0.496848600447472,13.032361426487812
48.16234309623431,K_long,meson,-0.44688051447587096,0.4027705446948386,15.789274872247002
48.16234309623431,eta,meson,0.12393328926162316,-0.13860945517993492,4.82282926003031
48.16234309623431,rho_770,meson,0.0,-0.0,-0.08265966936381419
48.16234309623431,omega_782,meson,-0.016559456192172025,-0.044350520454696334,1.1663292053773442
48.16234309623431,phi_1020,meson,0.058706843782435,-0.02313939478208692,1.582156678747984
48.16234309623431,D0,meson,-0.14350115237900532,-0.4055608827662404,11.267197457307917
48.16234309623431,D_plus,meson,0.4086345424954649,-0.17730304013744447,11.669317322546195
48.16234309623431,Ds_plus,meson,0.031263156178015124,-0.4332571413606891,11.377567751184174
48.16234309623431,J_psi,meson,0.032939905563274,0.14049183719406463,3.7244148040524654
48.16234309623431,B_plus,meson,-0.20481480001397748,0.423157633588171,12.320353652430827
48.16234309623431,B0,meson,-0.15034359240576378,0.4440979905990734,12.287050836244319
48.16234309623431,Bs0,meson,-0.16170634156237457,0.4403635496812124,12.293879496489762
48.16234309623431,Upsilon_1S,meson,-0.10790217374251924,-0.13346700175719176,4.445367569337434
48.16234309623431,W,boson,-0.03236259593906314,0.006504944863858392,0.7882310922760309
48.16234309623431,Z,boson,-0.03083207742630036,0.009036999402540616,0.7649959817301074
48.16234309623431,Higgs,boson,0.05254924046020804,0.13279523572240787,3.685178675832777
48.16234309623431,top,quark,-0.020544613326534285,-0.041494285876448586,1.1389084362748172
48.36652719665272,muon,lepton,0.5973018399483104,-0.2241831541531467,16.74918461424223
48.36652719665272,tau,lepton,-0.36206912142992415,-0.22008231517634055,11.09597171977255
48.36652719665272,neutron,baryon,-0.7601239741506476,-0.6497780728228875,26.300073716822478
48.36652719665272,Lambda,baryon,0.09538538622905315,0.5193656520971214,13.84879890259473
48.36652719665272,Sigma_plus,baryon,0.46462523737957095,-0.20940062882826743,13.362837396118582
48.36652719665272,Xi_minus,baryon,0.3228644053147014,0.4116220205359908,13.719169493736818
48.36652719665272,Omega_minus,baryon,0.5084537479819683,0.08574537581389798,13.521150664275083
48.36652719665272,Delta_1232,baryon,0.007808409432109241,0.008520538623196933,0.22225309913704822
48.36652719665272,pi0,meson,0.10906421062518576,-0.22185609899369027,6.439541066697468
48.36652719665272,pi_plus,meson,0.3927563860248218,-0.4124753524810886,14.943771874719356
48.36652719665272,K_plus,meson,0.5778105791929169,0.0187862915680226,15.169617903259415
48.36652719665272,K_short,meson,-0.0423376239355232,-0.4953000385533911,13.032361426487812
48.36652719665272,K_long,meson,-0.4200754752000669,0.4306540386754013,15.789274872247002
48.36652719665272,eta,meson,0.12118709010703191,-0.14101677362595444,4.82282926003031
48.36652719665272,rho_770,meson,0.0,-0.0,-0.08265966936381419
48.36652719665272,omega_782,meson,-0.0167699315327692,-0.04427136377354029,1.1663292053773442
48.36652719665272,phi_1020,meson,0.058556528833928166,-0.02351718581586321,1.582156678747984
48.36652719665272,D0,meson,-0.16195331048715558,-0.39855154696285605,11.267197457307917
48.36652719665272,D_plus,meson,0.39975017853413775,-0.19651552642064482,11.669317322546195
48.36652719665272,Ds_plus,meson,0.011161419768857522,-0.43424020792988577,11.377567751184174
48.36652719665272,J_psi,meson,0.035067005092736164,0.13997606527727158,3.7244148040524654
48.36652719665272,B_plus,meson,-0.1833338104102831,0.43289744643408645,12.320353652430827
48.36652719665272,B0,meson,-0.12794208254893527,0.45106212936207196,12.287050836244319
48.36652719665272,Bs0,meson,-0.1394649451943818,0.44790459458600446,12.293879496489762
48.36652719665272,Upsilon_1S,meson,-0.1103006538129385,-0.13149176941867247,4.445367569337434
48.36652719665272,W,boson,-0.03234154754771547,0.00660879912054854,0.7882310922760309
48.36652719665272,Z,boson,-0.03080377308874698,0.009133012653001565,0.7649959817301074
48.36652719665272,Higgs,boson,0.05453625679332354,0.13199164366916305,3.685178675832777
48.36652719665272,top,quark,-0.020736853810401218,-0.04139854817719214,1.1389084362748172
48.57071129707113,muon,lepton,0.5807475811964985,-0.26412084648150536,16.74918461424223
48.57071129707113,tau,lepton,-0.37158276990080846,-0.20360874062588305,11.09597171977255
48.57071129707113,neutron,baryon,-0.8248458987137025,-0.5653576243186117,26.300073716822478
48.57071129707113,Lambda,baryon,0.12432589649033092,0.5132076811060112,13.84879890259473
48.57071129707113,Sigma_plus,baryon,0.4526285186464505,-0.23420644455611447,13.362837396118582
48.57071129707113,Xi_minus,baryon,0.3452068232743944,0.3930729718183997,13.719169493736818
48.57071129707113,Omega_minus,baryon,0.5123820448287794,0.0578111014205429,13.521150664275083
48.57071129707113,Delta_1232,baryon,0.007816069370772631,0.008513512546541127,0.22225309913704822
48.57071129707113,pi0,meson,0.10324666758166998,-0.22462247512943384,6.439541066697468
48.57071129707113,pi_plus,meson,0.3671107467484265,-0.43545745462615504,14.943771874719356
48.57071129707113,K_plus,meson,0.5778747597116984,-0.01669587572664343,15.169617903259415
48.57071129707113,K_short,meson,-0.06838712654235028,-0.4923797350772847,13.032361426487812
48.57071129707113,K_long,meson,-0.39172137370822163,0.45659683668652346,15.789274872247002
48.57071129707113,eta,meson,0.11841210003333692,-0.14335485976477588,4.82282926003031
48.57071129707113,rho_770,meson,0.0,-0.0,-0.08265966936381419
48.57071129707113,omega_782,meson,-0.016978689728196845,-0.04419172263101457,1.1663292053773442
48.57071129707113,phi_1020,meson,0.05840476464773457,-0.02389160028585846,1.582156678747984
48.57071129707113,D0,meson,-0.1799501738211725,-0.390755864071116,11.267197457307917
48.57071129707113,D_plus,meson,0.3900283696413601,-0.21516604805907613,11.669317322546195
48.57071129707113,Ds_plus,meson,-0.00883593024216276,-0.4342937506009069,11.377567751184174
48.57071129707113,J_psi,meson,0.03717254853385949,0.13943168697315125,3.7244148040524654
48.57071129707113,B_plus,meson,-0.16153265509615186,0.441495964314844,12.320353652430827
48.57071129707113,B0,meson,-0.10536608872172465,0.4568634460964137,12.287050836244319
48.57071129707113,Bs0,meson,-0.11701908817907752,0.4542857358437113,12.293879496489762
48.57071129707113,Upsilon_1S,meson,-0.11264803240626797,-0.1294864489103452,4.445367569337434
48.57071129707113,W,boson,-0.03232030330735836,0.006711923548228453,0.7882310922760309
48.57071129707113,Z,boson,-0.03077535313773945,0.00922832573494943,0.7649959817301074
48.57071129707113,Higgs,boson,0.05649843447281155,0.13116373052652955,3.685178675832777
48.57071129707113,top,quark,-0.020927426334805557,-0.04130253895506349,1.1389084362748172
48.774895397489544,muon,lepton,0.5616568063443824,-0.30260404243618333,16.74918461424223
48.774895397489544,tau,lepton,-0.3802941550913023,-0.18683316019863216,11.09597171977255
48.774895397489544,neutron,baryon,-0.8799132411592127,-0.4751343894443858,26.300073716822478
48.774895397489544,Lambda,baryon,0.15269621733343589,0.5054927474221503,13.84879890259473
48.774895397489544,Sigma_plus,baryon,0.43939730029456503,-0.2581767748221058,13.362837396118582
48.774895397489544,Xi_minus,baryon,0.36635397983439644,0.37344192783998703,13.719169493736818
48.774895397489544,Omega_minus,baryon,0.5147664637661066,0.029882621908313152,13.521150664275083
48.774895397489544,Delta_1232,baryon,0.0078236744152361,0.00850652425689972,0.22225309913704822
48.774895397489544,pi0,meson,0.09739661378570753,-0.22722022428267846,6.439541066697468
48.774895397489544,pi_plus,meson,0.340298442274392,-0.45671705174352695,14.943771874719356
48.774895397489544,K_plus,meson,0.575782371825077,-0.05189075518453751,15.169617903259415
48.774895397489544,K_short,meson,-0.09408305049252728,-0.48812189277015333,13.032361426487812
48.774895397489544,K_long,meson,-0.36196365370516986,0.4805295196846911,15.789274872247002
48.774895397489544,eta,meson,0.11561005562276964,-0.14562402374396766,4.82282926003031
48.774895397489544,rho_770,meson,0.0,-0.0,-0.08265966936381419
48.774895397489544,omega_782,meson,-0.017185747940286666,-0.04411161209608911,1.1663292053773442
48.774895397489544,phi_1020,meson,0.05825159273107196,-0.024262667661859104,1.582156678747984
48.774895397489544,D0,meson,-0.1974623944813572,-0.3822051976751802,11.267197457307917
48.774895397489544,D_plus,meson,0.3795069667645319,-0.23322311107530194,11.669317322546195
48.774895397489544,Ds_plus,meson,-0.028687859521474627,-0.4334352802787554,11.377567751184174
48.774895397489544,J_psi,meson,0.03925636209084885,0.13885939554842208,3.7244148040524654
48.774895397489544,B_plus,meson,-0.13947219572563643,0.4489532178169304,12.320353652430827
48.774895397489544,B0,meson,-0.08267535764668359,0.46150948665178926,12.287050836244319
48.774895397489544,Bs0,meson,-0.09442882138807435,0.4595129970747118,12.293879496489762
48.774895397489544,Upsilon_1S,meson,-0.11494440497492532,-0.12745235745711178,4.445367569337434
48.774895397489544,W,boson,-0.0322988682467018,0.006814325614402501,0.7882310922760309
48.774895397489544,Z,boson,-0.030746821507066525,0.009322946092061822,0.7649959817301074
48.774895397489544,Higgs,boson,0.058435710894795205,0.13031218283696483,3.685178675832777
48.774895397489544,top,quark,-0.021116348666449104,-0.041206270349671344,1.1389084362748172
48.979079497907954,muon,lepton,0.5401640939255576,-0.3394853844354303,16.74918461424223
48.979079497907954,tau,lepton,-0.3882008009109227,-0.16979520699517242,11.09597171977255
48.979079497907954,neutron,baryon,-0.9248957120187177,-0.3802208856564684,26.300073716822478
48.979079497907954,Lambda,baryon,0.18041853936620847,0.49627432246419684,13.84879890259473
48.979079497907954,Sigma_plus,baryon,0.4249933894181971,-0.2812576283668216,13.362837396118582
48.979079497907954,Xi_minus,baryon,0.3862636233476151,0.3528094744868952,13.719169493736818
48.979079497907954,Omega_minus,baryon,0.5156290424505193,0.002043010508550997,13.521150664275083
48.979079497907954,Delta_1232,baryon,0.00783122520606844,0.00849957340462929,0.22225309913704822
48.979079497907954,pi0,meson,0.0915188478632597,-0.22965067207777665,6.439541066697468
48.979079497907954,pi_plus,meson,0.3124387270764701,-0.476209551553213,14.943771874719356
48.979079497907954,K_plus,meson,0.5715819298459847,-0.08667230037141407,15.169617903259415
48.979079497907954,K_short,meson,-0.11936087497681,-0.4825635544840356,13.032361426487812
48.979079497907954,K_long,meson,-0.3309490971143637,0.5023932732543137,15.789274872247002
48.979079497907954,eta,meson,0.11278265514062383,-0.1478246053670182,4.82282926003031
48.979079497907954,rho_770,meson,0.0,-0.0,-0.08265966936381419
48.979079497907954,omega_782,meson,-0.01739112314116524,-0.04403104688593867,1.1663292053773442
48.979079497907954,phi_1020,meson,0.0580970536619242,-0.02463041724331927,1.582156678747984
48.979079497907954,D0,meson,-0.21446262544426842,-0.3729316192705925,11.267197457307917
48.979079497907954,D_plus,meson,0.3682245437238507,-0.250657620593949,11.669317322546195
48.979079497907954,Ds_plus,meson,-0.04835494723800788,-0.43168383633378793,11.377567751184174
48.979079497907954,J_psi,meson,0.041318286320067184,0.13825987455604727,3.7244148040524654
48.979079497907954,B_plus,meson,-0.11721207409874067,0.45527224256940785,12.320353652430827
48.979079497907954,B0,meson,-0.059928068785998205,0.4650105887000701,12.287050836244319
48.979079497907954,Bs0,meson,-0.071752697073425,0.4635952407564321,12.293879496489762
48.979079497907954,Upsilon_1S,meson,-0.11718989015341652,-0.12539078635308576,4.445367569337434
48.979079497907954,W,boson,-0.03227724728159773,0.006916012689367718,0.7882310922760309
48.979079497907954,Z,boson,-0.030718182036188053,0.009416881066176474,0.7649959817301074
48.979079497907954,Higgs,boson,0.06034803558612337,0.12943767575327758,3.685178675832777
48.979079497907954,top,quark,-0.021303638353643625,-0.04110975419569442,1.1389084362748172
49.18326359832636,muon,lepton,0.5164109681910314,-0.37462953239659585,16.74918461424223
49.18326359832636,tau,lepton,-0.3953020368988698,-0.1525338446706824,11.09597171977255
49.18326359832636,neutron,baryon,-0.9594886766978785,-0.2817471903827152,26.300073716822478
49.18326359832636,Lambda,baryon,0.20741957155999827,0.48560907509868523,13.84879890259473
49.18326359832636,Sigma_plus,baryon,0.40948021619228236,-0.30339938548193895,13.362837396118582
49.18326359832636,Xi_minus,baryon,0.40489874994708597,0.33125687057121483,13.719169493736818
49.18326359832636,Omega_minus,baryon,0.5149958383219378,-0.025627520782588432,13.521150664275083
49.18326359832636,Delta_1232,baryon,0.007838722373573997,0.00849265964459154,0.22225309913704822
49.18326359832636,pi0,meson,0.0856180435376122,-0.23191524598608115,6.439541066697468
49.18326359832636,pi_plus,meson,0.2836510512400968,-0.49389834611796896,14.943771874719356
49.18326359832636,K_plus,meson,0.5653285321098178,-0.12091997750864601,15.169617903259415
49.18326359832636,K_short,meson,-0.14415929483696044,-0.4757443644475537,13.032361426487812
49.18326359832636,K_long,meson,-0.29882512167390274,0.5221396868162516,15.789274872247002
49.18326359832636,eta,meson,0.10993155882583659,-0.14995697258415555,4.82282926003031
49.18326359832636,rho_770,meson,0.0,-0.0,-0.08265966936381419
49.18326359832636,omega_782,meson,-0.017594832114950446,-0.04395004137460636,1.1663292053773442
49.18326359832636,phi_1020,meson,0.057941187110542136,-0.024994878155287018,1.582156678747984
49.18326359832636,D0,meson,-0.23092550132306744,-0.3629677991267609,11.267197457307917
49.18326359832636,D_plus,meson,0.35622026582145516,-0.26744285292478837,11.669317322546195
49.18326359832636,Ds_plus,meson,-0.0677994146770148,-0.4290598732621139,11.377567751184174
49.18326359832636,J_psi,meson,0.04335817563296412,0.13763379782038282,3.7244148040524654
49.18326359832636,B_plus,meson,-0.09481059510209902,0.46045894086779576,12.320353652430827
49.18326359832636,B0,meson,-0.037180737196465675,0.46737973192376714,12.287050836244319
49.18326359832636,Bs0,meson,-0.04904766754778591,0.4665440205355191,12.293879496489762
49.18326359832636,Upsilon_1S,meson,-0.1193846287039215,-0.12330300112179686,4.445367569337434
49.18326359832636,W,boson,-0.03225544521782052,0.0070169920476713605,0.7882310922760309
49.18326359832636,Z,boson,-0.030689438472641564,0.009510137898939591,0.7649959817301074
49.18326359832636,Higgs,boson,0.062235369732842376,0.12854087310163662,3.685178675832777
49.18326359832636,top,quark,-0.021489312728948634,-0.04101300203070603,1.1389084362748172
49.38744769874477,muon,lepton,0.4905449167457668,-0.40791329871258086,16.74918461424223
49.38744769874477,tau,lepton,-0.40159892231946576,-0.13508730413424871,11.09597171977255
49.38744769874477,neutron,baryon,-0.9835111536073652,-0.1808474791914714,26.300073716822478
49.38744769874477,Lambda,baryon,0.23363059874862196,0.47355653919325635,13.84879890259473
49.38744769874477,Sigma_plus,baryon,0.39292255909794227,-0.32455677025078455,13.362837396118582
49.38744769874477,Xi_minus,baryon,0.42222750284926364,0.3088657440491297,13.719169493736818
49.38744769874477,Omega_minus,baryon,0.5128966697063408,-0.05305176259581086,13.521150664275083
49.38744769874477,Delta_1232,baryon,0.007846166538000882,0.008485782636080099,0.22225309913704822
49.38744769874477,pi0,meson,0.0796987499224227,-0.23401546949036534,6.439541066697468
49.38744769874477,pi_plus,meson,0.25405458246316553,-0.5097546118448991,14.943771874719356
49.38744769874477,K_plus,meson,0.5570833548857326,-0.15451901464670825,15.169617903259415
49.38744769874477,K_short,meson,-0.16842027196107975,-0.4677063337010227,13.032361426487812
49.38744769874477,K_long,meson,-0.2657391141334361,0.5397305152681037,15.789274872247002
49.38744769874477,eta,meson,0.10705838920563152,-0.15202152003311595,4.82282926003031
49.38744769874477,rho_770,meson,0.0,-0.0,-0.08265966936381419
49.38744769874477,omega_782,meson,-0.0177968914594641,-0.04386860960143319,1.1663292053773442
49.38744769874477,phi_1020,meson,0.05778403186041551,-0.02535607934462628,1.582156678747984
49.38744769874477,D0,meson,-0.24682761474170528,-0.35234690145530584,11.267197457307917
49.38744769874477,D_plus,meson,0.3435337639097019,-0.2835544223186994,11.669317322546195
49.38744769874477,Ds_plus,meson,-0.08698514772528537,-0.4255851495875501,11.377567751184174
49.38744769874477,J_psi,meson,0.04537589781280183,0.13698182943136342,3.7244148040524654
49.38744769874477,B_plus,meson,-0.07232462023750698,0.4645219418673426,12.320353652430827
49.38744769874477,B0,meson,-0.014488126889500411,0.46863238813684105,12.287050836244319
49.38744769874477,Bs0,meson,-0.026368994400603595,0.46837343319580577,12.293879496489762
49.38744769874477,Upsilon_1S,meson,-0.12152878249539142,-0.12119024169297987,4.445367569337434
49.38744769874477,W,boson,-0.03223346675377024,0.007117270869546283,0.7882310922760309
49.38744769874477,Z,boson,-0.03066059447438054,0.009602723733425063,0.7649959817301074
49.38744769874477,Higgs,boson,0.06409768572306376,0.12762242745090685,3.685178675832777
49.38744769874477,top,quark,-0.021673388911794805,-0.04091602510278021,1.1389084362748172
49.59163179916318,muon,lepton,0.462718431533406,-0.43922571387722187,16.74918461424223
49.59163179916318,tau,lepton,-0.4070941697890564,-0.11749302562354154,11.09597171977255
49.59163179916318,neutron,baryon,-0.9969025072656534,-0.07864725683362299,26.300073716822478
49.59163179916318,Lambda,baryon,0.25898751895681704,0.4601787886342938,13.84879890259473
49.59163179916318,Sigma_plus,baryon,0.37538628037935196,-0.34468880902438803,13.362837396118582
49.59163179916318,Xi_minus,baryon,0.4382230582724846,0.28571780344888903,13.719169493736818
49.59163179916318,Omega_minus,baryon,0.5093648575540514,-0.08015563111421752,13.521150664275083
49.59163179916318,Delta_1232,baryon,0.007853558309744138,0.008478942042748731,0.22225309913704822
49.59163179916318,pi0,meson,0.07376539196620636,-0.23595295643001576,6.439541066697468
49.59163179916318,pi_plus,meson,0.22376775535304963,-0.5237570876197618,14.943771874719356
49.59163179916318,K_plus,meson,0.5469131476926222,-0.18736061234710127,15.169617903259415
49.59163179916318,K_short,meson,-0.19208907283333665,-0.45849361030392294,13.032361426487812
49.59163179916318,K_long,meson,-0.2318378000476964,0.5551374067391247,15.789274872247002
49.59163179916318,eta,meson,0.10416473143231685,-0.1540186676286899,4.82282926003031
49.59163179916318,rho_770,meson,0.0,-0.0,-0.08265966936381419
49.59163179916318,omega_782,meson,-0.01799731758795935,-0.04378676527926025,1.1663292053773442
49.59163179916318,phi_1020,meson,0.057625625828729696,-0.025714049576520213,1.582156678747984
49.59163179916318,D0,meson,-0.2621474886831039,-0.3411024839273039,11.267197457307917
49.59163179916318,D_plus,meson,0.33020501396957325,-0.2989702428533851,11.669317322546195
49.59163179916318,Ds_plus,meson,-0.10587771355827358,-0.4212826192070108,11.377567751184174
49.59163179916318,J_psi,meson,0.04737133354487298,0.1363046237471839,3.7244148040524654
49.59163179916318,B_plus,meson,-0.04980947141522887,0.4674724609279587,12.320353652430827
49.59163179916318,B0,meson,0.008096825691750475,0.468786371863904,12.287050836244319
49.59163179916318,Bs0,meson,-0.0037701678750656936,0.4690999708202067,12.293879496489762
49.59163179916318,Upsilon_1S,meson,-0.12362253351537945,-0.11905372259469219,4.445367569337434
49.59163179916318,W,boson,-0.032211316483101576,0.007216856242324111,0.7882310922760309
49.59163179916318,Z,boson,-0.03063165361204659,0.009694645615724825,0.7649959817301074
49.59163179916318,Higgs,boson,0.06593496670386614,0.12668298018784804,3.685178675832777
49.59163179916318,top,quark,-0.021855883811091863,-0.040818834377886186,1.1389084362748172
49.79581589958159,muon,lepton,0.4330880768535886,-0.46846802697617546,16.74918461424223
49.79581589958159,tau,lepton,-0.41179206869414814,-0.09978760597894527,11.09597171977255
49.79581589958159,neutron,baryon,-0.9997179618682348,0.023748615075884164,26.300073716822478
49.79581589958159,Lambda,baryon,0.28343086172940757,0.4455401206442122,13.84879890259473
49.79581589958159,Sigma_plus,baryon,0.35693807208565004,-0.36375877619581326,13.362837396118582
49.79581589958159,Xi_minus,baryon,0.4528634993073062,0.2618945646715275,13.719169493736818
49.79581589958159,Omega_minus,baryon,0.5044369687889074,-0.10686827325935612,13.521150664275083
49.79581589958159,Delta_1232,baryon,0.007860898289543906,0.008472137532540941,0.22225309913704822
49.79581589958159,pi0,meson,0.0678222710379411,-0.2377294055249561,6.439541066697468
49.79581589958159,pi_plus,meson,0.19290784828266447,-0.5358918335248538,14.943771874719356
49.79581589958159,K_plus,meson,0.5348897322845648,-0.21934211742088977,15.169617903259415
49.79581589958159,K_short,meson,-0.2151142930044065,-0.44815225486067883,13.032361426487812
49.79581589958159,K_long,meson,-0.19726665088663087,0.568341600043467,15.789274872247002
49.79581589958159,eta,meson,0.10125213364041571,-0.15594885919988946,4.82282926003031
49.79581589958159,rho_770,meson,0.0,-0.0,-0.08265966936381419
49.79581589958159,omega_782,meson,-0.018196126730859994,-0.04370452180241061,1.1663292053773442
49.79581589958159,phi_1020,meson,0.05746600608632033,-0.026068817431243264,1.582156678747984
49.79581589958159,D0,meson,-0.27686554515813866,-0.32926840156401493,11.267197457307917
49.79581589958159,D_plus,meson,0.31627422222628865,-0.31367048588863805,11.669317322546195
49.79581589958159,Ds_plus,meson,-0.12444437185505271,-0.41617632535723176,11.377567751184174
49.79581589958159,J_psi,meson,0.04934437595992775,0.13560282540495341,3.7244148040524654
49.79581589958159,B_plus,meson,-0.02731884467358003,0.4693241586519995,12.320353652430827
49.79581589958159,B0,meson,0.030523078476023546,0.46786169186197707,12.287050836244319
49.79581589958159,Bs0,meson,0.018697163980515286,0.46874237364293264,12.293879496489762
49.79581589958159,Upsilon_1S,meson,-0.125666082913811,-0.11689463315958612,4.445367569337434
49.79581589958159,W,boson,-0.03218899889728024,0.007315755161826781,0.7882310922760309
49.79581589958159,Z,boson,-0.030602619371177503,0.009785910496511343,0.7649959817301074
49.79581589958159,Higgs,boson,0.06774720615187327,0.12572316159773514,3.685178675832777
49.79581589958159,top,quark,-0.022036814127820128,-0.04072144054707738,1.1389084362748172
50.0,muon,lepton,0.4018135876549055,-0.49555364531762264,16.74918461424223
50.0,tau,lepton,-0.41569840864165736,-0.08200675093679123,11.09597171977255
50.0,neutron,baryon,-0.9921230653459058,0.1252670076622079,26.300073716822478
50.0,Lambda,baryon,0.30690578862828144,0.42970674813270776,13.84879890259473
50.0,Sigma_plus,baryon,0.33764521297932426,-0.38173412830901465,13.362837396118582
50.0,Xi_minus,baryon,0.46613167902693425,0.23747709324665092,13.719169493736818
50.0,Omega_minus,baryon,0.4981525621623057,-0.1331221548860583,13.521150664275083
50.0,Delta_1232,baryon,0.007868187068678808,0.008465368777620904,0.22225309913704822
50.0,pi0,meson,0.06187356564395479,-0.2393465950760449,6.439541066697468
50.0,pi_plus,meson,0.16159058791088066,-0.5461519725005972,14.943771874719356
50.0,K_plus,meson,0.5210895073785006,-0.2503671613414275,15.169617903259415
50.0,K_short,meson,-0.23744786924489467,-0.43673002184708565,13.032361426487812
50.0,K_long,meson,-0.16216932892600985,0.5793335953038488,15.789274872247002
50.0,eta,meson,0.09832210732240579,-0.1578125611735798,4.82282926003031
50.0,rho_770,meson,0.0,-0.0,-0.08265966936381419
50.0,omega_782,meson,-0.018393334937510334,-0.0436218922544571,1.1663292053773442
50.0,phi_1020,meson,0.05730520887713902,-0.026420411301188447,1.582156678747984
50.0,D0,meson,-0.29096407052888534,-0.31687871500859205,11.267197457307917
50.0,D_plus,meson,0.3017817158070028,-0.3276375335138505,11.669317322546195
50.0,Ds_plus,meson,-0.14265408086162945,-0.4102912973580731,11.377567751184174
50.0,J_psi,meson,0.05129493019050666,0.13487706933883173,3.7244148040524654
50.0,B_plus,meson,-0.00490473347360129,0.4700930001162103,12.320353652430827
50.0,B0,meson,0.0527415412531854,0.4658804040285915,12.287050836244319
50.0,Bs0,meson,0.040983256781561145,0.4673214840480818,12.293879496489762
50.0,Upsilon_1S,meson,-0.12765965007792898,-0.11471413774420205,4.445367569337434
50.0,W,boson,-0.03216651838806944,0.007413974533736544,0.7882310922760309
50.0,Z,boson,-0.030573495154353314,0.00987652523257213,0.7649959817301074
50.0,Higgs,boson,0.06953440745715624,0.12474359094998352,3.685178675832777
50.0,top,quark,-0.02221619635760458,-0.040623854033481455,1.1389084362748172
