base,top_k,area,perimeter,symmetry_score,compactness,midpoint_angles_deg
1.2,3,1.162174074311153,5.068747909956606,0.03940769231698806,0.5684334965880782,"[30.6743382642729, 168.55947487013452, 307.2379728444021]"
1.2,4,1.7002172075516144,5.429673352506601,0.03946446875784509,0.7247143562782138,"[30.6743382642729, 78.98247055759441, 168.55947487013452, 307.2379728444021]"
1.2,5,2.2872238440147177,5.822377968671595,0.06207075150452953,0.8478475001988592,"[30.6743382642729, 78.98247055759441, 168.55947487013452, 226.47472372811797, 307.2379728444021]"
1.2,6,2.4353778347653803,5.904666727622466,0.05624270240866243,0.877779497807832,"[3.246217792165416, 30.6743382642729, 78.98247055759441, 168.55947487013452, 226.47472372811797, 307.2379728444021]"
1.40418410041841,3,0.4729019804080531,4.413975333115335,0.016127142393998338,0.3050149968581334,"[81.42541747037731, 109.9145192372086, 293.37514498426594]"
1.40418410041841,4,1.3580053862183783,5.179906907530473,0.021508532533296706,0.6360151298860378,"[81.42541747037731, 109.9145192372086, 170.43906440775618, 293.37514498426594]"
1.40418410041841,5,1.6326538406908797,5.356864737975336,0.02362768016063608,0.7149614362657744,"[81.42541747037731, 109.9145192372086, 170.43906440775618, 194.1173151512583, 293.37514498426594]"
1.40418410041841,6,2.328344870386287,5.841369052713583,0.04235335126274442,0.8574876637569028,"[10.146396338963395, 81.42541747037731, 109.9145192372086, 170.43906440775618, 194.1173151512583, 293.37514498426594]"
1.60836820083682,3,0.8331647867865102,4.694729799635828,0.023419146290070837,0.4750283907094656,"[102.52568340047681, 284.8596131719856, 342.30945603043494]"
1.60836820083682,4,1.7065865693964604,5.445402767078353,0.030855777249327594,0.7232328967334368,"[102.52568340047681, 225.12713940425382, 284.8596131719856, 342.30945603043494]"
1.60836820083682,5,2.079873039517742,5.678820877109135,0.039719850430875316,0.8104576927476338,"[64.14882112443031, 102.52568340047681, 225.12713940425382, 284.8596131719856, 342.30945603043494]"
1.60836820083682,6,2.5357053216354646,5.963649165097678,0.10932617465457466,0.8959514428062952,"[64.14882112443031, 102.52568340047681, 162.9585124802961, 225.12713940425382, 284.8596131719856, 342.30945603043494]"
1.81255230125523,3,1.056301000288805,4.922699737483729,0.029263360445143213,0.5477606900030583,"[2.0265714990836634, 110.91223868026802, 280.6708766897982]"
1.81255230125523,4,1.2136462646530009,5.0093056451963704,0.019871963905062764,0.6077807282969234,"[2.0265714990836634, 110.91223868026802, 280.6708766897982, 322.5351750342106]"
1.81255230125523,5,1.4691771073183162,5.163566458799138,0.022911804437638468,0.6924437097539269,"[2.0265714990836634, 30.056816869476325, 110.91223868026802, 280.6708766897982, 322.5351750342106]"
1.81255230125523,6,1.8880580768612414,5.516804846894297,0.027756357033729865,0.7795607601211391,"[2.0265714990836634, 30.056816869476325, 110.91223868026802, 136.44295037409177, 280.6708766897982, 322.5351750342106]"
2.01673640167364,3,1.2195638986741408,5.117970385366916,0.054186908636483976,0.5850848959496733,"[95.28846012667479, 237.67814141515203, 331.49617841440516]"
2.01673640167364,4,1.7238595664760408,5.467135555977118,0.03843480393113765,0.7247564062932158,"[95.28846012667479, 197.71431164209875, 237.67814141515203, 331.49617841440516]"
2.01673640167364,5,2.0999558381175625,5.706551613760709,0.03530242339225864,0.810349794562814,"[59.56895798569909, 95.28846012667479, 197.71431164209875, 237.67814141515203, 331.49617841440516]"
2.01673640167364,6,2.3001237834717356,5.825115176887398,0.035684603479565744,0.8518282500960319,"[59.56895798569909, 95.28846012667479, 174.46751424189574, 197.71431164209875, 237.67814141515203, 331.49617841440516]"
2.22092050209205,3,0.3549056361797942,3.7276339029612373,0.012578850073308253,0.32096394871387934,"[25.85083633782304, 59.62146777580627, 148.1030520603928]"
2.22092050209205,4,1.6373702194340174,5.404703136164387,0.033474044672741135,0.7043898060677409,"[25.85083633782304, 59.62146777580627, 148.1030520603928, 255.98213413121115]"
2.22092050209205,5,1.8044937547422224,5.498892012773181,0.02597462392270615,0.7499198773837014,"[25.85083633782304, 59.62146777580627, 86.79433888175365, 148.1030520603928, 255.98213413121115]"
2.22092050209205,6,2.312851354589786,5.826372509752017,0.04470771278325814,0.8561721370053936,"[25.85083633782304, 59.62146777580627, 86.79433888175365, 148.1030520603928, 255.98213413121115, 310.9361158637873]"
2.4251046025104603,3,0.5916093327661868,4.229670965633727,0.01559604833018547,0.41555806211733365,"[77.47652435252441, 173.5309100270038, 222.79831508801374]"
2.4251046025104603,4,0.807221860556018,4.353701841492439,0.0157880349873268,0.5351621767631123,"[77.47652435252441, 142.00987484457386, 173.5309100270038, 222.79831508801374]"
2.4251046025104603,5,1.5851626084864,5.2510359979424965,0.025850132050965178,0.7224265399218457,"[29.009619891837975, 77.47652435252441, 142.00987484457386, 173.5309100270038, 222.79831508801374]"
2.4251046025104603,6,2.3986747027650854,5.878284333307473,0.05581950397643221,0.8723284580243664,"[29.009619891837975, 77.47652435252441, 142.00987484457386, 173.5309100270038, 222.79831508801374, 325.9401928347277]"
2.6292887029288705,3,0.8226212857644005,4.5561051142277655,0.018624494002551242,0.49799196621097275,"[60.780192068875465, 139.4337862170203, 338.47288702665975]"
2.6292887029288705,4,0.9439988115929494,4.622788812702842,0.01801167323417642,0.5551025270052924,"[60.780192068875465, 84.91842709781643, 139.4337862170203, 338.47288702665975]"
2.6292887029288705,5,1.886654639942806,5.539304873184403,0.03200993057508121,0.7726658802418814,"[60.780192068875465, 84.91842709781643, 139.4337862170203, 201.17942911545074, 338.47288702665975]"
2.6292887029288705,6,2.0458644805502604,5.627194441984306,0.03656792883385071,0.8119006373946153,"[25.428021272215986, 60.780192068875465, 84.91842709781643, 139.4337862170203, 201.17942911545074, 338.47288702665975]"
2.8334728033472802,3,0.6193579897841319,4.400049472141665,0.018155683692367634,0.4020096603695209,"[32.95503976992606, 147.97786010034758, 349.09661604565946]"
2.8334728033472802,4,0.9915351625258124,4.6269190710719394,0.0176805339069227,0.5820149995908992,"[32.95503976992606, 102.40720343364032, 147.97786010034758, 349.09661604565946]"
2.8334728033472802,5,1.6449180705708295,5.308695817578758,0.027090415937861018,0.7334634091881245,"[32.95503976992606, 102.40720343364032, 147.97786010034758, 309.7614191912972, 349.09661604565946]"
2.8334728033472802,6,2.1415659302241012,5.698915102465413,0.036609638463852824,0.8286229137547125,"[32.95503976992606, 102.40720343364032, 147.97786010034758, 277.4713294961377, 309.7614191912972, 349.09661604565946]"
3.03765690376569,3,0.38702541625570575,3.662379160778777,0.012119617928558046,0.36259577729065867,"[36.72621496287852, 278.9924928143838, 323.5969953645463]"
3.03765690376569,4,1.1303351865929037,4.814039151243719,0.01950023947031752,0.6129116484408508,"[36.72621496287852, 88.4296497762601, 278.9924928143838, 323.5969953645463]"
3.03765690376569,5,1.5395850554446946,5.222824144995105,0.025429404576668552,0.7092555525884294,"[36.72621496287852, 88.4296497762601, 112.31032677005943, 278.9924928143838, 323.5969953645463]"
3.03765690376569,6,1.9836263509432175,5.587290841170325,0.0315107209591462,0.7984857600467112,"[36.72621496287852, 88.4296497762601, 112.31032677005943, 139.9160202329175, 278.9924928143838, 323.5969953645463]"
3.2418410041841,3,1.2641112585150465,5.160778908701335,0.08174270689714201,0.5964371074260033,"[130.78259716809438, 234.94074800844098, 353.93233624649963]"
3.2418410041841,4,1.6258060435015684,5.385977608176747,0.03174179358077471,0.7042867380394013,"[130.78259716809438, 234.94074800844098, 272.469605936613, 353.93233624649963]"
3.2418410041841,5,1.8607385071401092,5.525330829649148,0.03084330528436087,0.7659115806846438,"[130.78259716809438, 207.0244726881225, 234.94074800844098, 272.469605936613, 353.93233624649963]"
3.2418410041841,6,2.4448017383673224,5.91214214570344,0.052124175926813676,0.8789492000228639,"[67.62077041003047, 130.78259716809438, 207.0244726881225, 234.94074800844098, 272.469605936613, 353.93233624649963]"
3.4460251046025103,3,1.1141914973542706,4.982343405293152,0.03173793491898429,0.5640302394031951,"[18.756939286738746, 118.54208732415312, 212.99488509736037]"
3.4460251046025103,4,1.6346685477177292,5.401224054298897,0.03407498564114481,0.70413378768715,"[18.756939286738746, 118.54208732415312, 212.99488509736037, 246.300803137571]"
3.4460251046025103,5,1.847900605344284,5.523152451957947,0.027550855406228356,0.7612273961008941,"[18.756939286738746, 118.54208732415312, 179.93393428398582, 212.99488509736037, 246.300803137571]"
3.4460251046025103,6,2.1175757327177944,5.679206095217907,0.039038109767237844,0.8250372493322581,"[18.756939286738746, 73.22436895816459, 118.54208732415312, 179.93393428398582, 212.99488509736037, 246.300803137571]"
3.6502092050209205,3,0.5956972466497501,4.131273710094408,0.014497505472126295,0.43859887979648243,"[106.87970238268385, 180.96035443323802, 244.91362658888724]"
3.6502092050209205,4,1.5300042162692202,5.251049578736375,0.027397602933174135,0.6972848897378658,"[45.91271358486374, 106.87970238268385, 180.96035443323802, 244.91362658888724]"
3.6502092050209205,5,2.323239931249452,5.843066641405658,0.09154520008738903,0.8551105183351648,"[45.91271358486374, 106.87970238268385, 180.96035443323802, 244.91362658888724, 339.6418885787579]"
3.6502092050209205,6,2.392802062947454,5.8797662223955225,0.04836134731912832,0.8697541716372996,"[45.91271358486374, 73.70889576716579, 106.87970238268385, 180.96035443323802, 244.91362658888724, 339.6418885787579]"
3.8543933054393307,3,1.244749221900407,5.1382585698296115,0.05932899856938344,0.5924610678328088,"[54.73975187954671, 165.65985070933863, 270.95700590085306]"
3.8543933054393307,4,1.4966700094465963,5.2880005094527025,0.026074652185243876,0.6725939301021052,"[54.73975187954671, 165.65985070933863, 195.76837179229074, 270.95700590085306]"
3.8543933054393307,5,1.6189611433912727,5.35442207049484,0.02208425065844814,0.7096122190792085,"[54.73975187954671, 165.65985070933863, 195.76837179229074, 240.23966011794636, 270.95700590085306]"
3.8543933054393307,6,2.0151850445686255,5.635860188099729,0.02749310824938327,0.7972680748143003,"[54.73975187954671, 165.65985070933863, 195.76837179229074, 240.23966011794636, 270.95700590085306, 299.54159558926517]"
4.058577405857741,3,0.4623534406539275,3.8129718776321466,0.012708591921901888,0.39962877660879625,"[169.52781914962895, 234.40291089580265, 292.99743394110624]"
4.058577405857741,4,1.477262114240471,5.197059144310112,0.025800078472646662,0.6873091182654545,"[4.008675084993359, 169.52781914962895, 234.40291089580265, 292.99743394110624]"
4.058577405857741,5,1.9284960266251452,5.56387842257363,0.036902487179990395,0.7828406147146197,"[4.008675084993359, 32.2817079510436, 169.52781914962895, 234.40291089580265, 292.99743394110624]"
4.058577405857741,6,1.9910861647624656,5.596759318566861,0.031206946088186666,0.7987790329275243,"[4.008675084993359, 32.2817079510436, 169.52781914962895, 234.40291089580265, 263.74309512081203, 292.99743394110624]"
4.26276150627615,3,0.2246493989708358,3.0444352891159223,0.010144236310663992,0.30458017391483255,"[54.98067831591803, 108.8514275181815, 148.6134605123318]"
4.26276150627615,4,1.0706242430368078,4.73941982042864,0.01873215024084503,0.5989582846839436,"[54.98067831591803, 108.8514275181815, 148.6134605123318, 343.38176923745857]"
4.26276150627615,5,1.1727559917124315,4.794515533379267,0.019957162553265486,0.6411033769429142,"[9.46934309106411, 54.98067831591803, 108.8514275181815, 148.6134605123318, 343.38176923745857]"
4.26276150627615,6,1.89752084770135,5.5005144373956485,0.03213745089371401,0.7881153790367939,"[9.46934309106411, 54.98067831591803, 108.8514275181815, 148.6134605123318, 298.96249463210984, 343.38176923745857]"
4.46694560669456,3,0.47817013203647457,3.9397045865693516,0.013488355789638192,0.3871372788946892,"[90.61864382887555, 137.0768092142383, 220.91161286129787]"
4.46694560669456,4,1.0918103570562965,4.796157331389371,0.019603566439076632,0.5964447656318616,"[50.9338650986925, 90.61864382887555, 137.0768092142383, 220.91161286129787]"
4.46694560669456,5,1.614443039328109,5.304069646316219,0.02465120830263653,0.7211309823885865,"[50.9338650986925, 90.61864382887555, 137.0768092142383, 220.91161286129787, 251.85376164228904]"
4.46694560669456,6,2.2343399489576634,5.772850422825119,0.036544875061129446,0.8425166744205375,"[7.1098119106370845, 50.9338650986925, 90.61864382887555, 137.0768092142383, 220.91161286129787, 251.85376164228904]"
4.6711297071129705,3,0.3154436246128935,3.3834786812007196,0.011080782149721408,0.34626191740738443,"[29.365470029652172, 283.2349755151212, 330.88989002535027]"
4.6711297071129705,4,1.0990287489974158,4.756910143410869,0.01875509908406233,0.6103360483423143,"[29.365470029652172, 88.59730908447274, 283.2349755151212, 330.88989002535027]"
4.6711297071129705,5,2.2109755573165857,5.771649484444867,0.047047606113129234,0.8340534994776844,"[29.365470029652172, 88.59730908447274, 192.35605056812926, 283.2349755151212, 330.88989002535027]"
4.6711297071129705,6,2.2454017894612495,5.7894331127222385,0.0386410377581327,0.8418444381153354,"[29.365470029652172, 88.59730908447274, 192.35605056812926, 283.2349755151212, 307.3959651243154, 330.88989002535027]"
4.875313807531381,3,1.0444228595212053,4.962584402119054,0.02920633654436605,0.5329303091520045,"[67.02996581754897, 214.17520455335838, 284.31648663536765]"
4.875313807531381,4,1.5174989623167345,5.301440834891213,0.025843309292679174,0.6785009012609555,"[67.02996581754897, 179.70595627912397, 214.17520455335838, 284.31648663536765]"
4.875313807531381,5,1.7867348724795575,5.466480357408921,0.02901000764456255,0.7513709395311455,"[67.02996581754897, 94.74227788759522, 179.70595627912397, 214.17520455335838, 284.31648663536765]"
4.875313807531381,6,2.2762305203602837,5.806837262600682,0.03627019123339859,0.8482947830465778,"[28.924075999105327, 67.02996581754897, 94.74227788759522, 179.70595627912397, 214.17520455335838, 284.31648663536765]"
5.079497907949791,3,0.8285249147441873,4.571014979937862,0.018890378442811443,0.4982991514864653,"[8.4769599118124, 206.38246280002008, 281.34336581904154]"
5.079497907949791,4,0.9531342371224265,4.638613496852036,0.01819745096871387,0.5566568520974143,"[8.4769599118124, 206.38246280002008, 247.15948716795225, 281.34336581904154]"
5.079497907949791,5,2.057042772075768,5.674434043638588,0.0349459261509091,0.8028013263125554,"[8.4769599118124, 123.29577828857688, 206.38246280002008, 247.15948716795225, 281.34336581904154]"
5.079497907949791,6,2.2199654587462994,5.765872584388481,0.03708029606027284,0.8391237227546015,"[8.4769599118124, 123.29577828857688, 206.38246280002008, 247.15948716795225, 281.34336581904154, 308.8486815582339]"
5.283682008368201,3,0.9759261916681845,4.8778246536149945,0.027114315838013724,0.5154356686950117,"[89.27000175346684, 155.44867227713794, 284.1217547440807]"
5.283682008368201,4,1.3733268346734935,5.136561280305003,0.024826036010822335,0.6540919779720447,"[89.27000175346684, 155.44867227713794, 190.70941611957238, 284.1217547440807]"
5.283682008368201,5,2.124817600210009,5.717079855473045,0.040337809847606376,0.8169265338217679,"[89.27000175346684, 155.44867227713794, 190.70941611957238, 284.1217547440807, 339.20574795898074]"
5.283682008368201,6,2.349223640680951,5.844613432049276,0.050638958736892364,0.864216677425477,"[89.27000175346684, 155.44867227713794, 190.70941611957238, 231.16488572072404, 284.1217547440807, 339.20574795898074]"
5.487866108786611,3,0.5816642469423929,4.48861308524185,0.01761504016425303,0.3627921585364696,"[162.63288210499292, 300.6498315054395, 336.99532796680916]"
5.487866108786611,4,1.6226471860385572,5.383146435524022,0.03356465217008279,0.7036579150512543,"[63.06333587112271, 162.63288210499292, 300.6498315054395, 336.99532796680916]"
5.487866108786611,5,1.7722192473303617,5.466982113908349,0.02601822434563986,0.7451299276473334,"[38.20147974632058, 63.06333587112271, 162.63288210499292, 300.6498315054395, 336.99532796680916]"
5.487866108786611,6,2.039907434384182,5.621798356271102,0.03648609644914796,0.8110913995660191,"[38.20147974632058, 63.06333587112271, 117.83792932076909, 162.63288210499292, 300.6498315054395, 336.99532796680916]"
5.692050209205021,3,0.4463516472472957,3.8744112675310434,0.013160200123695766,0.37365910375283745,"[222.42231317184977, 266.19445798038373, 349.9422835445528]"
5.692050209205021,4,1.6313831269661794,5.372826549202582,0.03526564784365107,0.7101665120231668,"[77.7098997527932, 222.42231317184977, 266.19445798038373, 349.9422835445528]"
5.692050209205021,5,1.807534745316469,5.471672133666963,0.02874877103870704,0.7586760698167141,"[46.700346088871505, 77.7098997527932, 222.42231317184977, 266.19445798038373, 349.9422835445528]"
5.692050209205021,6,2.4716258543342327,5.926925295123598,0.05829743622018356,0.8841657486557573,"[46.700346088871505, 77.7098997527932, 150.50353756779123, 222.42231317184977, 266.19445798038373, 349.9422835445528]"
5.896234309623431,3,0.40559390203278767,3.805021100192172,0.012865162036553336,0.3520360521836093,"[33.06259161811527, 72.43151062714387, 157.96864622216128]"
5.896234309623431,4,1.1881178808297301,4.914026084735412,0.021118036561891516,0.6182932154465833,"[33.06259161811527, 72.43151062714387, 157.96864622216128, 210.3568175212424]"
5.896234309623431,5,1.61380755859815,5.310667349011703,0.02458830577559166,0.7190571542185058,"[33.06259161811527, 72.43151062714387, 157.96864622216128, 210.3568175212424, 235.42537751142603]"
5.896234309623431,6,2.402698261449686,5.886829840904778,0.04533478626572176,0.8712567038389197,"[33.06259161811527, 72.43151062714387, 157.96864622216128, 210.3568175212424, 235.42537751142603, 310.68442513630407]"
6.100418410041841,3,0.6010931422180681,4.22819306372037,0.01550341078031364,0.4225148896851761,"[143.40956085634315, 194.772491672886, 288.15665781743814]"
6.100418410041841,4,1.374893675564515,5.126432571056979,0.024270051133842153,0.6574284278655405,"[143.40956085634315, 194.772491672886, 288.15665781743814, 336.3876377441982]"
6.100418410041841,5,2.065852397382864,5.672268304583289,0.034988231357585345,0.8068552365751179,"[23.84112985616973, 143.40956085634315, 194.772491672886, 288.15665781743814, 336.3876377441982]"
6.100418410041841,6,2.489910771877187,5.934471259331614,0.07066516376995984,0.8884430334805004,"[23.84112985616973, 89.91069678108394, 143.40956085634315, 194.772491672886, 288.15665781743814, 336.3876377441982]"
6.304602510460251,3,1.2690552548559644,5.164847356942106,0.07930991752071984,0.5978268468226965,"[69.18294952947167, 183.17223742157643, 291.76980415130225]"
6.304602510460251,4,1.6024841675386892,5.395211220389413,0.02978138049814654,0.6918097967860057,"[44.33900363262083, 69.18294952947167, 183.17223742157643, 291.76980415130225]"
6.304602510460251,5,1.8317837771096217,5.537607675611034,0.025059608705930426,0.7506538296824532,"[44.33900363262083, 69.18294952947167, 91.07687129699627, 183.17223742157643, 291.76980415130225]"
6.304602510460251,6,2.158594394167233,5.732314082282689,0.03276460601201609,0.8255073659846138,"[44.33900363262083, 69.18294952947167, 91.07687129699627, 183.17223742157643, 227.87215170703487, 291.76980415130225]"
6.508786610878661,3,0.7306882050478221,4.537152159766135,0.01978429916043393,0.44604150505447415,"[22.97819189117952, 75.25399168468081, 269.571688730013]"
6.508786610878661,4,1.839963022187579,5.547261218301489,0.05034714329309037,0.7513836226891578,"[22.97819189117952, 75.25399168468081, 179.01446074316965, 269.571688730013]"
6.508786610878661,5,2.0997610359132435,5.700441087599364,0.040023225543094246,0.812012683823443,"[22.97819189117952, 75.25399168468081, 108.49247709661753, 179.01446074316965, 269.571688730013]"
6.508786610878661,6,2.244788654807398,5.783160659611535,0.03895692096997303,0.8434411932535322,"[22.97819189117952, 75.25399168468081, 108.49247709661753, 179.01446074316965, 199.4920361544287, 269.571688730013]"
6.712970711297071,3,0.9800522328014422,4.853848627556235,0.027787002416457686,0.522741078946159,"[4.489073356517889, 74.68286952947552, 247.16494278512042]"
6.712970711297071,4,1.7205121165431474,5.457466278742082,0.032414093353932326,0.7259145103543313,"[4.489073356517889, 74.68286952947552, 197.0602950732476, 247.16494278512042]"
6.712970711297071,5,2.0896159782298844,5.690978703944813,0.040042204308534744,0.8107788731647643,"[4.489073356517889, 74.68286952947552, 110.45030037179788, 197.0602950732476, 247.16494278512042]"
6.712970711297071,6,2.186550980615306,5.743111250305529,0.034508888087207944,0.8330575665820952,"[4.489073356517889, 48.91457854900189, 74.68286952947552, 110.45030037179788, 197.0602950732476, 247.16494278512042]"
6.9171548117154815,3,0.3716682196290253,3.5554975641841144,0.01165338756526043,0.36945752828971556,"[0.33381789125700084, 55.55301144013875, 302.77094788564114]"
6.9171548117154815,4,1.5368919179849203,5.276363411755818,0.028894244797006738,0.6937193213625947,"[0.33381789125700084, 55.55301144013875, 211.4274359862596, 302.77094788564114]"
6.9171548117154815,5,1.7512322461448768,5.397416193808235,0.028943752889086856,0.7554083726026936,"[0.33381789125700084, 55.55301144013875, 211.4274359862596, 253.85630329035482, 302.77094788564114]"
6.9171548117154815,6,2.201891250324584,5.740145841414555,0.04355136011734065,0.8397690725556762,"[0.33381789125700084, 55.55301144013875, 85.54324977675697, 211.4274359862596, 253.85630329035482, 302.77094788564114]"
7.121338912133891,3,0.8121631747490436,4.752879812532143,0.021175372874225586,0.4517929952193315,"[55.0501139049245, 215.79914727245574, 266.4621419970595]"
7.121338912133891,4,1.5040592684918097,5.236611235639004,0.027491774219128302,0.6892458309473438,"[55.0501139049245, 215.79914727245574, 266.4621419970595, 349.093030543909]"
7.121338912133891,5,1.5910716702062486,5.282943588551607,0.024538691756173365,0.7163869408378236,"[19.181698216608293, 55.0501139049245, 215.79914727245574, 266.4621419970595, 349.093030543909]"
7.121338912133891,6,2.1889791142945967,5.7418076212167435,0.035160758106925726,0.8343614056068734,"[19.181698216608293, 55.0501139049245, 174.7416177500946, 215.79914727245574, 266.4621419970595, 349.093030543909]"
7.325523012552301,3,0.5275948834804578,4.031715754708793,0.013978388541019217,0.4078783255193128,"[37.66266293006833, 263.47116960079717, 346.4242534740602]"
7.325523012552301,4,1.2402511185459744,4.9630524823499815,0.0216698946315406,0.6327348509134426,"[37.66266293006833, 217.95660500992477, 263.47116960079717, 346.4242534740602]"
7.325523012552301,5,1.7051588735304546,5.384707472227799,0.0265783332199703,0.7390102865823975,"[37.66266293006833, 65.34810950161989, 217.95660500992477, 263.47116960079717, 346.4242534740602]"
7.325523012552301,6,2.1696332853030142,5.729646749038021,0.03463092730557533,0.8305016596182151,"[37.66266293006833, 65.34810950161989, 186.02279546913215, 217.95660500992477, 263.47116960079717, 346.4242534740602]"
7.529707112970711,3,0.8644424442456031,4.802609052190897,0.022378210601465033,0.470968082997242,"[55.11557284846066, 206.61861685927323, 261.0891288133524]"
7.529707112970711,4,1.4188791332038952,5.2056395174804155,0.02302110677346565,0.6579715031043091,"[55.11557284846066, 165.96592495007067, 206.61861685927323, 261.0891288133524]"
7.529707112970711,5,1.6830900847507155,5.366354661494297,0.02623761643931867,0.7344436530559209,"[55.11557284846066, 137.8721742752716, 165.96592495007067, 206.61861685927323, 261.0891288133524]"
7.529707112970711,6,2.438459178392337,5.907882750149298,0.05018145156072635,0.8779334947511467,"[55.11557284846066, 137.8721742752716, 165.96592495007067, 206.61861685927323, 261.0891288133524, 338.81190107600344]"
7.733891213389121,3,0.9405133219171417,4.870370081324591,0.024643570361564355,0.4982541099335372,"[133.47465021477421, 194.10684664603917, 343.93644507607473]"
7.733891213389121,4,1.6474479467703391,5.36736169792362,0.03250013541168853,0.7186208937069644,"[133.47465021477421, 194.10684664603917, 261.96269739502196, 343.93644507607473]"
7.733891213389121,5,1.7423591685457853,5.418080896684353,0.02777408912576552,0.745858732422718,"[133.47465021477421, 194.10684664603917, 229.21858943918605, 261.96269739502196, 343.93644507607473]"
7.733891213389121,6,2.3907568163580675,5.877007726517172,0.04902481611170489,0.8698267176232493,"[37.88709605543321, 133.47465021477421, 194.10684664603917, 229.21858943918605, 261.96269739502196, 343.93644507607473]"
7.9380753138075315,3,1.1919140840140106,5.09496418037947,0.04469371786815267,0.5769956585035448,"[69.99555701187116, 157.93379326634815, 289.57911995649937]"
7.9380753138075315,4,1.7421913771805562,5.468896573987109,0.043083641484972776,0.7319919475061053,"[22.355124682764842, 69.99555701187116, 157.93379326634815, 289.57911995649937]"
7.9380753138075315,5,2.0910968927555227,5.701586472792676,0.03537938424455109,0.8083372450867468,"[22.355124682764842, 69.99555701187116, 157.93379326634815, 261.3821727178715, 289.57911995649937]"
7.9380753138075315,6,2.3896994550305313,5.87625599633611,0.04708523485207563,0.8696644828517089,"[22.355124682764842, 69.99555701187116, 157.93379326634815, 208.5549227474818, 261.3821727178715, 289.57911995649937]"
8.142259414225942,3,0.8863206144958155,4.809074278900014,0.02329333841667194,0.4815903148930855,"[49.107230593377636, 213.12917805039666, 352.00332415317376]"
8.142259414225942,4,1.5993741766871121,5.358822002068091,0.027145214979351694,0.6998762885079284,"[49.107230593377636, 161.910894797917, 213.12917805039666, 352.00332415317376]"
8.142259414225942,5,2.205017545054309,5.763343211616258,0.0564585563233472,0.83420530550356,"[49.107230593377636, 161.910894797917, 213.12917805039666, 279.02672044434144, 352.00332415317376]"
8.142259414225942,6,2.2876488607488765,5.807380709778806,0.043617160720840466,0.8523905623203133,"[49.107230593377636, 161.910894797917, 213.12917805039666, 253.7347177480205, 279.02672044434144, 352.00332415317376]"
8.346443514644351,3,0.8479815782462273,4.688622918139573,0.02255142762473454,0.4847364406082367,"[31.675075454744125, 216.68971146629272, 277.37671984354347]"
8.346443514644351,4,1.7932063840889947,5.508769105117627,0.036810379284587726,0.7425590594001367,"[31.675075454744125, 149.70922167781248, 216.68971146629272, 277.37671984354347]"
8.346443514644351,5,2.170987325852906,5.738047386367118,0.05151012626264652,0.8285884804870965,"[31.675075454744125, 149.70922167781248, 216.68971146629272, 277.37671984354347, 341.71116696950617]"
8.346443514644351,6,2.5486240396006097,5.9714610452953085,0.09608872486097243,0.8981614942606153,"[31.675075454744125, 107.89427504077256, 149.70922167781248, 216.68971146629272, 277.37671984354347, 341.71116696950617]"
8.55062761506276,3,0.8728167258977346,4.683512593432599,0.021514779232789865,0.5000224911371954,"[47.52258125081665, 152.19771597564554, 219.3030650164178]"
8.55062761506276,4,1.1669578557024836,4.856630017254393,0.019956192916779716,0.6217202263164525,"[47.52258125081665, 110.57190264346197, 152.19771597564554, 219.3030650164178]"
8.55062761506276,5,1.5990957267694352,5.277691490646049,0.026763095678963393,0.7214335367389861,"[22.21527823676944, 47.52258125081665, 110.57190264346197, 152.19771597564554, 219.3030650164178]"
8.55062761506276,6,2.4097379453079575,5.8890032565003265,0.053507521811377114,0.8731645423332661,"[22.21527823676944, 47.52258125081665, 110.57190264346197, 152.19771597564554, 219.3030650164178, 286.29555661465724]"
8.754811715481171,3,0.4053051936872215,3.6638584104409695,0.01207386770211227,0.3794151505769827,"[105.78967987670813, 170.03247180610262, 223.05442759399662]"
8.754811715481171,4,1.6736872117500552,5.413211024233362,0.03089506767140736,0.7177517277864661,"[105.78967987670813, 170.03247180610262, 223.05442759399662, 359.6328414281171]"
8.754811715481171,5,1.9926730617204405,5.601411291479553,0.03726981389545524,0.7980883820633228,"[54.057924050656574, 105.78967987670813, 170.03247180610262, 223.05442759399662, 359.6328414281171]"
8.754811715481171,6,2.4738584163409114,5.924561668640533,0.06988440875959467,0.8856706556601917,"[54.057924050656574, 105.78967987670813, 170.03247180610262, 223.05442759399662, 318.7396657252145, 359.6328414281171]"
8.95899581589958,3,0.45569755087015623,3.8203790427824895,0.012776737742783952,0.39234999415641053,"[46.9123307976022, 119.03684311597827, 171.01147071912322]"
8.95899581589958,4,1.2067527728859004,4.902570339299697,0.020508131329287218,0.6309290187203418,"[46.9123307976022, 119.03684311597827, 171.01147071912322, 356.53376409081835]"
8.95899581589958,5,2.2532097987155617,5.800282916477088,0.05662923876193968,0.8416143667945647,"[46.9123307976022, 119.03684311597827, 171.01147071912322, 261.9623026892146, 356.53376409081835]"
8.95899581589958,6,2.4070208209280333,5.889235240425043,0.0493602086307263,0.8721112857819086,"[46.9123307976022, 119.03684311597827, 171.01147071912322, 261.9623026892146, 281.8314074087813, 356.53376409081835]"
9.163179916317992,3,0.9021134208428427,4.775956076598452,0.025441627903942086,0.4969931007170597,"[107.64838308431199, 170.18989168339104, 346.89141332224057]"
9.163179916317992,4,1.3155485668690747,5.03355362694281,0.022547527517544175,0.6524802192660164,"[33.166760757028904, 107.64838308431199, 170.18989168339104, 346.89141332224057]"
9.163179916317992,5,1.9499533204792034,5.576486113324033,0.03583253986348273,0.7879757076703576,"[33.166760757028904, 107.64838308431199, 170.18989168339104, 210.10404887033715, 346.89141332224057]"
9.163179916317992,6,2.0214757729600423,5.614357667402876,0.03182382777728513,0.8058946120397528,"[33.166760757028904, 107.64838308431199, 131.90220089211704, 170.18989168339104, 210.10404887033715, 346.89141332224057]"
9.367364016736401,3,0.9799311992980133,4.894963718370775,0.0265966574843249,0.5139329880006579,"[114.05716528976288, 179.15910095088702, 314.66466334858035]"
9.367364016736401,4,1.727168583845229,5.450425744431838,0.03482790920271549,0.7306068492904917,"[14.137517682485168, 114.05716528976288, 179.15910095088702, 314.66466334858035]"
9.367364016736401,5,1.9848195933980037,5.599914899183338,0.037875595770809865,0.7953678793312786,"[14.137517682485168, 52.57939480197492, 114.05716528976288, 179.15910095088702, 314.66466334858035]"
9.367364016736401,6,2.003157005055333,5.609279880827088,0.035258747504061196,0.8000380338902691,"[14.137517682485168, 33.8892510754312, 52.57939480197492, 114.05716528976288, 179.15910095088702, 314.66466334858035]"
9.57154811715481,3,1.284887116149526,5.182221272533293,0.11692614671405217,0.6012331705093474,"[10.625204540188122, 139.46175491563565, 248.1331443597066]"
9.57154811715481,4,1.7390837512214288,5.465939050957182,0.03360896051965161,0.731477196962569,"[10.625204540188122, 139.46175491563565, 248.1331443597066, 306.9872482592343]"
9.57154811715481,5,1.8173584860798415,5.5074395096031505,0.026039513030897767,0.752923748286611,"[10.625204540188122, 139.46175491563565, 248.1331443597066, 306.9872482592343, 342.26338475619986]"
9.57154811715481,6,2.284316156992998,5.8084581731226015,0.0403362079985303,0.850833033295699,"[10.625204540188122, 93.32867948865771, 139.46175491563565, 248.1331443597066, 306.9872482592343, 342.26338475619986]"
9.775732217573221,3,1.1513767491908753,5.052000214961893,0.03986871034101868,0.5668923526211244,"[14.223523271419726, 98.10003389416904, 247.9518066552154]"
9.775732217573221,4,1.6146848665886049,5.34676134923835,0.032335370688996334,0.7097673852110973,"[14.223523271419726, 98.10003389416904, 247.9518066552154, 297.31147857973986]"
9.775732217573221,5,2.021393797629266,5.646298725569987,0.03608991856282303,0.7967702134932333,"[14.223523271419726, 98.10003389416904, 125.96893937975541, 247.9518066552154, 297.31147857973986]"
9.775732217573221,6,2.4687714771270293,5.925320049874483,0.060509128441498666,0.8836232379191449,"[14.223523271419726, 98.10003389416904, 125.96893937975541, 191.75968023549757, 247.9518066552154, 297.31147857973986]"
9.97991631799163,3,0.7820517912261642,4.685510319101075,0.021141763321243314,0.44764277748355075,"[0.10451084889957593, 176.7993324356974, 227.3497159251013]"
9.97991631799163,4,1.2293157142756659,5.081098350787052,0.019109700895969393,0.5983538567611548,"[0.10451084889957593, 26.895241755386685, 176.7993324356974, 227.3497159251013]"
9.97991631799163,5,1.6243399650418238,5.372691030154067,0.021883429893069604,0.7071361856255814,"[0.10451084889957593, 26.895241755386685, 149.88213619271275, 176.7993324356974, 227.3497159251013]"
9.97991631799163,6,2.0782652099003514,5.6722699453796155,0.03039279938054112,0.8117028107172101,"[0.10451084889957593, 26.895241755386685, 149.88213619271275, 176.7993324356974, 227.3497159251013, 320.07041213902465]"
10.184100418410042,3,0.8587887744523277,4.777065978055244,0.02267759335880389,0.4729048236967548,"[121.87066657127178, 177.22608163815892, 313.97363187161426]"
10.184100418410042,4,1.4068723275518162,5.22290765686374,0.021820544077379385,0.6480967693758677,"[121.87066657127178, 177.22608163815892, 313.97363187161426, 348.9614738331652]"
10.184100418410042,5,1.9710771602731376,5.597446839963556,0.034483834560614275,0.7905576293933356,"[121.87066657127178, 177.22608163815892, 258.31462680694324, 313.97363187161426, 348.9614738331652]"
10.184100418410042,6,2.402391884013061,5.883352763215522,0.04992593684284664,0.8721756096784129,"[25.87020410774688, 121.87066657127178, 177.22608163815892, 258.31462680694324, 313.97363187161426, 348.9614738331652]"
10.388284518828451,3,0.6931863999860775,4.373291725102741,0.016712990013731225,0.4554524060571307,"[1.1820577515746324, 93.55238640739634, 152.93151049655833]"
10.388284518828451,4,1.6192938652546283,5.351626007487151,0.0316534670770416,0.7104999035554173,"[1.1820577515746324, 93.55238640739634, 152.93151049655833, 212.368154641183]"
10.388284518828451,5,2.2772558381008063,5.814568763742093,0.05797905089145195,0.8464214609840683,"[1.1820577515746324, 93.55238640739634, 152.93151049655833, 212.368154641183, 304.61684848679005]"
10.388284518828451,6,2.4784722942855386,5.928936146438307,0.08510953662964967,0.8860135961386358,"[1.1820577515746324, 61.15502818567279, 93.55238640739634, 152.93151049655833, 212.368154641183, 304.61684848679005]"
10.59246861924686,3,0.4855534700825984,4.432039063147956,0.016245315063715106,0.3106274040143197,"[164.74919546610676, 314.0503525718123, 343.2160399335588]"
10.59246861924686,4,1.4606024618647369,5.252149647144438,0.025652741218005575,0.6653768839328092,"[89.87926031887189, 164.74919546610676, 314.0503525718123, 343.2160399335588]"
10.59246861924686,5,1.7665262251500669,5.433444972594487,0.03024031655891278,0.7519334535465081,"[24.668441146599065, 89.87926031887189, 164.74919546610676, 314.0503525718123, 343.2160399335588]"
10.59246861924686,6,1.8687156144418906,5.489130034426191,0.030765451737413973,0.7793742273481538,"[24.668441146599065, 89.87926031887189, 111.50139838759692, 164.74919546610676, 314.0503525718123, 343.2160399335588]"
10.796652719665271,3,0.9545263776812873,4.8414404270164075,0.027008374526484157,0.5117391149937754,"[60.90042061604523, 126.86209125345754, 297.72718556944204]"
10.796652719665271,4,1.4034649141119269,5.123087112669319,0.024135614838903335,0.6719669955301754,"[60.90042061604523, 126.86209125345754, 297.72718556944204, 349.8033139229329]"
10.796652719665271,5,1.506206954936546,5.1784206906567745,0.024663322387949174,0.7058295787935399,"[17.381643528955845, 60.90042061604523, 126.86209125345754, 297.72718556944204, 349.8033139229329]"
10.796652719665271,6,2.258435637448846,5.783380207163091,0.044211545643867485,0.8485043899045793,"[17.381643528955845, 60.90042061604523, 126.86209125345754, 178.8332778435558, 297.72718556944204, 349.8033139229329]"
11.00083682008368,3,0.8863500213913187,4.816548672340759,0.02310481730534343,0.480112725233341,"[11.924112854819663, 155.3942913511024, 315.3456389667399]"
11.00083682008368,4,1.667532021866314,5.39651831198968,0.03326386994716103,0.7195429731280312,"[11.924112854819663, 155.3942913511024, 250.04940805279148, 315.3456389667399]"
11.00083682008368,5,1.7241328970567467,5.426152829268617,0.02587314217129011,0.7358623095399289,"[11.924112854819663, 155.3942913511024, 250.04940805279148, 315.3456389667399, 343.49396722652875]"
11.00083682008368,6,1.9373343323758951,5.548162644587303,0.03202473084007219,0.7908899756501396,"[11.924112854819663, 155.3942913511024, 217.30548425958094, 250.04940805279148, 315.3456389667399, 343.49396722652875]"
11.205020920502092,3,0.7398180254496295,4.563229105685828,0.020447122241780857,0.4464678847675368,"[118.59270798210424, 234.7638925100784, 286.7327513944257]"
11.205020920502092,4,1.7678945425604802,5.492642630650795,0.035958032126489604,0.7363826246726717,"[1.1434961278570892, 118.59270798210424, 234.7638925100784, 286.7327513944257]"
11.205020920502092,5,2.1788656852764916,5.744600208455107,0.05093524312553496,0.8296992624013162,"[1.1434961278570892, 59.94768203033062, 118.59270798210424, 234.7638925100784, 286.7327513944257]"
11.205020920502092,6,2.5775239460834514,5.987949781120434,0.159281157429819,0.903350468076165,"[1.1434961278570892, 59.94768203033062, 118.59270798210424, 173.34001770402136, 234.7638925100784, 286.7327513944257]"
11.409205020920501,3,0.19265220918778292,2.912587104358094,0.009837806030658626,0.28538162918117743,"[61.04263501343518, 96.62659170609274, 150.06961457316763]"
11.409205020920501,4,1.2521216315870396,5.020605274407461,0.021511616924233857,0.6242294104069561,"[61.04263501343518, 96.62659170609274, 150.06961457316763, 248.50677615649158]"
11.409205020920501,5,2.070929944368647,5.680332526528603,0.03527347005141548,0.8065434186316962,"[2.4444107402568847, 61.04263501343518, 96.62659170609274, 150.06961457316763, 248.50677615649158]"
11.409205020920501,6,2.311987313029213,5.8197315947928585,0.05011538600532199,0.8578066319572514,"[2.4444107402568847, 61.04263501343518, 96.62659170609274, 150.06961457316763, 212.9938355816433, 248.50677615649158]"
11.613389121338912,3,0.7323776970839153,4.510733243749917,0.0189907881072937,0.4523250974090557,"[119.42558388611087, 227.43168725672226, 281.9399203356918]"
11.613389121338912,4,1.7568368419444234,5.480798924908092,0.035361610242372,0.7349428271638757,"[48.49232734658737, 119.42558388611087, 227.43168725672226, 281.9399203356918]"
11.613389121338912,5,2.0620675775252786,5.680217052579915,0.03705701546036561,0.8031245380109999,"[48.49232734658737, 119.42558388611087, 227.43168725672226, 281.9399203356918, 307.5348217637503]"
11.613389121338912,6,2.339722387700557,5.841467958125507,0.04843446887976514,0.8616486204370132,"[48.49232734658737, 119.42558388611087, 227.43168725672226, 281.9399203356918, 307.5348217637503, 353.08718549120374]"
11.817573221757321,3,0.501082153581007,4.098941287050376,0.014756989204599091,0.37477913473828267,"[99.51208172585709, 140.68705185555737, 239.36533121305484]"
11.817573221757321,4,1.4452548939879415,5.208714405140472,0.025221310659941768,0.669411580905094,"[99.51208172585709, 140.68705185555737, 239.36533121305484, 300.89234096989003]"
11.817573221757321,5,1.6898780118845813,5.350229015716425,0.028052146233746883,0.7418574706393114,"[99.51208172585709, 140.68705185555737, 203.1060551683195, 239.36533121305484, 300.89234096989003]"
11.817573221757321,6,2.345539664169729,5.841816321963787,0.051952523143484385,0.863687929030931,"[99.51208172585709, 140.68705185555737, 203.1060551683195, 239.36533121305484, 300.89234096989003, 348.71306493974384]"
12.02175732217573,3,1.2136999852095793,5.103468378086186,0.04764690011316376,0.5855855539004492,"[57.95985985053562, 207.94144619586817, 316.925523658733]"
12.02175732217573,4,1.4907949306496628,5.264462188722541,0.024701829219085692,0.6759580583048899,"[1.6333540767259, 57.95985985053562, 207.94144619586817, 316.925523658733]"
12.02175732217573,5,1.7604093015523703,5.426911483761939,0.028673957697486124,0.7511350755097401,"[1.6333540767259, 57.95985985053562, 207.94144619586817, 238.21998270286372, 316.925523658733]"
12.02175732217573,6,2.417375785244037,5.892605519243499,0.05282822862519118,0.8748614801163951,"[1.6333540767259, 57.95985985053562, 112.85916597975431, 207.94144619586817, 238.21998270286372, 316.925523658733]"
12.225941422594142,3,1.1779286059117395,5.06389661906835,0.04085558184157404,0.5772436591787875,"[49.9194968044894, 205.13418626397527, 300.01558910079416]"
12.225941422594142,4,1.3921584913455831,5.18658308699057,0.0229572108037256,0.6503331102136266,"[49.9194968044894, 205.13418626397527, 237.85910250402384, 300.01558910079416]"
12.225941422594142,5,1.9483875262120327,5.6006469632157465,0.029630351773525607,0.7805645238161703,"[49.9194968044894, 89.16515033513078, 205.13418626397527, 237.85910250402384, 300.01558910079416]"
12.225941422594142,6,2.2816338737340214,5.800173788086224,0.044663428734198804,0.8522633390186527,"[6.059114832840291, 49.9194968044894, 89.16515033513078, 205.13418626397527, 237.85910250402384, 300.01558910079416]"
12.430125523012551,3,0.5975290222099334,4.130175356399219,0.014476623253825082,0.440181601231973,"[213.892486881407, 284.46512660954323, 351.7771634941894]"
12.430125523012551,4,1.1954368971791505,4.90328074249911,0.020679382682364914,0.6248316216814378,"[176.49184935884878, 213.892486881407, 284.46512660954323, 351.7771634941894]"
12.430125523012551,5,1.9122225800930779,5.547100165246244,0.035559251461063326,0.780937521891655,"[36.6866573967106, 176.49184935884878, 213.892486881407, 284.46512660954323, 351.7771634941894]"
12.430125523012551,6,2.25163445448761,5.784684209901868,0.03949715874275131,0.8455678046351118,"[36.6866573967106, 61.42169540927906, 176.49184935884878, 213.892486881407, 284.46512660954323, 351.7771634941894]"
12.634309623430962,3,0.7058713226283682,4.545063898751849,0.02044897031845832,0.42939345020396474,"[183.6932930941606, 231.83996641609207, 352.5972642453373]"
12.634309623430962,4,1.1435504538551482,4.816743212757438,0.019399389310452844,0.619381467118249,"[183.6932930941606, 231.83996641609207, 288.3693833349158, 352.5972642453373]"
12.634309623430962,5,1.8603008177617333,5.494743442096806,0.03226641205527954,0.7742802868268223,"[36.713342868615086, 183.6932930941606, 231.83996641609207, 288.3693833349158, 352.5972642453373]"
12.634309623430962,6,1.9127089121890752,5.5222103972963845,0.03184448642778115,0.7881934959707444,"[36.713342868615086, 183.6932930941606, 231.83996641609207, 267.60643340158487, 288.3693833349158, 352.5972642453373]"
12.838493723849371,3,0.4117036875367861,3.8985420624401197,0.013482257015563007,0.3404004866564537,"[218.0938282744408, 312.2274468681286, 348.3364921868331]"
12.838493723849371,4,1.6995796410660877,5.454516158399661,0.03578396560596451,0.7178586185617261,"[105.8817642410783, 218.0938282744408, 312.2274468681286, 348.3364921868331]"
12.838493723849371,5,2.066476426543251,5.675369672705404,0.035623247630712326,0.8062171070361875,"[105.8817642410783, 163.4725979040232, 218.0938282744408, 312.2274468681286, 348.3364921868331]"
12.838493723849371,6,2.2691266661669314,5.7913217507462065,0.04666361321873487,0.8501845643931087,"[105.8817642410783, 163.4725979040232, 218.0938282744408, 281.8384770614633, 312.2274468681286, 348.3364921868331]"
13.04267782426778,3,1.2279631222665615,5.123407908367971,0.05819952076606076,0.5878646151387202,"[90.15896051783575, 187.57219564972178, 305.8855524166005]"
13.04267782426778,4,1.615365865043814,5.362819522516722,0.03140375906890108,0.7058207179026332,"[90.15896051783575, 187.57219564972178, 231.28880587178944, 305.8855524166005]"
13.04267782426778,5,1.738862704467295,5.4297528687074905,0.024953426118717495,0.741165217441477,"[90.15896051783575, 187.57219564972178, 231.28880587178944, 266.431551980813, 305.8855524166005]"
13.04267782426778,6,1.9900466457036246,5.5741394860359605,0.03437473183721742,0.8048546468219342,"[90.15896051783575, 132.70730198001996, 187.57219564972178, 231.28880587178944, 266.431551980813, 305.8855524166005]"
13.246861924686192,3,0.33266794433924074,3.685758705628218,0.012415046742639168,0.307728003065846,"[172.2216816830701, 203.92605381404113, 292.90054978605616]"
13.246861924686192,4,1.6032822927695978,5.37762657739421,0.03261518400147781,0.6966883961346468,"[37.87806618137992, 172.2216816830701, 203.92605381404113, 292.90054978605616]"
13.246861924686192,5,1.7797377036979511,5.4770828128632445,0.025556850053953566,0.7455336497348127,"[37.87806618137992, 172.2216816830701, 203.92605381404113, 233.25687544855995, 292.90054978605616]"
13.246861924686192,6,2.0817525536624935,5.683158538229713,0.030165066536717647,0.8099522708641445,"[37.87806618137992, 60.74640899376421, 172.2216816830701, 203.92605381404113, 233.25687544855995, 292.90054978605616]"
13.451046025104601,3,0.2618444022731793,3.1938851745354517,0.010529594056072275,0.32256300848300085,"[177.30146756986775, 220.23123182398965, 276.3458332868946]"
13.451046025104601,4,1.5137191054557166,5.3017542461150455,0.0241092725923561,0.676730843240894,"[42.11601898972624, 177.30146756986775, 220.23123182398965, 276.3458332868946]"
13.451046025104601,5,2.0093132348816085,5.631218673167811,0.03318524252193745,0.7962560116406904,"[42.11601898972624, 133.18052455357284, 177.30146756986775, 220.23123182398965, 276.3458332868946]"
13.451046025104601,6,2.3829302924618023,5.871629670666903,0.04556344889030273,0.8685681289166968,"[42.11601898972624, 133.18052455357284, 177.30146756986775, 220.23123182398965, 276.3458332868946, 310.3382743933026]"
13.655230125523012,3,0.21519661551983338,2.9897867934633564,0.010008033750010165,0.3025275026963565,"[115.6212565071216, 157.11047439386004, 207.2416660232789]"
13.655230125523012,4,1.0401223978818854,4.696753159146203,0.018310696625380107,0.5925143054119131,"[44.46743940143854, 115.6212565071216, 157.11047439386004, 207.2416660232789]"
13.655230125523012,5,1.9274170703119458,5.554361528126179,0.03534816387995517,0.7850860792684622,"[44.46743940143854, 115.6212565071216, 157.11047439386004, 207.2416660232789, 347.46669741359875]"
13.655230125523012,6,2.5076502694238947,5.946445313782528,0.07301241999619598,0.8911729028322424,"[44.46743940143854, 115.6212565071216, 157.11047439386004, 207.2416660232789, 260.53161484774233, 347.46669741359875]"
13.859414225941421,3,0.5355947903748182,3.993142943197471,0.013631731955940654,0.4221011098998502,"[58.34966437917268, 120.97478405865334, 189.81228946245815]"
13.859414225941421,4,1.0974465099176869,4.778103688334728,0.019153127497166526,0.6040627920494605,"[22.233878067028137, 58.34966437917268, 120.97478405865334, 189.81228946245815]"
13.859414225941421,5,2.1414722436419478,5.723851263402686,0.04909509048143947,0.8213828559100756,"[22.233878067028137, 58.34966437917268, 120.97478405865334, 189.81228946245815, 266.4137971294956]"
13.859414225941421,6,2.1566891060608935,5.731603340282558,0.03452871209467291,0.8249832945666211,"[22.233878067028137, 39.24764918836974, 58.34966437917268, 120.97478405865334, 189.81228946245815, 266.4137971294956]"
14.063598326359832,3,0.5537195467723856,4.032637631846158,0.013856611315500162,0.4278793443458105,"[40.762222398784715, 107.1483647482768, 174.01064733135948]"
14.063598326359832,4,1.8000605246943469,5.506826666961029,0.04102431556793654,0.7459232744309626,"[40.762222398784715, 107.1483647482768, 174.01064733135948, 303.4356243606269]"
14.063598326359832,5,2.000131943554523,5.622835580782206,0.041718831177507146,0.7949828159846248,"[14.135308237677897, 40.762222398784715, 107.1483647482768, 174.01064733135948, 303.4356243606269]"
14.063598326359832,6,2.096772674097944,5.674891628653356,0.0350167021654651,0.8181747404123882,"[14.135308237677897, 40.762222398784715, 107.1483647482768, 174.01064733135948, 303.4356243606269, 349.4680671327416]"
14.267782426778242,3,0.47303176546017267,4.039775498751003,0.014347115972688423,0.36423838204039966,"[21.47564376335702, 118.8569293595225, 158.42501471320907]"
14.267782426778242,4,1.6627379533205764,5.412543210457831,0.03628134892278549,0.713232165744927,"[21.47564376335702, 118.8569293595225, 158.42501471320907, 294.16847115065514]"
14.267782426778242,5,2.1086807826393583,5.712230678362199,0.03573563455788457,0.8120994745246126,"[21.47564376335702, 118.8569293595225, 158.42501471320907, 195.39874809509018, 294.16847115065514]"
14.267782426778242,6,2.3056164652472235,5.826511108045988,0.037265827468088826,0.8534533185578727,"[21.47564376335702, 92.90145536944054, 118.8569293595225, 158.42501471320907, 195.39874809509018, 294.16847115065514]"
14.47196652719665,3,0.9721058743879422,4.8737532172444995,0.02696537802885833,0.5142761237251191,"[40.86605991458139, 106.73917426904357, 272.24556434907873]"
14.47196652719665,4,1.784589732850463,5.497256097408987,0.038142493103157475,0.7420895479720252,"[40.86605991458139, 106.73917426904357, 170.4311025406378, 272.24556434907873]"
14.47196652719665,5,1.8622856963100056,5.53846148328516,0.028110431193982408,0.7629180534322995,"[40.86605991458139, 106.73917426904357, 143.2254232748263, 170.4311025406378, 272.24556434907873]"
14.47196652719665,6,2.3544823368738177,5.854164814318576,0.04506720357336428,0.8633271732299812,"[40.86605991458139, 106.73917426904357, 143.2254232748263, 170.4311025406378, 272.24556434907873, 324.98638179652295]"
14.676150627615062,3,0.4214245909711848,3.7509934858143126,0.012487385716764655,0.3763891694146609,"[24.693106561379942, 98.76642407873345, 146.0718871146058]"
14.676150627615062,4,1.7111728790924166,5.4500228083649525,0.0329917480752101,0.7239475667732123,"[24.693106561379942, 98.76642407873345, 146.0718871146058, 257.0966616404436]"
14.676150627615062,5,2.0050437557591407,5.628040607671965,0.03767943128781636,0.7954616999644186,"[24.693106561379942, 98.76642407873345, 146.0718871146058, 224.2513214278172, 257.0966616404436]"
14.676150627615062,6,2.4610686204714387,5.920547828985248,0.052369324927028005,0.882286835582859,"[24.693106561379942, 98.76642407873345, 146.0718871146058, 224.2513214278172, 257.0966616404436, 302.660414972916]"
14.880334728033471,3,0.5421941658226066,4.006168019402713,0.01370164764517159,0.4245280440018364,"[19.356001515621863, 85.17286464581659, 313.14874950617457]"
14.880334728033471,4,1.8223609725251744,5.52886216020821,0.0400193014208428,0.7491568323430682,"[19.356001515621863, 85.17286464581659, 205.09494695506626, 313.14874950617457]"
14.880334728033471,5,2.129396744624168,5.722629565696018,0.043307963438693454,0.8170999449322693,"[19.356001515621863, 85.17286464581659, 113.92264554058431, 205.09494695506626, 313.14874950617457]"
14.880334728033471,6,2.4272123638424374,5.900471014342158,0.05226508609593662,0.87608103125582,"[19.356001515621863, 85.17286464581659, 113.92264554058431, 205.09494695506626, 276.2982253807471, 313.14874950617457]"
15.084518828451882,3,1.147958635586533,5.030048426955874,0.036878634488755606,0.5701534688007457,"[95.01878658561945, 185.98519246084354, 295.8448294070435]"
15.084518828451882,4,1.4213463143765002,5.195329846467706,0.027723730729057497,0.6617341081340633,"[95.01878658561945, 185.98519246084354, 216.22909384924614, 295.8448294070435]"
15.084518828451882,5,1.5695248443789316,5.276555628057974,0.023011705131747117,0.7083974946386393,"[95.01878658561945, 185.98519246084354, 216.22909384924614, 257.55993748044057, 295.8448294070435]"
15.084518828451882,6,2.3683076183415808,5.86503703340787,0.04101702363431369,0.8651799743708152,"[8.60083701055761, 95.01878658561945, 185.98519246084354, 216.22909384924614, 257.55993748044057, 295.8448294070435]"
15.288702928870292,3,1.14659425801636,5.047969247706998,0.039075670911936804,0.5654396064398931,"[87.94745727680113, 171.06040044595395, 320.93386942667377]"
15.288702928870292,4,1.5344448215874387,5.334552098940604,0.02757360869642732,0.6775872385066629,"[87.94745727680113, 171.06040044595395, 197.41433250452067, 320.93386942667377]"
15.288702928870292,5,2.014278574135621,5.640260450035516,0.03706017424794546,0.7956665113459866,"[13.622078609156496, 87.94745727680113, 171.06040044595395, 197.41433250452067, 320.93386942667377]"
15.288702928870292,6,2.4782196433292434,5.931171685995113,0.06824718229454595,0.885255570233714,"[13.622078609156496, 87.94745727680113, 171.06040044595395, 197.41433250452067, 260.33737749273524, 320.93386942667377]"
15.492887029288703,3,0.23597375467718662,3.133496568815685,0.010386386120889535,0.3020056861331009,"[215.32859097780232, 251.5487347586708, 312.4087723285479]"
15.492887029288703,4,0.8873816699680908,4.467572683646367,0.016460064182332028,0.5586979320692768,"[5.822381898328097, 215.32859097780232, 251.5487347586708, 312.4087723285479]"
15.492887029288703,5,1.488770870685436,5.152981787721053,0.024106197585136407,0.7045641018954282,"[5.822381898328097, 179.03015211678306, 215.32859097780232, 251.5487347586708, 312.4087723285479]"
15.492887029288703,6,1.5579528082690328,5.189474150079194,0.025815829650292783,0.7269716192277823,"[5.822381898328097, 179.03015211678306, 215.32859097780232, 251.5487347586708, 279.21940023328847, 312.4087723285479]"
15.697071129707112,3,1.2227357862859445,5.114218353517252,0.050904325565127084,0.587467647025475,"[86.17487019895036, 197.1862103872822, 298.2078262228761]"
15.697071129707112,4,1.5549153500901765,5.314167131748956,0.02817351398527552,0.6919045667223811,"[86.17487019895036, 127.4620368818489, 197.1862103872822, 298.2078262228761]"
15.697071129707112,5,2.0275413607297113,5.654468292808021,0.03407671834831846,0.7968857120611766,"[52.05008229671926, 86.17487019895036, 127.4620368818489, 197.1862103872822, 298.2078262228761]"
15.697071129707112,6,2.2184085070778927,5.767035287783419,0.03527747598388663,0.8381971279076643,"[52.05008229671926, 86.17487019895036, 127.4620368818489, 197.1862103872822, 219.73415822345154, 298.2078262228761]"
15.901255230125521,3,0.9445540536664694,4.776328478588405,0.02360172083127423,0.5202933883850015,"[102.89199197488688, 207.57655595125144, 280.837304131432]"
15.901255230125521,4,1.1829178209079312,4.917959387285354,0.021264224525722852,0.6146028398136892,"[102.89199197488688, 179.44672135504484, 207.57655595125144, 280.837304131432]"
15.901255230125521,5,2.199476371016581,5.771089959775365,0.05391397633003659,0.8298765187250267,"[14.680699752833766, 102.89199197488688, 179.44672135504484, 207.57655595125144, 280.837304131432]"
15.901255230125521,6,2.3173131009163863,5.834765096874213,0.036760463461954246,0.8553578160178595,"[14.680699752833766, 102.89199197488688, 179.44672135504484, 207.57655595125144, 244.10448773684607, 280.837304131432]"
16.105439330543934,3,0.9159273931149181,4.713686353747113,0.021534589274314273,0.5180236040338121,"[93.32950972661574, 187.6169882926976, 265.17412968232816]"
16.105439330543934,4,1.6465791192430872,5.386735273789963,0.03392206943917929,0.7130848367704831,"[47.8453182337082, 93.32950972661574, 187.6169882926976, 265.17412968232816]"
16.105439330543934,5,2.118653689235962,5.715789165971703,0.038601189010157466,0.8149246146993632,"[47.8453182337082, 93.32950972661574, 187.6169882926976, 265.17412968232816, 301.425093786774]"
16.105439330543934,6,2.247173526245398,5.786038807091927,0.035838995600363306,0.8434974802436679,"[47.8453182337082, 93.32950972661574, 187.6169882926976, 216.38414982907196, 265.17412968232816, 301.425093786774]"
16.309623430962343,3,1.2836339593334325,5.180573593930861,0.1161972171836946,0.6010289163204181,"[85.72926504010817, 204.52102058895906, 314.32017791774905]"
16.309623430962343,4,1.6379479722207826,5.4012174152017005,0.03164144198856388,0.7055481349109056,"[85.72926504010817, 168.087887032304, 204.52102058895906, 314.32017791774905]"
16.309623430962343,5,1.9262804729766392,5.575050671775742,0.03241318658723386,0.7788104102893958,"[85.72926504010817, 168.087887032304, 204.52102058895906, 281.38241426322526, 314.32017791774905]"
16.309623430962343,6,2.4226781206057986,5.898117535767151,0.0461754410488171,0.8751424202358591,"[37.06976366404608, 85.72926504010817, 168.087887032304, 204.52102058895906, 281.38241426322526, 314.32017791774905]"
16.513807531380753,3,0.5381034925919073,4.299845586164142,0.017215311258299483,0.3657378903726,"[148.97397420253017, 186.84269334656793, 303.34223563016764]"
16.513807531380753,4,1.5812881589341237,5.354960083986353,0.027278179498637915,0.6929603839121592,"[78.1613691804837, 148.97397420253017, 186.84269334656793, 303.34223563016764]"
16.513807531380753,5,1.901113484488991,5.573135169232953,0.029247617574161066,0.769163653102525,"[53.819740961161855, 78.1613691804837, 148.97397420253017, 186.84269334656793, 303.34223563016764]"
16.513807531380753,6,2.2540792919523227,5.784355148135283,0.04266688068789923,0.8465822398780068,"[53.819740961161855, 78.1613691804837, 148.97397420253017, 186.84269334656793, 303.34223563016764, 359.7273074399761]"
16.717991631799162,3,1.2958340647741684,5.192901161915717,0.2081186860575903,0.6038640052864495,"[45.73132434115834, 162.55191365105458, 288.25933951182003]"
16.717991631799162,4,1.74685144614958,5.479528380739191,0.035528664847572645,0.731104532692942,"[45.73132434115834, 162.55191365105458, 209.79519464770684, 288.25933951182003]"
16.717991631799162,5,2.0654734406262762,5.677157937751282,0.03733264473542506,0.8053182221139897,"[45.73132434115834, 130.26071551335667, 162.55191365105458, 209.79519464770684, 288.25933951182003]"
16.717991631799162,6,2.470381709092922,5.925662083948003,0.05806399228466791,0.8840975020010934,"[45.73132434115834, 130.26071551335667, 162.55191365105458, 209.79519464770684, 288.25933951182003, 353.93293627085654]"
16.92217573221757,3,1.0091214735216485,4.90747988022627,0.028903166722730234,0.5265459253315085,"[35.48307874241171, 199.42263146578767, 269.02520394894884]"
16.92217573221757,4,1.5583164854915335,5.341745166545729,0.02615955943176728,0.6862766106151218,"[35.48307874241171, 163.47909091966244, 199.42263146578767, 269.02520394894884]"
16.92217573221757,5,1.989401884840954,5.619918722991771,0.03457092298303652,0.791539003238036,"[35.48307874241171, 76.12185855712845, 163.47909091966244, 199.42263146578767, 269.02520394894884]"
16.92217573221757,6,2.177659509805813,5.725156850288843,0.03794564922588057,0.8348819300077683,"[35.48307874241171, 76.12185855712845, 114.55997769795302, 163.47909091966244, 199.42263146578767, 269.02520394894884]"
17.126359832635984,3,0.3921607499386352,3.6853578035753745,0.012223007836917859,0.36283959248008185,"[139.9885947311121, 184.14046141719913, 258.76921010718485]"
17.126359832635984,4,1.6884748276261428,5.4361380548234735,0.03163586630742117,0.717998438191902,"[23.813536474004785, 139.9885947311121, 184.14046141719913, 258.76921010718485]"
17.126359832635984,5,2.157931213298548,5.732606821772899,0.05070602362780427,0.8251694647769525,"[23.813536474004785, 139.9885947311121, 184.14046141719913, 258.76921010718485, 313.4106316897601]"
17.126359832635984,6,2.546227685783146,5.970023235427208,0.08403845592119841,0.8977492629011016,"[23.813536474004785, 91.47982588931364, 139.9885947311121, 184.14046141719913, 258.76921010718485, 313.4106316897601]"
17.330543933054393,3,0.7941329824396957,4.661989570771057,0.022112971742982112,0.45915625239626223,"[125.44546504942703, 248.71948872279353, 302.3860008752794]"
17.330543933054393,4,1.2133862884387738,4.926361502867801,0.021039462165871547,0.6282845663039456,"[125.44546504942703, 169.16565219765806, 248.71948872279353, 302.3860008752794]"
17.330543933054393,5,2.203590084667468,5.766995247779407,0.050902707910170944,0.8326097389777999,"[49.3661978018098, 125.44546504942703, 169.16565219765806, 248.71948872279353, 302.3860008752794]"
17.330543933054393,6,2.3431516396379313,5.843614719596188,0.04541362903113058,0.8622776126679567,"[49.3661978018098, 125.44546504942703, 169.16565219765806, 199.57849682543778, 248.71948872279353, 302.3860008752794]"
17.534728033472803,3,0.9014717658723815,4.710238244269331,0.021805613916523154,0.5105946318184608,"[117.57148649385026, 189.1371184660762, 290.2818616870303]"
17.534728033472803,4,1.011750503254689,4.769616556597254,0.018110304207988977,0.5588771590266781,"[117.57148649385026, 152.33565394563954, 189.1371184660762, 290.2818616870303]"
17.534728033472803,5,1.5717619330664405,5.29776799576958,0.022036170644723227,0.7037376063680386,"[84.08695692966828, 117.57148649385026, 152.33565394563954, 189.1371184660762, 290.2818616870303]"
17.534728033472803,6,2.216877281030857,5.767151143490118,0.03397306735285334,0.8375849205069291,"[34.4423624065541, 84.08695692966828, 117.57148649385026, 152.33565394563954, 189.1371184660762, 290.2818616870303]"
17.738912133891212,3,1.1172562192424762,4.985888444767107,0.031957092795509706,0.5647776867939706,"[80.05824564718084, 178.95528180892822, 274.62030890811786]"
17.738912133891212,4,1.3388230812758166,5.114701307852004,0.024066530333294704,0.643120720093227,"[80.05824564718084, 109.85169957074106, 178.95528180892822, 274.62030890811786]"
17.738912133891212,5,1.4324492282705974,5.164930189513733,0.02090249204343233,0.6747768741154743,"[80.05824564718084, 109.85169957074106, 135.78015380999065, 178.95528180892822, 274.62030890811786]"
17.738912133891212,6,1.6517406278762092,5.290796667194587,0.027028620217318965,0.741497297784896,"[80.05824564718084, 109.85169957074106, 135.78015380999065, 178.95528180892822, 241.51080222302426, 274.62030890811786]"
17.94309623430962,3,1.0020359336609175,4.831306944300798,0.02448342825351748,0.5394657780765512,"[79.02738417364328, 168.97023423960923, 259.26145423654395]"
17.94309623430962,4,1.8405788867711124,5.541903436296227,0.057188623053664615,0.7530891514805498,"[79.02738417364328, 168.97023423960923, 259.26145423654395, 316.3466133582928]"
17.94309623430962,5,2.277319021960797,5.815716501457199,0.06203553813413818,0.8461108848485122,"[5.461973081172952, 79.02738417364328, 168.97023423960923, 259.26145423654395, 316.3466133582928]"
17.94309623430962,6,2.481938743618566,5.930865039424612,0.06402508951776396,0.8866757675504402,"[5.461973081172952, 79.02738417364328, 119.54462951759558, 168.97023423960923, 259.26145423654395, 316.3466133582928]"
18.147280334728034,3,0.8903455615027555,4.66635409691863,0.020439070191699514,0.5138224546136294,"[78.01619034698841, 159.1756898511165, 246.12733332309293]"
18.147280334728034,4,1.6606193160559164,5.392926109793777,0.035835965393084625,0.717515040975096,"[29.93718741972474, 78.01619034698841, 159.1756898511165, 246.12733332309293]"
18.147280334728034,5,1.8472757814838998,5.497144586528358,0.0299511125000163,0.7681875787933988,"[29.93718741972474, 78.01619034698841, 159.1756898511165, 207.12854921555623, 246.12733332309293]"
18.147280334728034,6,1.8824883307690348,5.515345710435772,0.027785662319449934,0.7776723841160277,"[29.93718741972474, 52.58337247490349, 78.01619034698841, 159.1756898511165, 207.12854921555623, 246.12733332309293]"
18.351464435146443,3,0.355883473684962,3.816943367161561,0.013141861586838657,0.30696315675929636,"[18.055488152089527, 48.92041479240509, 145.41640746794783]"
18.351464435146443,4,1.5754372500559015,5.351298850771739,0.03271444508184562,0.6913413971518853,"[18.055488152089527, 48.92041479240509, 145.41640746794783, 238.25938385900213]"
18.351464435146443,5,1.8218656459843134,5.492538363059154,0.02743060365798711,0.7588920665378246,"[18.055488152089527, 48.92041479240509, 102.14803379301219, 145.41640746794783, 238.25938385900213]"
18.351464435146443,6,1.8691392257393005,5.5171591143757635,0.025942786662185982,0.7716502432028011,"[18.055488152089527, 48.92041479240509, 73.86109149819426, 102.14803379301219, 145.41640746794783, 238.25938385900213]"
18.555648535564853,3,0.37286490459555255,3.72596470000662,0.012507350504021906,0.33750786663795085,"[8.293194783084116, 45.32558714694992, 129.8637181511104]"
18.555648535564853,4,1.4234868423850615,5.1760207416019,0.026483893649244545,0.6676845167017793,"[8.293194783084116, 45.32558714694992, 129.8637181511104, 204.77559806984365]"
18.555648535564853,5,2.216846515851776,5.7782889404974025,0.05341466452775362,0.8343475215105788,"[8.293194783084116, 45.32558714694992, 129.8637181511104, 204.77559806984365, 305.6292134938126]"
18.555648535564853,6,2.3407323450535595,5.845494765893072,0.04222038245715307,0.8608333194651759,"[8.293194783084116, 45.32558714694992, 129.8637181511104, 171.3473833971591, 204.77559806984365, 305.6292134938126]"
18.759832635983262,3,1.0980920603047708,4.984159407161451,0.03483239261306981,0.555475319997332,"[115.84869534996699, 197.29199445995823, 358.85535840002734]"
18.759832635983262,4,1.4582549938748355,5.206249491174617,0.027187446207997887,0.6760726757466433,"[38.25611511575207, 115.84869534996699, 197.29199445995823, 358.85535840002734]"
18.759832635983262,5,1.6145691882211106,5.292331463842019,0.025600080170627558,0.7243900078021553,"[38.25611511575207, 115.84869534996699, 160.62896400682206, 197.29199445995823, 358.85535840002734]"
18.759832635983262,6,2.402292854757776,5.882942178288533,0.04826569751057212,0.8722613994023172,"[38.25611511575207, 115.84869534996699, 160.62896400682206, 197.29199445995823, 294.692848768581, 358.85535840002734]"
18.96401673640167,3,1.093535177401697,4.9701531666964005,0.032394402789700176,0.5562923360586935,"[106.81388801350812, 190.5799243569593, 355.3842198779413]"
18.96401673640167,4,1.2634468956781388,5.0642364825232224,0.020359557179149505,0.6190687782287148,"[106.81388801350812, 146.15515214002693, 190.5799243569593, 355.3842198779413]"
18.96401673640167,5,1.5474333294360325,5.236875404082715,0.024056405400953957,0.7090507621187663,"[26.19575795461266, 106.81388801350812, 146.15515214002693, 190.5799243569593, 355.3842198779413]"
18.96401673640167,6,2.3808406601889445,5.871408717260612,0.043845274039543525,0.8678717826681636,"[26.19575795461266, 106.81388801350812, 146.15515214002693, 190.5799243569593, 286.32449461176435, 355.3842198779413]"
19.168200836820084,3,0.4285990735345467,4.042781344752948,0.014652404323237932,0.3295342700833149,"[97.9410136444827, 131.2650131788475, 352.1372905818864]"
19.168200836820084,4,1.6333942771817194,5.40144279893697,0.03403708598591633,0.7035279097828119,"[97.9410136444827, 131.2650131788475, 262.2207268326478, 352.1372905818864]"
19.168200836820084,5,1.9495696501969872,5.587777399229072,0.03149714335781781,0.7846399669611196,"[46.68238316208541, 97.9410136444827, 131.2650131788475, 262.2207268326478, 352.1372905818864]"
19.168200836820084,6,1.9920712920349546,5.609846238087528,0.028881623422576764,0.7954498887638579,"[46.68238316208541, 73.2344320623988, 97.9410136444827, 131.2650131788475, 262.2207268326478, 352.1372905818864]"
19.372384937238493,3,1.2384677093269132,5.138044319229494,0.058893256675547595,0.5895204290796083,"[116.6385518793548, 252.917667600075, 348.9478585816378]"
19.372384937238493,4,1.6940069905331514,5.4304093735855385,0.03682610074482734,0.7218715427537232,"[34.28883359939, 116.6385518793548, 252.917667600075, 348.9478585816378]"
19.372384937238493,5,1.8558316805188468,5.519709775899581,0.027530217890509995,0.765448474073256,"[34.28883359939, 72.32910727695264, 116.6385518793548, 252.917667600075, 348.9478585816378]"
19.372384937238493,6,2.0936241863769975,5.655948767233214,0.037840987159445914,0.8224275632763154,"[34.28883359939, 72.32910727695264, 116.6385518793548, 252.917667600075, 292.36497330046944, 348.9478585816378]"
19.576569037656903,3,0.865907378251375,4.78915433953178,0.022744441304818182,0.47442070852244034,"[46.99469769719941, 102.54451761156062, 241.52186062219116]"
19.576569037656903,4,1.3666938408210616,5.129144947458599,0.02361258897106961,0.6528165512421671,"[46.99469769719941, 102.54451761156062, 144.2941168989472, 241.52186062219116]"
19.576569037656903,5,1.9429546783706753,5.587725344445767,0.029960250180275268,0.7819922202945548,"[46.99469769719941, 102.54451761156062, 144.2941168989472, 241.52186062219116, 279.27854542634685]"
19.576569037656903,6,2.2453185238001727,5.7865989547312005,0.03611788321844919,0.8426380279972074,"[22.112147847208732, 46.99469769719941, 102.54451761156062, 144.2941168989472, 241.52186062219116, 279.27854542634685]"
19.780753138075312,3,1.096193107925537,4.959775117896968,0.03028234107772302,0.5599805725033541,"[40.573827855641944, 132.8984699735746, 232.54000891640993]"
19.780753138075312,4,1.3150869038782431,5.083769054840043,0.022302670959286425,0.639429532352396,"[40.573827855641944, 91.80656435640277, 132.8984699735746, 232.54000891640993]"
19.780753138075312,5,2.1135176865805865,5.708671110314928,0.03728051922544413,0.8149776606718993,"[40.573827855641944, 91.80656435640277, 132.8984699735746, 232.54000891640993, 291.6562149427344]"
19.780753138075312,6,2.1734582257227726,5.740222834877753,0.03276570325516652,0.8289028968665224,"[40.573827855641944, 91.80656435640277, 132.8984699735746, 232.54000891640993, 269.63364133039073, 291.6562149427344]"
19.98493723849372,3,1.121789010974163,4.994228292014045,0.03289684554920544,0.565176719414103,"[28.53187580882381, 120.38708060620934, 284.48415761945597]"
19.98493723849372,4,1.318062482388001,5.105664125031188,0.022186527746884198,0.6353914689411458,"[28.53187580882381, 88.82039942617112, 120.38708060620934, 284.48415761945597]"
19.98493723849372,5,1.5645192026751393,5.251492870725004,0.025907444513562933,0.7128943972408784,"[28.53187580882381, 88.82039942617112, 120.38708060620934, 284.48415761945597, 358.3844406098644]"
19.98493723849372,6,1.6231549490532182,5.282459545517208,0.02479392938746248,0.7309665183360681,"[28.53187580882381, 69.70636092689493, 88.82039942617112, 120.38708060620934, 284.48415761945597, 358.3844406098644]"
20.189121338912134,3,1.0850154097615803,4.944618346146015,0.02933663636563794,0.5576737704780534,"[15.04045338526442, 107.80267229596298, 277.43327845355753]"
20.189121338912134,4,1.9871097459021778,5.647818941096125,0.16168941061149578,0.7828349132055529,"[15.04045338526442, 107.80267229596298, 197.6361890679545, 277.43327845355753]"
20.189121338912134,5,2.13620282879256,5.729581140618333,0.0374796238570796,0.8177237310619434,"[15.04045338526442, 107.80267229596298, 197.6361890679545, 239.1143637558411, 277.43327845355753]"
20.189121338912134,6,2.330856853942417,5.840520527715467,0.040906335819073616,0.8586622249591191,"[15.04045338526442, 44.90509157974021, 107.80267229596298, 197.6361890679545, 239.1143637558411, 277.43327845355753]"
20.393305439330543,3,1.0815416821839974,4.939593051603045,0.02902410326296925,0.5570199930944857,"[1.7743910546456194, 96.07561318241288, 266.2567964530703]"
20.393305439330543,4,1.9822180577466642,5.6445625936555,0.13166139971684573,0.7818090717013597,"[1.7743910546456194, 96.07561318241288, 189.44727752270234, 266.2567964530703]"
20.393305439330543,5,2.215619989240054,5.777463335599104,0.047893841616737945,0.8341242407368515,"[1.7743910546456194, 45.71511768271326, 96.07561318241288, 189.44727752270234, 266.2567964530703]"
20.393305439330543,6,2.348617880347778,5.849916128464185,0.041730851648172265,0.8624281980589061,"[1.7743910546456194, 45.71511768271326, 96.07561318241288, 189.44727752270234, 231.7084241651421, 266.2567964530703]"
20.597489539748953,3,0.6171599834454845,4.226607158971055,0.01536347923463857,0.4341340543738817,"[33.70901021468512, 89.23865908176897, 177.57487558337758]"
20.597489539748953,4,1.2948374370676676,5.036463072245065,0.023169500088724232,0.6414662382639998,"[33.70901021468512, 89.23865908176897, 177.57487558337758, 351.89525333608225]"
20.597489539748953,5,2.2311472980159768,5.787417788203681,0.050857876505157516,0.8370828365894127,"[33.70901021468512, 89.23865908176897, 177.57487558337758, 255.48809602376707, 351.89525333608225]"
20.597489539748953,6,2.3957402563140366,5.880174829632182,0.050825528118606314,0.8707011480019348,"[33.70901021468512, 89.23865908176897, 115.86979681747593, 177.57487558337758, 255.48809602376707, 351.89525333608225]"
20.801673640167362,3,1.236972922249258,5.12966840337564,0.05567136911811232,0.5907333271728109,"[21.023489905682737, 166.4673216051978, 270.5243884276465]"
20.801673640167362,4,1.8918464967649586,5.581199827565963,0.05471032914501245,0.7632039595580526,"[21.023489905682737, 104.37776926643018, 166.4673216051978, 270.5243884276465]"
20.801673640167362,5,2.0207781418946524,5.65306392628088,0.03422024530108577,0.7946222225270441,"[21.023489905682737, 82.51336967737403, 104.37776926643018, 166.4673216051978, 270.5243884276465]"
20.801673640167362,6,2.3732082476666667,5.864002753736702,0.0592458022023786,0.8672761067551087,"[21.023489905682737, 82.51336967737403, 104.37776926643018, 166.4673216051978, 270.5243884276465, 328.4161753975659]"
21.00585774058577,3,1.2307447563748413,5.1222096265161134,0.052484363533399,0.5894719745661162,"[8.252145298076348, 155.3320860464377, 261.57223110154564]"
21.00585774058577,4,1.899505303652527,5.587000785800023,0.057273671433021645,0.7647032036591322,"[8.252145298076348, 93.07136950947843, 155.3320860464377, 261.57223110154564]"
21.00585774058577,5,2.0757646785249517,5.684846984291713,0.035004171463812385,0.8071428846958534,"[8.252145298076348, 49.23356515630896, 93.07136950947843, 155.3320860464377, 261.57223110154564]"
21.00585774058577,6,2.3819543260348155,5.865948159572477,0.05389557880120907,0.8698950358495878,"[8.252145298076348, 49.23356515630896, 93.07136950947843, 155.3320860464377, 197.8496689214696, 261.57223110154564]"
21.210041841004184,3,0.5490835305179673,4.246706913305419,0.016201395234159723,0.38259888773826517,"[2.0031377206936813, 43.37711455104187, 254.46173324100107]"
21.210041841004184,4,1.5032630344563438,5.275496564679705,0.025372032393498035,0.6787629884277134,"[2.0031377206936813, 43.37711455104187, 192.66266287441007, 254.46173324100107]"
21.210041841004184,5,2.1146635208599585,5.709945854348606,0.03749619114677659,0.8150554534402982,"[2.0031377206936813, 43.37711455104187, 144.00914872046164, 192.66266287441007, 254.46173324100107]"
21.210041841004184,6,2.3767060713288535,5.862326026729764,0.05514298987774059,0.869051281782319,"[2.0031377206936813, 43.37711455104187, 81.9456094454326, 144.00914872046164, 192.66266287441007, 254.46173324100107]"
21.414225941422593,3,0.5267191647557276,4.2043358523280565,0.015808622885801763,0.3744502993416424,"[36.514010501684524, 249.8989356995143, 356.36861379371396]"
21.414225941422593,4,1.5368908845317288,5.3052560048069735,0.02665135122945724,0.6861834001491923,"[36.514010501684524, 183.0874318278789, 249.8989356995143, 356.36861379371396]"
21.414225941422593,5,1.7923323165531315,5.457791988895032,0.030577630054685657,0.7561264674388801,"[36.514010501684524, 183.0874318278789, 249.8989356995143, 326.5846302867818, 356.36861379371396]"
21.414225941422593,6,2.1631779636961843,5.726904921261869,0.034345997161695965,0.8288237135441139,"[36.514010501684524, 157.3632351463659, 183.0874318278789, 249.8989356995143, 326.5846302867818, 356.36861379371396]"
21.618410041841003,3,0.9710812937132078,4.897557706252001,0.025760199172755502,0.508752233168291,"[25.28599826400356, 173.62991755175335, 236.90055410853785]"
21.618410041841003,4,1.4489733893676975,5.242266610972454,0.023734490349164767,0.662570452757844,"[25.28599826400356, 173.62991755175335, 236.90055410853785, 350.8221897401243]"
21.618410041841003,5,1.8375820943915788,5.526589901980546,0.026593125994810757,0.7560354088113056,"[25.28599826400356, 146.87361902776667, 173.62991755175335, 236.90055410853785, 350.8221897401243]"
21.618410041841003,6,2.0893421109412897,5.682289341873052,0.030899247717876964,0.8131538699486751,"[25.28599826400356, 146.87361902776667, 173.62991755175335, 236.90055410853785, 326.1320391464856, 350.8221897401243]"
21.822594142259412,3,1.1267669119025951,5.0310628205418375,0.03633126444229084,0.5594025849204267,"[14.231688392185127, 164.3187152469868, 244.53196062872615]"
21.822594142259412,4,1.5329682508795874,5.330702393940713,0.02702179745896902,0.6779132932709495,"[14.231688392185127, 136.54628195716037, 164.3187152469868, 244.53196062872615]"
21.822594142259412,5,2.017059564906461,5.643410638868415,0.035621502838068135,0.7958757685783795,"[14.231688392185127, 136.54628195716037, 164.3187152469868, 244.53196062872615, 325.6864497933424]"
21.822594142259412,6,2.36342082097008,5.863263438204475,0.0404615120474087,0.8639171709900181,"[14.231688392185127, 46.76948140841362, 136.54628195716037, 164.3187152469868, 244.53196062872615, 325.6864497933424]"
22.026778242677825,3,0.6712138935695748,4.5645832894033385,0.01910546973381764,0.40482612315077315,"[3.3466036538146398, 187.50651757304652, 230.49496978603113]"
22.026778242677825,4,1.2117030928392463,5.063225784663462,0.01875644536196364,0.5939521951778884,"[3.3466036538146398, 155.1249821046668, 187.50651757304652, 230.49496978603113]"
22.026778242677825,5,1.6349306298841133,5.377961034220325,0.02185657219151353,0.7103524649493518,"[3.3466036538146398, 126.3770411416987, 155.1249821046668, 187.50651757304652, 230.49496978603113]"
22.026778242677825,6,2.0751633211515927,5.669278891889247,0.02976688083468486,0.8113467532746836,"[3.3466036538146398, 126.3770411416987, 155.1249821046668, 187.50651757304652, 230.49496978603113, 325.24768175411396]"
22.230962343096234,3,0.7654515098689821,4.661425724758947,0.020899292347541405,0.44268011179717615,"[175.03014934518572, 224.75738426510586, 355.8450870269339]"
22.230962343096234,4,1.2805927212938746,5.1202890919945565,0.019763652313245818,0.6138071302811008,"[143.95325476013466, 175.03014934518572, 224.75738426510586, 355.8450870269339]"
22.230962343096234,5,1.8131932074685684,5.4644263782457765,0.03180331092928028,0.7630707196186164,"[143.95325476013466, 175.03014934518572, 224.75738426510586, 292.7417812273759, 355.8450870269339]"
22.230962343096234,6,2.1691366460429276,5.725883055901436,0.03847027306073937,0.8314034605567457,"[119.73967451980211, 143.95325476013466, 175.03014934518572, 224.75738426510586, 292.7417812273759, 355.8450870269339]"
22.435146443514643,3,0.7878147315291243,4.564917026926603,0.01944822473692364,0.47508157255593736,"[186.1946075549772, 289.76513401359915, 350.5667452286972]"
22.435146443514643,4,1.6283075569901326,5.372915543292773,0.029432184901886694,0.7088041873698021,"[132.94904003248155, 186.1946075549772, 289.76513401359915, 350.5667452286972]"
22.435146443514643,5,1.8890185546086342,5.526482620273109,0.03430188369796212,0.7772280585440856,"[132.94904003248155, 186.1946075549772, 219.86433499890362, 289.76513401359915, 350.5667452286972]"
22.435146443514643,6,2.204292653060416,5.7515167243213785,0.04057446012989003,0.837364110809936,"[12.713313059804074, 132.94904003248155, 186.1946075549772, 219.86433499890362, 289.76513401359915, 350.5667452286972]"
22.639330543933053,3,0.5142604636122432,4.230682048146889,0.016306123331065996,0.36105405396795565,"[174.8240640984129, 286.83266585863896, 324.3340815902934]"
22.639330543933053,4,0.8458626288799298,4.4312374120858635,0.016327865830721513,0.5413269688966006,"[174.8240640984129, 247.27276262291923, 286.83266585863896, 324.3340815902934]"
22.639330543933053,5,2.0009646682027276,5.627572438890484,0.0360029880006703,0.7939754904242068,"[90.46607242987547, 174.8240640984129, 247.27276262291923, 286.83266585863896, 324.3340815902934]"
22.639330543933053,6,2.4004622283910937,5.884076160804673,0.04374842134484375,0.871260790596983,"[1.6988596618793714, 90.46607242987547, 174.8240640984129, 247.27276262291923, 286.83266585863896, 324.3340815902934]"
22.843514644351462,3,0.3822129894148461,3.6548017956076615,0.012095287498115245,0.35957347494903513,"[166.12233686930588, 239.84787218029652, 283.60709537680407]"
22.843514644351462,4,0.9549766146193435,4.589691030148628,0.017457353169020244,0.5696862003963354,"[166.12233686930588, 239.84787218029652, 283.60709537680407, 323.5574322909192]"
22.843514644351462,5,2.0760135015353827,5.6802259485662585,0.039814978273833415,0.8085535993505445,"[83.49118189146617, 166.12233686930588, 239.84787218029652, 283.60709537680407, 323.5574322909192]"
22.843514644351462,6,2.4375815831792953,5.906416711130225,0.04787171861797309,0.8780532518749571,"[46.86822264845264, 83.49118189146617, 166.12233686930588, 239.84787218029652, 283.60709537680407, 323.5574322909192]"
23.047698744769875,3,0.7694908896810928,4.469227482527101,0.017526074477595965,0.48411487274070697,"[76.61774696275478, 160.03556736019937, 232.53098297190851]"
23.047698744769875,4,1.500646451382704,5.240931982339937,0.02799919387198269,0.6865484686892378,"[76.61774696275478, 160.03556736019937, 232.53098297190851, 277.18711902595214]"
23.047698744769875,5,2.1136661825674077,5.706104423166119,0.04248209195716582,0.8157683146637166,"[76.61774696275478, 160.03556736019937, 232.53098297190851, 277.18711902595214, 320.18265689322294]"
23.047698744769875,6,2.475566740850075,5.928594299251297,0.054671065609631864,0.8850769675442672,"[36.14305406731311, 76.61774696275478, 160.03556736019937, 232.53098297190851, 277.18711902595214, 320.18265689322294]"
23.251882845188284,3,0.7717172920249038,4.469370214533452,0.01750190956738799,0.4854845739495917,"[73.4756496876106, 154.03645990636812, 229.270715935981]"
23.251882845188284,4,0.9175913839812214,4.549626721756508,0.017210973195636393,0.557067290908808,"[73.4756496876106, 105.06445027410365, 154.03645990636812, 229.270715935981]"
23.251882845188284,5,1.6963165271852352,5.364961213181162,0.027805924454347458,0.7405997897552881,"[25.445356987080885, 73.4756496876106, 105.06445027410365, 154.03645990636812, 229.270715935981]"
23.251882845188284,6,2.4296476505356637,5.899745727637173,0.05513804103673809,0.8771756584960361,"[25.445356987080885, 73.4756496876106, 105.06445027410365, 154.03645990636812, 229.270715935981, 290.27752697665113]"
23.456066945606693,3,0.5832216641820595,4.129611101080389,0.01455425180094015,0.42975921973865716,"[146.54669006663778, 227.6378084030596, 284.98402353347353]"
23.456066945606693,4,1.3426885815703624,5.070167327398046,0.023376881271606077,0.6563576857073828,"[98.53863523564407, 146.54669006663778, 227.6378084030596, 284.98402353347353]"
23.456066945606693,5,2.283481195252576,5.820073798930727,0.060759646205211126,0.8471305040145537,"[14.900220055109903, 98.53863523564407, 146.54669006663778, 227.6378084030596, 284.98402353347353]"
23.456066945606693,6,2.443864102740952,5.909005193702811,0.05554803100070032,0.8795452201906381,"[14.900220055109903, 47.04723900550001, 98.53863523564407, 146.54669006663778, 227.6378084030596, 284.98402353347353]"
23.660251046025103,3,0.5951176406599747,4.187596311247517,0.015075830327905455,0.4264646822551864,"[137.76228563784653, 226.02796184050925, 279.76527835039445]"
23.660251046025103,4,1.347982339883363,5.08901037053116,0.024119893404896713,0.6540747663140732,"[137.76228563784653, 226.02796184050925, 279.76527835039445, 326.8431795528267]"
23.660251046025103,5,2.2415441737857162,5.792803309895964,0.0547228174199715,0.8394205569627139,"[39.603571102813575, 137.76228563784653, 226.02796184050925, 279.76527835039445, 326.8431795528267]"
23.660251046025103,6,2.356999804381943,5.8551269945328235,0.043212478613385605,0.8639662395316674,"[4.504008328912046, 39.603571102813575, 137.76228563784653, 226.02796184050925, 279.76527835039445, 326.8431795528267]"
23.864435146443512,3,0.5802196449464654,4.205109457007296,0.015383426392003649,0.41233261039029073,"[129.1007472733821, 224.29170300044518, 273.09321145030276]"
23.864435146443512,4,1.2993471605013094,5.05573203839149,0.022563497613449546,0.6388030345008543,"[129.1007472733821, 224.29170300044518, 273.09321145030276, 317.6529629317136]"
23.864435146443512,5,2.2221482374089208,5.7821953086147255,0.047046655542950566,0.8352132529034135,"[42.74886432270851, 129.1007472733821, 224.29170300044518, 273.09321145030276, 317.6529629317136]"
23.864435146443512,6,2.442676844457413,5.90850304282309,0.05416778571870733,0.8792673616565345,"[42.74886432270851, 129.1007472733821, 190.03643412580973, 224.29170300044518, 273.09321145030276, 317.6529629317136]"
24.068619246861925,3,0.5742102657620897,4.243271758834283,0.015920147311627646,0.4007551599089402,"[119.77886068608035, 221.76255418519563, 267.05862700115455]"
24.068619246861925,4,1.7677216489861278,5.495940002792383,0.04282295131453973,0.7354273528827231,"[29.222121273905874, 119.77886068608035, 221.76255418519563, 267.05862700115455]"
24.068619246861925,5,2.0204791970910128,5.644006676678579,0.0351023841210611,0.7970566868914407,"[29.222121273905874, 119.77886068608035, 188.08113707449445, 221.76255418519563, 267.05862700115455]"
24.068619246861925,6,2.2267185386375905,5.760304301820736,0.04083534376623402,0.8433043403043763,"[29.222121273905874, 68.1805383492383, 119.77886068608035, 188.08113707449445, 221.76255418519563, 267.05862700115455]"
24.272803347280334,3,1.1481440887912666,5.029032329530754,0.03651150456408769,0.5704760326439593,"[18.55172607371518, 110.40306499927868, 218.9687847403311]"
24.272803347280334,4,1.7529056201130473,5.489003338735593,0.04011076073275193,0.7311077836388118,"[18.55172607371518, 110.40306499927868, 218.9687847403311, 261.10685334178436]"
24.272803347280334,5,2.0345129801299797,5.658014442330047,0.03494264301784139,0.7986237578396083,"[18.55172607371518, 110.40306499927868, 186.15267197729864, 218.9687847403311, 261.10685334178436]"
24.272803347280334,6,2.143137780309214,5.717289839742425,0.032504042648389714,0.8239095511207865,"[18.55172607371518, 110.40306499927868, 163.1980760740974, 186.15267197729864, 218.9687847403311, 261.10685334178436]"
24.476987447698743,3,0.9516191648874487,4.7627363689563875,0.022616913291534452,0.5271812534476836,"[9.072470478245139, 102.65688545206712, 184.2504228732144]"
24.476987447698743,4,1.0906006436470264,4.839577283279009,0.01991903657027385,0.5851413032842215,"[9.072470478245139, 102.65688545206712, 157.5836966502968, 184.2504228732144]"
24.476987447698743,5,2.1223823720003363,5.721882130318679,0.03851696581003522,0.8146211463057201,"[9.072470478245139, 102.65688545206712, 157.5836966502968, 184.2504228732144, 284.51186503152684]"
24.476987447698743,6,2.350543816672749,5.855133338707525,0.04195480710324441,0.8615979083042441,"[9.072470478245139, 102.65688545206712, 157.5836966502968, 184.2504228732144, 214.15137256489174, 284.51186503152684]"
24.681171548117153,3,1.023962847036605,4.864585523420458,0.025750801144307063,0.543753890269834,"[95.86123152113981, 182.37379339092297, 279.1106166531198]"
24.681171548117153,4,1.1927830949634708,4.959012752648766,0.020945163459853085,0.6095100754783811,"[95.86123152113981, 152.04493207479885, 182.37379339092297, 279.1106166531198]"
24.681171548117153,5,2.1327641315611356,5.725964812557782,0.04167539201412739,0.8174389783887176,"[21.856324865869183, 95.86123152113981, 152.04493207479885, 182.37379339092297, 279.1106166531198]"
24.681171548117153,6,2.326784078293969,5.841169624703948,0.04034861449666212,0.8569713661003999,"[21.856324865869183, 95.86123152113981, 152.04493207479885, 182.37379339092297, 279.1106166531198, 359.7208821492291]"
24.885355648535562,3,0.8509350274852144,4.732056249593429,0.023409634405037263,0.47753638595723935,"[89.1562599010362, 146.5800776742334, 271.27882509807165]"
24.885355648535562,4,1.21899081240592,4.967766295419672,0.022066760924614102,0.6207089151347169,"[89.1562599010362, 146.5800776742334, 180.5222059575268, 271.27882509807165]"
24.885355648535562,5,2.1771443152396595,5.753948609925295,0.04534402644437341,0.8263520795129696,"[12.572788117936557, 89.1562599010362, 146.5800776742334, 180.5222059575268, 271.27882509807165]"
24.885355648535562,6,2.292037494490737,5.816729243322153,0.0399730410296876,0.8512828502741244,"[12.572788117936557, 36.860153400878836, 89.1562599010362, 146.5800776742334, 180.5222059575268, 271.27882509807165]"
25.089539748953975,3,0.8532901112390398,4.721806111807404,0.02386541342766806,0.4809393108019207,"[82.53994443105651, 141.1874820362088, 262.3749013404392]"
25.089539748953975,4,1.2269456826527647,4.956594038633579,0.021700201431399387,0.6275791409454943,"[82.53994443105651, 141.1874820362088, 178.69510104587175, 262.3749013404392]"
25.089539748953975,5,2.2101630711564386,5.7741357745094355,0.04965751866328554,0.8330291495943069,"[3.4120024678818517, 82.53994443105651, 141.1874820362088, 178.69510104587175, 262.3749013404392]"
25.089539748953975,6,2.345510892841985,5.848399329098832,0.04430208614100743,0.8617341041194454,"[3.4120024678818517, 32.52519818425881, 82.53994443105651, 141.1874820362088, 178.69510104587175, 262.3749013404392]"
25.293723849372384,3,1.2512683548755748,5.146668154211962,0.0668405345213246,0.5936192715074905,"[135.86554489523948, 252.00194809917943, 354.9240726547468]"
25.293723849372384,4,1.5957739773719632,5.358746627104901,0.030365787738449765,0.6983205078966802,"[135.86554489523948, 173.13627768425522, 252.00194809917943, 354.9240726547468]"
25.293723849372384,5,2.2070579836270467,5.771656167457216,0.05063389174688612,0.832573732334044,"[76.0103217039655, 135.86554489523948, 173.13627768425522, 252.00194809917943, 354.9240726547468]"
25.293723849372384,6,2.352744254879159,5.851956393389502,0.04630501781032042,0.8633411134629625,"[25.21784032103625, 76.0103217039655, 135.86554489523948, 173.13627768425522, 252.00194809917943, 354.9240726547468]"
25.497907949790793,3,0.5056311292627627,4.222972375918528,0.01627580893401822,0.35629291506936234,"[18.00537126222565, 130.61271512001196, 167.34405343888625]"
25.497907949790793,4,0.9497999629284124,4.753751552536429,0.016859847815086208,0.5281643109884121,"[18.00537126222565, 130.61271512001196, 167.34405343888625, 351.36174237708985]"
25.497907949790793,5,1.3173594440558596,4.975394488191142,0.021830688544099572,0.6687427885755741,"[18.00537126222565, 69.56548859651974, 130.61271512001196, 167.34405343888625, 351.36174237708985]"
25.497907949790793,6,2.3085467271322084,5.822908412309242,0.04407557079371205,0.8555957430569247,"[18.00537126222565, 69.56548859651974, 130.61271512001196, 167.34405343888625, 242.43900088071044, 351.36174237708985]"
25.702092050209203,3,0.8161546397188358,4.6505767215865275,0.021804796561646897,0.47420779766390264,"[10.885726038065622, 125.42748879632504, 183.5935226456068]"
25.702092050209203,4,1.5150896037271488,5.293447662993318,0.024802419532884732,0.6794710148518444,"[10.885726038065622, 125.42748879632504, 183.5935226456068, 327.6890540573079]"
25.702092050209203,5,2.160097127563586,5.735204203411687,0.045783540896878125,0.8252496941840212,"[10.885726038065622, 125.42748879632504, 183.5935226456068, 246.12604070987143, 327.6890540573079]"
25.702092050209203,6,2.2176394925409584,5.765440985896797,0.03674791074964228,0.8383700378233438,"[10.885726038065622, 125.42748879632504, 161.6263746038654, 183.5935226456068, 246.12604070987143, 327.6890540573079]"
25.906276150627615,3,0.915929351766686,4.844340323930542,0.023961625005058728,0.4904588206872388,"[120.30840740038055, 179.2083124701192, 322.567687412809]"
25.906276150627615,4,1.5041160602712127,5.287353973856961,0.02444662606830784,0.6761054552237842,"[3.856902002704518, 120.30840740038055, 179.2083124701192, 322.567687412809]"
25.906276150627615,5,1.7802630656605918,5.459529668427524,0.027256714208212997,0.7505568363863745,"[3.856902002704518, 30.447262367603145, 120.30840740038055, 179.2083124701192, 322.567687412809]"
25.906276150627615,6,2.3445582269673153,5.8489369553206645,0.043348073664911314,0.8612257501572772,"[3.856902002704518, 30.447262367603145, 120.30840740038055, 179.2083124701192, 275.5543950339026, 322.567687412809]"
26.110460251046025,3,0.9259141375961868,4.854636212303541,0.02424222701097279,0.4937046266081053,"[115.25405605745729, 174.87855265089928, 319.19243554530345]"
26.110460251046025,4,1.6841355410117063,5.405167260892321,0.035515221064586495,0.7243836342961425,"[26.475493122867523, 115.25405605745729, 174.87855265089928, 319.19243554530345]"
26.110460251046025,5,1.7755126293929206,5.4539572091062585,0.02729482739949516,0.7500844762988705,"[26.475493122867523, 115.25405605745729, 174.87855265089928, 319.19243554530345, 356.9169564432436]"
26.110460251046025,6,2.38044145220264,5.871266830360822,0.04719866074204211,0.8677682020782072,"[26.475493122867523, 115.25405605745729, 174.87855265089928, 266.6611152405292, 319.19243554530345, 356.9169564432436]"
26.314644351464434,3,0.892589076776539,4.827131928602175,0.023159120906594412,0.48137451575494494,"[110.26306188129456, 166.99376402884954, 315.86166129424436]"
26.314644351464434,4,1.6353528125085552,5.361878690321011,0.03285804323549482,0.714804631926132,"[22.55351069137493, 110.26306188129456, 166.99376402884954, 315.86166129424436]"
26.314644351464434,5,2.3007289804184246,5.829685076301814,0.06739434332965327,0.8507170519951562,"[22.55351069137493, 110.26306188129456, 166.99376402884954, 257.8793142448666, 315.86166129424436]"
26.314644351464434,6,2.3907672631422856,5.877694191595703,0.04870517186470373,0.8696273526035075,"[22.55351069137493, 110.26306188129456, 166.99376402884954, 257.8793142448666, 315.86166129424436, 351.5498005405918]"
26.518828451882843,3,0.7184404408311944,4.404156032848032,0.016953323593186787,0.46545236433246334,"[15.086076974435171, 105.16745588210901, 312.1456820986381]"
26.518828451882843,4,1.525723210039774,5.266049957332218,0.02901889055051234,0.6913781774108629,"[15.086076974435171, 105.16745588210901, 155.3064385407956, 312.1456820986381]"
26.518828451882843,5,2.27317056447455,5.812370605568924,0.058849024370463555,0.845542208849464,"[15.086076974435171, 105.16745588210901, 155.3064385407956, 249.20664750554118, 312.1456820986381]"
26.518828451882843,6,2.3483074549407594,5.852163043988421,0.04290579651918216,0.8616521704340956,"[15.086076974435171, 105.16745588210901, 155.3064385407956, 249.20664750554118, 312.1456820986381, 348.1741176320336]"
26.723012552301252,3,0.6714473417672668,4.330266949480496,0.01626948243536962,0.4499792445670884,"[7.066825768189101, 97.77833305671784, 308.4754884338933]"
26.723012552301252,4,1.6857475913761837,5.408365597762616,0.0356236278825839,0.7242196907243839,"[7.066825768189101, 97.77833305671784, 241.20933900665082, 308.4754884338933]"
26.723012552301252,5,2.2594382599854876,5.803867351497968,0.05643158745362069,0.8428987049910526,"[7.066825768189101, 97.77833305671784, 146.11941667378764, 241.20933900665082, 308.4754884338933]"
26.723012552301252,6,2.3185216414844425,5.8349340881383345,0.03943861547219646,0.8557543370858187,"[7.066825768189101, 97.77833305671784, 146.11941667378764, 241.20933900665082, 308.4754884338933, 330.9169381926819]"
26.927196652719665,3,1.2067983082746745,5.106343535331234,0.04972475266222485,0.5816001347359272,"[90.47948266664685, 233.5789639358362, 359.1455452349083]"
26.927196652719665,4,1.3852959022280467,5.207815813087115,0.022058970505024658,0.6418612856181806,"[26.321525296044594, 90.47948266664685, 233.5789639358362, 359.1455452349083]"
26.927196652719665,5,1.7384839102662784,5.435580239417358,0.026129778649822136,0.7394157845881558,"[26.321525296044594, 90.47948266664685, 233.5789639358362, 327.65576196099966, 359.1455452349083]"
26.927196652719665,6,1.9070765712460762,5.532625710188567,0.029548321988707476,0.7829164418109703,"[26.321525296044594, 90.47948266664685, 233.5789639358362, 304.85013328760886, 327.65576196099966, 359.1455452349083]"
27.131380753138075,3,0.449862964971649,3.7859879708505026,0.012592701538250737,0.39439522278882616,"[19.111436820505464, 85.86971093585838, 323.4863274492969]"
27.131380753138075,4,0.5036961786491835,3.814130246643848,0.013367499189639549,0.4350983949093578,"[19.111436820505464, 85.86971093585838, 323.4863274492969, 352.2679908006701]"
27.131380753138075,5,1.738500101525876,5.44164236112522,0.026010070794059457,0.7377761191346709,"[19.111436820505464, 85.86971093585838, 226.65537682222308, 323.4863274492969, 352.2679908006701]"
27.131380753138075,6,2.335680960811163,5.845494251577484,0.042154252902884444,0.8589757614817992,"[19.111436820505464, 85.86971093585838, 142.07740505635343, 226.65537682222308, 323.4863274492969, 352.2679908006701]"
27.335564853556484,3,0.4670854038476597,3.842375193882297,0.012871298653204999,0.39756360529884993,"[10.90919394358256, 82.00358027651173, 317.04193747067836]"
27.335564853556484,4,1.568459189770657,5.294934219671455,0.029294045714332632,0.7030107222859577,"[10.90919394358256, 82.00358027651173, 160.76867745383254, 317.04193747067836]"
27.335564853556484,5,2.179196859722043,5.748884992925027,0.050669503079548366,0.8285888544054696,"[10.90919394358256, 82.00358027651173, 160.76867745383254, 272.8429234327913, 317.04193747067836]"
27.335564853556484,6,2.421012414590023,5.897381888780731,0.04945432932826051,0.8747589146216284,"[10.90919394358256, 82.00358027651173, 160.76867745383254, 248.5712237547049, 272.8429234327913, 317.04193747067836]"
27.539748953974893,3,0.8550560764049815,4.624343402159748,0.01986241216285951,0.5024632548701153,"[2.804672768663305, 75.38299889764302, 269.40252732656324]"
27.539748953974893,4,1.9241309228475831,5.601510346954914,0.06745622678581123,0.770609215294084,"[2.804672768663305, 75.38299889764302, 155.15581609082906, 269.40252732656324]"
27.539748953974893,5,2.14953269083532,5.729581772714494,0.047082881611984984,0.8228261288996951,"[2.804672768663305, 75.38299889764302, 155.15581609082906, 269.40252732656324, 310.6743260959782]"
27.539748953974893,6,2.431971538146283,5.903629582887167,0.04923148679937915,0.8768597823673269,"[2.804672768663305, 75.38299889764302, 155.15581609082906, 240.74128458022923, 269.40252732656324, 310.6743260959782]"
27.743933054393302,3,1.1634766658531315,5.053983379347601,0.04172468722087696,0.572400392667266,"[149.60927780602458, 266.0027838652577, 355.1593378565772]"
27.743933054393302,4,1.4845881405497638,5.252660486669747,0.030097845107482802,0.6761720111827298,"[149.60927780602458, 233.00386607116366, 266.0027838652577, 355.1593378565772]"
27.743933054393302,5,2.0595872953926406,5.6773112702861885,0.03466924930013801,0.8029798667852608,"[108.21820808862233, 149.60927780602458, 233.00386607116366, 266.0027838652577, 355.1593378565772]"
27.743933054393302,6,2.2576333305856764,5.788564060964589,0.03775795360885795,0.8466844513075126,"[108.21820808862233, 149.60927780602458, 233.00386607116366, 266.0027838652577, 304.5450901102969, 355.1593378565772]"
27.948117154811715,3,0.5974456004397509,4.3941382110059894,0.018372779855704225,0.3888309313782893,"[102.78540305802078, 144.12774529139142, 262.6428856066242]"
27.948117154811715,4,0.9551487650905691,4.616465065862302,0.01783444892671341,0.5631988710686952,"[102.78540305802078, 144.12774529139142, 225.3571305833793, 262.6428856066242]"
27.948117154811715,5,2.0934625206416384,5.698658759253595,0.03683409332801822,0.8100834329678995,"[102.78540305802078, 144.12774529139142, 225.3571305833793, 262.6428856066242, 351.6031378915062]"
27.948117154811715,6,2.290339322418311,5.8091969585055105,0.03978165153209106,0.8528594989339555,"[102.78540305802078, 144.12774529139142, 225.3571305833793, 262.6428856066242, 301.1003307825972, 351.6031378915062]"
28.152301255230125,3,0.6299820527840633,4.43545960660296,0.018855168941395065,0.40240260568076464,"[95.10231432744506, 138.70993759053314, 257.0485323028849]"
28.152301255230125,4,0.9831684544317495,4.65494530154488,0.01817293293522316,0.5701756092279014,"[95.10231432744506, 138.70993759053314, 220.3890932565394, 257.0485323028849]"
28.152301255230125,5,1.4610416934038866,5.157752513694529,0.022702259375061814,0.6901626851605683,"[66.99057465059802, 95.10231432744506, 138.70993759053314, 220.3890932565394, 257.0485323028849]"
28.152301255230125,6,2.2733978618960906,5.800845422240124,0.03996044031283212,0.8489902948412485,"[7.443624480855416, 66.99057465059802, 95.10231432744506, 138.70993759053314, 220.3890932565394, 257.0485323028849]"
28.356485355648534,3,0.6813022115854679,4.484891169450184,0.019240835094790694,0.4256433424644808,"[87.50782807349208, 135.53458012920544, 251.04863385919765]"
28.356485355648534,4,1.0079179662877584,4.6859303864446,0.01844011486982271,0.5768240847913372,"[87.50782807349208, 135.53458012920544, 216.4128762304538, 251.04863385919765]"
28.356485355648534,5,2.0602611739209555,5.669634274085288,0.03916194054062483,0.8054193365067389,"[87.50782807349208, 135.53458012920544, 216.4128762304538, 251.04863385919765, 326.22659498136665]"
28.356485355648534,6,2.4159613867611673,5.893888221101964,0.045628926244994414,0.8739690691568539,"[0.8163185427201265, 87.50782807349208, 135.53458012920544, 216.4128762304538, 251.04863385919765, 326.22659498136665]"
28.560669456066943,3,1.0343389615514307,4.905559931264592,0.029168032833710684,0.5401266130704513,"[131.98698050429488, 245.1173764293389, 322.0608178778462]"
28.560669456066943,4,1.782536378141095,5.503607471578961,0.03768621450364014,0.7395258556578819,"[80.00022549613284, 131.98698050429488, 245.1173764293389, 322.0608178778462]"
28.560669456066943,5,2.1348781309184175,5.722164742325155,0.0433868478895692,0.8193363792130895,"[43.10812888463237, 80.00022549613284, 131.98698050429488, 245.1173764293389, 322.0608178778462]"
28.560669456066943,6,2.2838935448177295,5.804234461672713,0.041054365116533945,0.8519141390724889,"[43.10812888463237, 80.00022549613284, 131.98698050429488, 245.1173764293389, 322.0608178778462, 354.26483138765457]"
28.764853556485352,3,1.0303234517767887,4.899586984111747,0.028779275979003354,0.5393423271055289,"[126.74467947252667, 239.25343871860744, 316.1238408143769]"
28.764853556485352,4,1.8018486599218702,5.5171388696312995,0.03924434805859943,0.7438756521925134,"[72.57783414131914, 126.74467947252667, 239.25343871860744, 316.1238408143769]"
28.764853556485352,5,2.1028437514122067,5.704039267800534,0.040070326454159866,0.8121791852213316,"[42.63498724453795, 72.57783414131914, 126.74467947252667, 239.25343871860744, 316.1238408143769]"
28.764853556485352,6,2.232941940821152,5.774969080931122,0.03657648683286635,0.8413718320004228,"[42.63498724453795, 72.57783414131914, 126.74467947252667, 239.25343871860744, 270.7128465073979, 316.1238408143769]"
28.969037656903765,3,1.009054925439797,4.873448708728731,0.02756850953101825,0.5338901044822651,"[121.56141197454411, 233.45553479015342, 308.65150641500344]"
28.969037656903765,4,1.1345941118264038,4.941589336302438,0.018725885441090148,0.5838712448042943,"[121.56141197454411, 233.45553479015342, 267.4964235788024, 308.65150641500344]"
28.969037656903765,5,1.9174177751992085,5.577528635401846,0.028073206695076004,0.774538474532955,"[67.31026691102862, 121.56141197454411, 233.45553479015342, 267.4964235788024, 308.65150641500344]"
28.969037656903765,6,2.207173315675453,5.759755009603476,0.03474693539677693,0.836061603385876,"[40.09593304966521, 67.31026691102862, 121.56141197454411, 233.45553479015342, 267.4964235788024, 308.65150641500344]"
29.173221757322175,3,0.133194280518108,2.5583924612310103,0.009109967791509544,0.25571788683124613,"[227.72241286017027, 262.3216112454865, 304.5676045964139]"
29.173221757322175,4,0.6616644103670484,4.0743228843527755,0.014312290538106422,0.5008835316575659,"[227.72241286017027, 262.3216112454865, 304.5676045964139, 359.98237651343686]"
29.173221757322175,5,1.9452512513140996,5.59674816450861,0.028988856056931557,0.7803942060551313,"[116.43605892827918, 227.72241286017027, 262.3216112454865, 304.5676045964139, 359.98237651343686]"
29.173221757322175,6,2.188138450547137,5.7490360143370305,0.03401521411102244,0.831944975632122,"[93.89185137181248, 116.43605892827918, 227.72241286017027, 262.3216112454865, 304.5676045964139, 359.98237651343686]"
29.377405857740584,3,0.5392783969631593,4.033355330671392,0.013933280943788349,0.41657184984046025,"[222.0528541427599, 300.9679220286047, 355.8969469625691]"
29.377405857740584,4,1.3466312827502693,5.069471111733051,0.02324875283019366,0.6584658528163971,"[169.92306692727342, 222.0528541427599, 300.9679220286047, 355.8969469625691]"
29.377405857740584,5,1.4891149560856582,5.147481172323703,0.023917466761840794,0.7062338928855751,"[169.92306692727342, 222.0528541427599, 256.580661696927, 300.9679220286047, 355.8969469625691]"
29.377405857740584,6,2.429628122648738,5.899745263817465,0.05260747183670947,0.8771687462638489,"[89.24124615265417, 169.92306692727342, 222.0528541427599, 256.580661696927, 300.9679220286047, 355.8969469625691]"
29.581589958158993,3,0.5090980251724843,3.9828091698511523,0.013674137195771598,0.40330376811013735,"[84.64180675408447, 165.52672177095315, 216.44567174208245]"
29.581589958158993,4,1.7202505763380544,5.444544863716319,0.039843705088485296,0.7292533191268101,"[84.64180675408447, 165.52672177095315, 216.44567174208245, 353.83816289299125]"
29.581589958158993,5,2.1504484818215985,5.737127515930825,0.040789723753483685,0.8210127489682697,"[84.64180675408447, 165.52672177095315, 216.44567174208245, 250.7367749424585, 353.83816289299125]"
29.581589958158993,6,2.361513917108686,5.856154112555935,0.044785275005547576,0.8653172848122672,"[42.32530781310236, 84.64180675408447, 165.52672177095315, 216.44567174208245, 250.7367749424585, 353.83816289299125]"
29.785774058577406,3,0.511255890236173,3.9883394486588317,0.013707086938189936,0.40389079964479335,"[80.09258488029603, 161.1783767191461, 212.16014261418755]"
29.785774058577406,4,1.783796940379824,5.503391328752656,0.040054119310672986,0.7401069598472086,"[80.09258488029603, 161.1783767191461, 212.16014261418755, 316.66836044745463]"
29.785774058577406,5,2.160461848675826,5.742690109224608,0.04206603956530008,0.8232385577194533,"[80.09258488029603, 161.1783767191461, 212.16014261418755, 316.66836044745463, 352.75623158422377]"
29.785774058577406,6,2.4176070417363675,5.8948715149328645,0.04682845676560104,0.874272642437313,"[80.09258488029603, 161.1783767191461, 212.16014261418755, 244.02689539303324, 316.66836044745463, 352.75623158422377]"
29.989958158995815,3,0.5279507286895817,4.022856443668071,0.013903073986774175,0.40995311216464436,"[75.59265668567002, 156.87714871984164, 209.20284746600163]"
29.989958158995815,4,1.7890988159173,5.505552043565688,0.04133101643201117,0.7417241979198002,"[75.59265668567002, 156.87714871984164, 209.20284746600163, 310.4095102055639]"
29.989958158995815,5,2.067734812043398,5.667517754311386,0.038480696808005144,0.8089448694988797,"[75.59265668567002, 156.87714871984164, 209.20284746600163, 265.3910202545055, 310.4095102055639]"
29.989958158995815,6,2.486099549874308,5.934005304250569,0.062252126249546645,0.8872224419315772,"[75.59265668567002, 156.87714871984164, 209.20284746600163, 265.3910202545055, 310.4095102055639, 351.68602368141217]"
30.194142259414225,3,1.0529998913060974,4.920363945952499,0.02928060644812015,0.5465674134120201,"[72.0820933753739, 152.62217732390621, 262.35364622358]"
30.194142259414225,4,1.3999804259287207,5.1274857206939135,0.02447128349674144,0.669149115737057,"[72.0820933753739, 152.62217732390621, 206.27735589315196, 262.35364622358]"
30.194142259414225,5,2.04157568693173,5.648285234681352,0.037477312178082055,0.8041593367687401,"[72.0820933753739, 152.62217732390621, 206.27735589315196, 262.35364622358, 304.4151523344759]"
30.194142259414225,6,2.501190629052034,5.943043970427116,0.06667429386277518,0.889895006885912,"[72.0820933753739, 152.62217732390621, 206.27735589315196, 262.35364622358, 304.4151523344759, 350.6273250923339]"
30.398326359832634,3,1.1271557492903255,5.03163678906285,0.03633031213855768,0.5594679688249172,"[68.38681646225535, 148.59897962013704, 298.4847788806985]"
30.398326359832634,4,1.4675255624623842,5.256775100903807,0.02710297520284226,0.6673547325783948,"[68.38681646225535, 148.59897962013704, 298.4847788806985, 326.47997911994446]"
30.398326359832634,5,2.1231747214802317,5.72134676573382,0.03923372575666755,0.8150777864240922,"[68.38681646225535, 148.59897962013704, 203.38309133037785, 298.4847788806985, 326.47997911994446]"
30.398326359832634,6,2.362227633697195,5.857765154818538,0.046069503170447584,0.8651027590513776,"[68.38681646225535, 148.59897962013704, 203.38309133037785, 253.60957503182806, 298.4847788806985, 326.47997911994446]"
30.602510460251043,3,0.47921272303211776,4.429967543205006,0.01616110247980991,0.30685776348636434,"[144.43366217104855, 295.0431796148795, 323.7277295628826]"
30.602510460251043,4,0.9237038055360134,4.756893536677367,0.016324558648541623,0.5129744489124206,"[144.43366217104855, 264.2425272403483, 295.0431796148795, 323.7277295628826]"
30.602510460251043,5,1.6403451453801259,5.38069356405743,0.02204844839302919,0.7119812935129612,"[9.355863678553307, 144.43366217104855, 264.2425272403483, 295.0431796148795, 323.7277295628826]"
30.602510460251043,6,2.1906627095284574,5.743310007851728,0.03635842018544651,0.8345663344492399,"[9.355863678553307, 64.73069133828027, 144.43366217104855, 264.2425272403483, 295.0431796148795, 323.7277295628826]"
30.806694560669456,3,0.9105860059223655,4.768405124215486,0.02466791792535904,0.5032508808373417,"[140.31215220312558, 255.8940092387405, 321.0044259678289]"
30.806694560669456,4,1.8925670511966814,5.579868322518868,0.05539255421665622,0.7638590675646976,"[41.78807355327952, 140.31215220312558, 255.8940092387405, 321.0044259678289]"
30.806694560669456,5,1.976070422897172,5.624264135594117,0.03071646148719739,0.785020259219391,"[41.78807355327952, 140.31215220312558, 255.8940092387405, 292.02631630704434, 321.0044259678289]"
30.806694560669456,6,2.1296197732997544,5.708678239822123,0.03089409497805983,0.8211846140967048,"[4.444013962047202, 41.78807355327952, 140.31215220312558, 255.8940092387405, 292.02631630704434, 321.0044259678289]"
31.010878661087865,3,0.9607479551986997,4.8124880857159384,0.025242276326580004,0.5212907253570987,"[136.23367252357028, 246.74591420252403, 318.30955480164727]"
31.010878661087865,4,1.93102075821531,5.60747186645607,0.06632545217337125,0.7717250538900793,"[38.59157775303998, 136.23367252357028, 246.74591420252403, 318.30955480164727]"
31.010878661087865,5,2.1943532661663374,5.767425189805804,0.05346523075763622,0.8289960658975701,"[38.59157775303998, 136.23367252357028, 218.5689153163858, 246.74591420252403, 318.30955480164727]"
31.010878661087865,6,2.3009419877712554,5.824862780777092,0.03603198464956912,0.852205112722927,"[38.59157775303998, 136.23367252357028, 218.5689153163858, 246.74591420252403, 289.04095031429836, 318.30955480164727]"
31.215062761506275,3,0.9843426742123055,4.834586474789562,0.02563652824866749,0.5292215397824482,"[132.19746513632973, 240.2385411288044, 315.18720253562185]"
31.215062761506275,4,1.9517973552401893,5.622277376038207,0.08034465280911454,0.7759255515734091,"[37.34578311600091, 132.19746513632973, 240.2385411288044, 315.18720253562185]"
31.215062761506275,5,2.0982309843302525,5.703276270087007,0.03885521989646414,0.8106144492210663,"[8.672885948104536, 37.34578311600091, 132.19746513632973, 240.2385411288044, 315.18720253562185]"
31.215062761506275,6,2.296258786447114,5.8170021523141475,0.04142129719701883,0.852770652797923,"[8.672885948104536, 37.34578311600091, 103.78255582165826, 132.19746513632973, 240.2385411288044, 315.18720253562185]"
31.419246861924684,3,0.9731820570098757,4.816969455929471,0.0249094815027931,0.5270552844555907,"[128.20279063765284, 234.67784137693883, 309.48475680054526]"
31.419246861924684,4,1.958329597398313,5.6271212822285355,0.08810655309517677,0.7771826565216917,"[33.97805424714943, 128.20279063765284, 234.67784137693883, 309.48475680054526]"
31.419246861924684,5,2.0767998168912736,5.691441560773596,0.034870866761718,0.8056750951355175,"[33.97805424714943, 128.20279063765284, 234.67784137693883, 263.7374974632609, 309.48475680054526]"
31.419246861924684,6,2.2747093369865676,5.804819330052497,0.037902204964110044,0.848317370313416,"[33.97805424714943, 99.16077399624427, 128.20279063765284, 234.67784137693883, 263.7374974632609, 309.48475680054526]"
31.623430962343093,3,0.9617700344082294,4.798798527569806,0.02422936185772607,0.5248268821543317,"[124.24892763469919, 229.17395238004656, 303.84056996486265]"
31.623430962343093,4,1.0827353605482928,4.864409546811927,0.01863353185184883,0.5750053959022565,"[124.24892763469919, 229.17395238004656, 260.54219543260217, 303.84056996486265]"
31.623430962343093,5,1.5780894049841563,5.311550962063794,0.021897043290427003,0.7029084475206524,"[94.5862104934409, 124.24892763469919, 229.17395238004656, 260.54219543260217, 303.84056996486265]"
31.623430962343093,6,1.8249627594896012,5.458178672818468,0.02747449698283324,0.7697831036658722,"[94.5862104934409, 124.24892763469919, 153.72742091455785, 229.17395238004656, 260.54219543260217, 303.84056996486265]"
31.827615062761506,3,0.9718627891999624,4.8079259047734375,0.024355238215682473,0.5283227180930953,"[120.3351721861683, 223.7258942319506, 300.24677848143574]"
31.827615062761506,4,1.1028716426136098,4.879257603897569,0.018961099415456917,0.5821398624842259,"[120.3351721861683, 223.7258942319506, 257.37930619672056, 300.24677848143574]"
31.827615062761506,5,1.607159383881788,5.332563148683695,0.02238097907574167,0.7102263782022864,"[90.05805086313153, 120.3351721861683, 223.7258942319506, 257.37930619672056, 300.24677848143574]"
31.827615062761506,6,1.85036195052978,5.476135805666955,0.028272879265790498,0.7753863182257693,"[90.05805086313153, 120.3351721861683, 150.42841229126907, 223.7258942319506, 257.37930619672056, 300.24677848143574]"
32.03179916317992,3,0.14183829512566803,2.6139428024448206,0.0092139834369921,0.2608622320764736,"[218.3327105701459, 253.21287393331596, 297.03667232485964]"
32.03179916317992,4,1.1264824686922303,4.898635858204976,0.019361826784206476,0.5899075937915058,"[116.46083726397322, 218.3327105701459, 253.21287393331596, 297.03667232485964]"
32.03179916317992,5,1.3657027666114072,5.039033066805072,0.022742951937681194,0.6758831768029107,"[116.46083726397322, 147.16263227871673, 218.3327105701459, 253.21287393331596, 297.03667232485964]"
32.03179916317992,6,1.8648131305206703,5.485756754431696,0.02895535893794103,0.7787034332401921,"[86.47435819307327, 116.46083726397322, 147.16263227871673, 218.3327105701459, 253.21287393331596, 297.03667232485964]"
32.23598326359833,3,0.4248969772741463,3.983555131234314,0.014108957785916901,0.33647425595151115,"[112.62525223503184, 212.99346785443592, 247.80981612980437]"
32.23598326359833,4,1.1480383842980262,4.916696997827189,0.019775587580869003,0.5967870399742613,"[112.62525223503184, 212.99346785443592, 247.80981612980437, 293.85867265195054]"
32.23598326359833,5,2.071628817334467,5.683461743855379,0.036169558817140374,0.805927408070432,"[2.3745711424506712, 112.62525223503184, 212.99346785443592, 247.80981612980437, 293.85867265195054]"
32.23598326359833,6,2.301120110393846,5.817518707925108,0.041637748766698006,0.8544242675860616,"[2.3745711424506712, 112.62525223503184, 142.7100426015351, 212.99346785443592, 247.80981612980437, 293.85867265195054]"
32.44016736401674,3,0.4870032342525369,4.217317060906686,0.01638144258819859,0.3440877439933426,"[207.70725467234703, 242.46042167345706, 357.6402274142825]"
32.44016736401674,4,1.6977184365354359,5.455317727043452,0.03493643045788718,0.7168617853703132,"[108.82776236229121, 207.70725467234703, 242.46042167345706, 357.6402274142825]"
32.44016736401674,5,2.078275667096846,5.68716283621871,0.036460673591561625,0.8074612511017818,"[108.82776236229121, 207.70725467234703, 242.46042167345706, 290.71223697593683, 357.6402274142825]"
32.44016736401674,6,2.338254910397138,5.845665185771758,0.0412432419677594,0.85987207392994,"[81.57193433349138, 108.82776236229121, 207.70725467234703, 242.46042167345706, 290.71223697593683, 357.6402274142825]"
32.64435146443515,3,0.40207709998004293,3.9220877482021432,0.013710658159267499,0.32846159026782906,"[105.06772832415663, 203.34352796498584, 237.16378997375008]"
32.64435146443515,4,1.6858787947251295,5.447079289575565,0.03437622906279299,0.7140174372703239,"[105.06772832415663, 203.34352796498584, 237.16378997375008, 353.9212907615597]"
32.64435146443515,5,1.9363054970354154,5.59997503900945,0.028812126063396736,0.7759103767152504,"[79.15701232383982, 105.06772832415663, 203.34352796498584, 237.16378997375008, 353.9212907615597]"
32.64435146443515,6,2.233953275022097,5.78517366834686,0.031921124734072985,0.8387859507698384,"[79.15701232383982, 105.06772832415663, 203.34352796498584, 237.16378997375008, 324.63391963640004, 353.9212907615597]"
32.848535564853556,3,0.375298693916007,3.8814220358831464,0.0135225914059776,0.3130438547764988,"[101.34452575152038, 200.40909050382874, 231.9190415032178]"
32.848535564853556,4,0.6158352580225893,4.020895939376791,0.01414172283468073,0.4786617742101266,"[101.34452575152038, 135.71562833903454, 200.40909050382874, 231.9190415032178]"
32.848535564853556,5,0.9934916560259772,4.582933752805237,0.018471081468421528,0.5944111249432331,"[76.7657457161813, 101.34452575152038, 135.71562833903454, 200.40909050382874, 231.9190415032178]"
32.848535564853556,6,2.1434962476503054,5.718215083989983,0.03241835537396504,0.8237807097546892,"[76.7657457161813, 101.34452575152038, 135.71562833903454, 200.40909050382874, 231.9190415032178, 318.5901458319152]"
33.052719665271965,3,0.3697310168258048,3.8797883128042123,0.013536573629342918,0.3086595283744791,"[126.86600818979312, 226.72531716902103, 257.555101303542]"
33.052719665271965,4,0.8210046718045707,4.535708636842634,0.016398583651868585,0.501493369041589,"[97.6575447816432, 126.86600818979312, 226.72531716902103, 257.555101303542]"
33.052719665271965,5,1.217844268287493,4.96882347900719,0.018490857497548197,0.6198612442761178,"[74.39774281965963, 97.6575447816432, 126.86600818979312, 226.72531716902103, 257.555101303542]"
33.052719665271965,6,2.02511203334828,5.641336268235651,0.02866646959614317,0.7996407955011381,"[74.39774281965963, 97.6575447816432, 126.86600818979312, 226.72531716902103, 257.555101303542, 312.60516957326377]"
33.25690376569038,3,0.4108275401883985,3.9726433018402103,0.01409054644384612,0.3271223888399656,"[119.84244433109943, 221.58177770723515, 254.88809169276672]"
33.25690376569038,4,1.2164835287149245,4.994467736438605,0.020639035311325705,0.6128266919893429,"[119.84244433109943, 221.58177770723515, 254.88809169276672, 306.67802373659794]"
33.25690376569038,5,1.9350081626829803,5.5851768629151275,0.02920085530226882,0.7795048199390782,"[72.05262098412301, 119.84244433109943, 221.58177770723515, 254.88809169276672, 306.67802373659794]"
33.25690376569038,6,1.9688898585780124,5.602686983589558,0.02724450923701178,0.7882038773313134,"[72.05262098412301, 92.26564366305955, 119.84244433109943, 221.58177770723515, 254.88809169276672, 306.67802373659794]"
33.46108786610879,3,0.44601841900793904,4.037246246661536,0.014485576809560844,0.3438683296519732,"[114.2979571762239, 216.48760309890054, 252.24667856852895]"
33.46108786610879,4,1.2124336368129653,4.989589589998048,0.020475054071058502,0.6119813547677245,"[114.2979571762239, 216.48760309890054, 252.24667856852895, 300.80776337496053]"
33.46108786610879,5,2.125340896595178,5.719896123008356,0.04020595760779147,0.8163232755788319,"[41.34654824686989, 114.2979571762239, 216.48760309890054, 252.24667856852895, 300.80776337496053]"
33.46108786610879,6,2.2358751105350523,5.779662024937836,0.03499422504522804,0.8411094634294155,"[41.34654824686989, 69.73000633388101, 114.2979571762239, 216.48760309890054, 252.24667856852895, 300.80776337496053]"
33.6652719665272,3,0.6290232952330506,4.577004308820947,0.018004707384935405,0.3773235839504192,"[38.47236885294196, 211.44199200691133, 249.63044642439024]"
33.6652719665272,4,1.5265509945079754,5.2939396423548715,0.027219184167368717,0.6844838561379423,"[38.47236885294196, 108.80632643348068, 211.44199200691133, 249.63044642439024]"
33.6652719665272,5,2.109864739594772,5.7090403545282165,0.038690964358020025,0.8134638400714058,"[38.47236885294196, 108.80632643348068, 211.44199200691133, 249.63044642439024, 294.99346506938554]"
33.6652719665272,6,2.2116114513601817,5.763724751603243,0.033664528950167485,0.8365891513059487,"[38.47236885294196, 67.42953351096182, 108.80632643348068, 211.44199200691133, 249.63044642439024, 294.99346506938554]"
33.86945606694561,3,0.6415725190877422,4.592971137171846,0.01815637720334699,0.38218020120966784,"[35.785776752529685, 206.4441612328844, 245.32856103905903]"
33.86945606694561,4,1.2210542899436527,5.009801672725336,0.020159271361420903,0.6113695029556049,"[35.785776752529685, 206.4441612328844, 245.32856103905903, 289.2342263030223]"
33.86945606694561,5,2.0891360862087347,5.69481576559106,0.03669508666302922,0.8095007165127667,"[35.785776752529685, 103.36669967166983, 206.4441612328844, 245.32856103905903, 289.2342263030223]"
33.86945606694561,6,2.313999106194564,5.82984708083946,0.03975028463875339,0.8555762579608759,"[35.785776752529685, 103.36669967166983, 206.4441612328844, 245.32856103905903, 289.2342263030223, 313.97300354775837]"
34.07364016736402,3,0.6151713079780894,4.572097968307015,0.017757919542396763,0.36980678937199435,"[33.27193389526912, 203.28086403608594, 240.31150959291637]"
34.07364016736402,4,1.3534493048352894,5.099078609001806,0.024387587992744413,0.6541365903784377,"[33.27193389526912, 203.28086403608594, 240.31150959291637, 310.0573516864286]"
34.07364016736402,5,1.9195337891917925,5.565275921877372,0.032992391061604974,0.778811261984012,"[33.27193389526912, 167.33239919153002, 203.28086403608594, 240.31150959291637, 310.0573516864286]"
34.07364016736402,6,2.086109363790462,5.657391811528439,0.034559700673933255,0.8190575565630507,"[33.27193389526912, 167.33239919153002, 203.28086403608594, 240.31150959291637, 310.0573516864286, 354.7266033090246]"
34.27782426778243,3,0.5769920082234152,4.5373852692228445,0.017248108344192478,0.3521829674036157,"[29.549287539668565, 200.80740193021438, 235.3413433882029]"
34.27782426778243,4,1.32452783435361,5.074528219047116,0.024021682626854033,0.6463676456185571,"[29.549287539668565, 200.80740193021438, 235.3413433882029, 304.3607630417725]"
34.27782426778243,5,1.8925326718220477,5.546465482904782,0.031611051049599215,0.7730732046139329,"[29.549287539668565, 164.9470292996512, 200.80740193021438, 235.3413433882029, 304.3607630417725]"
34.27782426778243,6,2.2889028558305173,5.814401333559839,0.03702943861953816,0.8507994775912534,"[29.549287539668565, 133.35796453722253, 164.9470292996512, 200.80740193021438, 235.3413433882029, 304.3607630417725]"
34.48200836820084,3,0.5370812942281942,4.497154005820441,0.016771097879643322,0.33371395664880465,"[24.064632527989957, 198.3569037319986, 230.4173207801459]"
34.48200836820084,4,1.2780515836002695,5.028173570472175,0.023177046705280032,0.6352398359707525,"[24.064632527989957, 198.3569037319986, 230.4173207801459, 298.71706218354313]"
34.48200836820084,5,2.171495633210321,5.7491358775705965,0.04980114221437315,0.8255885824860016,"[24.064632527989957, 130.41671401559435, 198.3569037319986, 230.4173207801459, 298.71706218354313]"
34.48200836820084,6,2.383867517492394,5.876829124855936,0.0441701279512324,0.8673729086913831,"[24.064632527989957, 107.396336625298, 130.41671401559435, 198.3569037319986, 230.4173207801459, 298.71706218354313]"
34.68619246861925,3,0.8402082517877951,4.619753784287523,0.020027731827639388,0.49471963413360587,"[126.52156747299915, 225.53871648991108, 293.1254178286387]"
34.68619246861925,4,1.0614847171909005,4.748468631655487,0.018976025279373348,0.5915840591620765,"[126.52156747299915, 195.92900849783226, 225.53871648991108, 293.1254178286387]"
34.68619246861925,5,1.4792886208829077,5.175529830855821,0.0251261866848432,0.6939898973286758,"[102.1232059871605, 126.52156747299915, 195.92900849783226, 225.53871648991108, 293.1254178286387]"
34.68619246861925,6,2.3207202787218044,5.834343212692504,0.04348334620147755,0.8567393495930565,"[37.371958253805246, 102.1232059871605, 126.52156747299915, 195.92900849783226, 225.53871648991108, 293.1254178286387]"
34.890376569037656,3,1.0755597281712928,4.933015696566407,0.02875928258790496,0.5554172988275712,"[31.361894096080228, 122.14869480617632, 220.70482114354274]"
34.890376569037656,4,1.2440062222681707,5.028753234675327,0.021926651137883873,0.6181754686693911,"[31.361894096080228, 96.89839984670242, 122.14869480617632, 220.70482114354274]"
34.890376569037656,5,2.1082927978151758,5.711147814122848,0.04109611322394786,0.8122579823666984,"[31.361894096080228, 96.89839984670242, 122.14869480617632, 220.70482114354274, 287.58501692344123]"
34.890376569037656,6,2.4010652897217164,5.8828208080768505,0.05529713902499755,0.8718516499722107,"[31.361894096080228, 96.89839984670242, 122.14869480617632, 220.70482114354274, 287.58501692344123, 331.08236726901964]"
35.09456066945607,3,0.954269174178962,4.843926414515029,0.026845647604066138,0.5110762328888067,"[26.096147318176353, 91.7211681735941, 215.91494082666006]"
35.09456066945607,4,1.2556372870143673,5.038510178456522,0.02215317618949831,0.6215410075319964,"[26.096147318176353, 91.7211681735941, 117.81563932726812, 215.91494082666006]"
35.09456066945607,5,2.0543884657718734,5.67321078077725,0.036149424581223694,0.8021112232242351,"[26.096147318176353, 91.7211681735941, 117.81563932726812, 215.91494082666006, 328.4730333649735]"
35.09456066945607,6,2.380139023865036,5.870926845880528,0.04856112216872337,0.867758449378363,"[26.096147318176353, 91.7211681735941, 117.81563932726812, 215.91494082666006, 253.41954116317885, 328.4730333649735]"
35.29874476987448,3,0.6178269598755451,4.512400719075151,0.01822635250084481,0.3812952543494255,"[24.88164744696521, 211.16839665426866, 250.3699773775388]"
35.29874476987448,4,1.524534676703099,5.311736776159755,0.02466416972341365,0.6790067325414523,"[24.88164744696521, 86.59077718229999, 211.16839665426866, 250.3699773775388]"
35.29874476987448,5,1.9650714607878639,5.590497615407816,0.035204168933610565,0.7901094919808445,"[24.88164744696521, 86.59077718229999, 164.5934237614103, 211.16839665426866, 250.3699773775388]"
35.29874476987448,6,2.091417606915541,5.65969126812594,0.0378688426195326,0.820474600478711,"[24.88164744696521, 86.59077718229999, 113.52178689852, 164.5934237614103, 211.16839665426866, 250.3699773775388]"
35.50292887029289,3,0.7070036913951165,4.625292813232845,0.01947136697143139,0.4152915377531049,"[23.67806604246202, 162.00071817758155, 206.46452435509252]"
35.50292887029289,4,1.2908993876784325,5.015291427819534,0.02241812130952707,0.6449260372133172,"[23.67806604246202, 81.50650888279478, 162.00071817758155, 206.46452435509252]"
35.50292887029289,5,1.9087796979039013,5.547636425071378,0.03220334814611297,0.7793807754883417,"[23.67806604246202, 81.50650888279478, 162.00071817758155, 206.46452435509252, 245.04059590264453]"
35.50292887029289,6,2.0464473707206827,5.623485706821086,0.03674783153939006,0.8132035258382503,"[23.67806604246202, 81.50650888279478, 109.26653660214232, 162.00071817758155, 206.46452435509252, 245.04059590264453]"
35.7071129707113,3,0.4198338560972006,3.8210035637414546,0.012912668796544936,0.36135364215913757,"[76.46766064634977, 160.42600282309564, 201.80267386984718]"
35.7071129707113,4,1.2261879908533828,4.951961782640195,0.0215790320998472,0.6283655310018542,"[22.485236773776606, 76.46766064634977, 160.42600282309564, 201.80267386984718]"
35.7071129707113,5,1.8422163144128745,5.497324887176331,0.029341299577621435,0.766033354015098,"[22.485236773776606, 76.46766064634977, 160.42600282309564, 201.80267386984718, 239.73944566438996]"
35.7071129707113,6,2.235802448185665,5.775251764756154,0.03701642644771635,0.8423672007883448,"[22.485236773776606, 76.46766064634977, 160.42600282309564, 201.80267386984718, 239.73944566438996, 353.82620394425714]"
35.91129707112971,3,0.40639643785326796,3.830488361180165,0.013026358336883453,0.34805787347942674,"[71.47354478580132, 159.59734203773138, 197.8224057485135]"
35.91129707112971,4,0.9615740087096682,4.652809464688136,0.018350612386561663,0.558164284077615,"[71.47354478580132, 159.59734203773138, 197.8224057485135, 234.4853563880877]"
35.91129707112971,5,1.7652912632861475,5.439413685502634,0.026754725325760457,0.7497596369485728,"[21.302996847084383, 71.47354478580132, 159.59734203773138, 197.8224057485135, 234.4853563880877]"
35.91129707112971,6,1.9383360368112164,5.536701220355297,0.03340101103379076,0.7945784054292616,"[21.302996847084383, 71.47354478580132, 100.86950266680992, 159.59734203773138, 197.8224057485135, 234.4853563880877]"
36.11548117154812,3,0.8134797877636843,4.556420692557486,0.01877551437807489,0.4923897454189441,"[67.66890646793445, 158.7759918860354, 229.27761988078106]"
36.11548117154812,4,1.5836147886927623,5.323873561703309,0.03126922449174737,0.7021080417371101,"[20.13118690955622, 67.66890646793445, 158.7759918860354, 229.27761988078106]"
36.11548117154812,5,1.6893181119331484,5.380662992970002,0.02488536495740964,0.7332460276975422,"[20.13118690955622, 67.66890646793445, 158.7759918860354, 195.23342852985246, 229.27761988078106]"
36.11548117154812,6,1.873932395686368,5.485402473791327,0.03128161436168299,0.7826125123489411,"[20.13118690955622, 67.66890646793445, 96.72658008150853, 158.7759918860354, 195.23342852985246, 229.27761988078106]"
36.31966527196653,3,0.7808230114219387,4.504295197576797,0.018078874533919594,0.48362503889520075,"[65.58530940304736, 156.03838091791164, 224.11554282904413]"
36.31966527196653,4,1.5396716381644875,5.282677361250945,0.029714512042097088,0.6933137284023168,"[18.969650956455787, 65.58530940304736, 156.03838091791164, 224.11554282904413]"
36.31966527196653,5,1.7141010599408688,5.381578994450715,0.029289744276492762,0.7437497768583613,"[18.969650956455787, 65.58530940304736, 92.61998106777196, 156.03838091791164, 224.11554282904413]"
36.31966527196653,6,2.1097509380006394,5.683197229471371,0.035978481293491155,0.8208344902739078,"[18.969650956455787, 65.58530940304736, 92.61998106777196, 156.03838091791164, 224.11554282904413, 353.0031560141455]"
36.52384937238494,3,0.9871992238819137,4.901987774397213,0.026894914176856594,0.5162620739195138,"[17.818236241278, 153.2710727830477, 218.99844639962654]"
36.52384937238494,4,1.5605637102110288,5.279300641968399,0.02824069380143422,0.7036206525330437,"[17.818236241278, 88.5491655918249, 153.2710727830477, 218.99844639962654]"
36.52384937238494,5,1.6579712246874108,5.33176566172247,0.02798931798240981,0.7329000412430425,"[17.818236241278, 63.51986810989737, 88.5491655918249, 153.2710727830477, 218.99844639962654]"
36.52384937238494,6,2.0505699010383496,5.639351455829104,0.034409814522870244,0.8102632082828677,"[17.818236241278, 63.51986810989737, 88.5491655918249, 153.2710727830477, 218.99844639962654, 352.7335936859104]"
36.72803347280335,3,0.879099542245324,4.7238222943346635,0.023257493687180518,0.4950633940294314,"[150.5277305251059, 213.92566585309902, 327.53238893003123]"
36.72803347280335,4,1.6439795624879945,5.396176356465002,0.02879452011630472,0.7094699554966096,"[16.676793188815523, 150.5277305251059, 213.92566585309902, 327.53238893003123]"
36.72803347280335,5,2.2032866856243807,5.761693004169453,0.05668070138965953,0.8340280273970004,"[16.676793188815523, 84.51360483198235, 150.5277305251059, 213.92566585309902, 327.53238893003123]"
36.72803347280335,6,2.240937677199274,5.781182998277499,0.040619806392352006,0.8425704211526727,"[16.676793188815523, 84.51360483198235, 150.5277305251059, 213.92566585309902, 327.53238893003123, 352.4663658637247]"
36.932217573221756,3,1.2921310638020311,5.189095281614446,0.15176396333988532,0.603021978011312,"[80.51278088124386, 208.89655017000877, 325.3702618892571]"
36.932217573221756,4,1.79913327849393,5.51315604884525,0.03730213730934477,0.7438281844626057,"[80.51278088124386, 147.80800207500678, 208.89655017000877, 325.3702618892571]"
36.932217573221756,5,2.182319163516877,5.746463222043227,0.05322125734798128,0.8304755813447807,"[14.925951081403127, 80.51278088124386, 147.80800207500678, 208.89655017000877, 325.3702618892571]"
36.932217573221756,6,2.2206326681108663,5.766309361927991,0.040847275534365644,0.839248766216895,"[14.925951081403127, 80.51278088124386, 147.80800207500678, 208.89655017000877, 325.3702618892571, 352.20143825268656]"
37.13640167364017,3,1.2925178129616763,5.189592435171159,0.1692185724321801,0.6030869033055414,"[76.5461864594579, 203.9104616890647, 323.22663318558864]"
37.13640167364017,4,1.6671503097874736,5.422744490680604,0.03190615582596542,0.7124367895029431,"[76.5461864594579, 203.9104616890647, 283.64243703881573, 323.22663318558864]"
37.13640167364017,5,2.1628484779955675,5.7383915963950844,0.04849516719964984,0.8253831443583436,"[76.5461864594579, 145.11154258771953, 203.9104616890647, 283.64243703881573, 323.22663318558864]"
37.13640167364017,6,2.4416845714130333,5.909563243107973,0.05366271202996716,0.8785948504668711,"[76.5461864594579, 145.11154258771953, 203.9104616890647, 283.64243703881573, 323.22663318558864, 351.9387772615857]"
37.34058577405858,3,0.4326140977639078,3.7713906764329046,0.012566440710404353,0.3822147877340858,"[198.96677575690484, 248.01895573127507, 321.10123426685675]"
37.34058577405858,4,1.7238731129981235,5.45911817562904,0.03340820028049818,0.7268924677617655,"[72.61332463470056, 198.96677575690484, 248.01895573127507, 321.10123426685675]"
37.34058577405858,5,1.8382011079370102,5.520909734513019,0.025942883330948557,0.7578471022683885,"[72.61332463470056, 198.96677575690484, 248.01895573127507, 279.0914034836953, 321.10123426685675]"
37.34058577405858,6,2.2247539316446594,5.769902039900146,0.03508317736124233,0.8397595804805347,"[72.61332463470056, 163.6123032646782, 198.96677575690484, 248.01895573127507, 279.0914034836953, 321.10123426685675]"
37.54476987447699,3,0.5095357242329384,4.311342404536558,0.01721266323585425,0.34447639780304207,"[161.47101155008576, 195.82586849776158, 318.99380202750274]"
37.54476987447699,4,1.6707914962800414,5.4330192356217815,0.034695030562845695,0.7112948018901741,"[68.71370855351653, 161.47101155008576, 195.82586849776158, 318.99380202750274]"
37.54476987447699,5,2.097332551915786,5.701534683453845,0.037510529608986994,0.8107624386951794,"[68.71370855351653, 161.47101155008576, 195.82586849776158, 241.3230589335747, 318.99380202750274]"
37.54476987447699,6,2.320089512759461,5.827842645922196,0.042619296969097636,0.858418306483613,"[68.71370855351653, 111.12271810798188, 161.47101155008576, 195.82586849776158, 241.3230589335747, 318.99380202750274]"
37.7489539748954,3,0.5397296966314693,4.360746732523301,0.017548088504821074,0.35666824933442787,"[157.36177687725115, 193.38238123892293, 317.9928790456907]"
37.7489539748954,4,1.331363162243961,5.153212708637971,0.020642896252360342,0.6300140893126438,"[108.26801083032858, 157.36177687725115, 193.38238123892293, 317.9928790456907]"
37.7489539748954,5,1.905646555329817,5.566156776590326,0.027788745087460053,0.7729321091576699,"[64.846861179694, 108.26801083032858, 157.36177687725115, 193.38238123892293, 317.9928790456907]"
37.7489539748954,6,2.1294722194073996,5.70077094225359,0.03331637708156821,0.8234071997376649,"[40.428186419213816, 64.846861179694, 108.26801083032858, 157.36177687725115, 193.38238123892293, 317.9928790456907]"
37.95313807531381,3,0.7700540516540517,4.712715593054683,0.020321296684348532,0.43570105498315326,"[105.43714999987877, 153.12296268203403, 317.25412090106295]"
37.95313807531381,4,1.332663298969126,5.112699285885267,0.021976780586396086,0.64066323526044,"[62.128102954400674, 105.43714999987877, 153.12296268203403, 317.25412090106295]"
37.95313807531381,5,1.905640200191653,5.564623920922104,0.027880378312478835,0.7733554192633397,"[62.128102954400674, 105.43714999987877, 153.12296268203403, 190.95930535128358, 317.25412090106295]"
37.95313807531381,6,2.119062360880279,5.692090194135439,0.03325020053060935,0.8218831095473909,"[38.18432511434548, 62.128102954400674, 105.43714999987877, 153.12296268203403, 190.95930535128358, 317.25412090106295]"
38.15732217573222,3,0.7465162739969338,4.686541169972601,0.019924638256548097,0.42711445601067305,"[102.62979738445262, 148.84612193267697, 316.5214975989283]"
38.15732217573222,4,1.291034638478329,5.069783382827991,0.021428409257070874,0.6312028504041193,"[60.180161618336186, 102.62979738445262, 148.84612193267697, 316.5214975989283]"
38.15732217573222,5,1.5065302223338195,5.19776105269702,0.023840235507227976,0.7007370673773379,"[35.21085782180189, 60.180161618336186, 102.62979738445262, 148.84612193267697, 316.5214975989283]"
38.15732217573222,6,2.113450231573781,5.685924474001858,0.03346178700013373,0.8214851479630471,"[35.21085782180189, 60.180161618336186, 102.62979738445262, 148.84612193267697, 188.55635132494294, 316.5214975989283]"
38.36150627615063,3,0.7193456489441625,4.655132031400082,0.019497813793057924,0.4171415770490583,"[99.8456214564355, 144.41391947587468, 315.79492262188427]"
38.36150627615063,4,1.5904712028873753,5.345784499511994,0.028503849838087677,0.6993793086035883,"[99.8456214564355, 144.41391947587468, 248.52918107686932, 315.79492262188427]"
38.36150627615063,5,1.7782054448665388,5.458043167552169,0.029043541812228985,0.7500977580235864,"[99.8456214564355, 144.41391947587468, 227.9408766022558, 248.52918107686932, 315.79492262188427]"
38.36150627615063,6,2.433007288447503,5.9057472055273355,0.051864173429500726,0.8766042415267717,"[32.26193861117111, 99.8456214564355, 144.41391947587468, 227.9408766022558, 248.52918107686932, 315.79492262188427]"
38.56569037656904,3,1.0321387634788632,4.951114047161724,0.02857105695419511,0.5291052763252064,"[97.08429722288844, 246.07499401340408, 315.07431115785596]"
38.56569037656904,4,1.3971474923239835,5.220327766630174,0.022661252243087893,0.6442531878137101,"[97.08429722288844, 221.33068721977625, 246.07499401340408, 315.07431115785596]"
38.56569037656904,5,1.8186748751337671,5.48738492583151,0.030553913838973303,0.7589865491064568,"[97.08429722288844, 140.018095228995, 221.33068721977625, 246.07499401340408, 315.07431115785596]"
38.56569037656904,6,1.9458910842765664,5.557819473592365,0.03191173530256884,0.7916250345348324,"[97.08429722288844, 140.018095228995, 163.20780993238097, 221.33068721977625, 246.07499401340408, 315.07431115785596]"
38.76987447698745,3,1.0343872294337668,4.952908181694983,0.0287051603441507,0.5298738172015627,"[94.34550606088233, 243.64083370811704, 312.8854210221657]"
38.76987447698745,4,1.4515941392991885,5.258560118531854,0.02384102303624341,0.6596618727907528,"[94.34550606088233, 214.77443857647015, 243.64083370811704, 312.8854210221657]"
38.76987447698745,5,1.8830592806115949,5.526194386203813,0.03474148201263141,0.7748569657952307,"[94.34550606088233, 160.89328369486535, 214.77443857647015, 243.64083370811704, 312.8854210221657]"
38.76987447698745,6,1.967613904692289,5.571318818147793,0.032015479321095656,0.7965879338316628,"[94.34550606088233, 135.65814196786738, 160.89328369486535, 214.77443857647015, 243.64083370811704, 312.8854210221657]"
38.97405857740586,3,1.2435044309989767,5.138982424391051,0.06374405038212641,0.5917018626348031,"[91.62893555787512, 208.8341597429233, 309.59732765081634]"
38.97405857740586,4,1.4769078076121716,5.275458968400915,0.024619374592701793,0.6668724120022894,"[91.62893555787512, 208.8341597429233, 239.38038693904454, 309.59732765081634]"
38.97405857740586,5,1.876712018105449,5.520704454978668,0.034467731684694934,0.7737817859108153,"[91.62893555787512, 158.59753592391553, 208.8341597429233, 239.38038693904454, 309.59732765081634]"
38.97405857740586,6,2.4607698903582182,5.91937957098501,0.059234062114396704,0.8825279927041526,"[40.05832157183984, 91.62893555787512, 158.59753592391553, 208.8341597429233, 239.38038693904454, 309.59732765081634]"
39.17824267782427,3,1.0151396348239472,4.935819681595243,0.027719273870154878,0.5236210265716649,"[88.93427935693907, 156.32030772022034, 306.3357589992555]"
39.17824267782427,4,1.6247797500683587,5.371123395540591,0.02995957237273446,0.7077405869893206,"[88.93427935693907, 156.32030772022034, 204.17765228905225, 306.3357589992555]"
39.17824267782427,5,1.8655910284392858,5.512588760196362,0.034200418664660684,0.7714630289370917,"[88.93427935693907, 156.32030772022034, 204.17765228905225, 234.93677881657493, 306.3357589992555]"
39.17824267782427,6,2.448700733955266,5.912019959532357,0.055912133234770275,0.8803873470073674,"[38.206367337079094, 88.93427935693907, 156.32030772022034, 204.17765228905225, 234.93677881657493, 306.3357589992555]"
39.38242677824268,3,1.0122725288365477,4.933465685173807,0.027570087069471415,0.5226405370984801,"[86.26123700667537, 153.35444473865377, 303.1003514059283]"
39.38242677824268,4,1.6073588193347794,5.35859186130006,0.02911091949141161,0.7034307369348707,"[86.26123700667537, 153.35444473865377, 199.55849470442533, 303.1003514059283]"
39.38242677824268,5,1.855602067934479,5.505109342011293,0.033678005669036774,0.7694188346687386,"[86.26123700667537, 153.35444473865377, 199.55849470442533, 230.52881289676216, 303.1003514059283]"
39.38242677824268,6,2.445329687548452,5.910035174217105,0.05494309013400711,0.8797659579567452,"[35.037557706640264, 86.26123700667537, 153.35444473865377, 199.55849470442533, 230.52881289676216, 303.1003514059283]"
39.58661087866109,3,0.9971702970221445,4.9197178918143205,0.026892164020923034,0.5177245956266062,"[83.203558305776, 148.92522827502995, 299.8907481810417]"
39.58661087866109,4,1.5976363064934342,5.351652660858786,0.02847892067281593,0.7009902028016883,"[83.203558305776, 148.92522827502995, 194.97617774675552, 299.8907481810417]"
39.58661087866109,5,1.853331531664112,5.503284075775792,0.033091739331223245,0.7689872089128067,"[83.203558305776, 148.92522827502995, 194.97617774675552, 226.156003220294, 299.8907481810417]"
39.58661087866109,6,2.447125602797829,5.911126468794549,0.05554390220368432,0.8800870333978393,"[31.445662685524862, 83.203558305776, 148.92522827502995, 194.97617774675552, 226.156003220294, 299.8907481810417]"
39.7907949790795,3,0.9695758620277164,4.893763752686345,0.02580305633291046,0.5087514491397186,"[79.31647111730233, 142.6838227733607, 296.70659943564084]"
39.7907949790795,4,1.6157407953470753,5.364497646537803,0.0289804116706143,0.7055429170149762,"[79.31647111730233, 142.6838227733607, 192.30433896639954, 296.70659943564084]"
39.7907949790795,5,1.860479366988642,5.509577284292531,0.03289534366429063,0.7701905101645319,"[79.31647111730233, 142.6838227733607, 192.30433896639954, 221.8178730934166, 296.70659943564084]"
39.7907949790795,6,2.4477010911387693,5.911605785745264,0.05721725858875623,0.8801512588131087,"[27.88225399487594, 79.31647111730233, 142.6838227733607, 192.30433896639954, 221.8178730934166, 296.70659943564084]"
39.99497907949791,3,1.1010779423281594,5.0136172230304865,0.032991400962333106,0.5504597637518146,"[76.1269425747609, 217.51395486200525, 293.5475619157773]"
39.99497907949791,4,1.7175193801667787,5.4307898022518435,0.03664387495519896,0.7317884028151717,"[76.1269425747609, 136.49163901155177, 217.51395486200525, 293.5475619157773]"
39.99497907949791,5,1.8564982120638667,5.507479086302512,0.032419960296603344,0.7691281131992489,"[76.1269425747609, 136.49163901155177, 190.03943990039352, 217.51395486200525, 293.5475619157773]"
39.99497907949791,6,2.23360881956405,5.7742194049674715,0.04014917066760626,0.8418416643886611,"[76.1269425747609, 136.49163901155177, 190.03943990039352, 217.51395486200525, 293.5475619157773, 320.8039018852184]"
40.19916317991632,3,1.2576150918407183,5.153738410061431,0.07331807394540864,0.5949943779520048,"[74.28498711770592, 213.243789692319, 316.63948752122957]"
40.19916317991632,4,1.4796920734963734,5.28532324500323,0.025443899948972483,0.6656379960421877,"[74.28498711770592, 213.243789692319, 290.41329884158534, 316.63948752122957]"
40.19916317991632,5,1.8885792821058485,5.5363281100725175,0.03349935087972859,0.7742860661142607,"[20.839366296204638, 74.28498711770592, 213.243789692319, 290.41329884158534, 316.63948752122957]"
40.19916317991632,6,2.4712660436599903,5.927027073554537,0.0634716977876413,0.8840066739241574,"[20.839366296204638, 74.28498711770592, 130.3480168509359, 213.243789692319, 290.41329884158534, 316.63948752122957]"
40.40334728033473,3,1.2632786922028592,5.1601928334862635,0.08310465533495316,0.5961796838725247,"[72.45739699250502, 209.00692735821383, 312.5075512468102]"
40.40334728033473,4,1.6927195786372262,5.426011607401556,0.032231990782863144,0.7224926686256833,"[17.35914057201656, 72.45739699250502, 209.00692735821383, 312.5075512468102]"
40.40334728033473,5,1.9090629870114224,5.554385763672537,0.0340849832189173,0.7776032076135935,"[17.35914057201656, 72.45739699250502, 209.00692735821383, 287.30347975109913, 312.5075512468102]"
40.40334728033473,6,2.4560484783722134,5.918015584099356,0.058946473342533806,0.8812407874951322,"[17.35914057201656, 72.45739699250502, 124.26143914585639, 209.00692735821383, 287.30347975109913, 312.5075512468102]"
40.60753138075314,3,1.2676033750222078,5.16509208334519,0.08382106081684013,0.5970863100066883,"[70.64398161586307, 204.8029260345932, 308.40766217867883]"
40.60753138075314,4,1.7177360621516102,5.446077499341635,0.03346514105499011,0.7277775639750166,"[13.905907401514135, 70.64398161586307, 204.8029260345932, 308.40766217867883]"
40.60753138075314,5,2.2796201856778473,5.813772278679139,0.07330360186450366,0.8475324287890063,"[13.905907401514135, 70.64398161586307, 135.91883025504944, 204.8029260345932, 308.40766217867883]"
40.60753138075314,6,2.4900218846188538,5.938806923672722,0.07130625750355013,0.8871858689300427,"[13.905907401514135, 70.64398161586307, 135.91883025504944, 204.8029260345932, 284.2177803486461, 308.40766217867883]"
40.81171548117155,3,1.2706103116995815,5.168470683378899,0.08430776877346298,0.5977204643290136,"[68.84455394181533, 200.63135209687516, 304.3393974309827]"
40.81171548117155,4,1.8073213138647162,5.516386818781151,0.03983016271649154,0.7463384395461944,"[68.84455394181533, 129.89309852872026, 200.63135209687516, 304.3393974309827]"
40.81171548117155,5,2.2776693154804013,5.812541639410989,0.0730822230730426,0.8471657335114917,"[11.004314826179803, 68.84455394181533, 129.89309852872026, 200.63135209687516, 304.3393974309827]"
40.81171548117155,6,2.3640028507136015,5.858611540665211,0.051286571961775905,0.8655027545800266,"[11.004314826179803, 68.84455394181533, 129.89309852872026, 200.63135209687516, 304.3393974309827, 330.70202000921614]"
41.01589958158996,3,1.2723224161987696,5.170362915693243,0.084796362661498,0.5980878596042521,"[67.05893037773468, 196.49177992627563, 300.30234192540394]"
41.01589958158996,4,1.7831557953775485,5.49853806198626,0.038046574387683746,0.7411475581325251,"[67.05893037773468, 124.54662021994493, 196.49177992627563, 300.30234192540394]"
41.01589958158996,5,2.1181476421952663,5.716575851937023,0.04144478665719029,0.81450574489099,"[67.05893037773468, 124.54662021994493, 196.49177992627563, 300.30234192540394, 329.0482746401498]"
41.01589958158996,6,2.2297044184570245,5.776695061487004,0.03536850896567016,0.8396499626847925,"[67.05893037773468, 124.54662021994493, 158.24886943764724, 196.49177992627563, 300.30234192540394, 329.0482746401498]"
41.22008368200837,3,1.2071631481781737,5.1084366086067785,0.0485240169193797,0.5812993214024899,"[65.28693070276198, 155.87440335589832, 296.29608820674054]"
41.22008368200837,4,1.6714066849511369,5.428108771510653,0.036042132913374846,0.7128446843426862,"[65.28693070276198, 155.87440335589832, 192.38379172070785, 296.29608820674054]"
41.22008368200837,5,2.0364116606529756,5.667393168772088,0.03169389161925738,0.7967255679930905,"[65.28693070276198, 155.87440335589832, 192.38379172070785, 296.29608820674054, 327.407146960486]"
41.22008368200837,6,2.3363628532973824,5.843168135485648,0.041977265552236555,0.859910773818516,"[65.28693070276198, 155.87440335589832, 192.38379172070785, 240.00239754202954, 296.29608820674054, 327.407146960486]"
41.42426778242678,3,0.5376597417992898,4.443267711602875,0.017037368928694424,0.3422255433570239,"[153.51795609929084, 292.3202362637792, 325.77847310904156]"
41.42426778242678,4,1.1121067529464304,4.8285623648217975,0.0200522394947197,0.5994054009135985,"[153.51795609929084, 238.01201098771423, 292.3202362637792, 325.77847310904156]"
41.42426778242678,5,2.0879520794707718,5.689364061193923,0.04079819875017884,0.8105931714237218,"[35.23479590014764, 153.51795609929084, 238.01201098771423, 292.3202362637792, 325.77847310904156]"
41.42426778242678,6,2.384638534113259,5.8753882424497625,0.04481628295962042,0.8680790634583977,"[35.23479590014764, 63.52837798857756, 153.51795609929084, 238.01201098771423, 292.3202362637792, 325.77847310904156]"
41.62845188284519,3,0.5712978146465806,4.473623097695905,0.017500405190732652,0.3587183908389094,"[151.07385854865746, 288.374393355283, 324.16209220271736]"
41.62845188284519,4,1.1261034660442057,4.843610130408476,0.020220041294228608,0.6031839841022038,"[151.07385854865746, 236.03664752268025, 288.374393355283, 324.16209220271736]"
41.62845188284519,5,2.0958152292122385,5.694284453010043,0.04081820599277448,0.8122403111432297,"[33.28946776072446, 151.07385854865746, 236.03664752268025, 288.374393355283, 324.16209220271736]"
41.62845188284519,6,2.3919534540502996,5.879523419816055,0.0451937061733342,0.8695175239917804,"[33.28946776072446, 61.783098522433264, 151.07385854865746, 236.03664752268025, 288.374393355283, 324.16209220271736]"
41.8326359832636,3,0.9609296688847382,4.772213116687647,0.02276481821427848,0.5302269602604436,"[146.86579474819456, 234.07611408809547, 322.4746470183535]"
41.8326359832636,4,1.1531928696080997,4.880026348351652,0.020748793297964165,0.6085096624150929,"[146.86579474819456, 234.07611408809547, 285.20184685928126, 322.4746470183535]"
41.8326359832636,5,2.1091683001334074,5.70416067615681,0.0408380824430414,0.8145872324446877,"[31.358744161707392, 146.86579474819456, 234.07611408809547, 285.20184685928126, 322.4746470183535]"
41.8326359832636,6,2.3971816296340185,5.882559808048393,0.04551710423220266,0.8705186947911462,"[31.358744161707392, 60.05092173237033, 146.86579474819456, 234.07611408809547, 285.20184685928126, 322.4746470183535]"
42.03682008368201,3,1.1522377833260116,5.038371732734096,0.038647624492479354,0.570389553217468,"[29.442438399514153, 142.6891550092861, 232.1302210977265]"
42.03682008368201,4,1.9291910358145379,5.60558448338002,0.07921822195389493,0.7715130822370134,"[29.442438399514153, 142.6891550092861, 232.1302210977265, 319.24145831474465]"
42.03682008368201,5,2.113346723109521,5.708515661390996,0.04085782961494763,0.8149561191561663,"[29.442438399514153, 142.6891550092861, 232.1302210977265, 282.9549344368684, 319.24145831474465]"
42.03682008368201,6,2.3930761534471925,5.880150744514296,0.0447764394757045,0.8697400387689049,"[29.442438399514153, 58.33168011455162, 142.6891550092861, 232.1302210977265, 282.9549344368684, 319.24145831474465]"
42.24100418410042,3,1.159189840937916,5.0438062591470185,0.03861840369063535,0.5725951140305164,"[27.540367111638403, 138.5435396884376, 230.1987823580009]"
42.24100418410042,4,1.939434421295133,5.613260799230121,0.0811082131604151,0.7734896773041273,"[27.540367111638403, 138.5435396884376, 230.1987823580009, 316.03228599853736]"
42.24100418410042,5,2.11569479053079,5.711466691462594,0.04087744899748186,0.8150187197446168,"[27.540367111638403, 138.5435396884376, 230.1987823580009, 280.7247122618061, 316.03228599853736]"
42.24100418410042,6,2.4705148980058285,5.924253592358732,0.06498327812348509,0.884565628595842,"[27.540367111638403, 87.5427660599699, 138.5435396884376, 230.1987823580009, 280.7247122618061, 316.03228599853736]"
42.44518828451883,3,1.1645706238507059,5.047961738183609,0.03857959320575097,0.5743063074120682,"[25.652350200130908, 134.4285562573446, 228.27169140209054]"
42.44518828451883,4,1.9476810991244362,5.619417977830724,0.08123694227207046,0.7750773409879123,"[25.652350200130908, 134.4285562573446, 228.27169140209054, 312.8468262086959]"
42.44518828451883,5,2.1163031268922636,5.713080121925644,0.04037150492281845,0.8147926601002683,"[25.652350200130908, 134.4285562573446, 228.27169140209054, 278.5109691651218, 312.8468262086959]"
42.44518828451883,6,2.452705726024742,5.913351006143872,0.06042459257099618,0.8814303321398788,"[25.652350200130908, 85.11440855555038, 134.4285562573446, 228.27169140209054, 278.5109691651218, 312.8468262086959]"
42.64937238493724,3,1.1538055208005933,5.033998017951921,0.03667951570450678,0.5721585553888889,"[23.69188387125127, 130.3438191407555, 224.29712364365926]"
42.64937238493724,4,1.9568706152169169,5.626134362791078,0.0884750624251818,0.7768761276857233,"[23.69188387125127, 130.3438191407555, 224.29712364365926, 309.68478046662784]"
42.64937238493724,5,2.127614277373741,5.721213447123866,0.04090826615431766,0.8168201797187989,"[23.69188387125127, 130.3438191407555, 224.29712364365926, 276.3134977183856, 309.68478046662784]"
42.64937238493724,6,2.446682795497863,5.909878272493097,0.058869230510160034,0.8802995113601101,"[23.69188387125127, 82.70390017884523, 130.3438191407555, 224.29712364365926, 276.3134977183856, 309.68478046662784]"
42.853556485355654,3,1.1627158403933369,5.045345817254907,0.03814899859318212,0.5739863642497047,"[18.171129654258724, 126.28894955882788, 220.35161786324474]"
42.853556485355654,4,1.9473580858537365,5.6194421625740185,0.08271131594674562,0.7749421278704908,"[18.171129654258724, 126.28894955882788, 220.35161786324474, 306.54585555415184]"
42.853556485355654,5,2.119854980024385,5.715746426156321,0.041199404846412914,0.8153988766424427,"[18.171129654258724, 126.28894955882788, 220.35161786324474, 274.132094148903, 306.54585555415184]"
42.853556485355654,6,2.4462271351524736,5.909780464752891,0.059022783207645,0.8801647009146709,"[18.171129654258724, 80.31101740213317, 126.28894955882788, 220.35161786324474, 274.132094148903, 306.54585555415184]"
43.05774058577406,3,1.1711107908904679,5.0559808294771305,0.03972907754766,0.5757010340819918,"[12.690533778653952, 122.2635753738242, 216.43481196002975]"
43.05774058577406,4,1.9366965063912303,5.611968169840479,0.07768716550953299,0.772753596347847,"[12.690533778653952, 122.2635753738242, 216.43481196002975, 303.4297633948232]"
43.05774058577406,5,2.2713161994844215,5.811966629504036,0.0630259705993557,0.8449698995592457,"[12.690533778653952, 77.00979717790467, 122.2635753738242, 216.43481196002975, 303.4297633948232]"
43.05774058577406,6,2.4837613229822546,5.933326429191233,0.067420392242916,0.8865908390929245,"[12.690533778653952, 77.00979717790467, 122.2635753738242, 155.51287421146768, 216.43481196002975, 303.4297633948232]"
43.26192468619247,3,1.1755343462598706,5.062512852207981,0.04111586889156825,0.5763853172898084,"[7.528614552589932, 119.09661510901137, 212.54635015108025]"
43.26192468619247,4,1.9246188604535537,5.603336645688135,0.07402544868015347,0.7703022572708319,"[7.528614552589932, 119.09661510901137, 212.54635015108025, 300.3362209385149]"
43.26192468619247,5,2.1353127143348423,5.723391164852737,0.04320933248895745,0.8191519935185034,"[7.528614552589932, 119.09661510901137, 152.9543476644925, 212.54635015108025, 300.3362209385149]"
43.26192468619247,6,2.4858288712017793,5.934299970464986,0.0692872808845876,0.8870377461057307,"[7.528614552589932, 72.84434022514773, 119.09661510901137, 152.9543476644925, 212.54635015108025, 300.3362209385149]"
43.46610878661088,3,1.0044677224215732,4.835041388229039,0.024615978076818402,0.5399399446327376,"[116.70098091978565, 208.68588283022746, 297.2649500491458]"
43.46610878661088,4,1.9180947614362394,5.598481884488358,0.07411111420039983,0.7690230704995067,"[3.6993772085212653, 116.70098091978565, 208.68588283022746, 297.2649500491458]"
43.46610878661088,5,2.1176963443263404,5.711795128085182,0.04161072040798523,0.8156959529628215,"[3.6993772085212653, 116.70098091978565, 149.16826984411483, 208.68588283022746, 297.2649500491458]"
43.46610878661088,6,2.3914903480893104,5.879759369963075,0.04773963366429258,0.8692794055517474,"[3.6993772085212653, 31.873607663942458, 116.70098091978565, 149.16826984411483, 208.68588283022746, 297.2649500491458]"
43.67029288702929,3,0.9990153726409116,4.82707083344714,0.0243479504174305,0.5387840016500763,"[114.32250566163532, 204.85306643077845, 294.2156773954597]"
43.67029288702929,4,1.1877701288931277,4.933841773924893,0.02171391673829311,0.6131571932830129,"[114.32250566163532, 145.409310124096, 204.85306643077845, 294.2156773954597]"
43.67029288702929,5,2.188104402012835,5.763165108278391,0.04466723330366528,0.8278578671282333,"[26.24990873740455, 114.32250566163532, 145.409310124096, 204.85306643077845, 294.2156773954597]"
43.67029288702929,6,2.3660010702711807,5.864579950177277,0.04537404255875905,0.8644720936589293,"[26.24990873740455, 114.32250566163532, 145.409310124096, 204.85306643077845, 294.2156773954597, 359.8975670985249]"
43.8744769874477,3,0.9931908143153638,4.818797816089889,0.024087545528059064,0.5374835148995196,"[111.96097979729934, 201.0475632919358, 291.1881343447528]"
43.8744769874477,4,1.9997865728717135,5.656703131309861,0.5821966029554717,0.7853563104882341,"[20.666285185825007, 111.96097979729934, 201.0475632919358, 291.1881343447528]"
43.8744769874477,5,2.1779414934339716,5.757127434147577,0.04354382916345782,0.8257420244401115,"[20.666285185825007, 111.96097979729934, 141.67713735021363, 201.0475632919358, 291.1881343447528]"
43.8744769874477,6,2.3737235361836158,5.867565390733802,0.04704196556875143,0.8664113311376977,"[20.666285185825007, 111.96097979729934, 141.67713735021363, 201.0475632919358, 235.46877248453947, 291.1881343447528]"
44.07866108786611,3,0.9804937932232949,4.801037224941263,0.023567566646736676,0.5345453626444917,"[15.12225005118018, 197.2690415288103, 288.1820568594573]"
44.07866108786611,4,1.1834345854114299,4.915700582475166,0.021243421773701258,0.6154365393133329,"[15.12225005118018, 197.2690415288103, 233.19327072949952, 288.1820568594573]"
44.07866108786611,5,2.0521306812816515,5.661792931294298,0.03660891922507241,0.8044645552358549,"[15.12225005118018, 137.9714260328532, 197.2690415288103, 233.19327072949952, 288.1820568594573]"
44.07866108786611,6,2.368011162039083,5.863846800695018,0.04655916841682382,0.8654228911454594,"[15.12225005118018, 109.6161973737877, 137.9714260328532, 197.2690415288103, 233.19327072949952, 288.1820568594573]"
44.28284518828452,3,0.9634095524713562,4.777337860630352,0.022935832336979316,0.5304554300921107,"[9.617324664521753, 193.51717490590838, 285.1971853964944]"
44.28284518828452,4,1.1732829044406057,4.896118784896016,0.020855089918971302,0.6150475818813638,"[9.617324664521753, 193.51717490590838, 230.93382123567744, 285.1971853964944]"
44.28284518828452,5,2.048080791467385,5.656936379121261,0.03698516420649653,0.8042560925324548,"[9.617324664521753, 134.29185622293537, 193.51717490590838, 230.93382123567744, 285.1971853964944]"
44.28284518828452,6,2.3594337369705864,5.858143275417136,0.04608948357457722,0.8639680265997777,"[9.617324664521753, 107.2879559438734, 134.29185622293537, 193.51717490590838, 230.93382123567744, 285.1971853964944]"
44.48702928870293,3,0.5510199540079693,4.074750365288446,0.014227534445817447,0.41703756434684225,"[4.760860392906744, 228.69023086552323, 282.2332648093055]"
44.48702928870293,4,1.1586974385089972,4.873536177586404,0.020484948935186684,0.6130438250494321,"[4.760860392906744, 190.39351773210228, 228.69023086552323, 282.2332648093055]"
44.48702928870293,5,2.044851205077628,5.653291914512595,0.03736649963331007,0.8040235196063837,"[4.760860392906744, 130.6381133911458, 190.39351773210228, 228.69023086552323, 282.2332648093055]"
44.48702928870293,6,2.19755668514012,5.7377636774608645,0.0435557440143076,0.8388120033814618,"[4.760860392906744, 130.6381133911458, 190.39351773210228, 228.69023086552323, 282.2332648093055, 312.98575743260443]"
44.69121338912134,3,0.5484396521806548,4.073981223499776,0.014234682318552154,0.4152414172452477,"[2.5858800824658146, 226.46230973731244, 279.2900442524793]"
44.69121338912134,4,1.1555270230630357,4.871666443650284,0.020486373292565255,0.6118357931378104,"[2.5858800824658146, 188.21174930968638, 226.46230973731244, 279.2900442524793]"
44.69121338912134,5,2.055142651687411,5.661544402605449,0.03775303363467052,0.8057160241584485,"[2.5858800824658146, 127.0098883103651, 188.21174930968638, 226.46230973731244, 279.2900442524793]"
44.69121338912134,6,2.2110522334005602,5.747966486170262,0.043715293281998156,0.8409698225587962,"[2.5858800824658146, 127.0098883103651, 188.21174930968638, 226.46230973731244, 279.2900442524793, 310.00547597346105]"
44.895397489539754,3,0.5457277771755333,4.073123612501856,0.014241787629399687,0.4133621837404766,"[0.4260144148879779, 224.2498711548601, 276.3672770888951]"
44.895397489539754,4,1.1522286444484309,4.869716168601088,0.020487787947653043,0.6105781144885138,"[0.4260144148879779, 186.045142702923, 224.2498711548601, 276.3672770888951]"
44.895397489539754,5,2.064673708168423,5.669203882129684,0.03814487738151766,0.807266889055089,"[0.4260144148879779, 123.40687694120254, 186.045142702923, 224.2498711548601, 276.3672770888951]"
44.895397489539754,6,2.2237757385086123,5.757578501049701,0.04371958774246195,0.8429874628859478,"[0.4260144148879779, 123.40687694120254, 186.045142702923, 224.2498711548601, 276.3672770888951, 307.0459054557776]"
45.09958158995816,3,0.6589431304562848,4.3725311726806115,0.017071826730673915,0.433103776004475,"[119.82878032052825, 221.8475167665096, 273.4647207993017]"
45.09958158995816,4,1.8050373227914385,5.5194445013131865,0.0438919591941207,0.7445696140306132,"[119.82878032052825, 221.8475167665096, 273.4647207993017, 358.281084173364]"
45.09958158995816,5,2.073156236119625,5.676120485016681,0.03854214519493468,0.8086092133807643,"[119.82878032052825, 183.89351813566753, 221.8475167665096, 273.4647207993017, 358.281084173364]"
45.09958158995816,6,2.2354384248949626,5.766449521209696,0.04372385334192099,0.8448032705661076,"[119.82878032052825, 183.89351813566753, 221.8475167665096, 273.4647207993017, 304.1068003065114, 358.281084173364]"
45.30376569037657,3,0.6712787796290807,4.396385188439101,0.017358175672741567,0.4364367473964636,"[116.27530445292226, 219.23929723534607, 271.3606933624534]"
45.30376569037657,4,1.8123157117859714,5.52508517641376,0.04435732260532398,0.7460462716433713,"[116.27530445292226, 219.23929723534607, 271.3606933624534, 356.15091311903444]"
45.30376569037657,5,1.9720898565609293,5.6140530499379215,0.030641616782556006,0.7862914241518578,"[116.27530445292226, 219.23929723534607, 271.3606933624534, 301.042210506353, 356.15091311903444]"
45.30376569037657,6,2.3808545154148275,5.868112541014623,0.0500712659381228,0.868852096873242,"[70.10152292939004, 116.27530445292226, 219.23929723534607, 271.3606933624534, 301.042210506353, 356.15091311903444]"
45.50794979079498,3,0.6901177900036748,4.429175586596607,0.017756279024904852,0.4420661813064367,"[112.74616020494356, 216.64893689554972, 269.7690015673648]"
45.50794979079498,4,1.424162187493546,5.195836559477789,0.0238002840306787,0.6629157721858019,"[67.89883547174097, 112.74616020494356, 216.64893689554972, 269.7690015673648]"
45.50794979079498,5,1.8571018567351065,5.531120594181303,0.02706502432810145,0.7628151913504142,"[67.89883547174097, 112.74616020494356, 216.64893689554972, 269.7690015673648, 297.93147535059984]"
45.50794979079498,6,2.3692226678158845,5.8610156407984615,0.049369482399336535,0.8667023666729896,"[67.89883547174097, 112.74616020494356, 216.64893689554972, 269.7690015673648, 297.93147535059984, 354.0353279276087]"
45.71213389121339,3,0.7088001268635123,4.461016163650452,0.018170165534187932,0.44757524387395214,"[109.24106320213696, 214.0762270188109, 268.18815540513936]"
45.71213389121339,4,1.4239378708281327,5.197923332090735,0.02370843406008316,0.662279276456643,"[65.71115691188974, 109.24106320213696, 214.0762270188109, 268.18815540513936]"
45.71213389121339,5,1.6422289484673245,5.328164887647375,0.026002339758445743,0.7269227400951442,"[65.71115691188974, 109.24106320213696, 133.95403454593173, 214.0762270188109, 268.18815540513936]"
45.71213389121339,6,2.0349376839759388,5.633117236488571,0.03146266452543061,0.8058670495540908,"[65.71115691188974, 109.24106320213696, 133.95403454593173, 214.0762270188109, 268.18815540513936, 293.4822389416225]"
45.9163179916318,3,0.5521117405237859,4.237541888258338,0.01603980431487856,0.38637483973496733,"[63.53831266742534, 105.75973372869065, 211.5209622962243]"
45.9163179916318,4,1.4232667818678988,5.199673145631069,0.023617905970332444,0.6615216898828421,"[63.53831266742534, 105.75973372869065, 211.5209622962243, 266.6180287201622]"
45.9163179916318,5,1.6461966109326753,5.333118878409977,0.025963858711668477,0.7273258753894984,"[63.53831266742534, 105.75973372869065, 130.65355542823625, 211.5209622962243, 266.6180287201622]"
45.9163179916318,6,2.0547488055178356,5.648229203784837,0.031837695927693685,0.8093641740619394,"[36.97854609685802, 63.53831266742534, 105.75973372869065, 130.65355542823625, 211.5209622962243, 266.6180287201622]"
46.12050209205021,3,0.5174903373956741,4.187458700402512,0.015664035486650688,0.37086088943900686,"[62.705838381409905, 102.30189662966805, 208.44507473411477]"
46.12050209205021,4,1.4066120064653076,5.186638088364468,0.02331259935985452,0.6570709913091071,"[62.705838381409905, 102.30189662966805, 208.44507473411477, 265.0584974138349]"
46.12050209205021,5,1.6321559377366992,5.321816383294812,0.025715649180808046,0.7241886950770592,"[62.705838381409905, 102.30189662966805, 127.37534828789933, 208.44507473411477, 265.0584974138349]"
46.12050209205021,6,1.7731184227219274,5.399581944939113,0.029807046775001178,0.7642357211832813,"[62.705838381409905, 102.30189662966805, 127.37534828789933, 155.57268460934, 208.44507473411477, 265.0584974138349]"
46.32468619246862,3,0.4768835192166472,4.124491071078509,0.01520935605984138,0.35227469070551026,"[62.21902247933595, 98.88027234930958, 205.09551770383896]"
46.32468619246862,4,1.38612589692392,5.1700400438547724,0.02300838593611493,0.6516654974020317,"[62.21902247933595, 98.88027234930958, 205.09551770383896, 263.50943940160596]"
46.32468619246862,5,1.7053154273926263,5.358403380929971,0.028023895121465858,0.7463521299869554,"[62.21902247933595, 98.88027234930958, 153.94241781187137, 205.09551770383896, 263.50943940160596]"
46.32468619246862,6,1.7572883240613746,5.385550881486029,0.02949574572247825,0.7613644957477828,"[62.21902247933595, 98.88027234930958, 124.11915649753087, 153.94241781187137, 205.09551770383896, 263.50943940160596]"
46.52887029288703,3,0.5699708755075618,4.1573134370687646,0.014917336861899786,0.41441645426185597,"[61.73546022783969, 152.32304695778666, 202.68131883607865]"
46.52887029288703,4,0.7692144370425159,4.269823949737305,0.015260868361430762,0.5301971061323846,"[61.73546022783969, 96.70550813706, 152.32304695778666, 202.68131883607865]"
46.52887029288703,5,0.8221575163020459,4.297507097560968,0.016716354202797927,0.5594118867680979,"[61.73546022783969, 96.70550813706, 120.88472757533206, 152.32304695778666, 202.68131883607865]"
46.52887029288703,6,2.027825918302274,5.634410119913092,0.029396161283487057,0.8026821824039532,"[61.73546022783969, 96.70550813706, 120.88472757533206, 152.32304695778666, 202.68131883607865, 331.30053912825275]"
46.733054393305444,3,0.565566959748501,4.140782377066442,0.014773269262843558,0.41450433945752224,"[61.25511448666835, 150.46232520139696, 201.22037811164878]"
46.733054393305444,4,0.7529405721984798,4.246269090834673,0.015147529013269509,0.5247537355771148,"[61.25511448666835, 117.6718130992902, 150.46232520139696, 201.22037811164878]"
46.733054393305444,5,0.8072205705428904,4.274695110993084,0.016607462571109677,0.55512629029908,"[61.25511448666835, 94.5452098007576, 117.6718130992902, 150.46232520139696, 201.22037811164878]"
46.733054393305444,6,2.0157645740314534,5.626222440407758,0.02911639419429175,0.8002319283985534,"[61.25511448666835, 94.5452098007576, 117.6718130992902, 150.46232520139696, 201.22037811164878, 330.51316575997987]"
46.937238493723854,3,0.5687880286284392,4.128820415009413,0.014632884392245995,0.41928403318736307,"[60.777948710021036, 147.02964780644794, 199.7691090451048]"
46.937238493723854,4,0.7418470766986086,4.225448379294586,0.015036594598062192,0.5221300067197617,"[60.777948710021036, 114.48016862353579, 147.02964780644794, 199.7691090451048]"
46.937238493723854,5,0.7889805917293592,4.250023690038173,0.016500687389126023,0.5489003179741923,"[60.777948710021036, 92.39921297997235, 114.48016862353579, 147.02964780644794, 199.7691090451048]"
46.937238493723854,6,1.8977873209621823,5.523651911641442,0.028843702224398002,0.7816364432367374,"[60.777948710021036, 92.39921297997235, 114.48016862353579, 147.02964780644794, 199.7691090451048, 276.73629394614215]"
47.14142259414226,3,0.1760354890962713,2.852380118826719,0.009709859598520892,0.27189128908905197,"[111.30955359679555, 143.61958800403102, 198.32740225564788]"
47.14142259414226,4,0.7378240482982081,4.219021622363788,0.015005395904362583,0.5208817819451956,"[59.61278924224058, 111.30955359679555, 143.61958800403102, 198.32740225564788]"
47.14142259414226,5,1.4723049707251352,5.131156004334754,0.02369062204534484,0.702711732556257,"[13.354390749867058, 59.61278924224058, 111.30955359679555, 143.61958800403102, 198.32740225564788]"
47.14142259414226,6,2.4059978049372073,5.884144299528988,0.051700080908022125,0.8732497332261243,"[13.354390749867058, 59.61278924224058, 111.30955359679555, 143.61958800403102, 198.32740225564788, 273.7884446391566]"
47.34560669456067,3,0.18334279153723726,2.9001547676441373,0.009819029963346843,0.27392480049105145,"[108.15973128287803, 140.23189117964205, 196.89515009723098]"
47.34560669456067,4,0.9883399511856337,4.64051284264382,0.017895270392734627,0.5767455564489621,"[36.65652369525093, 108.15973128287803, 140.23189117964205, 196.89515009723098]"
47.34560669456067,5,1.4498338455225628,5.135441010433743,0.024245369558392384,0.6908322572353996,"[9.507622521254726, 36.65652369525093, 108.15973128287803, 140.23189117964205, 196.89515009723098]"
47.34560669456067,6,1.5413875145944287,5.184931633872165,0.025948757405663898,0.7205027323883935,"[9.507622521254726, 36.65652369525093, 57.93260648906464, 108.15973128287803, 140.23189117964205, 196.89515009723098]"
47.54979079497908,3,0.8026671589721173,4.538083540477838,0.018509658964697268,0.4897792539712218,"[35.011016860013015, 105.03046868313484, 195.47224662330092]"
47.54979079497908,4,0.9932280715502895,4.64580365102873,0.017930984856256882,0.5782786355362065,"[35.011016860013015, 105.03046868313484, 136.86630673858068, 195.47224662330092]"
47.54979079497908,5,1.4903190524042196,5.173767802799066,0.024822835320652995,0.6996409969576344,"[5.68596315510903, 35.011016860013015, 105.03046868313484, 136.86630673858068, 195.47224662330092]"
47.54979079497908,6,2.381189042373542,5.872217015302619,0.047443455358126246,0.8677598361921275,"[5.68596315510903, 35.011016860013015, 105.03046868313484, 136.86630673858068, 195.47224662330092, 292.2214734702919]"
47.75397489539749,3,0.79960362756844,4.538252706484269,0.01856031058700832,0.4878735450093137,"[33.376200650437134, 101.92153646083895, 194.05858755241297]"
47.75397489539749,4,0.9972846116024636,4.650581332322147,0.017966608736380632,0.5794480341851334,"[33.376200650437134, 101.92153646083895, 133.52258802461577, 194.05858755241297]"
47.75397489539749,5,1.5292417663310487,5.210328762868597,0.025424449742861868,0.7078736723224665,"[1.8891325704775823, 33.376200650437134, 101.92153646083895, 133.52258802461577, 194.05858755241297]"
47.75397489539749,6,2.39601177856533,5.880955426385144,0.05007354104328924,0.870568676915648,"[1.8891325704775823, 33.376200650437134, 101.92153646083895, 133.52258802461577, 194.05858755241297, 290.1020786824597]"
47.9581589958159,3,0.7958241444833675,4.537916753279182,0.018610909940107563,0.4856394133776428,"[31.751956357787805, 98.83270886742571, 192.65407023469098]"
47.9581589958159,4,1.000518816949553,4.654850812529318,0.018002142703093322,0.5802612804645945,"[31.751956357787805, 98.83270886742571, 130.20049224065534, 192.65407023469098]"
47.9581589958159,5,2.147597920922741,5.734538181901498,0.04340437068570642,0.8206650558545712,"[31.751956357787805, 98.83270886742571, 130.20049224065534, 192.65407023469098, 287.9963894509464]"
47.9581589958159,6,2.2167885970275716,5.771187567700394,0.033640343091072854,0.8363802403882118,"[31.751956357787805, 98.83270886742571, 130.20049224065534, 152.76175064281318, 192.65407023469098, 287.9963894509464]"
48.16234309623431,3,0.7913464278409112,4.537084511695372,0.01866145756471704,0.48308413222059277,"[30.138167122308275, 95.76376367053555, 191.2585936191094]"
48.16234309623431,4,1.0278211225325122,4.67230705699269,0.018037587418590673,0.5916497020046654,"[30.138167122308275, 95.76376367053555, 150.81790146503667, 191.2585936191094]"
48.16234309623431,5,2.1726184940783155,5.748291248695613,0.04356951171588312,0.826258246987479,"[30.138167122308275, 95.76376367053555, 150.81790146503667, 191.2585936191094, 285.90425427740166]"
48.16234309623431,6,2.2240227760481535,5.77514542676676,0.03428368858933618,0.8379599164054601,"[30.138167122308275, 95.76376367053555, 126.89978037135722, 150.81790146503667, 191.2585936191094, 285.90425427740166]"
48.36652719665272,3,0.5994061151176828,4.4088255323749985,0.018630196457529377,0.3875120458072219,"[28.53471789630948, 148.88650708525043, 189.87205822157372]"
48.36652719665272,4,1.0333754129995953,4.677803937107303,0.0180729435373999,0.5934497593656006,"[28.53471789630948, 92.7144820838201, 148.88650708525043, 189.87205822157372]"
48.36652719665272,5,2.1757969188703004,5.750034703807822,0.04373484393877718,0.8269653059021829,"[28.53471789630948, 92.7144820838201, 148.88650708525043, 189.87205822157372, 283.82552401265986]"
48.36652719665272,6,2.2306670456527575,5.778748371051819,0.03494775502628142,0.8394156218308063,"[28.53471789630948, 92.7144820838201, 123.62021710763294, 148.88650708525043, 189.87205822157372, 283.82552401265986]"
48.57071129707113,3,0.6061708036905473,4.4154396136328415,0.018756315023572192,0.3907122063883616,"[26.94149540815077, 146.9674310649533, 188.49436609377642]"
48.57071129707113,4,1.0384267216357048,4.682986791320541,0.01810821170650115,0.595031358062123,"[26.94149540815077, 89.68464869844681, 146.9674310649533, 188.49436609377642]"
48.57071129707113,5,2.1783801770385,5.751415251814669,0.04390036916872227,0.8275497100030942,"[26.94149540815077, 89.68464869844681, 146.9674310649533, 188.49436609377642, 281.7600518100465]"
48.57071129707113,6,2.4674593119088817,5.92207919005426,0.06618693258249297,0.8841204641339718,"[26.94149540815077, 89.68464869844681, 146.9674310649533, 188.49436609377642, 281.7600518100465, 320.62416680208565]"
48.774895397489544,3,0.6164736618980122,4.432495512717588,0.018883335641362565,0.3943009118523146,"[24.435635157390333, 145.0605390626069, 187.12542079280504]"
48.774895397489544,4,1.748310422407892,5.484803448277655,0.04005197282589588,0.7303083609791134,"[24.435635157390333, 145.0605390626069, 187.12542079280504, 279.70769307981624]"
48.774895397489544,5,2.186003471833049,5.756308642557735,0.044794667579459976,0.8290344303934843,"[24.435635157390333, 87.18519852265105, 145.0605390626069, 187.12542079280504, 279.70769307981624]"
48.774895397489544,6,2.472019265545801,5.924912894012378,0.06767305925386452,0.8849072949576683,"[24.435635157390333, 87.18519852265105, 145.0605390626069, 187.12542079280504, 279.70769307981624, 318.4366834464667]"
48.979079497907954,3,0.6196187949249438,4.444123344090644,0.018858688256831305,0.3942414093852681,"[21.317644877648085, 143.16569879231966, 185.12676270239064]"
48.979079497907954,4,1.7444251792001295,5.481529002551152,0.03996887536548815,0.7295562429427336,"[21.317644877648085, 143.16569879231966, 185.12676270239064, 277.6683054446851]"
48.979079497907954,5,2.192388197667447,5.760697638780895,0.04571145866670657,0.830189349249307,"[21.317644877648085, 85.35248899716517, 143.16569879231966, 185.12676270239064, 277.6683054446851]"
48.979079497907954,6,2.387092336443054,5.871569175299525,0.056526647241394445,0.8701031057893807,"[21.317644877648085, 85.35248899716517, 143.16569879231966, 185.12676270239064, 215.28017449762237, 277.6683054446851]"
49.18326359832636,3,1.264521084735316,5.1622270279360905,0.07927080523447219,0.5962957837491462,"[18.219271555404926, 141.28277998352323, 275.6417486964306]"
49.18326359832636,4,1.7325149779566222,5.473205791174383,0.03903421540602615,0.7267805667325652,"[18.219271555404926, 141.28277998352323, 182.0456799369001, 275.6417486964306]"
49.18326359832636,5,1.936503905862405,5.589648073544735,0.029712019947436805,0.7788598389729753,"[18.219271555404926, 141.28277998352323, 182.0456799369001, 213.51246873036288, 275.6417486964306]"
49.18326359832636,6,2.3946394606352785,5.8764967940309205,0.05658365830277489,0.8713908428331194,"[18.219271555404926, 83.53131003516552, 141.28277998352323, 182.0456799369001, 213.51246873036288, 275.6417486964306]"
49.38744769874477,3,1.261487264722781,5.159517073594278,0.07504660141147296,0.5954902108999132,"[15.140304079811777, 139.41165434161107, 273.62788475352744]"
49.38744769874477,4,1.8205270341587048,5.525622404055504,0.041855216054339145,0.7492807733618803,"[15.140304079811777, 139.41165434161107, 211.7558345233949, 273.62788475352744]"
49.38744769874477,5,1.93325276059315,5.58643042815849,0.029661701324206795,0.7784481913133054,"[15.140304079811777, 139.41165434161107, 178.9838947232032, 211.7558345233949, 273.62788475352744]"
49.38744769874477,6,2.4014598460524246,5.880973997577074,0.05664042632576282,0.8725426710207059,"[15.140304079811777, 81.72153754875251, 139.41165434161107, 178.9838947232032, 211.7558345233949, 273.62788475352744]"
49.59163179916318,3,1.258120527519563,5.156494015694144,0.07127230489251093,0.5945974964072012,"[12.080534528265693, 137.5521955095113, 271.6265776197894]"
49.59163179916318,4,1.815542298576998,5.5213368602022985,0.041731334682049405,0.7483896049178785,"[12.080534528265693, 137.5521955095113, 210.01015325125022, 271.6265776197894]"
49.59163179916318,5,2.293716521781089,5.823588221285156,0.07958763506900307,0.8499008996098325,"[12.080534528265693, 79.92304932403192, 137.5521955095113, 210.01015325125022, 271.6265776197894]"
49.59163179916318,6,2.56762490754226,5.982424868218072,0.12040022524924701,0.9015440214720501,"[12.080534528265693, 79.92304932403192, 137.5521955095113, 210.01015325125022, 271.6265776197894, 326.8971946968239]"
49.79581589958159,3,1.254429217720206,5.153163752184344,0.06787964503267879,0.5936194721136645,"[9.039758104672622, 135.7042790301691, 269.6376933439902]"
49.79581589958159,4,1.8102346778711995,5.5167485385003925,0.04160894666115386,0.7474434957110612,"[9.039758104672622, 135.7042790301691, 208.27530807221927, 269.6376933439902]"
49.79581589958159,5,2.0753425078784113,5.670032703644246,0.04330087790633774,0.8112010757252082,"[9.039758104672622, 135.7042790301691, 208.27530807221927, 269.6376933439902, 325.417962092829]"
49.79581589958159,6,2.417032406541874,5.892079955563217,0.05550876260494861,0.874893266644129,"[9.039758104672622, 38.59217225481083, 135.7042790301691, 208.27530807221927, 269.6376933439902, 325.417962092829]"
50.0,3,1.2504216074961096,5.14953209281188,0.06481349921725545,0.5925579041916959,"[6.017773079168388, 133.86778230991484, 267.66109998043606]"
50.0,4,1.8046125168417482,5.511863244157045,0.04148802413596059,0.7464435368216019,"[6.017773079168388, 133.86778230991484, 206.5511838939594, 267.66109998043606]"
50.0,5,2.061573292297189,5.659998510438625,0.04234889980935366,0.8086787097939819,"[6.017773079168388, 133.86778230991484, 206.5511838939594, 267.66109998043606, 323.4924267736177]"
50.0,6,2.420949856729066,5.894357162422459,0.0559539054590339,0.8756342944446027,"[6.017773079168388, 37.045539540308795, 133.86778230991484, 206.5511838939594, 267.66109998043606, 323.4924267736177]"
