base,family,theta_rad,x,y,resultant_length
1.2,baryon,5.528250860294168,0.303235961041956,-0.2853013780521179,0.4163519237225597
1.2,boson,4.343086511642428,-0.17859618380952397,-0.46141622201917404,0.4947742180164332
1.2,lepton,2.0845345899098486,-0.1579329155846695,0.27988547735854474,0.3213700145646678
1.2,meson,2.453013284647484,-0.04062349049905375,0.033431124443423346,0.052610912003864446
1.2,quark,2.4099970354283524,-0.7441093848896513,0.6680577993850119,1.0
1.40418410041841,baryon,4.142779323155676,-0.12983528589898735,-0.20273522974774896,0.2407462872929598
1.40418410041841,boson,1.1366410998422447,0.2674840109530582,0.5768970566834103,0.63589142951098
1.40418410041841,lepton,2.7582414179165555,-0.4298094179848797,0.17334377343419094,0.46344816277217576
1.40418410041841,meson,2.188740774240646,-0.13814456268360875,0.19434798941975107,0.2384429935866122
1.40418410041841,quark,4.557765983016827,-0.1540076053811857,-0.9880696622631184,1.0
1.60836820083682,baryon,2.7163550185466616,-0.20370808986272387,0.09225317946088352,0.2236238694687165
1.60836820083682,boson,4.994149045901052,0.25637249339935303,-0.8856895666922984,0.9220481895863104
1.60836820083682,lepton,6.026189778752262,0.32325090629033204,-0.08495260444788,0.33422760720802075
1.60836820083682,meson,3.253144876932604,-0.4608920109728697,-0.05162785701839955,0.4637746019338792
1.60836820083682,quark,3.2569236117645,-0.993356753555454,-0.11507545422794971,1.0
1.81255230125523,baryon,4.936784826198696,0.0705323469694292,-0.3090275732282012,0.31697453049784174
1.81255230125523,boson,0.5363508456189165,0.6029205183944566,0.35842423464290124,0.7014136322316453
1.81255230125523,lepton,5.672325169868981,0.7681044260325426,-0.5378266702813698,0.9376790157387158
1.81255230125523,meson,3.99472129653923,-0.12094797510845741,-0.13855088272603833,0.18391508852457011
1.81255230125523,quark,2.572387108333281,-0.842329422671629,0.5389630262844383,1.0
2.01673640167364,baryon,2.7700820966206074,-0.11332306262977188,0.04415088999053727,0.12161997208825416
2.01673640167364,boson,3.162453730465579,-0.34296153993849554,-0.007155585080183805,0.34303617925056246
2.01673640167364,lepton,1.2589592133063185,0.05414537095898647,0.16796849839758202,0.1764798505502109
2.01673640167364,meson,0.4993655177403277,0.06245439982034616,0.03406755943642833,0.07114176454709449
2.01673640167364,quark,4.639671117355536,-0.07265379265693549,-0.9973572210660346,1.0
2.22092050209205,baryon,4.85865952938275,0.05920387082671881,-0.40186520145768034,0.4062028292164997
2.22092050209205,boson,2.0021730916990985,-0.18488610974408984,0.40167447416125834,0.4421823795325036
2.22092050209205,lepton,1.1106967345954646,0.24537656139447167,0.49513725192550984,0.5526034338710906
2.22092050209205,meson,3.996265574906324,-0.3373725762027877,-0.3876809887069427,0.5139229554889511
2.22092050209205,quark,1.8006346217235345,-0.22782007376134875,0.9737032473969539,1.0
2.4251046025104603,baryon,4.0909183239154014,-0.09184821613476152,-0.12825606855725125,0.15775206473735992
2.4251046025104603,boson,6.058040577741035,0.35673653564824914,-0.08170254333908164,0.36597303378034435
2.4251046025104603,lepton,4.32204279784213,-0.21777274161482496,-0.5292687689883548,0.5723201873225212
2.4251046025104603,meson,5.401020768870202,0.12483354666247974,-0.1516740083657408,0.19643935243749994
2.4251046025104603,quark,6.0335927423160545,0.9690131423523851,-0.24700916976573215,1.0
2.6292887029288705,baryon,4.553328373232935,-0.0500405618089139,-0.3119429494213673,0.31593110248890255
2.6292887029288705,boson,5.187852511898941,0.44280147533179237,-0.860045198461078,0.9673421783174592
2.6292887029288705,lepton,4.157991219839637,-0.05741316113045103,-0.09272563437332154,0.10906105785717486
2.6292887029288705,meson,4.556329062334707,-0.017235364986336363,-0.10954264738037152,0.11089025836976232
2.6292887029288705,quark,4.478222916017547,-0.2320318902785541,-0.9727081792057477,0.9999999999999999
2.8334728033472802,baryon,3.0545348844257862,-0.2988704623621246,0.026084928748192862,0.30000662789403243
2.8334728033472802,boson,4.8824974658677505,0.06485413433271062,-0.37756708550292073,0.38309654500558354
2.8334728033472802,lepton,4.903632946146892,0.0010234352116046952,-0.0052860625004910455,0.005384224771631473
2.8334728033472802,meson,6.096453642284712,0.1531683260813594,-0.02893851057173818,0.1558780725717259
2.8334728033472802,quark,3.254260369309502,-0.9936597041600912,-0.11242949936951667,1.0
3.03765690376569,baryon,3.55402126864311,-0.42459226813234224,-0.1857683106396142,0.4634527585371167
3.03765690376569,boson,3.8874271165432854,-0.7264813995386056,-0.6711567915204246,0.9890534175056278
3.03765690376569,lepton,5.358105032044906,0.37708302157720536,-0.5004641416635468,0.6266226633731227
3.03765690376569,meson,2.5730829184267168,-0.18972331673995854,0.12120816167503173,0.22513630398372286
3.03765690376569,quark,2.2634709301769083,-0.6385976802286518,0.7695407739727536,1.0
3.2418410041841,baryon,2.190734472638548,-0.16285012849053307,0.2281403226089737,0.28030014475470705
3.2418410041841,boson,2.748767848654031,-0.5810030259045732,0.24074491578828594,0.6289058996290137
3.2418410041841,lepton,4.755491735205385,0.04212277396828781,-0.976658800940576,0.9775667453128033
3.2418410041841,meson,0.6773896960789314,0.1347352635031174,0.10837473912930354,0.17291233418295837
3.2418410041841,quark,1.4432004055565475,0.1272499774101574,0.9918706786920937,1.0
3.4460251046025103,baryon,5.191231203096176,0.07586016811763716,-0.1461265663319045,0.1646442786579256
3.4460251046025103,boson,3.2299643389653627,-0.41198139038114734,-0.03650256224038528,0.41359533734133963
3.4460251046025103,lepton,2.5837940996506465,-0.0563565421949441,0.03516011392567814,0.06642509660841435
3.4460251046025103,meson,6.236857797346665,0.46967785283453334,-0.021774585390280477,0.4701823242234614
3.4460251046025103,quark,0.7515657531460469,0.730620694379152,0.6827835681567958,1.0
3.6502092050209205,baryon,3.9733850772711587,-0.18452838408518996,-0.20249703608844216,0.2739630890424753
3.6502092050209205,boson,2.740458052300627,-0.799629850275919,0.3391480296122533,0.8685788872878286
3.6502092050209205,lepton,4.77064552143143,0.057405787570382234,-0.9842814234721269,0.9859540278526643
3.6502092050209205,meson,5.609818560600618,0.280216449220389,-0.2235423340337178,0.3584584125375287
3.6502092050209205,quark,0.15948176571863898,0.9873097149600252,0.15880657022161865,1.0
3.8543933054393307,baryon,4.342126103135743,-0.044802971334553944,-0.11542230799881881,0.12381282415072783
3.8543933054393307,boson,1.9683353782421762,-0.3829331757055954,0.9119728358151319,0.9891068043040984
3.8543933054393307,lepton,4.778040260435116,0.029387218996523634,-0.44698269877148444,0.4479476996719475
3.8543933054393307,meson,0.0507443463201781,0.2834163387564383,0.014394133878706184,0.28378162760161607
3.8543933054393307,quark,5.929288678706326,0.938029439294674,-0.34655558142456677,1.0
4.058577405857741,baryon,1.7926923948916222,-0.04515828835258251,0.20015982469158605,0.20519070745894283
4.058577405857741,boson,1.314345627340617,0.20200995176850114,0.7703698455865657,0.7964155445510724
4.058577405857741,lepton,2.4184375690457807,-0.45515347822697866,0.4017482886828822,0.6070966778048956
4.058577405857741,meson,0.8192618278473508,0.0533982174608728,0.0571429789870298,0.07820926847574264
4.058577405857741,quark,5.479274485010533,0.6938959365010537,-0.720075294193132,1.0
4.26276150627615,baryon,3.8145085970361507,-0.012298360127190988,-0.009801932756517287,0.01572665086982501
4.26276150627615,boson,0.9688897196296605,0.2691591233549743,0.39182365158405585,0.4753655515767648
4.26276150627615,lepton,3.833834409016919,-0.7679383196430754,-0.6367067925597072,0.997559423025967
4.26276150627615,meson,4.925885417215708,0.04579330947398957,-0.21122329982790125,0.21613030695108
4.26276150627615,quark,5.081074863876957,0.3603899333249228,-0.9328017452589042,1.0
4.46694560669456,baryon,2.472826348216075,-0.28146659034721516,0.22242843565237172,0.358744826399557
4.46694560669456,boson,1.381111491209155,0.0636401162017964,0.33147096131765114,0.3375249066173131
4.46694560669456,lepton,5.774244892398025,0.5068500816447453,-0.28280634358481416,0.5804105729869994
4.46694560669456,meson,5.796004049511516,0.21643724175831808,-0.11466258302673182,0.24493384324407028
4.46694560669456,quark,4.72582292531096,0.013433540857281098,-0.9999097659189232,1.0
4.6711297071129705,baryon,2.027395055619822,-0.1362957725921909,0.2774639791366523,0.3091323298279344
4.6711297071129705,boson,1.5317010199835528,0.021486694770172027,0.5493177658212124,0.5497378337889388
4.6711297071129705,lepton,5.0134274636406335,0.051054840599897344,-0.16444134861775944,0.17218465054675583
4.6711297071129705,meson,3.2161804503287237,-0.3720627642771594,-0.02780291999581477,0.37310012452672103
4.6711297071129705,quark,4.406594136556784,-0.3010512396333335,-0.9536079651068531,1.0
4.875313807531381,baryon,1.6418567343596269,-0.022465517660520823,0.31561444512409986,0.31641298559753933
4.875313807531381,boson,1.24446741696815,0.25092602739172704,0.7414453731018897,0.7827548227362091
4.875313807531381,lepton,1.4842752081459858,0.06712460958647748,0.77388076870223,0.7767864297085084
4.875313807531381,meson,5.586963060267948,0.1591133708444834,-0.13299506289595137,0.2073758701879082
4.875313807531381,quark,4.117898951766515,-0.5600863495967594,-0.8284342345626335,0.9999999999999999
5.079497907949791,baryon,1.8821006218554943,-0.1089617183574566,0.3386362718359762,0.35573470546234154
5.079497907949791,boson,0.8785136725091394,0.5958751237153734,0.7186310229691524,0.933540417034261
5.079497907949791,lepton,4.557652051132529,-0.15405273837470435,-0.9876197657217385,0.9995624281879579
5.079497907949791,meson,2.160613379363078,-0.18627346137100012,0.27831472533356866,0.3348983259866093
5.079497907949791,quark,3.855327041963293,-0.7559223932713242,-0.654661237092096,1.0
5.283682008368201,baryon,2.084895154212916,-0.13675790671532642,0.2421555167706019,0.27810433177423755
5.283682008368201,boson,0.515367957059038,0.8650960609385112,0.4900142020902917,0.9942359442815943
5.283682008368201,lepton,1.6233539595284598,-0.04433686140511947,0.8428086960346848,0.8439740845493672
5.283682008368201,meson,5.946579055845802,0.38854472820634095,-0.13596075021930668,0.4116458810885104
5.283682008368201,quark,3.615292702706192,-0.8898864875787776,-0.45618202422356147,1.0
5.487866108786611,baryon,2.7786395846914322,-0.26970278580302925,0.10242720352463626,0.2884977030962152
5.487866108786611,boson,0.17771436012198055,0.9621793133070692,0.17281623995198292,0.9775758199481024
5.487866108786611,lepton,5.211730823600565,0.2115278552183233,-0.38780556830661134,0.4417433557427635
5.487866108786611,meson,3.6372760923997194,-0.19214658154509578,-0.10389573522992733,0.21843679314262354
5.487866108786611,quark,3.394849331285751,-0.9681015700652549,-0.25055807717411216,1.0
5.692050209205021,baryon,0.4041290818613228,0.10416205204226389,0.044546873385977195,0.11328793852004536
5.692050209205021,boson,6.158654183664282,0.8950975253820591,-0.11204731012544891,0.9020832443025613
5.692050209205021,lepton,5.868116888008006,0.04300579477894456,-0.01895138187722345,0.046996311127843304
5.692050209205021,meson,0.6901019559463869,0.1535172818749822,0.1267296715527687,0.19906774094803853
5.692050209205021,quark,3.191552016926774,-0.998752290556988,-0.049938583351651564,1.0
5.896234309623431,baryon,1.3457424175825379,0.043243200006787254,0.18889093854870898,0.19377760709803174
5.896234309623431,boson,5.900665081501402,0.7302162884992052,-0.2937937251617522,0.7871026495533944
5.896234309623431,lepton,3.5674947378411996,-0.4478161679280777,-0.20316096518156013,0.4917455622893728
5.896234309623431,meson,5.385358267916569,0.1319435884023609,-0.16552982171505112,0.21168191325077407
5.896234309623431,quark,3.0033542604426464,-0.9904602797447152,0.13779852774257265,1.0
6.100418410041841,baryon,2.3777821089073896,-0.2744220765705318,0.2628224447248425,0.37997778035093804
6.100418410041841,boson,5.701036777099908,0.5440371924803663,-0.35810897810036724,0.6513205869600688
6.100418410041841,lepton,1.43034830011055,0.11370296784100795,0.8042431347831485,0.8122409647030114
6.100418410041841,meson,4.297027228062701,-0.04711556221105921,-0.10683297888489444,0.11676113043253945
6.100418410041841,quark,2.828529305014919,-0.9513946020127156,0.3079745302148645,1.0
6.304602510460251,baryon,0.40670818565069694,0.22108352917467522,0.09522578960752477,0.2407195004122143
6.304602510460251,boson,5.586861279338736,0.394136713559631,-0.3295076962727009,0.5137305430656514
6.304602510460251,lepton,5.721921368297203,0.8264600841943646,-0.5196051098800039,0.9762303729038382
6.304602510460251,meson,2.218996336914795,-0.029977693515561253,0.03958140743116691,0.04965229020644423
6.304602510460251,quark,2.66560948128914,-0.8888426493948308,0.45821255397116517,1.0
6.508786610878661,baryon,2.100048697454881,-0.09947379931598385,0.17006592717997543,0.197021461617615
6.508786610878661,boson,5.605895257971883,0.30980187887432703,-0.24913929020734318,0.3975519966986482
6.508786610878661,lepton,3.860490952383808,-0.7429863435194421,-0.6502026531972228,0.9873156520997216
6.508786610878661,meson,0.29681223249331523,0.16454258579794132,0.05032483601804807,0.17206641642492676
6.508786610878661,quark,2.513338919128023,-0.809055078960361,0.5877328297861572,1.0
6.712970711297071,baryon,2.914329006842505,-0.11560194577318383,0.02673397125775532,0.11865291857243387
6.712970711297071,boson,5.792286400039975,0.2951715180694513,-0.15778197199617883,0.3346959452494568
6.712970711297071,lepton,2.116023814543231,-0.4516989672368606,0.7446923340041682,0.8709756766565999
6.712970711297071,meson,5.3912839040953795,0.19373437856008618,-0.24011639356073503,0.30852697109438676
6.712970711297071,quark,2.3706363021085006,-0.7172445914423338,0.6968214951095579,1.0
6.9171548117154815,baryon,1.6786066294008228,-0.05228838034289299,0.4831230248835081,0.485944371190236
6.9171548117154815,boson,6.032504689188434,0.337577019072721,-0.08644234848262666,0.34846882703796633
6.9171548117154815,lepton,0.4770732375883752,0.5887188015380593,0.3043066725865824,0.6627159106775138
6.9171548117154815,meson,4.17019340650854,-0.194806602150509,-0.32337444997408143,0.3775190685746435
6.9171548117154815,quark,2.2365652546099333,-0.6176640324545728,0.78644207861225,1.0
7.121338912133891,baryon,0.042431600933637764,0.2605848404080565,0.011063672583678444,0.2608196003016858
7.121338912133891,boson,6.15581876731006,0.41626206520718756,-0.05330642091469691,0.41966138902844957
7.121338912133891,lepton,5.216859305015398,0.1931500938328023,-0.3498327691728885,0.39961221845032696
7.121338912133891,meson,2.8688819349769528,-0.38453564355543246,0.10754642133457691,0.39929174034340476
7.121338912133891,quark,2.1103105916007654,-0.5137193117243635,0.8579583141163948,1.0
7.325523012552301,baryon,2.6933753081169107,-0.14297244359197855,0.06874949073211656,0.15864303357723236
7.325523012552301,boson,6.156778423841788,0.5091777294545913,-0.06470859060105438,0.5132729896167417
7.325523012552301,lepton,3.760292930784335,-0.09378152038740739,-0.0667676293756731,0.11512119656527617
7.325523012552301,meson,1.5782001009562643,-0.0030882444832291377,0.4171099749186857,0.4171214073032632
7.325523012552301,quark,1.9911591160833129,-0.4080916851053069,0.9129409491023562,1.0
7.529707112970711,baryon,1.8086908963026138,-0.027878060155784094,0.11496755284229287,0.11829930027094379
7.529707112970711,boson,6.0881147953467565,0.597258155312194,-0.11800809967196335,0.6088047434729076
7.529707112970711,lepton,5.524489132496829,0.11867826659606712,-0.11250377869964573,0.1635286861194269
7.529707112970711,meson,0.3896971110229377,0.38176972898152234,0.1567931683303019,0.41271324621543154
7.529707112970711,quark,1.8784839764417556,-0.30285569397082657,0.9530364256571986,1.0
7.733891213389121,baryon,2.344980594666328,-0.23747874559145168,0.24286550159528456,0.3396760316431211
7.733891213389121,boson,5.9848974931700125,0.6664723652627811,-0.20491440496098856,0.6972627388721427
7.733891213389121,lepton,4.2194983211424075,-0.19691270642004188,-0.36661731158325156,0.41615245656153055
7.733891213389121,meson,5.531106858595507,0.25710031734359606,-0.24051381769330327,0.3520617412892025
7.733891213389121,quark,1.7717318342390496,-0.19958610330553408,0.9798802923660179,1.0
7.9380753138075315,baryon,1.264151456260754,0.1580431818695693,0.499138273025432,0.5235615178126334
7.9380753138075315,boson,5.865363973266641,0.708270021219203,-0.31444492635532106,0.7749335679066004
7.9380753138075315,lepton,2.9809180018251733,-0.6212083334476513,0.10068032678393851,0.6293141677621193
7.9380753138075315,meson,4.237945442556665,-0.11913403698817313,-0.23197294011721645,0.2607764631168332
7.9380753138075315,quark,1.6704122684407297,-0.09945126963136122,0.9950424337528075,1.0
8.142259414225942,baryon,6.258292388692733,0.34165214394030674,-0.008506476076142947,0.34175802491564417
8.142259414225942,boson,5.738945318244705,0.7190476326929649,-0.4351732558594644,0.8404791851656315
8.142259414225942,lepton,1.8034145485692543,-0.1833692852194351,0.7740143674044964,0.7954385807279335
8.142259414225942,meson,2.6726588836324074,-0.22319646978786048,0.11307697267090733,0.25020604683776215
8.142259414225942,quark,1.5740889725274871,-0.003292639783048558,0.9999945792469372,1.0
8.346443514644351,baryon,3.913277698429552,-0.10534666996619912,-0.10249631578956572,0.1469810042944382
8.346443514644351,boson,5.610707893991417,0.6991363660879406,-0.5567184542729603,0.8937153325946271
8.346443514644351,lepton,0.682225940071875,0.7076209659072239,0.5748355918662473,0.9116816270319873
8.346443514644351,meson,1.4181884925331116,0.05338494557770255,0.34709797786103586,0.35117938243802754
8.346443514644351,quark,1.4823723989478281,0.08830874485043949,0.9960931510571388,1.0
8.55062761506276,baryon,2.239155780574881,-0.13497647403791244,0.17094558263482798,0.21780964341844017
8.55062761506276,boson,5.483479579087754,0.65165657249471,-0.6705757885201377,0.935055173037911
8.55062761506276,lepton,5.896271525591141,0.9064262108856387,-0.36932498196732977,0.978779555408502
8.55062761506276,meson,0.5110508261282246,0.3973130704079053,0.22278898879166598,0.45551356669562565
8.55062761506276,quark,1.3949135796150025,0.17497733421965345,0.9845724617870356,1.0
8.754811715481171,baryon,2.0766903008844024,-0.08085371839545863,0.14595052736513842,0.16684987328893644
8.754811715481171,boson,5.358884160043244,0.5814461524635136,-0.770444942234021,0.9652279716360315
8.754811715481171,lepton,4.875347008695488,0.16223768684509005,-0.9867513033801472,0.9999996008775528
8.754811715481171,meson,6.039055190837271,0.4938306484891664,-0.12301252813526563,0.5089212035919314
8.754811715481171,quark,1.3113989078965402,0.2564981769162695,0.9665447145572884,1.0
8.95899581589958,baryon,2.1448696745040636,-0.18909974954743552,0.2923934432374439,0.3482134990593431
8.95899581589958,boson,5.237869362211256,0.49416627202016744,-0.8522138628043121,0.9851237345420915
8.95899581589958,lepton,3.8991821681219014,-0.7121458508904497,-0.6736001892747633,0.9802494212859701
8.95899581589958,meson,5.356559145615755,0.30168588875790436,-0.40168767107780995,0.5023617825547257
8.95899581589958,quark,1.2315457112552248,0.33278051287134236,0.9430043108348373,1.0
9.163179916317992,baryon,1.4284524777794025,0.07533451527426357,0.5256639019125154,0.5310346758597775
9.163179916317992,boson,5.120990681904689,0.395618797200372,-0.9137330696919959,0.9957019410180071
9.163179916317992,lepton,2.964653498409343,-0.9109137654869544,0.1628796534419406,0.9253613724696902
9.163179916317992,meson,4.7112366955543425,-0.0005154710330516785,-0.44734669010263733,0.4473469870873961
9.163179916317992,quark,1.1550984776244237,0.40382844532351,0.9148347319311816,1.0
9.367364016736401,baryon,0.5425730217369772,0.43916069327633844,0.26478429112982416,0.5128087707402026
9.367364016736401,boson,5.008571482219329,0.2912686507239561,-0.9544835631805083,0.9979360196306741
9.367364016736401,lepton,2.0689300284049557,-0.4020786660657247,0.7392760054830461,0.8415439774534432
9.367364016736401,meson,4.078904588802759,-0.215448935011464,-0.29334129670555487,0.3639606571464427
9.367364016736401,quark,1.0818256251167737,0.4697174552973554,0.8828168055655584,1.0
9.57154811715481,baryon,5.746627578368797,0.2895884646368004,-0.17223566590368472,0.3369370912499618
9.57154811715481,boson,4.900797341986481,0.18594324581887345,-0.9752106185849049,0.9927792510253278
9.57154811715481,lepton,1.2094393800328176,0.259848004421372,0.6875143550308116,0.7349809342936742
9.57154811715481,meson,3.43388884485747,-0.26169284193622516,-0.07874734684959862,0.27328426254819194
9.57154811715481,quark,1.011516725530201,0.530575698627226,0.8476375569936899,0.9999999999999999
9.775732217573221,baryon,4.123688996690362,-0.11860230574315501,-0.17763492906846,0.21358996922315815
9.775732217573221,boson,4.797773984744123,0.08367324463795967,-0.9775698165320797,0.9811442085966812
9.775732217573221,lepton,0.3838384819564057,0.567053106053738,0.22901597303890298,0.6115533835996229
9.775732217573221,meson,2.7416427276708735,-0.1777303699053449,0.07513270484170761,0.1929585647840538
9.775732217573221,quark,0.9439801086381152,0.5865691930580079,0.8098991182581182,1.0
9.97991631799163,baryon,2.7295906253999136,-0.23845462721800886,0.10420789137833766,0.2602304629884806
9.97991631799163,boson,4.699564333302156,-0.012361223869481,-0.9638117986816126,0.9638910639348395
9.97991631799163,lepton,5.873173513680512,0.4371533825474688,-0.19000663075983804,0.47666088533190876
9.97991631799163,meson,1.965358237500094,-0.05189145706717215,0.12461994458060274,0.1349920512616453
9.97991631799163,quark,0.8790407874139865,0.6378901534005907,0.7701273610219097,1.0
10.184100418410042,baryon,2.0452022953933304,-0.12008068249525514,0.23383782699792577,0.2628678368375221
10.184100418410042,boson,4.606213299373559,-0.0998107947452119,-0.9365181062276383,0.9418218292436594
10.184100418410042,lepton,5.109116634314154,0.12949057970896805,-0.30909007383295917,0.3351186118009991
10.184100418410042,meson,1.1222000981132585,0.04473277706185079,0.09293675931507561,0.10314195351869936
10.184100418410042,quark,0.8165386548875369,0.6847478634670378,0.7287800515089082,1.0
10.388284518828451,baryon,1.9499207400360512,-0.0880964182740578,0.22112676531780556,0.238029462992785
10.388284518828451,boson,4.517765277376195,-0.17708982554753544,-0.8983910859160363,0.9156786278852704
10.388284518828451,lepton,4.373058604857408,-0.06361251282411634,-0.18021376990636664,0.19111136714403784
10.388284518828451,meson,0.3244130070072493,0.08512617500175075,0.028627443073198415,0.08981089113987184
10.388284518828451,quark,0.7563269118267109,0.7273615846784366,0.6862544172055095,1.0
10.59246861924686,baryon,1.9470616074271254,-0.1248068983934646,0.3158959503441859,0.33965719973298514
10.59246861924686,boson,4.434277327499011,-0.24328248144166412,-0.8520951204876989,0.8861447173771109
10.59246861924686,lepton,3.6633507457031547,-0.04177667862231524,-0.024017355188152067,0.048188424200694364
10.59246861924686,meson,5.92659974033247,0.07773568880374346,-0.02895729446733788,0.0829539764969743
10.59246861924686,quark,0.6982706913203145,0.7659550943341225,0.6428940763948642,0.9999999999999999
10.796652719665271,baryon,1.556237415780573,0.007104515993466204,0.48794954630682175,0.4880012642284184
10.796652719665271,boson,4.355829913293258,-0.2980369696992824,-0.8001433329130819,0.8538474035287489
10.796652719665271,lepton,6.1200681443725795,0.08950945552457795,-0.014731414716630531,0.09071359990574598
10.796652719665271,meson,5.3345696506557125,0.044663442615606494,-0.0622741978731875,0.07663484081686661
10.796652719665271,quark,0.6422458519358198,0.8007525236488632,0.598995322076873,1.0
11.00083682008368,baryon,0.9924201045563669,0.3087856187130267,0.47298086013523044,0.5648534786811967
11.00083682008368,boson,4.282536402070782,-0.34145840658656634,-0.7448225840787053,0.8193622673654901
11.00083682008368,lepton,5.458626058574377,0.1515463505478239,-0.16390613098313808,0.22322973847188357
11.00083682008368,meson,4.7793924950072295,0.004759036714673661,-0.07092035032162344,0.07107984609010776
11.00083682008368,quark,0.5881379157054494,0.8319752290403815,0.5548127776675703,1.0
11.205020920502092,baryon,0.3418066481540203,0.5056039457489695,0.17987916768035653,0.5366487351352882
11.205020920502092,boson,4.214552126566724,-0.3740071765430173,-0.6881493871355755,0.783218326599134
11.205020920502092,lepton,4.819324381290894,0.03709087329229366,-0.345529963049277,0.3475150187350465
11.205020920502092,meson,4.22802913857481,-0.03217313250448633,-0.06114647016712356,0.06909414786398459
11.205020920502092,quark,0.535841130954174,0.8598394819247908,0.5105644575597752,1.0
11.409205020920501,baryon,5.868530775315873,0.3934848023053311,-0.1732026667492265,0.429917961260412
11.409205020920501,boson,4.152083515866538,-0.39640688222093,-0.6318498318381959,0.7459038988140997
11.409205020920501,lepton,4.200966889693765,-0.22620289474649924,-0.40305045500285025,0.4621876446527973
11.409205020920501,meson,3.687567652193515,-0.06289999257267519,-0.03821682937222896,0.0735998309298918
11.409205020920501,quark,0.48525764308534003,0.8845548043873741,0.46643627435611656,1.0
11.613389121338912,baryon,4.911383447643531,0.0626405464832938,-0.3106193161512865,0.316872525836524
11.613389121338912,boson,4.095397541887865,-0.40956396656941674,-0.5773574271680728,0.7078730404657397
11.613389121338912,lepton,3.602444906744107,-0.5071940423743143,-0.25182725535056427,0.5662709273460859
11.613389121338912,meson,3.1925283998667986,-0.08582109256006087,-0.00437514574978407,0.08593254231392429
11.613389121338912,quark,0.43629675900909465,0.9063228122290565,0.4225860386160603,1.0
11.817573221757321,baryon,3.787105968834391,-0.22773864415600242,-0.17152109314145636,0.28510414839923753
11.817573221757321,boson,4.0448314106303895,-0.4144996774761155,-0.5258237193812132,0.6695525121241026
11.817573221757321,lepton,3.022729305067201,-0.654485817041458,0.07816283069897112,0.6591366419880638
11.817573221757321,meson,2.760441524116606,-0.09784858325360556,0.03921263439208086,0.1054133575060807
11.817573221757321,quark,0.38887429303547616,0.9253364544838615,0.3791469978823999,1.0
12.02175732217573,baryon,2.880872815248967,-0.3105636715119454,0.08285604869148933,0.3214263817233209
12.02175732217573,boson,4.000801954430448,-0.4122941085946552,-0.4781374949537016,0.6313492663038918
12.02175732217573,lepton,2.460863379623216,-0.575415232161745,0.46601053143147636,0.7404515546670166
12.02175732217573,meson,2.382265699536367,-0.09441031611691679,0.08961155606238357,0.1301673490903839
12.02175732217573,quark,0.3429119838376052,0.9417795607665115,0.33623096068392727,0.9999999999999999
12.225941422594142,baryon,2.2719366475714664,-0.22178483766661594,0.2627036730585107,0.34380479062578534
12.225941422594142,boson,3.963813416046272,-0.4040414696876039,-0.4349492595161254,0.5936584603801623
12.225941422594142,lepton,1.9159564803726865,-0.27410475029057507,0.7623478418406306,0.8101281664594348
12.225941422594142,meson,2.041615694754425,-0.07160279243871417,0.1406742597451278,0.15784868463139395
12.225941422594142,quark,0.2983369735847328,0.9558266257428432,0.2939310489231289,1.0
12.430125523012551,baryon,1.8958334746924275,-0.1047947410706926,0.31097366117588177,0.3281562976711031
12.430125523012551,boson,3.9344610726096745,-0.39081541874160425,-0.3966984581423346,0.556871940591983
12.430125523012551,lepton,1.3871783114922158,0.15853750925804605,0.8536840108429327,0.8682802152592337
12.430125523012551,meson,1.7257007325526483,-0.02869064358076281,0.18373134440812117,0.1859579520942678
12.430125523012551,quark,0.25508134160106516,0.9676427744419477,0.2523241190815692,1.0
12.634309623430962,baryon,1.7477404703789245,-0.05410350609733336,0.30256823729917276,0.3073674146593173
12.634309623430962,boson,3.913426208087433,-0.37364314878523275,-0.36364155667397924,0.5213869814009728
12.634309623430962,lepton,0.873753816650448,0.5875044193351353,0.7017112614525943,0.9151831167518912
12.634309623430962,meson,1.426444080494278,0.0305027835148415,0.2098382353746342,0.21204363896918405
12.634309623430962,quark,0.2130816859660831,0.9773838637204586,0.21147288937087907,1.0
12.838493723849371,baryon,1.717041358743816,-0.04890739779510609,0.3320333566967396,0.3356159762561864
12.838493723849371,boson,3.901455144963516,-0.35348690519148845,-0.3358796399642046,0.48761472976556
12.838493723849371,lepton,0.37495858081755107,0.8851498300968215,0.3483761548026683,0.9512392795482768
12.838493723849371,meson,1.1389491990360763,0.09789452913295835,0.2124177291669593,0.23389021035223193
12.838493723849371,quark,0.17227874736883717,0.9851966844936585,0.17142780656212883,1.0
13.04267782426778,baryon,1.582121959395454,-0.004713290826054067,0.4161435803212042,0.4161702711066247
13.04267782426778,boson,3.899311558008563,-0.331231669837475,-0.31338461083980285,0.45598720751193966
13.04267782426778,lepton,6.1732999955674535,0.9710557831285893,-0.10713633077979211,0.9769480678728194
13.04267782426778,meson,0.8600791895003232,0.16288236770394912,0.1892272725850496,0.24967504160172108
13.04267782426778,quark,0.1326170702900157,0.9912192368088584,0.1322286828946898,1.0
13.246861924686192,baryon,1.3061659325550137,0.1318224993263325,0.48645543461958995,0.5040000607138605
13.246861924686192,boson,3.907688222978707,-0.30767785461894115,-0.2960234067875186,0.4269607939717685
13.246861924686192,lepton,5.701772292500049,0.8297374266203597,-0.5452950287214788,0.9928800861548867
13.246861924686192,meson,0.5875284167304069,0.2147976690321454,0.1430513697382571,0.2580731156196527
13.246861924686192,quark,0.09404469723389894,0.9955810558129037,0.09390613029224387,0.9999999999999999
13.451046025104601,baryon,0.9425696474751334,0.33064405437036437,0.45518041375873053,0.5625963915277467
13.451046025104601,boson,3.927064749957667,-0.28353797583401563,-0.28357990454356985,0.40101290004311707
13.451046025104601,lepton,5.242965006948517,0.5058558821787132,-0.8622185091287338,0.9996554061370251
13.451046025104601,meson,0.31921811653822546,0.24525676556231987,0.0810627274219838,0.25830611071204174
13.451046025104601,quark,0.05651289228578634,0.998403571447689,0.05648281615234384,1.0
13.655230125523012,baryon,0.5240566251774864,0.498674739139003,0.2882144994198037,0.5759723023993087
13.655230125523012,boson,3.9575075423923907,-0.2594364174846423,-0.2757743701234558,0.37862746590052654
13.655230125523012,lepton,4.796318688646318,0.08365728510992866,-0.9944126074092061,0.9979253354466655
13.655230125523012,meson,0.05280591385253996,0.24979615147702472,0.013202988359148446,0.25014483043697805
13.655230125523012,quark,0.019975890744582753,0.9998004885289711,0.01997456225379635,1.0
13.859414225941421,baryon,0.05854831031944991,0.5436467054922259,0.03186601556185009,0.5445798227444156
13.859414225941421,boson,3.9984343340722313,-0.23591152560927192,-0.2722804462946853,0.3602650265425818
13.859414225941421,lepton,4.361307432289807,-0.3399095100686502,-0.9280688178839258,0.988357326964078
13.859414225941421,meson,6.0682833537761995,0.22850115792627126,-0.04987551741797228,0.23388105184336166
13.859414225941421,quark,6.267575979166843,0.999878176913053,-0.015608694148754577,1.0
14.063598326359832,baryon,5.819151552869366,0.4307552171265073,-0.21558556635780174,0.48169201104390197
14.063598326359832,boson,4.048409008521338,-0.21341940126704528,-0.27273976232565184,0.34631606776272617
14.063598326359832,lepton,3.9374363544444306,-0.6798270973258339,-0.6941798604802543,0.9716226432905185
14.063598326359832,meson,5.794232348704443,0.1856509654351853,-0.09877447648971248,0.2102918880338306
14.063598326359832,quark,6.232902060251812,0.9987360638847287,-0.05026206020488184,1.0
14.267782426778242,baryon,5.21724387488514,0.19869341558878595,-0.3595459673569984,0.4107948101437234
14.267782426778242,boson,4.105073565197678,-0.19233887340022818,-0.27677431154558396,0.33704341226673007
14.267782426778242,lepton,3.5242392971965093,-0.8797988151012608,-0.3541056855179826,0.9483864146906275
14.267782426778242,meson,5.504814995287315,0.1286237515655742,-0.12682844192575,0.1806364391481295
14.267782426778242,quark,6.199101308070814,0.996467022830374,-0.08398495348317397,1.0
14.47196652719665,baryon,4.528173562388471,-0.06613208059282671,-0.3549231237142474,0.3610316825856355
14.47196652719665,boson,4.1653185257523955,-0.17297723304738316,-0.28399677865669604,0.33252863551897166
14.47196652719665,lepton,3.1212767349713078,-0.9191100503102645,0.018675134357738626,0.9192997580901545
14.47196652719665,meson,5.181881567769017,0.06640856674467022,-0.13089875422804445,0.1467807262399778
14.47196652719665,quark,6.166137768120378,0.9931577537905164,-0.11678046106166863,0.9999999999999999
14.676150627615062,baryon,3.8159308873670725,-0.274914261095759,-0.219749902458421,0.35194867606557734
14.676150627615062,boson,4.225704236724994,-0.15557639704622211,-0.294019017175018,0.33264274797212595
14.676150627615062,lepton,2.7281338637116996,-0.8104211117075735,0.35557192422891504,0.884993656249124
14.676150627615062,meson,4.784651950199153,0.008068965569968441,-0.11146670956420755,0.111758380206769
14.676150627615062,quark,6.133977508190941,0.9888891526956722,-0.14865478021522033,1.0
14.880334728033471,baryon,3.1863260156268747,-0.3744099319930417,-0.016759795725132143,0.3747848555208471
14.880334728033471,boson,4.283007200188797,-0.14031924301371174,-0.3064588828564603,0.33705568804215535
14.880334728033471,lepton,2.344418854022756,-0.5911786290112384,0.6052682028519742,0.8460743281670152
14.880334728033471,meson,4.221450991432683,-0.038568642540764864,-0.07214572446617548,0.08180798094432234
14.880334728033471,quark,6.1025884754688535,0.9837366670413488,-0.17961673061933414,1.0
15.084518828451882,baryon,2.6769397378048287,-0.3612357047129543,0.1810720216800143,0.4040771107038263
15.084518828451882,boson,4.334685465522353,-0.12733591903687103,-0.3209456254009181,0.345283261599735
15.084518828451882,lepton,1.969761251987157,-0.3119837663702375,0.7400456928557583,0.803119852819564
15.084518828451882,meson,3.412048247866017,-0.06783382880088787,-0.018806840058241996,0.07039265276123964
15.084518828451882,quark,6.071940365718319,0.9777706365040473,-0.20967732922390594,1.0
15.288702928870292,baryon,2.272143964503596,-0.27163596927401995,0.32161694036900396,0.4209792823117971
15.288702928870292,boson,4.379109708240432,-0.1167099823946562,-0.3371240311201256,0.35675458280061995
15.288702928870292,lepton,1.603810513189872,-0.02497656545136845,0.7562655097144062,0.7566778376596853
15.288702928870292,meson,2.645806901308152,-0.07667644101751693,0.04146992035455882,0.08717242053153167
15.288702928870292,quark,6.042004503360233,0.9710566175810454,-0.2388494200371005,1.0
15.492887029288703,baryon,1.9552109758149314,-0.1571966703224567,0.38858058951170515,0.4191725989443149
15.492887029288703,boson,4.415542260404824,-0.10848426308074988,-0.3546574958675284,0.3708783826420721
15.492887029288703,lepton,1.2462346570942464,0.2255417854683465,0.6703381226128489,0.7072639504600587
15.492887029288703,meson,2.138618370896811,-0.06470196534305109,0.10142962386037174,0.1203092386964105
15.492887029288703,quark,6.012753731396132,0.9636556917858501,-0.2671473520152029,1.0
15.697071129707112,baryon,1.721115247176023,-0.060294350908183594,0.39808383799345204,0.4026240812756189
15.697071129707112,boson,4.443952829357438,-0.10266638121196692,-0.3732301920353881,0.38709322143113484
15.697071129707112,lepton,0.8967190303172821,0.4090611580735892,0.5120226714762686,0.6553611577978976
15.697071129707112,meson,1.7865285596084193,-0.0338622177999999,0.1545214632703793,0.15818828150515388
15.697071129707112,quark,5.984162310240425,0.9556247572751084,-0.29458669909364554,1.0
15.901255230125521,baryon,1.569421716283739,0.0005263320592501786,0.3828951717355561,0.38289553348640354
15.901255230125521,boson,4.464782465870197,-0.0992338738125977,-0.3925484770386627,0.40489710858096783
15.901255230125521,lepton,0.5549651685861853,0.5111577664431339,0.31689619080072984,0.6014195357145842
15.901255230125521,meson,1.509069475064085,0.012085364153441646,0.19553906735052642,0.19591218156877074
15.901255230125521,quark,5.956205824625038,0.9470168040429073,-0.3211840171309239,1.0
16.105439330543934,baryon,1.485840648747577,0.03183156262822148,0.3737824875030227,0.37513543733337384
16.105439330543934,boson,4.478732284111598,-0.09813890707733815,-0.4123416742816773,0.4238595303066232
16.105439330543934,lepton,0.22068974824543233,0.5326177120605039,0.11948946704240665,0.5458565378692869
16.105439330543934,meson,1.2713256575719654,0.06823262503183133,0.22099180223525838,0.2312856843255156
16.105439330543934,quark,5.928861097829568,0.9378811730120328,-0.34695663318284226,1.0
16.309623430962343,baryon,1.4267465860000152,0.05600297692436679,0.3860824716265491,0.39012306817420606
16.309623430962343,boson,4.486607875674485,-0.09931256602638072,-0.4323623417237654,0.4436216634832009
16.309623430962343,lepton,6.176808926319882,0.48629316031605063,-0.05192611853349505,0.48905762396278696
16.309623430962343,meson,1.0575771114848718,0.12918650113536365,0.22921957128625053,0.26311739573097365
16.309623430962343,quark,5.9021061125682674,0.9282637994926999,-0.3719224630905971,0.9999999999999999
16.513807531380753,baryon,1.3403416578238307,0.0974796542428243,0.4154735494484692,0.42675584739123396
16.513807531380753,boson,4.489219921099997,-0.1026687253415518,-0.4523861281991205,0.4638901552633447
16.513807531380753,lepton,5.856696218728711,0.3927360137051585,-0.17845078680877247,0.4313771664955024
16.513807531380753,meson,0.8599649920288208,0.1896665945691429,0.22029274615811517,0.2906928122698244
16.513807531380753,quark,5.87591993793444,0.9182074415786893,-0.39609985386202545,1.0
16.717991631799162,baryon,1.202495847641058,0.17076277254139852,0.4424946291706438,0.4743009817941462
16.717991631799162,boson,4.4873286592098145,-0.1081075138560336,-0.4722113038268059,0.4844282712785707
16.717991631799162,lepton,5.543293517764502,0.2755790629622873,-0.2515736804314839,0.3731395672252069
16.717991631799162,meson,0.6741629891711793,0.24498314099908078,0.195754414530187,0.3135865593131054
16.717991631799162,quark,5.850282661864029,0.9077518941176496,-0.4195074477596548,1.0
16.92217573221757,baryon,1.0157825214535765,0.27423986581227294,0.44230450975891644,0.5204236575654578
16.92217573221757,boson,4.481617975077147,-0.1155183912935982,-0.4916580382809027,0.5050466565905436
16.92217573221757,lepton,5.236369099329103,0.15742416264180453,-0.2724266758982432,0.3146405261952754
16.92217573221757,meson,0.49759087029234844,0.2913704914592357,0.1582661776212004,0.33157947203049515
16.92217573221757,quark,5.825175328634385,0.8969341889336696,-0.44216406538964725,1.0
17.126359832635984,baryon,0.7908560690303316,0.3908898377536885,0.3951801763126376,0.5558437163534299
17.126359832635984,boson,4.472687504492459,-0.12478285994626932,-0.5105674894107578,0.5255948281514712
17.126359832635984,lepton,4.935702222292127,0.056727090239499345,-0.24978800672929913,0.2561484161044856
17.126359832635984,meson,0.32860484397870926,0.3261733638735682,0.11121427859668914,0.3446123605797986
17.126359832635984,quark,5.800579880962396,0.8857887820019029,-0.4640886054188201,1.0
17.330543933054393,baryon,0.5365615738002956,0.49437276010422615,0.2940357684415327,0.5752055798200095
17.330543933054393,boson,4.461054685697809,-0.1357768364821649,-0.5288007546855823,0.5459538327378478
17.330543933054393,lepton,4.641082472089845,-0.014100010144507569,-0.19740279890410783,0.19790572326552575
17.330543933054393,meson,0.16609887639675533,0.3478994474749525,0.05832305146632458,0.3527543109385352
17.330543933054393,quark,5.776479106308912,0.8743477282815239,-0.4852999588387975,1.0
17.534728033472803,baryon,0.25781399530155286,0.5576009468299887,0.14702944197711124,0.5766597547200608
17.534728033472803,boson,4.447161667004675,-0.14837271035036453,-0.5462377291283631,0.566030138685233
17.534728033472803,lepton,4.352309151405407,-0.049374841998315155,-0.1311437708334786,0.1401305236227373
17.534728033472803,meson,0.009294259365108503,0.35616225565930504,0.003310359700593026,0.3561776394408715
17.534728033472803,quark,5.752856587034574,0.8626408449083817,-0.5058169359518851,1.0
17.738912133891212,baryon,6.239092685550763,0.5607437907320709,-0.024740699160569958,0.5612893202614195
17.738912133891212,boson,4.431384086557504,-0.16244111559267838,-0.5627759057211558,0.5857506603455612
17.738912133891212,lepton,4.069190714007128,-0.04979066568294588,-0.0664294565134656,0.0830179684274754
17.738912133891212,meson,6.140807351782427,0.3515430414808278,-0.05039295383961794,0.3551365368562814
17.738912133891212,quark,5.729696654086096,0.8506958634351814,-0.5256582044772735,1.0
17.94309623430962,baryon,5.912389477179536,0.49642382983553307,-0.19299915889020403,0.5326211544436669
17.94309623430962,boson,4.414040095502137,-0.17785244252230775,-0.5783291476147345,0.6050587527603714
17.94309623430962,lepton,3.7915442381929134,-0.02128946487619643,-0.01618271850156705,0.02674175934406265
17.94309623430962,meson,5.993839645916636,0.3354011893806541,-0.09984904068920002,0.34994826584012517
17.94309623430962,quark,5.706984343922443,0.8385385717872846,-0.54484223737238,1.0
18.147280334728034,baryon,5.557289400248133,0.37111423270838967,-0.32938376065514907,0.4962050337330984
18.147280334728034,boson,4.395398812497605,-0.1944781148782574,-0.5928264557626677,0.6239110063292095
18.147280334728034,lepton,0.3776022830307428,0.02653348760151636,0.010524113838620675,0.028544402890725698
18.147280334728034,meson,5.851248162110067,0.30966000795083193,-0.14274326236583953,0.3409764793573777
18.147280334728034,quark,5.68470535841749,0.8261929465780175,-0.5633872691361895,1.0
18.351464435146443,baryon,5.170323489496475,0.20297140967513444,-0.41180787818570075,0.459111230184277
18.351464435146443,boson,4.375687864608146,-0.21219165686409372,-0.6062107507251261,0.6422746869817074
18.351464435146443,lepton,0.11038304601145875,0.08220206130028637,0.009110747053666768,0.08270540849238299
18.351464435146443,meson,5.712778898534049,0.2765904533225115,-0.17744441445479933,0.3286164924199012
18.351464435146443,quark,5.662846027500075,0.8136812764002047,-0.5813112595122631,1.0
18.555648535564853,baryon,4.752509376255277,0.017206372955319606,-0.4286383405222787,0.42898355007618943
18.555648535564853,boson,4.355099922880783,-0.23086957304985706,-0.6184376832564307,0.6601256909345405
18.555648535564853,lepton,6.131319322790254,0.1340624203077263,-0.02051749806904446,0.1356233765461497
18.555648535564853,meson,5.5782370573950235,0.23861002042914795,-0.20300526234605526,0.31328242591851385
18.555648535564853,quark,5.641393274314165,0.8010242766815805,-0.5986318636413792,1.0
18.759832635983262,baryon,4.31500382191037,-0.15951757312312553,-0.38006222374181325,0.4121809675987767
18.759832635983262,boson,4.333798268961558,-0.2503920625493674,-0.6294744848129776,0.6774469071582584
18.759832635983262,lepton,5.873887495318811,0.17173402195656323,-0.0744976390681068,0.1871963475180519
18.759832635983262,meson,5.447479168771329,0.1981086304942485,-0.21911608666675733,0.29539615588639706
18.759832635983262,quark,5.620334582701454,0.788241196661682,-0.6153664078298063,1.0
18.96401673640167,baryon,3.879802486588674,-0.30424255276787926,-0.27680358609816463,0.41131953052525944
18.96401673640167,boson,4.311921486563146,-0.27064358725295673,-0.6392988662118926,0.6942269021443638
18.96401673640167,lepton,5.621126350013743,0.18719440683925415,-0.14590107000610414,0.2373370349962818
18.96401673640167,meson,5.320411158479162,0.15730836125123454,-0.22602459342537898,0.27537798995681695
18.96401673640167,quark,5.599657966826343,0.7753499190174417,-0.6315318702010586,1.0
19.168200836820084,baryon,3.470319112907821,-0.40139723465359456,-0.13691761249763235,0.42410632228204836
19.168200836820084,boson,4.289587390879577,-0.2915133122512886,-0.6478979702598763,0.7104588595313488
19.168200836820084,lepton,5.372895501901176,0.17544843993418774,-0.2258265342867534,0.2859716396136276
19.168200836820084,meson,5.196992520916154,0.1181596406188454,-0.2244349109177322,0.2536389755337793
19.168200836820084,quark,5.579351942779086,0.7623670526344729,-0.6471448655883988,0.9999999999999999
19.372384937238493,baryon,3.1003563261765597,-0.44449926993544897,0.018339913883936926,0.4448774588742583
19.372384937238493,boson,4.266896308804389,-0.3128954349689009,-0.6552673821879992,0.7261397216678696
19.372384937238493,lepton,5.129060377009159,0.13478706342208624,-0.3045443170347645,0.33303872673327445
19.372384937238493,meson,5.077248399166654,0.08227320762026161,-0.21539690317758567,0.23057473103230738
19.372384937238493,quark,5.5594055020072375,0.7493080189914211,-0.662221634103834,1.0
19.576569037656903,baryon,2.7725652814436064,-0.4358937371725512,0.16857956444880517,0.4673568440239235
19.576569037656903,boson,4.2439338134803455,-0.33468941796470997,-0.6614102001107144,0.741269491688449
19.576569037656903,lepton,4.889491908255774,0.06668150047189142,-0.37256794158905765,0.37848816838190635
19.576569037656903,meson,4.961294018144034,0.05088475669540624,-0.20019505385568295,0.20656068854511134
19.576569037656903,quark,5.539808086438386,0.7361871325958889,-0.6767780328883637,1.0
19.780753138075312,baryon,2.483610095405568,-0.38493665762073787,0.2975088187249897,0.48650562956595267
19.780753138075312,boson,4.220773003936795,-0.3568001388703591,-0.6663361664220717,0.7558506636763445
19.780753138075312,lepton,4.654066250480884,-0.024614570958405135,-0.4215621510168567,0.4222801490402141
19.780753138075312,meson,4.849381162773837,0.024847653559464028,-0.18024401718980113,0.18194865105333555
19.780753138075312,quark,5.520549565168902,0.7230176758827268,-0.6908295306087748,0.9999999999999999
19.98493723849372,baryon,2.2288769945241778,-0.30525295158381704,0.39487645665204496,0.4991059811990901
19.98493723849372,boson,4.197476407271411,-0.37913796953870427,-0.6700608600016166,0.7698877554890956
19.98493723849372,lepton,4.4226645132184474,-0.13266908976053993,-0.44502991990572527,0.4643842342168675
19.98493723849372,meson,4.741988250352968,0.004648319193926981,-0.1569958187975665,0.15706461724795615
19.98493723849372,quark,5.5016202126039175,0.7098119689588178,-0.7043912043195928,1.0
20.189121338912134,baryon,2.0046683805823924,-0.2117439021163463,0.45701846328627044,0.5036877563213156
20.189121338912134,boson,4.1740975684017485,-0.40161879517110244,-0.6726049482851995,0.7833869242541797
20.189121338912134,lepton,4.195172509923848,-0.24959409757046064,-0.4387529153483213,0.5047785002044598
20.189121338912134,meson,4.640005453237444,-0.009561324316155933,-0.13186177024311238,0.13220796259804501
20.189121338912134,quark,5.483010687943373,0.696581434553168,-0.7174777383555887,1.0
20.393305439330543,baryon,1.8087584396643672,-0.11792548668972522,0.48617469098357535,0.5002721764839452
20.393305439330543,boson,4.15068238141986,-0.42416398298681857,-0.6739934976258861,0.7963556487557663
20.393305439330543,lepton,3.971480522476059,-0.3668053354023795,-0.40098673353582676,0.5434487230193703
20.393305439330543,meson,4.545151530091355,-0.01791971755670084,-0.10615052707884821,0.10765245318351654
20.393305439330543,quark,5.464712015917593,0.6833366585070442,-0.7301034249614415,1.0
20.597489539748953,baryon,1.6402216314229026,-0.03399885425666702,0.48893142771149295,0.49011209237761616
20.597489539748953,boson,4.127270207170437,-0.44670030889105916,-0.6742553398962521,0.8088024662066616
20.597489539748953,lepton,3.7514830798714005,-0.47574999457101114,-0.33243305647096827,0.5803876242382733
20.597489539748953,meson,4.461042380723242,-0.020804676160136978,-0.08102240984103493,0.08365085442825318
20.597489539748953,quark,5.446715568683769,0.6700874461161775,-0.7422821664013617,0.9999999999999999
20.801673640167362,baryon,1.4988930361315131,0.03415720090457223,0.4742246856925421,0.47545322261377687
20.801673640167362,boson,4.103894813770111,-0.4691598495879087,-0.6734224929386975,0.8207367534484606
20.801673640167362,lepton,3.5350787501123615,-0.5685492758946095,-0.23602522015347088,0.6155941712433437
20.801673640167362,meson,4.396497830034625,-0.018779681497128255,-0.05745912371766055,0.06045020542177671
20.801673640167362,quark,5.4290130488018535,0.6568428746156377,-0.754027478323347,1.0
21.00585774058577,baryon,1.3844736805650402,0.08507879644307167,0.45132449807181657,0.4592735613596528
21.00585774058577,boson,4.080585170231812,-0.49147984666721684,-0.6715296322321715,0.832168544614555
21.00585774058577,lepton,3.322169944375275,-0.6385191181407075,-0.11657188025498494,0.6490729292593933
21.00585774058577,meson,4.379301431910555,-0.012540791193390532,-0.036247332415259015,0.03835545008181378
21.00585774058577,quark,5.411596473214885,0.6436113420778266,-0.7653524941808049,1.0
21.210041841004184,baryon,1.2952455829842375,0.12105302976281365,0.42813757852880424,0.44492204054560464
21.210041841004184,boson,4.057366117965248,-0.5136025483657711,-0.6686136109923004,0.8431083788529073
21.210041841004184,lepton,3.1126627326125793,-0.6805485738757706,0.019693710923582908,0.6808334624959961
21.210041841004184,meson,4.554229682516368,-0.002866718281596184,-0.017974126839394824,0.018201299660867386
21.210041841004184,quark,5.394458158164703,0.6304006129751996,-0.776269970538918,1.0
21.414225941422593,baryon,1.2266855683510438,0.14694740605145643,0.4100452265814008,0.43558079386888027
21.414225941422593,boson,4.0342589405075,-0.5354750339574887,-0.6647130258407716,0.8535671729361246
21.414225941422593,lepton,2.9064666698115795,-0.6913296487548867,0.16561279677273294,0.7108897816838005
21.414225941422593,meson,5.971955261963527,0.009426116720224165,-0.0030322337603958787,0.00990182397343914
21.414225941422593,quark,5.377590704979401,0.6172178606416255,-0.7867922931148823,1.0
21.618410041841003,baryon,1.1708713862194347,0.16881323142415106,0.3993644108437533,0.4335779511834546
21.618410041841003,boson,4.0112818482292365,-0.5570490250593003,-0.6598678251549632,0.8635561145601705
21.618410041841003,lepton,2.703494632192094,-0.6694442503081779,0.3136072381645745,0.7392598353081888
21.618410041841003,meson,0.3417546383304689,0.023522419046972325,0.008367213828040098,0.024966266542386987
21.618410041841003,quark,5.360986986673799,0.6040697068497887,-0.7969314834202564,1.0
21.822594142259412,baryon,1.1176825239783232,0.1925233560072587,0.39540534541614136,0.4397847539330527
21.822594142259412,boson,3.9884503918171648,-0.5782806875430351,-0.6541189572284538,0.8730865729072261
21.822594142259412,lepton,2.5036626626801253,-0.6153228798031288,0.45615808551619574,0.7659650418857356
21.822594142259412,meson,0.3964736414515776,0.038640158660851257,0.016176419578931057,0.04188959789409994
21.822594142259412,quark,5.344640135308732,0.5909622587066451,-0.8066992058904857,1.0
22.026778242677825,baryon,1.0575344202039738,0.22264878448870357,0.3950131404580067,0.45344003172282227
22.026778242677825,boson,3.965777815929991,-0.599130427213131,-0.6475080554273323,0.8821700236665686
22.026778242677825,lepton,2.306889825045221,-0.531095823049221,0.5862298757739176,0.7910298606944193
22.026778242677825,meson,0.36230334713723356,0.05405589075135868,0.020489064900928795,0.0578086594329716
22.026778242677825,quark,5.3285435300590525,0.5779011430545712,-0.8161067754014912,1.0
22.230962343096234,baryon,0.983820156446049,0.2617041013768564,0.39343051936995305,0.47252154474603475
22.230962343096234,boson,3.943275362462372,-0.6195626819397163,-0.6400771576079729,0.8908179862035992
22.230962343096234,lepton,2.1130980661351875,-0.42036105771943405,0.6976220535322257,0.8144813984502783
22.230962343096234,meson,0.3017694994307722,0.06912348434020595,0.021516491000407062,0.0723948580515308
22.230962343096234,quark,5.312690785944015,0.5648915385524622,-0.8251651650862584,1.0
22.435146443514643,baryon,0.8935727816871583,0.3098138351527887,0.38530245395429086,0.4944113605847642
22.435146443514643,boson,3.9209525312459914,-0.6395457125211192,-0.6318684571623369,0.8990419709673504
22.435146443514643,lepton,1.92221208568388,-0.28789424930027663,0.7852366737799767,0.8363490495177307
22.435146443514643,meson,0.2307085688261842,0.0832867398502917,0.01956329738761573,0.08555351330931103
22.435146443514643,quark,5.297075743177168,0.5519382055986134,-0.8338850143758327,1.0
22.639330543933053,baryon,0.7865939198625047,0.36478281873723806,0.3656562463879767,0.5164987854471967
22.639330543933053,boson,3.898817304701752,-0.6590513941839099,-0.622924083171328,0.9068534355509686
22.639330543933053,lepton,1.7341592132067305,-0.13932548953775384,0.8452584832911247,0.8566641673436255
22.639330543933053,meson,0.15489452544461468,0.09608654585340067,0.015003461535972318,0.09725085167801395
22.639330543933053,quark,5.281692457096041,0.5390455142456406,-0.8422766371992356,0.9999999999999999
22.843514644351462,baryon,0.6641499878648015,0.42250101796795925,0.3307237095173625,0.5365494219742358
22.843514644351462,boson,3.8768763418773418,-0.6780550103073975,-0.613285907270695,0.9142637480835627
22.843514644351462,lepton,1.5488692915336995,0.0191946989299267,0.8752493150615464,0.8754597649136805
22.843514644351462,meson,0.07690633366266304,0.1071633229227749,0.008257825226308899,0.10748101905601377
22.843514644351462,quark,5.266535188634788,0.526217470246946,-0.850350030285708,1.0
23.047698744769875,baryon,0.5279616034316658,0.47758067995183967,0.2785165036861661,0.5528605146769189
23.047698744769875,boson,3.8551351464160235,-0.6965350496784378,-0.6029953749637095,0.921284156847478
23.047698744769875,lepton,1.366274566562434,0.1813206637251358,0.8741633269358975,0.8927702421414822
23.047698744769875,meson,6.2812374970024205,0.11625554220785715,-0.00022644401463793351,0.11625576274290501
23.047698744769875,quark,5.25159839530567,0.5134577393642629,-0.8581148815204993,0.9999999999999999
23.251882845188284,baryon,0.3796319732172874,0.5241108929977658,0.2091129327921995,0.5642875568536582
23.251882845188284,boson,3.8335982122696386,-0.7144730083374126,-0.5920933592473954,0.9279257651922258
23.251882845188284,lepton,1.1863095828437844,0.3408124588471707,0.8422929497655917,0.9086311382130132
23.251882845188284,meson,6.2022390738247575,0.12319510104615317,-0.009994016846119532,0.12359981106171809
23.251882845188284,quark,5.236876722657645,0.5007696700565468,-0.865580578312301,1.0
23.456066945606693,baryon,0.2203965836444149,0.5564190232686939,0.12465782193154484,0.570211979902215
23.456066945606693,boson,3.812269150362869,-0.7318531968632995,-0.5806200345520557,0.9341995109623329
23.456066945606693,lepton,1.0089110846399263,0.4918003192313407,0.7811575478690025,0.9230789070219088
23.456066945606693,meson,6.123516890712825,0.1279002994604785,-0.020596969560274413,0.12954814455308478
23.456066945606693,quark,5.2223649961826135,0.4881563146618671,-0.8727562159364688,1.0
23.660251046025103,baryon,0.051051860846840234,0.5697457102864018,0.029111874468484067,0.5704889794069866
23.660251046025103,boson,3.7911507989133315,-0.7486625537615087,-0.5686147691253621,0.9401161497773521
23.660251046025103,lepton,0.8340179221201134,0.6290046916221292,0.6933478615601552,0.9361507139412382
23.660251046025103,meson,6.045323778494006,0.13036710005567498,-0.03160767919449551,0.13414405003945765
23.660251046025103,quark,5.208058213641962,0.4756204491760155,-0.8796506058234742,0.9999999999999999
23.864435146443512,baryon,6.155155920004153,0.5607652776640644,-0.07218929741064509,0.5653927761249676
23.864435146443512,boson,3.7702453196944594,-0.7648904654592332,-0.5561160341209229,0.9456862416027982
23.864435146443512,lepton,0.6615709623828078,0.7479072855417377,0.5823394611089716,0.9478842522856353
23.864435146443512,meson,5.9678128897082345,0.1306592782603978,-0.04262908607374324,0.13743757119147104
23.864435146443512,quark,5.193951537787904,0.46316459172410007,-0.8862722837667032,1.0
24.068619246861925,baryon,5.966346938681112,0.5279118387841668,-0.17309396545525507,0.5555649650630474
24.068619246861925,boson,3.7495542821799903,-0.7805285932767103,-0.5431613277759219,0.9509201401347132
24.068619246861925,lepton,0.49151300501441736,0.8448717414580326,0.45228787363833306,0.9583175779221694
24.068619246861925,meson,5.8910746820277105,0.12889798703603592,-0.053302451222657136,0.1394842011422291
24.068619246861925,quark,5.180040289455933,0.4507910198145914,-0.8926295180277878,1.0
24.272803347280334,baryon,5.767549949604601,0.47149905593727165,-0.26723658871201195,0.5419656392209486
24.272803347280334,boson,3.7290787372179777,-0.7955707076262506,-0.5297871131823051,0.955827984590833
24.272803347280334,lepton,0.32378870191441006,0.917215147156804,0.30781693047675923,0.9674889605892212
24.272803347280334,meson,5.815158006413032,0.1252511755287072,-0.06331279897259559,0.14034374758095683
24.272803347280334,quark,5.166319941006277,0.4385017864588722,-0.8987303173212627,1.0
24.476987447698743,baryon,5.558378090029355,0.39364546594989636,-0.3486160215910506,0.525823053291583
24.476987447698743,boson,3.7088192816384704,-0.8100125295918776,-0.5160287682705798,0.9604196935604165
24.476987447698743,lepton,0.1583444811353619,0.9632337292585811,0.15381039366378477,0.9754367505791455
24.476987447698743,meson,5.740082480689261,0.11992321872034442,-0.07239227665785687,0.14007933504966125
24.476987447698743,quark,5.152786110093789,0.4262987352334935,-0.9045824386634552,0.9999999999999999
24.681171548117153,baryon,5.338530215213765,0.29803564405007993,-0.41209474859481815,0.5085738166124681
24.681171548117153,boson,3.6887761149942384,-0.8238515799587881,-0.5019205467341255,0.96470496061463
24.681171548117153,lepton,6.278313781682544,0.9821876048967717,-0.0047847898106889025,0.9821992595326009
24.681171548117153,meson,5.665845758108136,0.1131450377986041,-0.08032168707518751,0.1387565241459006
24.681171548117153,quark,5.139434553747046,0.41418351435683504,-0.9101933950732786,0.9999999999999999
24.885355648535562,baryon,5.108089018185393,0.18955941474471044,-0.45378042290744275,0.49178190687785045
24.885355648535562,boson,3.6689490894614547,-0.8370870356916529,-0.487495548724887,0.968693251421531
24.885355648535562,lepton,6.117275755976667,0.9742505280673115,-0.16313705763347205,0.9878146541799945
24.885355648535562,meson,5.592427569166243,0.10516492057787448,-0.08693045875706608,0.13644253435005016
24.885355648535562,quark,5.126261162738756,0.40215758984683464,-0.9155704631149834,1.0
25.089539748953975,baryon,4.867885362514276,0.07387688678972201,-0.47126819043510826,0.4770235861230793
25.089539748953975,boson,3.649337753781579,-0.8497195938024362,-0.4727857002482197,0.9723938021454974
25.089539748953975,lepton,5.958367047468769,0.94043115577244,-0.31668586061000636,0.9923208619482852
25.089539748953975,meson,5.51979150621595,0.09624018893123552,-0.092095317202325,0.13320556075523562
25.089539748953975,quark,5.113261956230723,0.39022225782172504,-0.9207206902750231,0.9999999999999999
25.293723849372384,baryon,4.6198367716724595,-0.04304300070284356,-0.46373857756941034,0.46573186302378433
25.293723849372384,boson,3.629941392002459,-0.8617513425002451,-0.45782174027561623,0.9758156189413902
25.293723849372384,lepton,5.801540499624455,0.8824725532706325,-0.46127126885415554,0.9957554874296761
25.293723849372384,meson,5.447884989771692,0.086629806278648,-0.09573790979718849,0.12911417702255118
25.293723849372384,quark,5.1004330766777235,0.3783786560013729,-0.9256509021670074,1.0
25.497907949790793,baryon,4.3670870314781425,-0.1553673499430177,-0.4319196795743937,0.4590137503735188
25.497907949790793,boson,3.6107590576720208,-0.8731856394765651,-0.44263321467904326,0.9789674783797478
25.497907949790793,lepton,5.646750403792417,0.8027365243090363,-0.5932359997542311,0.9981557387823575
25.497907949790793,meson,5.376637486920155,0.076587972696085,-0.09782162065227529,0.12423681832988928
25.497907949790793,quark,5.087770784975699,0.3666277744627886,-0.9303677095602914,1.0
25.702092050209203,baryon,4.11377024301775,-0.25779232934068813,-0.3779331242925179,0.4574826024062572
25.702092050209203,boson,3.5917896040489934,-0.8840269971477422,-0.42724847616990075,0.9818579286615536
25.702092050209203,lepton,5.493952442712568,0.7040789611657725,-0.7094996391064177,0.9995583632026748
25.702092050209203,meson,5.305956719354588,0.066358717804858,-0.09834779100507343,0.11864133944069571
25.702092050209203,quark,5.075271455840538,0.3549704656995959,-0.9348775152291405,0.9999999999999999
25.906276150627615,baryon,3.864378450855264,-0.34585872906013326,-0.3050504257532195,0.46116593837718667
25.906276150627615,boson,3.573031710819203,-0.8942809746518185,-0.41169468949924193,0.9844952915002102
25.906276150627615,lepton,5.343103636686695,0.5897218280069176,-0.8076059354154459,0.9999995906729552
25.906276150627615,meson,5.235722196342121,0.05617147168625054,-0.09735153785875922,0.1123946446894365
25.906276150627615,quark,5.0629315734046845,0.34340745403181805,-0.9391865206205766,1.0
26.110460251046025,baryon,3.6229620407217644,-0.4161746660215926,-0.2173899300425941,0.46953139865413485
26.110460251046025,boson,3.554483907741246,-0.903954076377747,-0.3959978412442835,0.9868876645647561
26.110460251046025,lepton,5.194162292265156,0.4631266813758302,-0.8857449309140855,0.9995150852499365
26.110460251046025,meson,5.165774802648011,0.04623757092246811,-0.09489733947956892,0.10556238915973254
26.110460251046025,quark,5.050747727019552,0.3319393444090885,-0.9433007323400446,1.0
26.314644351464434,baryon,3.392513579288345,-0.4665398709113589,-0.1195849561651677,0.48162227200474494
26.314644351464434,boson,3.5361445955897484,-0.9130536567909484,-0.38018275356936737,0.9890429243925207
26.314644351464434,lepton,5.04708795331193,0.3278738482756941,-0.9427523566705001,0.9981399032154233
26.314644351464434,meson,5.095900132447362,0.036747639700873795,-0.091074532290538,0.09820875447497278
26.314644351464434,quark,5.038716607252504,0.32056663064740887,-0.9472259684549235,1.0
26.518828451882843,baryon,3.174750586780514,-0.4959746063724693,-0.016451522505122364,0.49624738060675183
26.518828451882843,boson,3.5180120647168813,-0.9215878313092075,-0.36427310140796987,0.9909687296916031
26.518828451882843,lepton,4.901841354319552,0.18755057179629447,-0.9780891772566499,0.9959084574636904
26.518828451882843,meson,5.0258013239929,0.027869773926461564,-0.08599284035545099,0.09039631016313751
26.518828451882843,quark,5.026835002067865,0.30928970313681686,-0.950967864616644,1.0
26.723012552301252,baryon,2.970262508893982,-0.5046631833480612,0.08732009144172077,0.5121618171988119
26.723012552301252,boson,3.5000845115117776,-0.9295653929766129,-0.34829143256607403,0.9926725249641459
26.723012552301252,lepton,4.758384375852649,0.04565063458902825,-0.9918044429264103,0.9928544875493831
26.723012552301252,meson,4.955053298047562,0.019748448679614693,-0.07977803659978955,0.08218598632959719
26.723012552301252,quark,5.015099793182084,0.29810885605475085,-0.9545318800028252,1.0
26.927196652719665,baryon,2.7788406565099946,-0.49382701121938755,0.1874310619097767,0.5282002650306981
26.927196652719665,boson,3.4823600530022025,-0.9369957346799023,-0.3322591902966858,0.9941615443905175
26.927196652719665,lepton,4.616680002006872,-0.09451278858896202,-0.9844847179508969,0.9890110348654957
26.927196652719665,meson,4.88302212552142,0.012504065388920139,-0.07256781454059764,0.07363721449409236
26.927196652719665,quark,5.003507952583736,0.28702429411748287,-0.9579233030813901,1.0
27.131380753138075,baryon,2.5998206955184164,-0.4655451024395313,0.28018405435763893,0.5433556355847595
27.131380753138075,boson,3.4648367398123803,-0.9438887766507815,-0.31619673794071046,0.9954428159224694
27.131380753138075,lepton,4.476692279776583,-0.2298799946468922,-0.9571933283908849,0.9844104224635554
27.131380753138075,meson,4.808714564270456,0.006233054080009339,-0.06450793082240562,0.06480836444589996
27.131380753138075,quark,4.992056539209682,0.2760361388998219,-0.9611472571990611,1.0
27.335564853556484,baryon,2.4323494338981986,-0.4225410892042193,0.36263052565901477,0.5568140355680893
27.335564853556484,boson,3.447512567664466,-0.9502548989991229,-0.30012338527097254,0.9965231655402407
27.335564853556484,lepton,4.338386280231142,-0.3577028968587699,-0.9114025371752612,0.9790842390676397
27.335564853556484,meson,4.73047618432794,0.0010084473988365233,-0.055748662393553965,0.055757782639078095
27.335564853556484,quark,4.980742695769176,0.26514443475120225,-0.9642087059970291,0.9999999999999999
27.539748953974893,baryon,2.275558309793329,-0.36795535406005986,0.43265369787646196,0.5679615874930636
27.539748953974893,boson,3.4303854875883095,-0.9561048790249985,-0.28405741621428027,0.9974092216346007
27.539748953974893,lepton,4.201728061405655,-0.4755885481389197,-0.8489215340532863,0.9730633268704922
27.539748953974893,meson,4.645326780482746,-0.0031191537473957125,-0.046441607728581136,0.04654623559983449
27.539748953974893,quark,4.969563645708214,0.2543491543343441,-0.9671124586569051,0.9999999999999999
27.743933054393302,baryon,2.1286603623032065,-0.3051191565437442,0.4889902700735993,0.5763759050451515
27.743933054393302,boson,3.4134534149843163,-0.9614498330619977,-0.26801611766121813,0.9981074194800553
27.743933054393302,lepton,4.06668463281771,-0.5815285837309728,-0.7718228462140619,0.9663777727338965
27.743933054393302,meson,4.547306769628839,-0.006120298602272217,-0.03673684906312144,0.03724317567108828
27.743933054393302,quark,4.958516690306897,0.2436502038109408,-0.9698631749803098,1.0
27.948117154811715,baryon,1.9909952347120645,-0.23734501255081103,0.5311976128189058,0.5818105867438721
27.948117154811715,boson,3.396714237666927,-0.9663011626099142,-0.2520158091050942,0.9986240057700231
27.948117154811715,lepton,3.9332239215267784,-0.6739154779708382,-0.6823694532160749,0.9590569024469134
27.948117154811715,meson,4.422611143244932,-0.007985159264256561,-0.026780482065632782,0.0279456076717473
27.948117154811715,quark,4.947599205902989,0.23304742769715014,-0.9724653703056688,1.0
28.152301255230125,baryon,1.8620427041276835,-0.1677444063166154,0.5595757985007,0.5841774217805836
28.152301255230125,boson,3.380165823001181,-0.9706705045214348,-0.23607187288038003,0.998965043188773
28.152301255230125,lepton,3.8013147396577036,-0.7515467779842075,-0.5829445457729107,0.9511292777245525
28.152301255230125,meson,4.231395829609197,-0.008721821876628537,-0.016712510599726435,0.01885147706132346
28.152301255230125,quark,4.936808641235247,0.2225406134101336,-0.9749234202659415,1.0
28.356485355648534,baryon,1.741418444214157,-0.09908051031628264,0.5750553702495821,0.5835285994511485
28.356485355648534,boson,3.3638060242317325,-0.9745696850147151,-0.2201987847973095,0.9991364149984189
28.356485355648534,lepton,3.6709267533146375,-0.8136186658923066,-0.47598551750872015,0.9426226956563378
28.356485355648534,meson,3.8149843723206596,-0.008354454110343197,-0.006665097086858496,0.010687395504007512
28.356485355648534,quark,4.926142514900477,0.21212949552545934,-0.977241565391134,1.0
28.560669456066943,baryon,1.6288598451076763,-0.033660231638515295,0.5790623278594844,0.5800398182366479
28.560669456066943,boson,3.3476326860921355,-0.9780106772915114,-0.2044101449931509,0.9991438296223031
28.560669456066943,lepton,3.5420304528155264,-0.8597103181157577,-0.3639234348163894,0.9335641903389698
28.560669456066943,meson,2.7039148524558683,-0.006921400239008903,0.003238846694761857,0.007641721611045662
28.560669456066943,quark,4.915598412918638,0.20181375976389102,-0.9794239155595306,1.0
28.764853556485352,baryon,1.5242055221207806,0.026733187820810835,0.573371546956591,0.5739944199994081
28.764853556485352,boson,3.3316436497722384,-0.9810055625487017,-0.18871870884240227,0.9989928252087891
28.764853556485352,lepton,3.4145971241817903,-0.8897605844804233,-0.24912890250525518,0.9239800364501484
28.764853556485352,meson,1.9049031939681353,-0.004473248650328002,0.012886747902223184,0.013641049262542634
28.764853556485352,quark,4.905173986400605,0.19159304672480973,-0.9814744543016415,1.0
28.969037656903765,baryon,1.4273694210192611,0.08086845900290829,0.5599589149250588,0.565768233524607
28.969037656903765,boson,3.3158367573126237,-0.9835664941794564,-0.1731364177877174,0.9986887741618155
28.969037656903765,lepton,3.2885988218210094,-0.9040385103080428,-0.1338649395822247,0.9138957545416971
28.969037656903765,meson,1.6190477265464651,-0.0010709103710956085,0.02217716274764872,0.022203004223722032
28.969037656903765,quark,4.894866949313533,0.1814669553823888,-0.983397042960902,1.0
29.173221757322175,baryon,1.3383088121837652,0.12805901199782377,0.5408610433966696,0.5558145183584114
29.173221757322175,boson,3.3002098554873496,-0.9857056649688738,-0.15767442997118103,0.9982368876266127
29.173221757322175,lepton,3.164008342344432,-0.9031091808179978,-0.020247205580183864,0.9033361178495861
29.173221757322175,meson,1.4674830681720956,0.0032162587959040107,0.031020293389811517,0.031186582413470925
29.173221757322175,quark,4.884675076339054,0.1714350463595968,-0.9851954247151592,1.0
29.377405857740584,baryon,1.2569847752791294,0.1681254168190377,0.5180496795915023,0.5446481674488893
29.377405857740584,boson,3.2847607992293786,-0.9874352770975336,-0.1423431505615335,0.9976422199207823
29.377405857740584,lepton,3.0407991994639,-0.887796287973021,0.08978832334400344,0.892325160436263
29.377405857740584,meson,1.3625571369904717,0.008312265542556988,0.03933825788970187,0.04020686871974329
29.377405857740584,quark,4.874596200819766,0.16149684499405279,-0.9868732284629911,1.0
29.581589958158993,baryon,1.1833140774565618,0.20133365585557145,0.4933260507012592,0.5328281461040427
29.581589958158993,boson,3.269487454647125,-0.9887675147750127,-0.12715226168744548,0.996909672902509
29.581589958158993,lepton,2.9189455999164213,-0.859142713813636,0.19451033613333363,0.8808861864973033
29.581589958158993,meson,1.2790149714865109,0.014136193960870095,0.04706514014285485,0.04914223637937031
29.581589958158993,quark,4.864628212789794,0.15165184420891636,-0.988433972578864,0.9999999999999999
29.785774058577406,baryon,1.1171129059015938,0.22831593933178196,0.46823847830820586,0.5209370794264295
29.785774058577406,boson,3.2543877016752125,-0.9897145193339438,-0.1121107518999004,0.9960440002690547
29.785774058577406,lepton,2.7984224203668333,-0.8183702990563031,0.2924101061674891,0.8690417806793787
29.785774058577406,meson,1.2071973807543401,0.020603811078602312,0.054146846715848664,0.0579344287987061
29.785774058577406,quark,4.854769057085359,0.14189950720104577,-0.9898810685411153,0.9999999999999999
29.989958158995815,baryon,1.0580359894886475,0.24998078400504214,0.44402480860349813,0.5095570851505734
29.989958158995815,boson,3.2394594363978766,-0.9902883666235841,-0.09722694509847082,0.9950498117798863
29.989958158995815,lepton,2.6792051852422945,-0.7668398281511848,0.38221276647197666,0.8568138192706163
29.989958158995815,meson,1.1426571104548569,0.02762905033462113,0.06054079703214423,0.06654737055421733
29.989958158995815,quark,4.845016731531573,0.13223926995794014,-0.991217824436683,1.0
30.194142259414225,baryon,1.0055190824857496,0.2674187176818735,0.42157960572796044,0.4992415593000648
30.194142259414225,boson,3.2247005730793097,-0.990501046550077,-0.08250852886674383,0.9939315773998489
30.194142259414225,lepton,2.56127004545444,-0.7060121180820221,0.4628824655494261,0.8442234821371524
30.194142259414225,meson,1.083070388487324,0.03512536416209198,0.06621547247135204,0.07495518662590304
30.194142259414225,quark,4.835369285201845,0.12267054361414975,-0.9924474483464648,0.9999999999999999
30.398326359832634,baryon,0.9587374690714854,0.2818093148855376,0.40144470886617434,0.4904837859021474
30.398326359832634,boson,3.2101090459315813,-0.9903644446186108,-0.06796258217154555,0.9926936313587157
30.398326359832634,lepton,2.444593757967706,-0.6374109530081705,0.5336220054823437,0.8312912652914035
30.398326359832634,meson,1.0271069270414421,0.04300694025804107,0.07114984875241422,0.08313782465190037
30.398326359832634,quark,4.825824816746516,0.11319271665724266,-0.9935730516151056,1.0
30.602510460251043,baryon,0.9165956817723444,0.29433440040877357,0.3838206919593719,0.4836848796894144
30.602510460251043,boson,3.1956828106475004,-0.9898903253404489,-0.05359560238898843,0.9913401761242496
30.602510460251043,lepton,2.329153666174322,-0.5625884645732702,0.5938676140882329,0.8180369939885115
30.602510460251043,meson,0.9739508817061733,0.051189779095497816,0.07533273454129319,0.09107916544037288
30.602510460251043,quark,4.816381472787465,0.1038051569926561,-0.9945976520089569,1.0
30.806694560669456,baryon,0.8777609575886199,0.3061012615337515,0.3685959986938854,0.47912523682821895
30.806694560669456,boson,3.181419845722946,-0.98909031737534,-0.03941353162788636,0.9898752862866277
30.806694560669456,lepton,2.2149276810387777,-0.4830934216688724,0.6432795293529425,0.8044798362571197
30.806694560669456,meson,0.9230742864500576,0.05959263279979612,0.07876203762319094,0.09876608959844609
30.806694560669456,quark,4.807037446375678,0.09450721387625755,-0.995524176765862,1.0
31.010878661087865,baryon,0.8407433937209907,0.31807866207315916,0.3553900467602967,0.4769445676412898
31.010878661087865,boson,3.167318153590574,-0.9879759002870769,-0.025421782327673937,0.9883029123526733
31.010878661087865,lepton,2.101894262976402,-0.40044276619883773,0.6817290803241477,0.79063831677992
31.010878661087865,meson,0.8741204522901649,0.06813780768795491,0.08144397826507621,0.10618795803744854
31.010878661087865,quark,4.797790975508861,0.0852982197228166,-0.9963554655403453,1.0
31.215062761506275,baryon,0.8040114354056551,0.3310474167373415,0.343606381801876,0.4771349261408597
31.215062761506275,boson,3.1533757615845714,-0.9865583927969507,-0.011625262113924312,0.9866268844488882
31.215062761506275,lepton,1.990032404432542,-0.3160966147915169,0.7092829373065235,0.7765303310475556
31.215062761506275,meson,0.8268397841457283,0.07675183458649736,0.08339226761440845,0.11333628902635805
31.215062761506275,quark,4.78864034170636,0.07617749179806274,-0.9970942732476985,0.9999999999999999
31.419246861924684,baryon,0.7661185310144459,0.34556631483202055,0.33249198020092324,0.47954874084342486
31.419246861924684,boson,3.139590722754092,-0.9848489424265636,0.001971602100233523,0.9848509159327429
31.419246861924684,lepton,1.8793216131306967,-0.2314368416816916,0.7261851786601946,0.7621731597172228
31.419246861924684,meson,0.7810524580698248,0.0853660125269835,0.08462726717527524,0.12020453587245583
31.419246861924684,quark,4.779583868638812,0.06714433380156175,-0.997743272810368,1.0
31.623430962343093,baryon,0.7258125330825276,0.361953317189204,0.32119901164884157,0.48392045721219634
31.623430962343093,boson,3.1259611165411743,-0.982858516427863,0.015364840773898195,0.9829786069120666
31.623430962343093,lepton,1.7697418959594842,-0.1477492658250027,0.7328377846927125,0.7475834831141936
31.623430962343093,meson,0.7366257022425996,0.09391683259901652,0.08517514360734336,0.12678791951113977
31.623430962343093,quark,4.770619920810051,0.05819803734712866,-0.9983050578099573,0.9999999999999999
31.827615062761506,baryon,0.6821062422482057,0.38028121625515154,0.30884573501078516,0.48989742954096976
31.827615062761506,boson,3.1124850493373675,-0.9805978939044034,0.028550919162415745,0.9810134476727475
31.827615062761506,lepton,1.6612737434698963,-0.0662093859538544,0.7297801237617285,0.7327773958209071
31.827615062761506,meson,0.693459420110173,0.10234628964679879,0.08506703133378744,0.13308329280721157
31.827615062761506,quark,4.761746902288936,0.04933788334709958,-0.9987821450480721,1.0
32.03179916317992,baryon,0.6343013900408346,0.40038636161156793,0.2945736718287402,0.4970743271375173
32.03179916317992,boson,3.0991606549318,-0.9780776590336817,0.041526715505128736,0.9789588220152321
32.03179916317992,lepton,1.5538981149558175,0.012128459399078084,0.7176679442274883,0.7177704213041272
32.03179916317992,meson,0.6514767824248973,0.11060209015604444,0.08433821374399153,0.13908902416946128
32.03179916317992,quark,4.752963255488892,0.04056314330638639,-0.9991769770191393,1.0
32.23598326359833,baryon,0.5819720139469509,0.42188861701013847,0.2775987404755888,0.5050258071389626
32.23598326359833,boson,3.0859860948621884,-0.9753081953059618,0.0542894999732426,0.9768180105005828
32.23598326359833,lepton,1.4475964240920784,0.08633868432933628,0.6972523304956917,0.7025775265359646
32.23598326359833,meson,0.6106178869558182,0.11863776512087729,0.08302733215271006,0.14480489355430254
32.23598326359833,quark,4.744267459993063,0.0318730805318486,-0.9994919242982457,0.9999999999999999
32.44016736401674,baryon,0.5249211289766292,0.44422042696192166,0.2572546038025624,0.513333925342798
32.44016736401674,boson,3.0729595586790834,-0.9722996807002936,0.06683691437153233,0.9745941936070625
32.44016736401674,lepton,1.3423505251055416,0.15562902073390839,0.669359023976615,0.6872131365693775
32.44016736401674,meson,0.5708353717084828,0.1264126969320302,0.08117563014286627,0.15023199684062225
32.44016736401674,quark,4.735658031423063,0.023266951262173874,-0.9997292878469469,1.0
32.64435146443515,baryon,0.46312579729621484,0.4666627211073078,0.23302705233436666,0.5216087637213552
32.64435146443515,boson,3.0600792641326513,-0.9690620837234531,0.0791669525852642,0.9722904547983995
32.64435146443515,lepton,1.2381426994562617,0.21934230865730484,0.6348684519825123,0.6716911490333842
32.64435146443515,meson,0.5320913061703266,0.133892069413014,0.07882623948398576,0.15537265616216397
32.64435146443515,quark,4.727133520349454,0.014744005723155653,-0.9998913012399075,1.0
32.848535564853556,baryon,0.3966823971413779,0.48838535817655804,0.20457878743019936,0.5295023497092866
32.848535564853556,boson,3.0473434572903355,-0.9656051602422948,0.09127794176175474,0.9699097835050485
32.848535564853556,lepton,1.1349556430064454,0.27695578658875103,0.5946967507493192,0.6560249485170451
32.848535564853556,meson,0.4943549386308524,0.14104675007384682,0.07602351248889448,0.16023033469834388
32.848535564853556,quark,4.7186925112421365,0.0063034891129204445,-0.9999801328151491,0.9999999999999999
33.052719665271965,baryon,0.3257591144733809,0.508489890269236,0.17176446390111894,0.5367168709527012
33.052719665271965,boson,3.034750412592946,-0.9619384510445157,0.10316852421425755,0.9674550780198893
33.052719665271965,lepton,1.0327724536564358,0.32807817007514206,0.549778014005393,0.6402274208151099
33.052719665271965,meson,0.4576010289246378,0.1478531134741069,0.07281240445163836,0.16480955495970523
33.052719665271965,quark,4.710333621458923,-0.002055357478623222,-0.9999978877505867,0.9999999999999999
33.25690376569038,baryon,0.2505585075959847,0.5260525925988359,0.13463628459364013,0.5430085260004086
33.25690376569038,boson,3.022298432855919,-0.9580712800670816,0.11483764003450372,0.9649291483099008
33.25690376569038,lepton,0.9315766194277507,0.3724448128927579,0.5010479466879418,0.624310967011572
33.25690376569038,meson,0.4218085888477606,0.15429281430885242,0.06923790870135874,0.16911581992434563
33.25690376569038,quark,4.702055500270705,-0.010333296212068023,-0.9999466100694545,1.0
33.46108786610879,baryon,0.1712902295421062,0.5401659334270218,0.09344080098034448,0.5481883060800677
33.46108786610879,boson,3.009985849221906,-0.9540127532356202,0.12628451039895522,0.9623347187454645
33.46108786610879,lepton,0.8313520069741973,0.4099112442450268,0.4494290551824817,0.6082875173803292
33.46108786610879,meson,0.3869599110249571,0.16035251847075857,0.06534454580958729,0.1731555365761552
33.46108786610879,quark,4.693856827921627,-0.018531091698787295,-0.9998282845771324,1.0
33.6652719665272,baryon,0.08815257941402896,0.5499769338418371,0.048607859181839,0.5521207763997927
33.6652719665272,boson,2.99781102107015,-0.9497717578618514,0.13750862155294874,0.9596744307489824
33.6652719665272,lepton,0.7320828505030768,0.4404453690531728,0.3958174612971844,0.5921685450850406
33.6652719665272,meson,0.35303980474543656,0.16602359991656068,0.061175907600497875,0.17693594151556338
33.6652719665272,quark,4.685736314722803,-0.026649510255658176,-0.9996448387318035,0.9999999999999999
33.86945606694561,baryon,0.001321094544770677,0.5547211688433902,0.000732839536367232,0.5547216529186174
33.86945606694561,boson,2.985772335887649,-0.9453569625497424,0.14850970945603648,0.9569508453645837
33.86945606694561,lepton,0.6337537410894042,0.4641186073646963,0.34107138737923776,0.5759650796627719
33.86945606694561,meson,0.3200349821490431,0.17130181069058384,0.056774255831748374,0.18046502838811024
33.86945606694561,quark,4.677692700178192,-0.034689319210913894,-0.9993981444512909,1.0
34.07364016736402,baryon,6.194127785173949,0.5537514733350951,-0.0494465273232361,0.5559547223336772
34.07364016736402,boson,2.9738682091065582,-0.9407768175644249,0.15928774507128624,0.9541664457507099
34.07364016736402,lepton,0.5363496163665826,0.4810962341438777,0.2860013246870551,0.5596877202781664
34.07364016736402,meson,0.2879335548565977,0.17618693094650398,0.05218017473365168,0.1837514769235409
34.07364016736402,quark,4.6697247521412635,-0.04265128625802029,-0.9990900198583391,1.0
34.27782426778243,baryon,6.100317786873672,0.5465607248243983,-0.10107741843563642,0.5558284541458671
34.27782426778243,boson,2.9620970839118907,-0.9360395556211139,0.1698429202807744,0.9513236395974157
34.27782426778243,lepton,0.4398557505782851,0.49162716308015786,0.23136186638187695,0.5433466487372032
34.27782426778243,meson,0.256724612587804,0.18068240527229543,0.04743227601145728,0.18680458340899742
34.27782426778243,quark,4.6618312660012124,-0.05053617885463265,-0.9987222309665349,1.0
34.48200836820084,baryon,6.003162042736086,0.5327983671623844,-0.15322189550583087,0.5543925047412732
34.48200836820084,boson,2.950457431023129,-0.9311531930542276,0.18017563440923418,0.9484247614702253
34.48200836820084,lepton,0.34425774497642764,0.49603339832771853,0.17784516022289537,0.5269516422512149
34.48200836820084,meson,0.22639786330175773,0.18479497107342108,0.042566954424089885,0.18963419244157703
34.48200836820084,quark,4.65401106389748,-0.05834476366392491,-0.9982964933089772,1.0
34.68619246861925,baryon,5.9027192345144,0.5122806072990691,-0.20488829256919078,0.5517342050721719
34.68619246861925,boson,2.9389477484530446,-0.9261255313297433,0.19028648133754678,0.9454720750824024
34.68619246861925,lepton,0.24954151855129938,0.4946993569641847,0.1260759140907619,0.510512085943711
34.68619246861925,meson,0.19694332007769105,0.18853428421461751,0.037618191646651616,0.19225062982232954
34.68619246861925,quark,4.646262993961459,-0.06607780603566822,-0.9978144735117409,1.0
34.890376569037656,baryon,5.799026226469129,0.4849944530891997,-0.25506279545181126,0.5479750442775514
34.890376569037656,boson,2.9275665612466866,-0.9209641588664494,0.2001762371876811,0.9424677754974997
34.890376569037656,lepton,0.15569329908033708,0.4880612430371454,0.07660786960745242,0.4940369850939866
34.890376569037656,meson,0.16835102407150987,0.19191254656918139,0.032617405797181295,0.1946646364689956
34.890376569037656,quark,4.6385859295842495,-0.07373606952468177,-0.9972777908140997,1.0
35.09456066945607,baryon,5.692105049309275,0.45109596026228926,-0.3027401169044686,0.5432671016620537
35.09456066945607,boson,2.916312421203192,-0.9156764531342243,0.20984584856065627,0.93941399126403
35.09456066945607,lepton,0.06269961448263076,0.47659663188133444,0.029921645101942562,0.47753497711292187
35.09456066945607,meson,0.1406107959264856,0.1949441395831551,0.027593343754189863,0.1968873032405938
35.09456066945607,quark,4.630978768709435,-0.08132031544435438,-0.9966880185374111,1.0
35.29874476987448,baryon,5.581971730041963,0.4109032184746183,-0.346952317973845,0.5377893322670355
35.29874476987448,boson,2.905183906582832,-0.910269582999805,0.21929642130914917,0.9363127864841101
35.29874476987448,lepton,6.253732591646654,0.4608144013853395,-0.013576161307914059,0.46101434324756896
35.29874476987448,meson,0.11371201030936967,0.19764526743580652,0.022572013203815352,0.19893000658484053
35.29874476987448,quark,4.623440433149875,-0.08883130245310601,-0.9960466855044922,0.9999999999999999
35.50292887029289,baryon,5.468646997949015,0.3648847294138554,-0.38679498803607243,0.531743574036629
35.50292887029289,boson,2.8941796218014537,-0.9047505112926748,0.22852920982649644,0.9331661628178978
35.50292887029289,lepton,6.162408719641824,0.4412451254387718,-0.05355272500769248,0.44448302001226886
35.50292887029289,meson,0.08764339000495407,0.20003361287193155,0.017576651227714873,0.20080434494048804
35.50292887029289,quark,4.6159698679275465,-0.09626978617179723,-0.9953552774112551,1.0
35.7071129707113,baryon,5.352168816021201,0.3136439152761002,-0.4214501650055276,0.5253501186569848
35.7071129707113,boson,2.883298197114269,-0.8991259975657446,0.237545606834015,0.9299760614256347
35.7071129707113,lepton,6.071900684996675,0.41843202420296505,-0.08974772541755294,0.4279486103449983
35.7071129707113,meson,0.062392817380229185,0.20212800829949912,0.012627726168842765,0.20252207585178872
35.7071129707113,quark,4.608566040635538,-0.10363651883017769,-0.9946152381523029,1.0
35.91129707112971,baryon,5.232606476176721,0.25790054585035765,-0.45020554657403644,0.5188426791580848
35.91129707112971,boson,2.8725382882907473,-0.8934026010274045,0.24634713364880226,0.9267443648490735
35.91129707112971,lepton,5.982196135441252,0.39292254636111357,-0.12197117645038291,0.4114183944886177
35.91129707112971,meson,0.037947162121699594,0.203948124290774,0.007742969485809332,0.20409505378176898
35.91129707112971,quark,4.6012279408213095,-0.11093224894062015,-0.9938279711021301,1.0
36.11548117154812,baryon,5.110075646935259,0.19846989012299748,-0.472469707034178,0.5124626048312176
36.11548117154812,boson,2.8618985762821842,-0.8875866836233014,0.2549354309144516,0.9234728988340414
36.11548117154812,lepton,5.893282979797257,0.3652606402991051,-0.1501004791880341,0.3948993405973093
36.11548117154812,meson,0.014292125022136387,0.2055141771986111,0.002937434321915981,0.20553516864521676
36.11548117154812,quark,4.593954579390398,-0.11815772099746154,-0.9929948403535066,1.0
36.31966527196653,baryon,4.984753292523263,0.13624038760392104,-0.4877831875065166,0.5064522497022638
36.31966527196653,boson,2.851377766883367,-0.881684413247882,0.2633122497774262,0.920163434095874
36.31966527196653,lepton,5.80514938092885,0.3359797543773485,-0.17407681676964004,0.37839811506945203
36.31966527196653,meson,6.274597405467092,0.20684665720329712,-0.0017764224334368645,0.2068542851208075
36.31966527196653,quark,4.586744988029772,-0.12531367520038905,-0.9921171719145735,1.0
36.52384937238494,baryon,4.8568908602680025,0.07215059972553967,-0.4958254665350931,0.5010475050386917
36.52384937238494,boson,2.840974590389623,-0.8757017670672875,0.271479443492171,0.916817688029408
36.52384937238494,lepton,5.717783748924279,0.3055965911602795,-0.19390100759450152,0.36192109260852146
36.52384937238494,meson,6.252475350555833,0.20796607774034812,-0.006388637730708818,0.20806418284452216
36.52384937238494,quark,4.57959821865007,-0.13240084720039963,-0.9911962548661171,1.0
36.72803347280335,baryon,4.726823691144178,0.007166147107211751,-0.49641794039374254,0.49646966192218384
36.72803347280335,boson,2.830687801250371,-0.8696445349366368,0.2794389594384336,0.913437326365194
36.72803347280335,lepton,5.631174734499608,0.27460562672002664,-0.20962892774317265,0.345474366014399
36.72803347280335,meson,6.231092694965597,0.20889274692613932,-0.010891622624551992,0.20917649763236723
36.72803347280335,quark,4.572513342845999,-0.13941996786694838,-0.9902333424804374,1.0
36.932217573221756,baryon,4.594974437020049,-0.057742731363636404,-0.48952314638086536,0.492916964475717
36.932217573221756,boson,2.820516177720222,-0.8635183228961099,0.2871928315346153,0.9100239647735548
36.932217573221756,lepton,5.545311222615921,0.24347439393374076,-0.22136660728100116,0.3290637557077707
36.932217573221756,meson,6.210429249652089,0.20964656129628484,-0.015280028117375955,0.2102026639284686
36.932217573221756,quark,4.565489451374214,-0.14637176307496946,-0.9892296533031776,0.9999999999999999
37.13640167364017,baryon,4.461848568722114,-0.12162244253934373,-0.4752405470576829,0.4905564147954053
37.13640167364017,boson,2.810458521508533,-0.8573285567314974,0.29474317303141484,0.9065791704180827
37.13640167364017,lepton,5.46018232630197,0.21263951803348896,-0.22926509807253345,0.3126948189908539
37.13640167364017,meson,6.190463148903275,0.21024682190078056,-0.019550599335434994,0.21115385872333295
37.13640167364017,quark,4.55852565364798,-0.15325695351057583,-0.9881863721994233,0.9999999999999999
37.34058577405858,baryon,4.3280209527245965,-0.18355565889720904,-0.45379925874136084,0.48951654430406855
37.34058577405858,boson,2.8005136574282408,-0.8510804855860672,0.3020921696704144,0.9031044634601217
37.34058577405858,lepton,5.375777380674549,0.18250348350139328,-0.23351520312418825,0.29637285904798066
37.34058577405858,meson,6.171170814498597,0.21071207255935084,-0.023702020629721952,0.21204094723470016
37.34058577405858,quark,4.551621077248029,-0.16007625449424456,-0.9871046513653422,0.9999999999999999
37.54476987447699,baryon,4.194113898217157,-0.2426789183779709,-0.4255481541652639,0.4898819132592722
37.54476987447699,boson,2.7906804330447077,-0.8447791856117068,0.30924207319270336,0.8996013185157633
37.54476987447699,lepton,5.292085937149085,0.1534321036707888,-0.23434214948412221,0.28010293368988903
37.54476987447699,meson,6.15252694585632,0.21105995986921766,-0.02773475402298621,0.21287443068793235
37.54476987447699,quark,4.544774867448967,-0.1668303758204379,-0.9859856113065806,0.9999999999999999
37.7489539748954,baryon,4.0607687298446775,-0.29819791974961857,-0.39094379813801844,0.49168999648719686
37.7489539748954,boson,2.7809577183252165,-0.8384295636483028,0.3161951951830622,0.8960711660668131
37.7489539748954,lepton,5.20909775783334,0.12575265802131408,-0.23200027853682398,0.2638898638458656
37.7489539748954,meson,6.1345045376145695,0.21130711437434646,-0.031650873246357375,0.21366439657198416
37.7489539748954,quark,4.537986186760661,-0.17352002161262334,-0.9848303417845912,1.0
37.95313807531381,baryon,3.9286143469442187,-0.3494003180411722,-0.35053668773648283,0.4949308554702735
37.95313807531381,boson,2.771344405289718,-0.8320363609213128,0.3229539012356516,0.8925153938271924
37.95313807531381,lepton,5.126802810097603,0.09975265705564618,-0.22676781928776135,0.2477382418081394
37.95313807531381,meson,6.11707492570767,0.21146905214881645,-0.03545389542720794,0.21442047177842474
37.95313807531381,quark,4.531254214484067,-0.1801458901927296,-0.9836399027320257,1.0
38.15732217573222,baryon,3.7982369152576916,-0.3956659087836485,-0.3049562668019037,0.4995496332050944
38.15732217573222,boson,2.761839407663312,-0.8256041567483248,0.32952060542762246,0.8889353480661567
38.15732217573222,lepton,5.045191261314551,0.07567919072359508,-0.21894180207087047,0.2316524392330426
38.15732217573222,meson,6.1002078624991745,0.2115600959157775,-0.03914861230658416,0.21515177905242663
38.15732217573222,quark,4.524578146280928,-0.18670867396415833,-0.9824153251382766,1.0
38.36150627615063,baryon,3.670154554531204,-0.4364741674205216,-0.2548951702021041,0.5054515274660837
38.36150627615063,boson,2.7524416605309505,-0.8191373722462691,0.3358977650874524,0.8853323348897114
38.36150627615063,lepton,4.964253473762904,0.05373881351682752,-0.2088331621388887,0.21563661490369332
38.36150627615063,meson,6.0838716209329595,0.2115933147158052,-0.042740922681756575,0.21586689719387195
38.36150627615063,quark,4.517957193756887,-0.19320905930746324,-0.9811576119062243,0.9999999999999999
38.56569037656904,baryon,3.5447997377907776,-0.47140917997508935,-0.20109312849577576,0.5125085963113251
38.56569037656904,boson,2.7431501199947297,-0.8126402740316814,0.34208787584529765,0.8817076214815397
38.56569037656904,lepton,4.883979999688554,0.03409791749217611,-0.1967620749047161,0.19969472225903306
38.56569037656904,meson,6.068033126985113,0.21158048105282054,-0.04623766758938004,0.21657382544215484
38.56569037656904,quark,4.511390584057471,-0.19964772648793572,-0.9798677386811949,1.0
38.76987447698745,baryon,3.4225105055679146,-0.5001620619724784,-0.14432093032583443,0.5205675932736071
38.76987447698745,boson,2.733963762834133,-0.806116977907136,0.3480934669530525,0.878062437304734
38.76987447698745,lepton,4.804361576517767,0.01688354349189214,-0.18305355726455985,0.18383051669418793
38.76987447698745,meson,6.052658118971116,0.21153204438030665,-0.04964646956872554,0.2172799524584595
38.76987447698745,quark,4.5048775594765065,-0.20602534957432855,-0.9785466546531012,1.0
38.97405857740586,baryon,3.3035300238091514,-0.52253101418001,-0.08536480006640806,0.5294580340974794
38.97405857740586,boson,2.724881586169542,-0.7995714525276543,0.35391709686223294,0.8743979752655962
38.97405857740586,lepton,4.725389122216687,0.002184580613894538,-0.16803336250824819,0.1680475626371503
38.97405857740586,meson,6.037711331516866,0.21145711974362344,-0.05297557717407966,0.2179920302836688
38.97405857740586,quark,4.498417377076528,-0.21234259636799027,-0.9771952833327128,1.0
39.17824267782427,baryon,3.1880128699570363,-0.5384192057591616,-0.025011503842655214,0.5389998297354068
39.17824267782427,boson,2.7159026071292467,-0.7930075230414526,0.35956134904824816,0.8707153928407009
39.17824267782427,lepton,4.6470537307921065,-0.009946695553410545,-0.1520241898519207,0.15234924040691855
39.17824267782427,meson,6.023156701275593,0.21136349036420518,-0.05623371574162637,0.21871615359879
39.17824267782427,quark,4.492009308320717,-0.21860012834178533,-0.9758145233029456,1.0
39.38242677824268,baryon,3.076035882148249,-0.5478307080145758,0.03596555021386756,0.549010023083311
39.38242677824268,boson,2.707025862520224,-0.7864288747000244,0.36502882806999926,0.8670158131684241
39.38242677824268,lepton,4.569346667928332,-0.019492794373403954,-0.1353422236433503,0.1367387528581801
39.38242677824268,meson,6.008957590802366,0.21125762293651384,-0.05942994525998868,0.21945774454867506
39.38242677824268,quark,4.485652638715987,-0.22479860058813286,-0.9744052489460517,0.9999999999999999
39.58661087866109,baryon,2.9676113985676227,-0.55086472542478,0.09681900013642308,0.5593083805064385
39.58661087866109,boson,2.698250408502845,-0.7798390564330258,0.3703221558541868,0.8633003261060687
39.58661087866109,lepton,4.492259366755389,-0.02646893818524637,-0.11829401180944848,0.12121913181766453
39.58661087866109,meson,5.9950770264203666,0.21114469440730874,-0.06257352604578502,0.22022154331072682
39.58661087866109,quark,4.479346667466814,-0.2309386617755888,-0.972968311147542,0.9999999999999999
39.7907949790795,baryon,2.862701068780011,-0.5477083855846626,0.15683883777922986,0.5697217712846306
39.7907949790795,boson,2.689575320269688,-0.7732414843839419,0.3754439681940858,0.8595699892536987
39.7907949790795,lepton,4.415783423743828,-0.03092079186800173,-0.10117368814787996,0.10579324431734169
39.7907949790795,meson,5.981477945461136,0.21102862901750086,-0.0656737927865193,0.22101160450069737
39.7907949790795,quark,4.473090707139412,-0.23702095411343013,-0.9715045379776459,1.0
39.99497907949791,baryon,2.7612289340327667,-0.5386283567733232,0.21536221408532202,0.580087398566856
39.99497907949791,boson,2.6809996917285956,-0.766639445402971,0.38039691145293586,0.8558258289457661
39.99497907949791,lepton,4.339910594721803,-0.03292203662570892,-0.0842605386103529,0.09046379862956945
39.99497907949791,meson,5.968123447960232,0.2109121444080548,-0.06874003738339779,0.22183129941077992
39.99497907949791,quark,4.466884083335928,-0.24304611332368037,-0.9700147353510938,0.9999999999999999
40.19916317991632,baryon,2.66309299081167,-0.5239615618835869,0.27178166483540744,0.5902550225726111
40.19916317991632,boson,2.6725226351900924,-0.7600361004939626,0.3851836394624791,0.8520688412115713
40.19916317991632,lepton,4.264632791010101,-0.03257182813714382,-0.0678169077773125,0.07523335010932414
40.19916317991632,meson,5.954977047759042,0.2107968056217022,-0.07178140090632436,0.2226833239746258
40.19916317991632,quark,4.460726134378265,-0.24901476862012578,-0.9684996876659616,1.0
40.40334728033473,baryon,2.5681748799478616,-0.5041052512832911,0.3255517213610598,0.600088349872366
40.40334728033473,boson,2.6641432810592307,-0.7534344882126247,0.3898068106075545,0.8482999927055603
40.40334728033473,lepton,4.189942075670936,-0.02999217648269853,-0.05208643826917603,0.06010430684849481
40.40334728033473,meson,5.942002918010606,0.21068308587031767,-0.0748067748625863,0.22356971225365327
40.40334728033473,quark,4.454616211001232,-0.25492754269382695,-0.9669601584223039,1.0
40.60753138075314,baryon,2.4763476496894645,-0.47950668573308763,0.37619390857887663,0.6094657648421135
40.60753138075314,boson,2.6558607775319616,-0.7468375280135924,0.3942690850879975,0.8445202216084468
40.60753138075314,lepton,4.11583065986674,-0.025325282394507598,-0.03729263286040346,0.045078935147387866
40.60753138075314,meson,5.929166126310524,0.21057043298236255,-0.07782471187954836,0.22449185514293019
40.60753138075314,quark,4.448553676054673,-0.26078505170470734,-0.965396890821269,1.0
40.81171548117155,baryon,2.3874817309708765,-0.45065266467815157,0.42330016639857504,0.6182805633808811
40.81171548117155,boson,2.6476742902960644,-0.7402480235442614,0.39857312234946196,0.8407304385001084
40.81171548117155,lepton,4.0422908993250015,-0.018730861427225354,-0.023637726536898107,0.03015936480828294
40.81171548117155,meson,5.916432855060969,0.21045734049476247,-0.08084334580995334,0.22545052390685655
40.81171548117155,quark,4.44253790421429,-0.266587905278792,-0.9638106083453667,1.0
41.01589958158996,baryon,2.301449360423459,-0.41805911596196765,0.4665347598027339,0.6264408244543905
41.01589958158996,boson,2.639583002236674,-0.7336686658835878,0.4027215786751124,0.8369315272051701
41.01589958158996,lepton,3.96931529090569,-0.010383484662656706,-0.011301853640395987,0.01534759425605717
41.01589958158996,meson,5.903770603205577,0.21034142240777093,-0.08387032118591785,0.22644589807800303
41.01589958158996,quark,4.43656828170084,-0.2723367065107262,-0.9622020153205306,1.0
41.22008368200837,baryon,2.2181277194558393,-0.3822609411416092,0.5056347675597814,0.6338690284969782
41.22008368200837,boson,2.6315861131464238,-0.7271020367243373,0.4067171049304646,0.8331243456121649
41.22008368200837,lepton,3.8968964692675816,-0.0004699615822779113,-0.0004424935475002001,0.0006454954906089351
41.22008368200837,meson,5.8911483661160915,0.21021949067884743,-0.08691273187431929,0.22747759718955038
41.22008368200837,quark,4.430644206007434,-0.27803205197119985,-0.960571797460598,1.0
41.42426778242678,baryon,2.137401050673529,-0.3438022869248243,0.5404092596114461,0.6405015069213581
41.42426778242678,boson,2.6236828394402125,-0.7205506114975213,0.41056234445396994,0.8293097264671337
41.42426778242678,lepton,0.6834345500405624,0.010813212196850885,0.008805822992146994,0.013945181124071117
41.42426778242678,meson,5.87853679113542,0.21008763459146465,-0.08997706872144592,0.22854471576464108
41.42426778242678,quark,4.4247650856346645,-0.28367453171893264,-0.9589206223948071,1.0
41.62845188284519,baryon,2.0591619846404767,-0.3032273885420135,0.570737288776868,0.6462877857134384
41.62845188284519,boson,2.615872413874589,-0.7140167624379959,0.41425993108625214,0.8254884781425019
41.62845188284519,lepton,0.6121077410391449,0.023262322495540333,0.01633156571474964,0.028422802229578065
41.62845188284519,meson,5.865908307048778,0.20994130119618976,-0.0930691759184322,0.22964586095570141
41.62845188284519,quark,4.418930339833289,-0.2892647293169024,-0.9572491401788874,1.0
41.8326359832636,baryon,1.9833122730656458,-0.26107210577951523,0.5965648337329039,0.651189868826994
41.8326359832636,boson,2.6081540852717264,-0.7075027615903858,0.41781248733119797,0.8216613853820227
41.8326359832636,lepton,0.5413164176676266,0.03666880240055789,0.022046034422222638,0.0427858469968398
41.8326359832636,meson,5.853237226529838,0.2097753760836383,-0.09619421577044474,0.23077919221351556
41.8326359832636,quark,4.413139398354221,-0.2948032218525167,-0.9555579837902961,1.0
42.03682008368201,baryon,1.9097630865403261,-0.21785624752287064,0.6179008375307662,0.6551814936381892
42.03682008368201,boson,2.6005271182479803,-0.7010107837547405,0.4212226226423919,0.817829210022588
42.03682008368201,lepton,0.47105373430932984,0.05082148194920136,0.02588298619218765,0.05703290279950667
42.03682008368201,meson,5.840499821357289,0.2095842638113366,-0.09935664151168941,0.23194246236905888
42.03682008368201,quark,4.407391701205593,-0.3002905799614233,-0.9538477696081445,0.9999999999999999
42.24100418410042,baryon,1.8384350000317689,-0.17407675649600596,0.634812489515963,0.6582473805474842
42.24100418410042,boson,2.5929907929469658,-0.6945429093714479,0.42449293182867076,0.8139926916936391
42.24100418410042,lepton,0.4013129678504521,0.06550870979595635,0.027798080259039626,0.0711626610324462
42.24100418410042,meson,5.827674370891053,0.20936196736860851,-0.10256017777432583,0.23313305952943614
42.24100418410042,quark,4.401686698416633,-0.3057273678547228,-0.9521190978783185,1.0
42.44518828451883,baryon,1.7692577592307537,-0.130201802858687,0.6474198987932474,0.6603824913041767
42.44518828451883,boson,2.5855444047771408,-0.6881011273451595,0.4276259935728267,0.810152548494928
42.44518828451883,lepton,0.33208751487445215,0.0805203373657331,0.027768160514579254,0.08517391307116817
42.44518828451883,meson,5.814741184911709,0.2091021661246648,-0.10580780829208682,0.2343480492208158
42.44518828451883,quark,4.396023849808166,-0.3111141433492884,-0.9503725531643044,1.0
42.64937238493724,baryon,1.7021698959611486,-0.08666581378328843,0.6558903047095014,0.6615913051806547
42.64937238493724,boson,2.578187264153808,-0.6816873378075551,0.43062436905776696,0.8063094776533087
42.64937238493724,lepton,0.2633708889344382,0.09564955822207974,0.02579039528710919,0.09906554636776786
42.64937238493724,meson,5.8016826024456245,0.20879829176493075,-0.1091017703982252,0.2355842162539337
42.64937238493724,quark,4.390402624769481,-0.31645145790099666,-0.9486087047841875,1.0
42.853556485355654,baryon,1.637118240869635,-0.04386544634033871,0.6604319646157648,0.6618871182224926
42.853556485355654,boson,2.5709186962455144,-0.6753033548189893,0.4334906006946645,0.8024641561592659
42.853556485355654,lepton,0.195156717901185,0.11069459744251117,0.02188129359821145,0.11283654067938599
42.853556485355654,meson,5.7884829686114285,0.208443601778654,-0.11244355586181982,0.23683810583879505
42.853556485355654,quark,4.384822502041396,-0.32173985664061283,-0.9468281072342951,1.0
43.05774058577406,baryon,1.5740573658782966,-0.002156493174484279,0.6612878518189567,0.6612913680263353
43.05774058577406,boson,2.563738040724754,-0.6689509090091199,0.4362272109478949,0.7986172413838227
43.05774058577406,lepton,0.12743874138414277,0.12546024769209263,0.016075616491003974,0.1264859644250186
43.05774058577406,meson,5.77512859182718,0.20803125011690254,-0.11583391759616386,0.23810606353235977
43.05774058577406,quark,4.379282969505283,-0.3269798784121367,-0.9450313005999242,1.0
43.26192468619247,baryon,1.512948976672896,0.03814830532158639,0.6587292875401838,0.6598329845211643
43.26192468619247,boson,2.556644651522921,-0.6626316501567618,0.438836701251772,0.7947693716764695
43.26192468619247,lepton,0.06021080822316545,0.13975925042043583,0.008425201296497431,0.14001297116684794
43.26192468619247,meson,5.761607683914374,0.20755435469375022,-0.11927288176731121,0.2393842736635347
43.26192468619247,quark,4.373783523977887,-0.332172055813412,-0.9432188109535833,1.0
43.46610878661088,baryon,1.4537612661235837,0.07678058225986684,0.6530496202420882,0.6575477658014662
43.46610878661088,boson,2.549637896589435,-0.6563471497093072,0.44132155101431964,0.7909211669447319
43.46610878661088,lepton,6.276652181228287,0.15341352217623327,-0.0010022841227919632,0.153416796212085
43.46610878661088,meson,5.747910285731907,0.20700606145471626,-0.12275976482948202,0.2406687959416083
43.46610878661088,quark,4.368323671011747,-0.3373169152387928,-0.9413911507411704,1.0
43.67029288702929,baryon,1.3964682324048294,0.11351685033379105,0.644558054232875,0.6544777769994747
43.67029288702929,boson,2.5427171576549585,-0.6500989032421337,0.4436842167035354,0.78707322921597
43.67029288702929,lepton,6.210386306087782,0.16625522744101176,-0.012124641020101246,0.1666967533316977
43.67029288702929,meson,5.734028180980351,0.20637960478503756,-0.12629319501653824,0.24195560001519628
43.67029288702929,quark,4.362902924701016,-0.34241497692372513,-0.939548819156474,1.0
43.8744769874477,baryon,1.3410489602313498,0.14817825345968927,0.6335737173349362,0.6506707693572638
43.8744769874477,boson,2.535881829998629,-0.6438883328585119,0.4459271310118012,0.7832261431819867
43.8744769874477,lepton,6.144592652136195,0.17812770063298844,-0.0248464781394499,0.17985223159229835
43.8744769874477,meson,5.719954800748203,0.20566836407612707,-0.1298711378246028,0.2432405978072068
43.8744769874477,quark,4.357520807492554,-0.3474667549910427,-0.9376923025043955,1.0
44.07866108786611,baryon,1.2874868597189832,0.18062963200504295,0.6204200449271153,0.646179615978128
44.07866108786611,boson,2.5291313222192167,-0.6377167895305906,0.44805270209429554,0.7793804767269983
44.07866108786611,lepton,6.079265481388611,0.18888622102875596,-0.039060574668560666,0.19288269229757826
44.07866108786611,meson,5.705685121240638,0.2048659163114676,-0.133490925029827,0.2445196735059495
44.07866108786611,quark,4.352176850002072,-0.35247275749885154,-0.9358220745532538,1.0
44.28284518828452,baryon,1.2357688546961292,0.210777974945418,0.6054195451060594,0.6410617601436848
44.28284518828452,boson,2.5224650560101187,-0.6315855553821044,0.45006331287745166,0.775536781439506
44.28284518828452,lepton,6.0143991535329935,0.1983986453012108,-0.05464925466234716,0.20578766603590634
44.28284518828452,meson,5.691215556952836,0.20396608457313456,-0.137149286796826,0.24578871114225956
44.28284518828452,quark,4.346870590835218,-0.35743348648983947,-0.9339385968765387,1.0
44.48702928870293,baryon,1.1858845107256715,0.238570335775884,0.5888889973054059,0.6353786715491672
44.48702928870293,boson,2.515882465938108,-0.6254958459135109,0.4519613204336853,0.7716955931085903
44.48702928870293,lepton,5.949988123801159,0.2065459031833225,-0.0714857608877918,0.21856674983062033
44.48702928870293,meson,5.676543851337687,0.20296298240717192,-0.14084238644711963,0.24704361972682834
44.48702928870293,quark,4.341601576413409,-0.36234943804188147,-0.9320423191844525,1.0
44.69121338912134,baryon,1.1378250926423346,0.2639912907957399,0.571135124669963,0.6291953053287787
44.69121338912134,boson,2.509382999225728,-0.6194488121702983,0.4537490554187925,0.7678574322051197
44.69121338912134,lepton,5.886026940896159,0.21322236244733056,-0.0894356171026866,0.23121960438976444
44.69121338912134,meson,5.661668966784728,0.20185105402012926,-0.14456585747264336,0.24828035596042988
44.69121338912134,quark,4.336369360804288,-0.3672211023198138,-0.930133679645577,1.0
44.895397489539754,baryon,1.0915825421447138,0.2870600186467459,0.5524507689812201,0.6225795583324364
44.895397489539754,boson,2.5029661155372613,-0.6134455428552855,0.4554288215685809,0.7640228043483795
44.895397489539754,lepton,5.822510244974362,0.21833606994535354,-0.10835796883515686,0.24374595145204594
44.895397489539754,meson,5.6465909754846555,0.20062511031026398,-0.14831484239672516,0.24949494456235183
44.895397489539754,quark,4.331173505556654,-0.37204896362824347,-0.9282131051989893,0.9999999999999999
45.09958158995816,baryon,1.047148368051224,0.3078270788831299,0.5331115861136573,0.6156017168123722
45.09958158995816,boson,2.4966312867681504,-0.6074870663857167,0.45700289525146337,0.7601922007585609
45.09958158995816,lepton,5.7594327656804065,0.2218088758989163,-0.12810689376894296,0.2561455712259497
45.09958158995816,meson,5.631310952511034,0.19928036076522904,-0.15208403310358742,0.2506834962891912
45.09958158995816,quark,4.326013579539714,-0.37683350046530445,-0.9262810118571283,1.0
45.30376569037657,baryon,1.0045124454269352,0.32637096505835883,0.5133732699820042,0.6083338895418702
45.30376569037657,boson,2.4903779968377875,-0.6015743528960502,0.4584735250738928,0.7563660986955874
45.30376569037657,lepton,5.6967893202336395,0.22357644895979917,-0.1485326738528311,0.26841829991888627
45.30376569037657,meson,5.615830872215809,0.1978124412836461,-0.15586771227709714,0.2518422237375851
45.30376569037657,quark,4.320889158786543,-0.3815751855772278,-0.9243378049997221,1.0
45.50794979079498,baryon,0.9636617251124024,0.34279450450280674,0.49346930380207904,0.6008494204975431
45.50794979079498,boson,2.484205741485578,-0.5957083161873271,0.4598429315356606,0.7525449618847041
45.50794979079498,lepton,5.6345748115641525,0.22358818980189848,-0.1694830222351421,0.28056402735355696
45.50794979079498,meson,5.600153508813317,0.19621743800082997,-0.15965979560998605,0.2529674550408255
45.50794979079498,quark,4.315799826341617,-0.3862744860136416,-0.9223838796590588,1.0
45.71213389121339,baryon,0.9245788623970389,0.3572211728076882,0.4736092292907919,0.593222275687215
45.71213389121339,boson,2.4781140280701583,-0.589889815624034,0.46111330673223117,0.7487292409292491
45.71213389121339,lepton,5.572784226497125,0.2218070511514239,-0.1908042590694769,0.29258269466860554
45.71213389121339,meson,5.5842823418230685,0.19449190721918103,-0.16345387446576132,0.25405564558108795
45.71213389121339,quark,4.310745172112275,-0.39093186318350764,-0.9204196207968794,1.0
45.9163179916318,baryon,0.8872407827329819,0.3697913861888445,0.45397741720873147,0.5855263996054983
45.9163179916318,boson,2.472102375371686,-0.5841196579794233,0.4622868141014096,0.7449193737110277
45.9163179916318,lepton,5.511412633983973,0.21820927222963749,-0.2123424311419977,0.304474292100798
45.9163179916318,meson,5.5682214668572305,0.19263289156156227,-0.16724325869689838,0.25510338784682235
45.9163179916318,quark,4.305724792724033,-0.3955477729115951,-0.9184454035731667,1.0
46.12050209205021,baryon,0.8516172133513704,0.3806588295354914,0.434732316414453,0.5778350382578115
46.12050209205021,boson,2.466170313397089,-0.5783985992302312,0.46336558821177587,0.7411157857786721
46.12050209205021,lepton,5.450455183378758,0.2127840355763018,-0.23394437112950647,0.3162388568460826
46.12050209205021,meson,5.551975512075763,0.19063793248138883,-0.17102101934442313,0.2561074195691802
46.12050209205021,quark,4.3007382913795755,-0.4001226654954289,-0.9164615936070825,1.0
46.32468619246862,baryon,0.8176692220186099,0.3899868722010749,0.41600615334784996,0.5702200278072074
46.32468619246862,boson,2.4603173831881704,-0.5727273463017692,0.46435173459043644,0.7373188907243688
46.32468619246862,lepton,5.389907102758662,0.20553305415106804,-0.2554586931084769,0.3278764709968632
46.32468619246862,meson,5.535549560490799,0.1885050792762885,-0.1747800309654966,0.25706463027273857
46.32468619246862,quark,4.295785277721381,-0.40465698576260833,-0.9144685472303136,1.0
46.52887029288703,baryon,0.7853478171965289,0.39794511760103035,0.3979050495685784,0.5627510507272916
46.52887029288703,boson,2.454543136632475,-0.5671065587643838,0.46524732958776754,0.7335290905493321
46.52887029288703,lepton,5.329763697287115,0.19647009648179053,-0.2767367216965311,0.3393872595530177
46.52887029288703,meson,5.518949078182063,0.1862328947632547,-0.17851301335692157,0.2579720663747724
46.52887029288703,quark,4.290865367697808,-0.4091511731284561,-0.9124666117330585,1.0
46.733054393305444,baryon,0.754592676373994,0.4047061265695696,0.38050952160919993,0.5554948648891425
46.733054393305444,boson,2.4488471362767963,-0.5615368504822489,0.4660544202769349,0.729746776018362
46.733054393305444,lepton,5.270020347618254,0.1856204574503046,-0.29763335291781107,0.35077138850419176
46.733054393305444,meson,5.502179848385217,0.18382045778222064,-0.18221257246352773,0.25882693496435316
46.733054393305444,quark,4.285978183432582,-0.413605661653904,-0.910456125602896,1.0
46.937238493723854,baryon,0.7253310797318396,0.4104423483049665,0.36387532491453123,0.5485145151805476
46.937238493723854,boson,2.4432289551432365,-0.5560187912155048,0.46677502438607654,0.7259723270038422
46.937238493723854,lepton,5.2106725083416325,0.1730203820845685,-0.3180078455418535,0.36202906298094556
46.937238493723854,meson,5.485247911334118,0.18126736270216004,-0.1858712402809672,0.2596266063880616
46.937238493723854,quark,4.2811233530975645,-0.4180208801035657,-0.9084374187567574,0.9999999999999999
47.14142259414226,baryon,0.6974771326739153,0.4153232866982086,0.34803460197285996,0.5418685418477525
47.14142259414226,boson,2.4376881765477036,-0.5505529081767331,0.4674111302611559,0.7222061128195119
47.14142259414226,lepton,5.1517157064658345,0.15871644946755198,-0.33772454225205756,0.3731605254725475
47.14142259414226,meson,5.468159509673788,0.17857371610923387,-0.18948151358254708,0.2603686157634868
47.14142259414226,quark,4.2763005107887135,-0.4223972520039319,-0.906410812766224,1.0
47.34560669456067,baryon,0.6709313610666789,0.4195129239779945,0.33299729383845156,0.5356102044288352
47.34560669456067,boson,2.43222439392074,-0.5451396875427486,0.4679646968575664,0.7184484925443156
47.34560669456067,lepton,5.093145539939963,0.14276492358388398,-0.3566535205543561,0.3841660541090646
47.34560669456067,meson,5.450921039212201,0.175740130860335,-0.19303589131914514,0.2610506635352312
47.34560669456067,quark,4.27150929640513,-0.4267351957016453,-0.9043766210763514,1.0
47.54979079497908,baryon,0.6455807554392826,0.4231674179877084,0.3187527740308041,0.5297867444535742
47.54979079497908,boson,2.426837210630586,-0.5397795759227205,0.4684376537586844,0.714699815336658
47.54979079497908,lepton,5.034957676211809,0.1252310776107804,-0.37467117384095017,0.3950459610056946
47.54979079497908,meson,5.433539004743086,0.1727677176877048,-0.19652691056005772,0.26167061518118423
47.54979079497908,quark,4.266749355531115,-0.43103512442178094,-0.902335149218238,1.0
47.75397489539749,baryon,0.6212993236807994,0.42643308409695857,0.30527166420318486,0.5244387134621411
47.75397489539749,boson,2.421526239808361,-0.534472981783598,0.46883190121964624,0.7109604207393534
47.75397489539749,lepton,4.977147850821678,0.10618849782518686,-0.39166072347820585,0.40580059066719126
47.75397489539749,meson,5.416019980647793,0.1696580745412718,-0.19994718086060653,0.2622265001695211
47.75397489539749,quark,4.2620203393211415,-0.4352974463261028,-0.9002866950155232,0.9999999999999999
47.9581589958159,baryon,0.5979491857638635,0.4294446677891722,0.29250779192935905,0.5195993947570972
47.9581589958159,boson,2.4162911041752637,-0.5292202768338249,0.4691493102347125,0.7072306389755585
47.9581589958159,lepton,4.919711866030866,0.08571837294925944,-0.4075126631941303,0.41643031845032735
47.9581589958159,meson,5.398370575969423,0.16641327385511967,-0.20328941695959463,0.26271651025953996
47.9581589958159,quark,4.257321904387659,-0.4395225645712541,-0.8982315487850044,1.0
48.16234309623431,baryon,0.5753822099650011,0.4323239093943406,0.28040025239010924,0.5152943471205977
48.16234309623431,boson,2.41113143587168,-0.5240217973663186,0.4693917226266683,0.7035107912359683
48.16234309623431,lepton,4.8626455894836464,0.06390877439558956,-0.42212513740080687,0.42693554908252423
48.16234309623431,meson,5.3805974036457105,0.1630358479230983,-0.20654646972603985,0.26313899723205897
48.16234309623431,quark,4.2526537126916395,-0.443710877366822,-0.8961699935315649,1.0
48.36652719665272,baryon,0.5534421507319784,0.4351783982787039,0.2688755375791659,0.5115410961368634
48.36652719665272,boson,2.406046876288104,-0.5188778455616903,0.4695609511567825,0.6998011899575505
48.36652719665272,lepton,4.805944952901999,0.04085393250596614,-0.4354042554022741,0.43731671523463495
48.36652719665272,meson,5.362707053586848,0.15952877256622794,-0.20971135529016086,0.26349247012794
48.36652719665272,quark,4.2480154314358,-0.44786277803325375,-0.8941023051375813,1.0
48.57071129707113,baryon,0.5319672079237523,0.43810071007816426,0.2578496988216067,0.508348993658279
48.57071129707113,boson,2.401037075897744,-0.5137886907526403,0.46965877965392255,0.6961021390940585
48.57071129707113,lepton,4.7496059508119925,0.01665351350640426,-0.4472643437114374,0.44757427614612844
48.57071129707113,meson,5.3447060692892485,0.15589544927125493,-0.21277728230821855,0.2637755920663581
48.57071129707113,quark,4.2434067329604215,-0.45197865505958096,-0.8920287525469862,1.0
48.774895397489544,baryon,0.5107928906049855,0.4411678172776399,0.2472305108408539,0.5057192585735159
48.774895397489544,boson,2.3961016940907305,-0.5087545706505037,0.4696869631615031,0.692413934378601
48.774895397489544,lepton,4.693624639300949,-0.00858809847001113,-0.45762813893207366,0.4577087163008412
48.774895397489544,meson,5.326600927685266,0.15213968597567046,-0.2157376773245261,0.2639871767078033
48.774895397489544,quark,4.2388272946416805,-0.45605889216092754,-0.8899495979441462,1.0
48.979079497907954,baryon,0.4897550408913874,0.4444407605960055,0.23691960825930383,0.5036452029523342
48.979079497907954,boson,2.391240399009807,-0.5037756925348672,0.46964722810100146,0.6887368635784926
48.979079497907954,lepton,4.637997134804575,-0.034762510309402805,-0.46642692385672624,0.4677205441515902
48.979079497907954,meson,5.308398021940603,0.14826567666972124,-0.21858620820681762,0.2641261844205616
48.979079497907954,quark,4.234276798792431,-0.46010386833575323,-0.8878650969277235,1.0
49.18326359832636,baryon,0.4686928585384313,0.4479645662292907,0.22681456821454,0.5021126377132374
49.18326359832636,boson,2.3864528673873995,-0.49885223440717424,0.46954127245084143,0.685071206742617
49.18326359832636,lepton,4.582719612923151,-0.06175801617283766,-0.4736006095902985,0.47761029089196433
49.18326359832636,meson,5.290103646925351,0.1442779799805927,-0.22131680564306516,0.26419171820352466
49.18326359832636,quark,4.229754932565362,-0.4641139579228236,-0.8857754986796663,1.0
49.38744769874477,baryon,0.44745176727462144,0.4517683920227218,0.2168109156629595,0.5011004422083527
49.38744769874477,boson,2.3817387843839595,-0.4939843461092426,0.46937076593952,0.6814172364415415
49.38744769874477,lepton,4.527788307265941,-0.08946027781784427,-0.4790977666350035,0.4873785092737411
49.38744769874477,meson,5.271723987100104,0.14018149689807718,-0.22392368269889865,0.26418301941272204
49.38744769874477,quark,4.225261387858474,-0.4680895306578685,-0.8836810461294824,1.0
49.59163179916318,baryon,0.42588597926395527,0.45586588406819917,0.20680403087641733,0.5005812735650575
49.59163179916318,boson,2.377097843427476,-0.48917215040758755,0.4691373502518922,0.6777752180005919
49.59163179916318,lepton,4.473199508323128,-0.11775298606871903,-0.48287560796705625,0.4970257724682435
49.59163179916318,meson,5.253265106574952,0.13598144779471177,-0.22640135244494256,0.264099463333883
49.59163179916318,quark,4.220795861222795,-0.47203095172990617,-0.8815819761139397,1.0
49.79581589958159,baryon,0.4038606422390275,0.4602557240379082,0.19669094157059652,0.500522385119374
49.79581589958159,boson,2.372529746054049,-0.4844157440444289,0.46884263924760405,0.6741454097261039
49.79581589958159,lepton,4.418949562364393,-0.14651850085463092,-0.4848999272021185,0.5065526729702532
49.79581589958159,meson,5.23473294111617,0.13168334888676483,-0.22874464367269964,0.2639405546386984
49.79581589958159,quark,4.216358053772286,-0.47593858183721366,-0.8794785195323317,1.0
50.0,baryon,0.3812534907089036,0.4649223467433977,0.18637198499653831,0.5008865193763334
50.0,boson,2.3680342017494134,-0.4797151987562476,0.468488219190699,0.6705280631250407
50.0,lepton,4.365034870363463,-0.17563846755815488,-0.48514499498651553,0.51595982154296
50.0,meson,5.216133291892001,0.12729298827543428,-0.2309487147260853,0.26370592275813715
50.0,quark,4.211947671095855,-0.4798127772429201,-0.8773709014974431,1.0
