record_type,members,member_count,persistence_neighbor_score
cluster,"[""Upsilon_1S"", ""omega_782"", ""tau"", ""top""]",4,0.06666666666666667
cluster,"[""B0"", ""B_plus"", ""Bs0""]",3,0.05416666666666667
cluster,"[""K_long"", ""Upsilon_1S"", ""omega_782"", ""top""]",4,0.05416666666666667
cluster,"[""D0"", ""Ds_plus"", ""K_short"", ""eta"", ""phi_1020"", ""pi0"", ""rho_770""]",7,0.04583333333333333
cluster,"[""B0"", ""B_plus"", ""Bs0"", ""Lambda"", ""W"", ""Z""]",6,0.04583333333333333
cluster,"[""Delta_1232"", ""K_long"", ""eta"", ""pi0"", ""tau""]",5,0.041666666666666664
cluster,"[""B0"", ""B_plus"", ""Bs0"", ""Lambda"", ""Upsilon_1S"", ""omega_782"", ""top""]",7,0.041666666666666664
cluster,"[""Delta_1232"", ""Ds_plus"", ""K_short""]",3,0.041666666666666664
cluster,"[""Delta_1232"", ""Higgs"", ""J_psi"", ""Lambda"", ""Xi_minus""]",5,0.041666666666666664
cluster,"[""K_long"", ""W"", ""Z""]",3,0.0375
cluster,"[""K_plus"", ""Omega_minus"", ""W"", ""Z"", ""muon"", ""neutron""]",6,0.0375
cluster,"[""Ds_plus"", ""K_short"", ""eta"", ""neutron"", ""phi_1020"", ""pi0"", ""rho_770""]",7,0.0375
cluster,"[""Higgs"", ""J_psi"", ""Xi_minus""]",3,0.0375
cluster,"[""Omega_minus"", ""eta"", ""pi_plus""]",3,0.03333333333333333
cluster,"[""D_plus"", ""K_long"", ""K_short"", ""W"", ""Z"", ""eta""]",6,0.029166666666666667
cluster,"[""D_plus"", ""K_long"", ""K_short""]",3,0.029166666666666667
cluster,"[""B0"", ""B_plus"", ""Bs0"", ""Higgs"", ""J_psi"", ""K_plus"", ""Lambda"", ""W"", ""Xi_minus"", ""Z"", ""muon"", ""pi0""]",12,0.029166666666666667
cluster,"[""Higgs"", ""J_psi"", ""W"", ""Z"", ""tau""]",5,0.029166666666666667
cluster,"[""B0"", ""B_plus"", ""Bs0"", ""K_plus"", ""Lambda"", ""Xi_minus"", ""eta"", ""muon"", ""pi0""]",9,0.029166666666666667
cluster,"[""D_plus"", ""omega_782"", ""top""]",3,0.029166666666666667
cluster,"[""Sigma_plus"", ""omega_782"", ""pi_plus"", ""top""]",4,0.029166666666666667
cluster,"[""D_plus"", ""W"", ""Z""]",3,0.029166666666666667
cluster,"[""K_plus"", ""Omega_minus"", ""muon""]",3,0.029166666666666667
cluster,"[""D_plus"", ""Higgs"", ""J_psi""]",3,0.029166666666666667
cluster,"[""D_plus"", ""Higgs"", ""J_psi"", ""Sigma_plus"", ""pi_plus""]",5,0.029166666666666667
cluster,"[""Higgs"", ""J_psi"", ""K_plus"", ""Omega_minus"", ""muon""]",5,0.029166666666666667
cluster,"[""D0"", ""Ds_plus"", ""K_short"", ""Upsilon_1S"", ""neutron"", ""omega_782"", ""tau"", ""top""]",8,0.029166666666666667
cluster,"[""W"", ""Xi_minus"", ""Z""]",3,0.025
cluster,"[""Lambda"", ""muon"", ""omega_782"", ""tau"", ""top""]",5,0.025
cluster,"[""Ds_plus"", ""Higgs"", ""J_psi"", ""K_short""]",4,0.025
cluster,"[""D0"", ""eta"", ""phi_1020"", ""pi0"", ""rho_770"", ""tau""]",6,0.025
cluster,"[""D0"", ""Ds_plus"", ""K_short"", ""Upsilon_1S"", ""omega_782"", ""top""]",6,0.025
cluster,"[""D0"", ""omega_782"", ""top""]",3,0.020833333333333332
cluster,"[""Higgs"", ""J_psi"", ""Sigma_plus"", ""pi0""]",4,0.020833333333333332
cluster,"[""Higgs"", ""J_psi"", ""Omega_minus"", ""Sigma_plus"", ""W"", ""Z"", ""pi0"", ""pi_plus""]",8,0.020833333333333332
cluster,"[""D_plus"", ""Delta_1232"", ""K_long"", ""K_short"", ""Upsilon_1S"", ""phi_1020""]",6,0.020833333333333332
cluster,"[""Ds_plus"", ""K_long"", ""omega_782"", ""top""]",4,0.020833333333333332
cluster,"[""D0"", ""Ds_plus"", ""Higgs"", ""J_psi"", ""K_long"", ""W"", ""Z"", ""neutron"", ""tau""]",9,0.020833333333333332
cluster,"[""Omega_minus"", ""Sigma_plus"", ""Upsilon_1S"", ""phi_1020"", ""pi_plus"", ""rho_770""]",6,0.020833333333333332
cluster,"[""D0"", ""Ds_plus"", ""Higgs"", ""J_psi"", ""K_long"", ""W"", ""Z"", ""neutron""]",8,0.020833333333333332
cluster,"[""Higgs"", ""J_psi"", ""K_short""]",3,0.020833333333333332
cluster,"[""B0"", ""B_plus"", ""Bs0"", ""Lambda""]",4,0.020833333333333332
cluster,"[""B0"", ""B_plus"", ""Bs0"", ""Lambda"", ""W"", ""Xi_minus"", ""Z""]",7,0.020833333333333332
cluster,"[""D_plus"", ""K_plus"", ""Omega_minus"", ""Sigma_plus"", ""eta"", ""muon"", ""phi_1020"", ""pi0"", ""pi_plus"", ""rho_770""]",10,0.020833333333333332
cluster,"[""Higgs"", ""J_psi"", ""pi0""]",3,0.016666666666666666
cluster,"[""K_short"", ""W"", ""Z""]",3,0.016666666666666666
cluster,"[""D_plus"", ""Higgs"", ""J_psi"", ""K_short"", ""muon"", ""omega_782"", ""pi0"", ""rho_770"", ""top""]",9,0.016666666666666666
cluster,"[""Ds_plus"", ""W"", ""Z"", ""eta"", ""muon""]",5,0.016666666666666666
cluster,"[""Delta_1232"", ""Ds_plus"", ""Upsilon_1S"", ""phi_1020""]",4,0.016666666666666666
cluster,"[""D_plus"", ""Delta_1232"", ""K_short"", ""Upsilon_1S"", ""phi_1020""]",5,0.016666666666666666
cluster,"[""Delta_1232"", ""Omega_minus"", ""Sigma_plus"", ""Upsilon_1S"", ""phi_1020"", ""pi_plus""]",6,0.016666666666666666
cluster,"[""B0"", ""B_plus"", ""Bs0"", ""Delta_1232"", ""K_plus"", ""Lambda"", ""Xi_minus"", ""eta"", ""muon"", ""pi0""]",10,0.016666666666666666
cluster,"[""B0"", ""B_plus"", ""Bs0"", ""Delta_1232"", ""K_plus"", ""Lambda"", ""Xi_minus"", ""eta"", ""muon"", ""phi_1020""]",10,0.016666666666666666
cluster,"[""Omega_minus"", ""Sigma_plus"", ""omega_782"", ""pi_plus"", ""top""]",5,0.016666666666666666
cluster,"[""D_plus"", ""Sigma_plus"", ""W"", ""Z"", ""pi_plus""]",5,0.016666666666666666
cluster,"[""Sigma_plus"", ""W"", ""Z"", ""pi_plus""]",4,0.016666666666666666
cluster,"[""D0"", ""Delta_1232"", ""Ds_plus"", ""K_long"", ""K_short"", ""eta"", ""phi_1020"", ""pi0"", ""rho_770"", ""tau""]",10,0.016666666666666666
cluster,"[""D_plus"", ""Higgs"", ""J_psi"", ""Sigma_plus"", ""neutron"", ""pi_plus""]",6,0.016666666666666666
cluster,"[""D_plus"", ""Delta_1232"", ""Sigma_plus"", ""pi_plus""]",4,0.016666666666666666
cluster,"[""D_plus"", ""Delta_1232"", ""Higgs"", ""J_psi"", ""K_plus"", ""Omega_minus"", ""Sigma_plus"", ""muon"", ""pi_plus""]",9,0.016666666666666666
cluster,"[""B0"", ""B_plus"", ""Bs0"", ""K_long"", ""W"", ""Z""]",6,0.016666666666666666
cluster,"[""D_plus"", ""Sigma_plus"", ""eta"", ""muon"", ""phi_1020"", ""pi0"", ""pi_plus"", ""rho_770""]",8,0.016666666666666666
cluster,"[""B0"", ""B_plus"", ""Bs0"", ""K_long""]",4,0.016666666666666666
cluster,"[""K_short"", ""pi_plus"", ""tau""]",3,0.0125
cluster,"[""Omega_minus"", ""omega_782"", ""pi_plus"", ""top""]",4,0.0125
cluster,"[""W"", ""Z"", ""pi0""]",3,0.0125
cluster,"[""D_plus"", ""Delta_1232"", ""Higgs"", ""J_psi"", ""K_plus"", ""eta""]",6,0.0125
cluster,"[""Delta_1232"", ""Higgs"", ""J_psi"", ""K_short"", ""eta""]",5,0.0125
cluster,"[""D_plus"", ""K_plus"", ""omega_782"", ""rho_770"", ""top""]",5,0.0125
cluster,"[""K_short"", ""Upsilon_1S"", ""W"", ""Z"", ""muon""]",5,0.0125
cluster,"[""D0"", ""K_plus"", ""Lambda"", ""W"", ""Z""]",5,0.0125
cluster,"[""Delta_1232"", ""Sigma_plus"", ""phi_1020""]",3,0.0125
cluster,"[""B0"", ""B_plus"", ""Bs0"", ""Upsilon_1S"", ""Xi_minus"", ""pi_plus"", ""tau""]",7,0.0125
cluster,"[""D_plus"", ""Higgs"", ""J_psi"", ""K_long"", ""K_short"", ""neutron"", ""omega_782"", ""pi0"", ""rho_770"", ""top""]",10,0.0125
cluster,"[""B0"", ""B_plus"", ""Bs0"", ""Delta_1232"", ""K_plus"", ""Lambda"", ""Upsilon_1S"", ""Xi_minus"", ""phi_1020"", ""pi_plus"", ""tau""]",11,0.0125
cluster,"[""W"", ""Z"", ""eta"", ""neutron""]",4,0.0125
cluster,"[""D0"", ""Ds_plus"", ""Upsilon_1S"", ""muon"", ""neutron""]",5,0.0125
cluster,"[""Sigma_plus"", ""omega_782"", ""top""]",3,0.0125
cluster,"[""Delta_1232"", ""K_plus"", ""Lambda"", ""phi_1020"", ""tau""]",5,0.0125
cluster,"[""D0"", ""Delta_1232"", ""Ds_plus"", ""Upsilon_1S"", ""muon"", ""phi_1020""]",6,0.0125
cluster,"[""B0"", ""B_plus"", ""Bs0"", ""Higgs"", ""J_psi"", ""K_plus"", ""Omega_minus"", ""W"", ""Xi_minus"", ""Z"", ""neutron"", ""pi0"", ""pi_plus""]",13,0.0125
cluster,"[""Ds_plus"", ""K_long"", ""rho_770""]",3,0.0125
cluster,"[""D_plus"", ""K_short"", ""neutron"", ""rho_770""]",4,0.0125
cluster,"[""K_short"", ""neutron"", ""omega_782"", ""top""]",4,0.0125
cluster,"[""D_plus"", ""K_short"", ""omega_782"", ""top""]",4,0.0125
cluster,"[""Omega_minus"", ""Sigma_plus"", ""Upsilon_1S"", ""pi_plus"", ""rho_770""]",5,0.0125
cluster,"[""D0"", ""Ds_plus"", ""Higgs"", ""J_psi"", ""K_long"", ""W"", ""Z""]",7,0.0125
cluster,"[""neutron"", ""pi0"", ""tau""]",3,0.0125
cluster,"[""D0"", ""Ds_plus"", ""Higgs"", ""J_psi"", ""K_long"", ""K_short"", ""W"", ""Z""]",8,0.0125
cluster,"[""Delta_1232"", ""eta"", ""neutron"", ""pi0"", ""tau""]",5,0.0125
cluster,"[""K_plus"", ""Upsilon_1S"", ""Xi_minus"", ""muon"", ""rho_770""]",5,0.0125
cluster,"[""B0"", ""B_plus"", ""Bs0"", ""Lambda"", ""phi_1020""]",5,0.0125
cluster,"[""B0"", ""B_plus"", ""Bs0"", ""K_plus"", ""Lambda"", ""Omega_minus"", ""Upsilon_1S"", ""Xi_minus"", ""muon"", ""neutron"", ""omega_782"", ""rho_770"", ""top""]",13,0.0125
cluster,"[""B0"", ""B_plus"", ""Bs0"", ""K_plus"", ""Lambda"", ""Omega_minus"", ""Upsilon_1S"", ""Xi_minus"", ""muon"", ""neutron"", ""omega_782"", ""top""]",12,0.0125
cluster,"[""B0"", ""B_plus"", ""Bs0"", ""Lambda"", ""Upsilon_1S""]",5,0.0125
cluster,"[""D0"", ""Delta_1232"", ""K_long"", ""eta"", ""phi_1020"", ""pi0"", ""tau""]",7,0.0125
cluster,"[""D0"", ""K_long"", ""eta"", ""phi_1020"", ""pi0"", ""rho_770"", ""tau""]",7,0.0125
cluster,"[""D0"", ""eta"", ""phi_1020"", ""pi0"", ""rho_770""]",5,0.0125
cluster,"[""D_plus"", ""Higgs"", ""J_psi"", ""K_plus"", ""Omega_minus"", ""Sigma_plus"", ""muon"", ""neutron"", ""pi_plus""]",9,0.0125
cluster,"[""D_plus"", ""Delta_1232"", ""Higgs"", ""J_psi"", ""K_plus"", ""Omega_minus"", ""Sigma_plus"", ""muon"", ""neutron"", ""pi_plus""]",10,0.0125
cluster,"[""D_plus"", ""Delta_1232"", ""Sigma_plus"", ""neutron"", ""pi_plus""]",5,0.0125
cluster,"[""D0"", ""D_plus"", ""Delta_1232"", ""Ds_plus"", ""K_plus"", ""K_short"", ""Omega_minus"", ""Sigma_plus"", ""eta"", ""muon"", ""neutron"", ""phi_1020"", ""pi0"", ""pi_plus"", ""rho_770""]",15,0.0125
cluster,"[""W"", ""Z"", ""neutron"", ""tau""]",4,0.0125
cluster,"[""K_plus"", ""K_short"", ""Upsilon_1S""]",3,0.008333333333333333
cluster,"[""Higgs"", ""J_psi"", ""Lambda"", ""eta"", ""pi_plus""]",5,0.008333333333333333
cluster,"[""Delta_1232"", ""neutron"", ""tau""]",3,0.008333333333333333
cluster,"[""B0"", ""B_plus"", ""Bs0"", ""Ds_plus""]",4,0.008333333333333333
cluster,"[""B0"", ""B_plus"", ""Bs0"", ""D0"", ""Delta_1232"", ""Ds_plus"", ""K_plus"", ""Sigma_plus"", ""neutron"", ""omega_782"", ""tau"", ""top""]",12,0.008333333333333333
cluster,"[""Omega_minus"", ""Upsilon_1S"", ""pi0""]",3,0.008333333333333333
cluster,"[""B0"", ""B_plus"", ""Bs0"", ""D0"", ""Sigma_plus""]",5,0.008333333333333333
cluster,"[""Omega_minus"", ""omega_782"", ""top""]",3,0.008333333333333333
cluster,"[""Higgs"", ""J_psi"", ""K_plus"", ""K_short"", ""eta"", ""phi_1020"", ""tau""]",7,0.008333333333333333
cluster,"[""B0"", ""B_plus"", ""Bs0"", ""D0"", ""Sigma_plus"", ""W"", ""Z""]",7,0.008333333333333333
cluster,"[""D_plus"", ""Lambda"", ""pi_plus""]",3,0.008333333333333333
cluster,"[""D_plus"", ""Lambda"", ""W"", ""Z"", ""pi_plus""]",5,0.008333333333333333
cluster,"[""K_plus"", ""K_short"", ""pi0"", ""rho_770""]",4,0.008333333333333333
cluster,"[""Upsilon_1S"", ""omega_782"", ""top""]",3,0.008333333333333333
cluster,"[""B0"", ""B_plus"", ""Bs0"", ""D0"", ""K_long"", ""Omega_minus"", ""Sigma_plus"", ""W"", ""Z"", ""neutron"", ""pi0"", ""tau""]",12,0.008333333333333333
cluster,"[""B0"", ""B_plus"", ""Bs0"", ""K_long"", ""Omega_minus"", ""Sigma_plus"", ""neutron"", ""phi_1020"", ""pi0"", ""tau""]",10,0.008333333333333333
cluster,"[""K_short"", ""omega_782"", ""rho_770"", ""top""]",4,0.008333333333333333
cluster,"[""Delta_1232"", ""K_long"", ""Sigma_plus""]",3,0.008333333333333333
cluster,"[""D_plus"", ""K_plus"", ""Upsilon_1S"", ""W"", ""Z""]",5,0.008333333333333333
cluster,"[""B0"", ""B_plus"", ""Bs0"", ""Delta_1232"", ""Omega_minus"", ""tau""]",6,0.008333333333333333
cluster,"[""D0"", ""Ds_plus"", ""Lambda"", ""Xi_minus"", ""phi_1020"", ""pi0"", ""pi_plus""]",7,0.008333333333333333
cluster,"[""B0"", ""B_plus"", ""Bs0"", ""Higgs"", ""J_psi"", ""K_long"", ""Omega_minus"", ""Sigma_plus"", ""eta"", ""omega_782"", ""rho_770"", ""tau"", ""top""]",13,0.008333333333333333
cluster,"[""B0"", ""B_plus"", ""Bs0"", ""Higgs"", ""J_psi"", ""Omega_minus"", ""eta"", ""omega_782"", ""rho_770"", ""tau"", ""top""]",11,0.008333333333333333
cluster,"[""Upsilon_1S"", ""W"", ""Z""]",3,0.008333333333333333
cluster,"[""D_plus"", ""K_short"", ""muon"", ""phi_1020""]",4,0.008333333333333333
cluster,"[""Sigma_plus"", ""W"", ""Z""]",3,0.008333333333333333
cluster,"[""B0"", ""B_plus"", ""Bs0"", ""D0"", ""Ds_plus"", ""Higgs"", ""J_psi"", ""K_plus"", ""Lambda"", ""Omega_minus"", ""Xi_minus"", ""eta"", ""neutron"", ""omega_782"", ""pi_plus"", ""rho_770"", ""tau"", ""top""]",18,0.008333333333333333
cluster,"[""D_plus"", ""Delta_1232"", ""K_short"", ""muon"", ""phi_1020""]",5,0.008333333333333333
cluster,"[""B0"", ""B_plus"", ""Bs0"", ""Omega_minus"", ""W"", ""Xi_minus"", ""Z"", ""eta"", ""neutron"", ""pi_plus"", ""tau""]",11,0.008333333333333333
cluster,"[""D0"", ""Ds_plus"", ""Higgs"", ""J_psi"", ""K_plus"", ""Lambda"", ""omega_782"", ""rho_770"", ""top""]",9,0.008333333333333333
cluster,"[""B0"", ""B_plus"", ""Bs0"", ""Omega_minus"", ""Sigma_plus"", ""Upsilon_1S"", ""W"", ""Xi_minus"", ""Z"", ""neutron"", ""pi_plus"", ""tau""]",12,0.008333333333333333
cluster,"[""D0"", ""Ds_plus"", ""Higgs"", ""J_psi"", ""K_plus"", ""Lambda"", ""eta"", ""omega_782"", ""rho_770"", ""top""]",10,0.008333333333333333
cluster,"[""D_plus"", ""muon"", ""pi0""]",3,0.008333333333333333
cluster,"[""Delta_1232"", ""K_long"", ""phi_1020""]",3,0.008333333333333333
cluster,"[""B0"", ""B_plus"", ""Bs0"", ""Omega_minus"", ""Upsilon_1S"", ""W"", ""Xi_minus"", ""Z"", ""pi_plus"", ""tau""]",10,0.008333333333333333
cluster,"[""D0"", ""K_plus"", ""Lambda"", ""eta""]",4,0.008333333333333333
cluster,"[""Delta_1232"", ""K_long"", ""Sigma_plus"", ""neutron"", ""phi_1020""]",5,0.008333333333333333
cluster,"[""B0"", ""B_plus"", ""Bs0"", ""Upsilon_1S"", ""pi_plus""]",5,0.008333333333333333
cluster,"[""Delta_1232"", ""Omega_minus"", ""phi_1020""]",3,0.008333333333333333
cluster,"[""D0"", ""K_plus"", ""Lambda""]",3,0.008333333333333333
cluster,"[""D_plus"", ""Higgs"", ""J_psi"", ""K_long"", ""K_short"", ""neutron"", ""omega_782"", ""pi0"", ""top""]",9,0.008333333333333333
cluster,"[""D_plus"", ""Higgs"", ""J_psi"", ""K_long"", ""K_short"", ""omega_782"", ""pi0"", ""top""]",8,0.008333333333333333
cluster,"[""Sigma_plus"", ""omega_782"", ""rho_770"", ""top""]",4,0.008333333333333333
cluster,"[""B0"", ""B_plus"", ""Bs0"", ""Omega_minus"", ""Xi_minus"", ""pi_plus"", ""rho_770""]",7,0.008333333333333333
cluster,"[""B0"", ""B_plus"", ""Bs0"", ""K_plus"", ""Lambda"", ""Omega_minus"", ""Xi_minus"", ""neutron"", ""omega_782"", ""pi_plus"", ""rho_770"", ""tau"", ""top""]",13,0.008333333333333333
cluster,"[""B0"", ""B_plus"", ""Bs0"", ""K_plus"", ""Lambda"", ""Xi_minus"", ""neutron"", ""omega_782"", ""rho_770"", ""tau"", ""top""]",11,0.008333333333333333
cluster,"[""B0"", ""B_plus"", ""Bs0"", ""K_plus"", ""Lambda"", ""Xi_minus"", ""muon"", ""neutron"", ""omega_782"", ""rho_770"", ""tau"", ""top""]",12,0.008333333333333333
cluster,"[""Higgs"", ""J_psi"", ""Omega_minus"", ""W"", ""Z"", ""neutron"", ""pi0"", ""pi_plus""]",8,0.008333333333333333
cluster,"[""D0"", ""Ds_plus"", ""rho_770""]",3,0.008333333333333333
cluster,"[""Sigma_plus"", ""eta"", ""neutron""]",3,0.008333333333333333
cluster,"[""D0"", ""Ds_plus"", ""K_long"", ""omega_782"", ""top""]",5,0.008333333333333333
cluster,"[""D_plus"", ""Upsilon_1S"", ""neutron"", ""phi_1020""]",4,0.008333333333333333
cluster,"[""B0"", ""B_plus"", ""Bs0"", ""Higgs"", ""J_psi"", ""K_plus"", ""Lambda"", ""W"", ""Xi_minus"", ""Z"", ""muon"", ""pi0"", ""tau""]",13,0.008333333333333333
cluster,"[""Delta_1232"", ""Omega_minus"", ""pi_plus""]",3,0.008333333333333333
cluster,"[""Sigma_plus"", ""Upsilon_1S"", ""phi_1020""]",3,0.008333333333333333
cluster,"[""Omega_minus"", ""Upsilon_1S"", ""rho_770""]",3,0.008333333333333333
cluster,"[""B0"", ""B_plus"", ""Bs0"", ""Delta_1232"", ""K_plus"", ""Lambda"", ""Omega_minus"", ""Upsilon_1S"", ""Xi_minus"", ""eta"", ""muon"", ""phi_1020"", ""rho_770""]",13,0.008333333333333333
cluster,"[""B0"", ""B_plus"", ""Bs0"", ""K_plus"", ""Lambda"", ""Upsilon_1S"", ""Xi_minus"", ""muon"", ""phi_1020"", ""rho_770""]",10,0.008333333333333333
cluster,"[""D0"", ""Ds_plus"", ""Higgs"", ""J_psi"", ""K_long""]",5,0.008333333333333333
cluster,"[""Ds_plus"", ""Higgs"", ""J_psi"", ""K_short"", ""W"", ""Z""]",6,0.008333333333333333
cluster,"[""B0"", ""B_plus"", ""Bs0"", ""Lambda"", ""neutron"", ""phi_1020"", ""rho_770""]",7,0.008333333333333333
cluster,"[""K_plus"", ""Omega_minus"", ""Upsilon_1S"", ""Xi_minus"", ""muon"", ""omega_782"", ""top""]",7,0.008333333333333333
cluster,"[""Xi_minus"", ""neutron"", ""omega_782"", ""top""]",4,0.008333333333333333
cluster,"[""B0"", ""B_plus"", ""Bs0"", ""Lambda"", ""Upsilon_1S"", ""Xi_minus"", ""neutron"", ""omega_782"", ""top""]",9,0.008333333333333333
cluster,"[""D_plus"", ""Delta_1232"", ""Higgs"", ""J_psi"", ""K_plus"", ""Omega_minus"", ""Sigma_plus"", ""Xi_minus"", ""muon"", ""pi_plus""]",10,0.008333333333333333
cluster,"[""B0"", ""B_plus"", ""Bs0"", ""W"", ""Z""]",5,0.008333333333333333
cluster,"[""D_plus"", ""Delta_1232"", ""K_plus"", ""Omega_minus"", ""Sigma_plus"", ""muon"", ""pi_plus""]",7,0.008333333333333333
cluster,"[""D_plus"", ""Delta_1232"", ""K_plus"", ""Omega_minus"", ""Sigma_plus"", ""muon"", ""phi_1020"", ""pi_plus"", ""rho_770""]",9,0.008333333333333333
cluster,"[""Higgs"", ""J_psi"", ""Lambda"", ""Xi_minus""]",4,0.008333333333333333
cluster,"[""D0"", ""D_plus"", ""Ds_plus"", ""K_short"", ""Sigma_plus"", ""Upsilon_1S"", ""eta"", ""muon"", ""neutron"", ""omega_782"", ""phi_1020"", ""pi0"", ""pi_plus"", ""rho_770"", ""tau"", ""top""]",16,0.008333333333333333
cluster,"[""eta"", ""pi0"", ""pi_plus""]",3,0.008333333333333333
cluster,"[""D_plus"", ""K_plus"", ""Omega_minus"", ""Sigma_plus"", ""muon"", ""phi_1020"", ""rho_770""]",7,0.008333333333333333
cluster,"[""B0"", ""B_plus"", ""Bs0"", ""Delta_1232"", ""Higgs"", ""J_psi"", ""K_long"", ""Lambda"", ""Xi_minus""]",9,0.008333333333333333
cluster,"[""D_plus"", ""Sigma_plus"", ""eta"", ""muon"", ""pi0"", ""pi_plus""]",6,0.008333333333333333
cluster,"[""K_plus"", ""Omega_minus"", ""phi_1020"", ""rho_770""]",4,0.008333333333333333
cluster,"[""B0"", ""Upsilon_1S"", ""neutron"", ""tau""]",4,0.004166666666666667
cluster,"[""Bs0"", ""D0"", ""D_plus"", ""K_long"", ""Xi_minus"", ""pi0"", ""top""]",7,0.004166666666666667
cluster,"[""B_plus"", ""Higgs"", ""K_plus"", ""K_short"", ""muon""]",5,0.004166666666666667
cluster,"[""Delta_1232"", ""Ds_plus"", ""Omega_minus"", ""Sigma_plus"", ""Z"", ""omega_782"", ""pi_plus""]",7,0.004166666666666667
cluster,"[""J_psi"", ""Lambda"", ""W"", ""eta"", ""phi_1020"", ""rho_770""]",6,0.004166666666666667
cluster,"[""B0"", ""Bs0"", ""D0"", ""K_short"", ""W"", ""neutron"", ""pi_plus"", ""rho_770""]",8,0.004166666666666667
cluster,"[""B_plus"", ""Omega_minus"", ""Sigma_plus"", ""eta"", ""muon"", ""phi_1020"", ""pi0"", ""top""]",8,0.004166666666666667
cluster,"[""K_plus"", ""Lambda"", ""omega_782""]",3,0.004166666666666667
cluster,"[""D_plus"", ""Ds_plus"", ""K_long"", ""Upsilon_1S"", ""Xi_minus"", ""Z""]",6,0.004166666666666667
cluster,"[""B0"", ""B_plus"", ""Bs0"", ""D0"", ""D_plus"", ""K_long"", ""K_plus"", ""Omega_minus"", ""Sigma_plus"", ""Upsilon_1S"", ""Xi_minus"", ""Z"", ""eta"", ""neutron"", ""omega_782"", ""phi_1020"", ""pi_plus"", ""rho_770"", ""tau"", ""top""]",20,0.004166666666666667
cluster,"[""Delta_1232"", ""Ds_plus"", ""J_psi"", ""K_short"", ""Lambda"", ""muon"", ""pi0""]",7,0.004166666666666667
cluster,"[""D_plus"", ""K_long"", ""Upsilon_1S"", ""Xi_minus"", ""phi_1020""]",5,0.004166666666666667
cluster,"[""J_psi"", ""K_short"", ""top""]",3,0.004166666666666667
cluster,"[""B0"", ""B_plus"", ""Bs0"", ""D0"", ""K_plus"", ""Lambda"", ""Sigma_plus"", ""eta"", ""omega_782"", ""rho_770""]",10,0.004166666666666667
cluster,"[""Delta_1232"", ""muon"", ""neutron"", ""pi_plus""]",4,0.004166666666666667
cluster,"[""Z"", ""pi0"", ""tau""]",3,0.004166666666666667
cluster,"[""B0"", ""B_plus"", ""Bs0"", ""D_plus"", ""Ds_plus"", ""Lambda"", ""Omega_minus"", ""Z"", ""neutron"", ""tau""]",10,0.004166666666666667
cluster,"[""Delta_1232"", ""K_long"", ""K_plus"", ""K_short"", ""Sigma_plus"", ""eta"", ""omega_782"", ""rho_770"", ""top""]",9,0.004166666666666667
cluster,"[""D0"", ""Higgs"", ""Xi_minus"", ""muon"", ""pi0"", ""pi_plus""]",6,0.004166666666666667
cluster,"[""W"", ""muon"", ""omega_782"", ""top""]",4,0.004166666666666667
cluster,"[""B0"", ""B_plus"", ""Bs0"", ""D0"", ""D_plus"", ""Delta_1232"", ""Higgs"", ""K_long"", ""K_short"", ""Sigma_plus"", ""Xi_minus"", ""phi_1020"", ""pi0""]",13,0.004166666666666667
cluster,"[""Ds_plus"", ""J_psi"", ""K_plus"", ""Upsilon_1S"", ""rho_770""]",5,0.004166666666666667
cluster,"[""Lambda"", ""Omega_minus"", ""eta"", ""neutron"", ""tau""]",5,0.004166666666666667
cluster,"[""D0"", ""D_plus"", ""neutron""]",3,0.004166666666666667
cluster,"[""Delta_1232"", ""Ds_plus"", ""Higgs"", ""Upsilon_1S"", ""eta"", ""muon""]",6,0.004166666666666667
cluster,"[""J_psi"", ""Sigma_plus"", ""Xi_minus"", ""pi0"", ""rho_770""]",5,0.004166666666666667
cluster,"[""B0"", ""B_plus"", ""Bs0"", ""K_long"", ""Lambda"", ""W"", ""Z"", ""omega_782"", ""top""]",9,0.004166666666666667
cluster,"[""K_long"", ""Upsilon_1S"", ""Xi_minus"", ""neutron"", ""pi_plus"", ""top""]",6,0.004166666666666667
cluster,"[""D0"", ""D_plus"", ""Higgs"", ""J_psi"", ""Sigma_plus"", ""W"", ""Z"", ""muon"", ""omega_782"", ""phi_1020"", ""rho_770""]",11,0.004166666666666667
cluster,"[""B0"", ""B_plus"", ""Bs0"", ""Ds_plus"", ""Higgs"", ""J_psi"", ""neutron"", ""pi0""]",8,0.004166666666666667
cluster,"[""Delta_1232"", ""K_plus"", ""Lambda"", ""Sigma_plus"", ""W"", ""Z"", ""eta"", ""omega_782"", ""phi_1020"", ""tau"", ""top""]",11,0.004166666666666667
cluster,"[""D_plus"", ""K_short"", ""Upsilon_1S"", ""rho_770""]",4,0.004166666666666667
cluster,"[""D0"", ""K_long"", ""Omega_minus""]",3,0.004166666666666667
cluster,"[""D0"", ""pi0"", ""top""]",3,0.004166666666666667
cluster,"[""B0"", ""B_plus"", ""Bs0"", ""Delta_1232"", ""Ds_plus"", ""Higgs"", ""K_plus"", ""W"", ""Xi_minus"", ""Z"", ""neutron"", ""omega_782""]",12,0.004166666666666667
cluster,"[""J_psi"", ""K_long"", ""Lambda"", ""Sigma_plus"", ""muon""]",5,0.004166666666666667
cluster,"[""K_short"", ""Omega_minus"", ""eta"", ""pi_plus"", ""tau""]",5,0.004166666666666667
cluster,"[""Delta_1232"", ""K_short"", ""Omega_minus"", ""W"", ""Z"", ""eta"", ""neutron""]",7,0.004166666666666667
cluster,"[""K_plus"", ""Upsilon_1S"", ""tau""]",3,0.004166666666666667
cluster,"[""D_plus"", ""K_long"", ""Xi_minus"", ""muon"", ""rho_770""]",5,0.004166666666666667
cluster,"[""B0"", ""B_plus"", ""Bs0"", ""D0"", ""Ds_plus"", ""Higgs"", ""J_psi"", ""Lambda"", ""Sigma_plus"", ""omega_782"", ""phi_1020"", ""pi_plus"", ""top""]",13,0.004166666666666667
cluster,"[""Delta_1232"", ""K_long"", ""W"", ""Z""]",4,0.004166666666666667
cluster,"[""B0"", ""B_plus"", ""Bs0"", ""D0"", ""Higgs"", ""J_psi"", ""Lambda"", ""Sigma_plus"", ""eta"", ""neutron"", ""phi_1020"", ""pi0"", ""pi_plus"", ""rho_770""]",14,0.004166666666666667
cluster,"[""Ds_plus"", ""Omega_minus"", ""muon"", ""omega_782"", ""top""]",5,0.004166666666666667
cluster,"[""Delta_1232"", ""W"", ""Xi_minus"", ""Z"", ""pi0""]",5,0.004166666666666667
cluster,"[""B0"", ""B_plus"", ""Bs0"", ""D_plus"", ""Sigma_plus"", ""Upsilon_1S"", ""muon"", ""neutron"", ""phi_1020"", ""rho_770"", ""tau""]",11,0.004166666666666667
cluster,"[""D0"", ""K_long"", ""K_plus"", ""Omega_minus"", ""omega_782"", ""top""]",6,0.004166666666666667
cluster,"[""D0"", ""Delta_1232"", ""Ds_plus"", ""Higgs"", ""J_psi"", ""K_short"", ""W"", ""Xi_minus"", ""Z"", ""eta""]",10,0.004166666666666667
cluster,"[""Lambda"", ""Upsilon_1S"", ""muon""]",3,0.004166666666666667
cluster,"[""B0"", ""B_plus"", ""Bs0"", ""D_plus"", ""K_long"", ""K_plus"", ""Omega_minus"", ""Sigma_plus"", ""neutron"", ""omega_782"", ""pi0"", ""rho_770"", ""tau"", ""top""]",14,0.004166666666666667
cluster,"[""B0"", ""B_plus"", ""Bs0"", ""D_plus"", ""Omega_minus"", ""Upsilon_1S"", ""W"", ""Z"", ""neutron"", ""tau""]",10,0.004166666666666667
cluster,"[""D0"", ""Xi_minus"", ""muon"", ""phi_1020"", ""pi0"", ""pi_plus""]",6,0.004166666666666667
cluster,"[""K_long"", ""K_plus"", ""Sigma_plus"", ""eta"", ""omega_782"", ""rho_770"", ""top""]",7,0.004166666666666667
cluster,"[""Sigma_plus"", ""W"", ""Z"", ""pi0""]",4,0.004166666666666667
cluster,"[""B0"", ""B_plus"", ""Bs0"", ""D0"", ""D_plus"", ""Higgs"", ""J_psi"", ""K_short"", ""Omega_minus"", ""Xi_minus"", ""eta"", ""muon"", ""neutron"", ""omega_782"", ""phi_1020"", ""pi_plus"", ""rho_770"", ""tau"", ""top""]",19,0.004166666666666667
cluster,"[""Ds_plus"", ""K_long"", ""K_plus"", ""Upsilon_1S""]",4,0.004166666666666667
cluster,"[""D0"", ""Delta_1232"", ""K_long"", ""K_plus"", ""Lambda""]",5,0.004166666666666667
cluster,"[""Ds_plus"", ""Sigma_plus"", ""eta"", ""neutron"", ""phi_1020""]",5,0.004166666666666667
cluster,"[""B0"", ""B_plus"", ""Bs0"", ""D_plus"", ""J_psi"", ""Omega_minus"", ""Upsilon_1S"", ""muon"", ""omega_782"", ""pi0"", ""pi_plus"", ""rho_770"", ""top""]",13,0.004166666666666667
cluster,"[""K_short"", ""Xi_minus"", ""tau""]",3,0.004166666666666667
cluster,"[""Omega_minus"", ""W"", ""Z"", ""eta""]",4,0.004166666666666667
cluster,"[""B0"", ""B_plus"", ""Bs0"", ""D_plus"", ""Delta_1232"", ""Higgs"", ""K_short"", ""Xi_minus"", ""neutron"", ""phi_1020"", ""pi_plus""]",11,0.004166666666666667
cluster,"[""J_psi"", ""K_long"", ""K_plus"", ""Lambda"", ""Upsilon_1S"", ""omega_782"", ""pi0"", ""tau"", ""top""]",9,0.004166666666666667
cluster,"[""Ds_plus"", ""Sigma_plus"", ""muon""]",3,0.004166666666666667
cluster,"[""Lambda"", ""W"", ""Z"", ""tau""]",4,0.004166666666666667
cluster,"[""D0"", ""Delta_1232"", ""Higgs"", ""J_psi"", ""Sigma_plus"", ""Upsilon_1S"", ""muon"", ""phi_1020"", ""pi0""]",9,0.004166666666666667
cluster,"[""B0"", ""B_plus"", ""Bs0"", ""D_plus"", ""K_long"", ""K_plus"", ""K_short"", ""Xi_minus"", ""eta"", ""rho_770""]",10,0.004166666666666667
cluster,"[""Lambda"", ""omega_782"", ""top""]",3,0.004166666666666667
cluster,"[""D0"", ""Sigma_plus"", ""eta"", ""rho_770""]",4,0.004166666666666667
cluster,"[""B0"", ""B_plus"", ""Bs0"", ""D_plus"", ""Delta_1232"", ""Ds_plus"", ""Higgs"", ""J_psi"", ""K_long"", ""K_plus"", ""K_short"", ""Omega_minus"", ""Upsilon_1S"", ""W"", ""Xi_minus"", ""Z"", ""neutron"", ""phi_1020"", ""pi0"", ""pi_plus""]",20,0.004166666666666667
cluster,"[""Ds_plus"", ""Omega_minus"", ""eta"", ""pi_plus""]",4,0.004166666666666667
cluster,"[""K_long"", ""pi0"", ""rho_770""]",3,0.004166666666666667
cluster,"[""B0"", ""B_plus"", ""Bs0"", ""D_plus"", ""Higgs"", ""J_psi"", ""K_plus"", ""K_short"", ""Lambda"", ""Upsilon_1S"", ""W"", ""Xi_minus"", ""Z"", ""muon"", ""phi_1020""]",15,0.004166666666666667
cluster,"[""D0"", ""Delta_1232"", ""Ds_plus"", ""K_long"", ""Omega_minus"", ""pi_plus""]",6,0.004166666666666667
cluster,"[""B0"", ""B_plus"", ""Bs0"", ""D_plus"", ""K_plus"", ""K_short"", ""Lambda"", ""Xi_minus"", ""eta"", ""muon"", ""neutron"", ""omega_782"", ""pi0"", ""top""]",14,0.004166666666666667
cluster,"[""Higgs"", ""J_psi"", ""Sigma_plus"", ""Upsilon_1S"", ""W"", ""Z"", ""tau""]",7,0.004166666666666667
cluster,"[""B0"", ""B_plus"", ""Bs0"", ""Delta_1232"", ""K_short"", ""Lambda"", ""eta""]",7,0.004166666666666667
cluster,"[""omega_782"", ""pi0"", ""top""]",3,0.004166666666666667
cluster,"[""D0"", ""Higgs"", ""J_psi"", ""K_long"", ""Omega_minus"", ""Upsilon_1S"", ""rho_770""]",7,0.004166666666666667
cluster,"[""Ds_plus"", ""K_plus"", ""W"", ""Z"", ""phi_1020""]",5,0.004166666666666667
cluster,"[""Delta_1232"", ""Sigma_plus"", ""eta"", ""pi0"", ""pi_plus"", ""tau""]",6,0.004166666666666667
cluster,"[""K_long"", ""Omega_minus"", ""omega_782"", ""top""]",4,0.004166666666666667
cluster,"[""Ds_plus"", ""Higgs"", ""J_psi"", ""K_plus"", ""Upsilon_1S"", ""Xi_minus"", ""muon""]",7,0.004166666666666667
cluster,"[""B0"", ""B_plus"", ""Bs0"", ""K_short"", ""Lambda"", ""W"", ""Z"", ""phi_1020"", ""rho_770""]",9,0.004166666666666667
cluster,"[""K_long"", ""eta"", ""tau""]",3,0.004166666666666667
cluster,"[""D0"", ""Delta_1232"", ""K_plus"", ""muon""]",4,0.004166666666666667
cluster,"[""Ds_plus"", ""Xi_minus"", ""neutron"", ""omega_782"", ""top""]",5,0.004166666666666667
cluster,"[""B0"", ""B_plus"", ""Bs0"", ""Higgs"", ""J_psi"", ""K_short"", ""Lambda"", ""Upsilon_1S""]",8,0.004166666666666667
cluster,"[""Sigma_plus"", ""W"", ""Z"", ""phi_1020"", ""pi_plus""]",5,0.004166666666666667
cluster,"[""B0"", ""B_plus"", ""Bs0"", ""Delta_1232"", ""Ds_plus"", ""K_short"", ""Lambda"", ""omega_782"", ""top""]",9,0.004166666666666667
cluster,"[""D_plus"", ""Higgs"", ""J_psi"", ""K_long"", ""Sigma_plus"", ""Upsilon_1S"", ""pi_plus""]",7,0.004166666666666667
cluster,"[""D0"", ""K_plus"", ""Omega_minus"", ""W"", ""Z"", ""eta"", ""muon"", ""neutron"", ""phi_1020"", ""pi0"", ""rho_770"", ""tau""]",12,0.004166666666666667
cluster,"[""D_plus"", ""K_long"", ""Sigma_plus"", ""Upsilon_1S"", ""neutron"", ""omega_782"", ""pi_plus"", ""top""]",8,0.004166666666666667
cluster,"[""Higgs"", ""J_psi"", ""K_plus"", ""Omega_minus"", ""muon"", ""tau""]",6,0.004166666666666667
cluster,"[""D0"", ""Ds_plus"", ""K_short"", ""Lambda"", ""W"", ""Xi_minus"", ""Z"", ""eta"", ""phi_1020"", ""pi0"", ""rho_770""]",11,0.004166666666666667
cluster,"[""Higgs"", ""J_psi"", ""K_plus"", ""Omega_minus"", ""Upsilon_1S"", ""omega_782"", ""tau"", ""top""]",8,0.004166666666666667
cluster,"[""B0"", ""B_plus"", ""Bs0"", ""Ds_plus"", ""K_short"", ""Lambda"", ""W"", ""Z"", ""eta"", ""neutron"", ""phi_1020"", ""pi0"", ""rho_770""]",13,0.004166666666666667
cluster,"[""D_plus"", ""K_long"", ""Sigma_plus"", ""pi_plus""]",4,0.004166666666666667
cluster,"[""D0"", ""Delta_1232"", ""Ds_plus"", ""Higgs"", ""J_psi"", ""K_short"", ""Lambda"", ""Upsilon_1S"", ""Xi_minus"", ""neutron"", ""omega_782"", ""tau"", ""top""]",13,0.004166666666666667
cluster,"[""B0"", ""B_plus"", ""Bs0"", ""pi0""]",4,0.004166666666666667
cluster,"[""K_long"", ""eta"", ""pi_plus""]",3,0.004166666666666667
cluster,"[""D_plus"", ""Sigma_plus"", ""W"", ""Z"", ""muon"", ""phi_1020"", ""rho_770""]",7,0.004166666666666667
cluster,"[""B0"", ""B_plus"", ""Bs0"", ""D0"", ""Delta_1232"", ""Ds_plus"", ""Higgs"", ""J_psi"", ""K_short"", ""Lambda"", ""Upsilon_1S"", ""omega_782"", ""top""]",13,0.004166666666666667
cluster,"[""K_long"", ""pi0"", ""pi_plus""]",3,0.004166666666666667
cluster,"[""D_plus"", ""Sigma_plus"", ""eta"", ""muon""]",4,0.004166666666666667
cluster,"[""K_plus"", ""Omega_minus"", ""W"", ""Z"", ""neutron"", ""phi_1020"", ""rho_770""]",7,0.004166666666666667
cluster,"[""B0"", ""B_plus"", ""Bs0"", ""D_plus"", ""Delta_1232"", ""Ds_plus"", ""Higgs"", ""J_psi"", ""K_long"", ""K_plus"", ""Sigma_plus"", ""Upsilon_1S"", ""eta"", ""muon"", ""neutron"", ""omega_782"", ""pi0"", ""pi_plus"", ""top""]",19,0.004166666666666667
cluster,"[""W"", ""Xi_minus"", ""Z"", ""phi_1020"", ""rho_770"", ""tau""]",6,0.004166666666666667
cluster,"[""D0"", ""K_short"", ""Lambda""]",3,0.004166666666666667
cluster,"[""D_plus"", ""Delta_1232"", ""Higgs"", ""J_psi"", ""K_plus"", ""Sigma_plus"", ""omega_782"", ""pi0"", ""top""]",9,0.004166666666666667
cluster,"[""D0"", ""K_short"", ""Lambda"", ""W"", ""Z"", ""phi_1020"", ""rho_770""]",7,0.004166666666666667
cluster,"[""B0"", ""B_plus"", ""Bs0"", ""Ds_plus"", ""K_long"", ""Upsilon_1S"", ""muon"", ""neutron"", ""pi_plus""]",9,0.004166666666666667
cluster,"[""D_plus"", ""Delta_1232"", ""Higgs"", ""J_psi"", ""Omega_minus"", ""omega_782"", ""pi0"", ""top""]",8,0.004166666666666667
cluster,"[""Xi_minus"", ""eta"", ""tau""]",3,0.004166666666666667
cluster,"[""B0"", ""B_plus"", ""Bs0"", ""Ds_plus"", ""K_long"", ""W"", ""Z"", ""muon"", ""phi_1020"", ""pi_plus"", ""rho_770""]",11,0.004166666666666667
cluster,"[""K_plus"", ""Sigma_plus"", ""Upsilon_1S""]",3,0.004166666666666667
cluster,"[""Delta_1232"", ""Lambda"", ""Xi_minus"", ""eta"", ""neutron"", ""omega_782"", ""tau"", ""top""]",8,0.004166666666666667
cluster,"[""D0"", ""K_long"", ""K_short""]",3,0.004166666666666667
cluster,"[""B0"", ""B_plus"", ""Bs0"", ""Ds_plus"", ""muon"", ""pi_plus""]",6,0.004166666666666667
cluster,"[""D_plus"", ""K_plus"", ""Sigma_plus"", ""Upsilon_1S"", ""W"", ""Z"", ""rho_770""]",7,0.004166666666666667
cluster,"[""D0"", ""Delta_1232"", ""K_long"", ""K_short"", ""Lambda"", ""eta"", ""muon"", ""omega_782"", ""pi_plus"", ""tau"", ""top""]",11,0.004166666666666667
cluster,"[""D_plus"", ""Omega_minus"", ""Upsilon_1S"", ""W"", ""Z"", ""neutron"", ""rho_770""]",7,0.004166666666666667
cluster,"[""Higgs"", ""J_psi"", ""Xi_minus"", ""pi0""]",4,0.004166666666666667
cluster,"[""D0"", ""Delta_1232"", ""K_long"", ""K_short"", ""eta"", ""muon"", ""omega_782"", ""pi_plus"", ""top""]",9,0.004166666666666667
cluster,"[""K_plus"", ""Sigma_plus"", ""neutron""]",3,0.004166666666666667
cluster,"[""D_plus"", ""Omega_minus"", ""phi_1020""]",3,0.004166666666666667
cluster,"[""Upsilon_1S"", ""W"", ""Xi_minus"", ""Z"", ""rho_770""]",5,0.004166666666666667
cluster,"[""Higgs"", ""J_psi"", ""Lambda"", ""pi0"", ""tau""]",5,0.004166666666666667
cluster,"[""B0"", ""B_plus"", ""Bs0"", ""Delta_1232"", ""Ds_plus"", ""K_plus"", ""eta"", ""neutron"", ""omega_782"", ""top""]",10,0.004166666666666667
cluster,"[""D0"", ""Higgs"", ""J_psi"", ""K_long"", ""K_short"", ""Lambda"", ""Upsilon_1S"", ""W"", ""Xi_minus"", ""Z"", ""muon"", ""phi_1020"", ""pi0"", ""pi_plus"", ""rho_770"", ""tau""]",16,0.004166666666666667
cluster,"[""Delta_1232"", ""Sigma_plus"", ""omega_782"", ""top""]",4,0.004166666666666667
cluster,"[""D0"", ""Higgs"", ""J_psi"", ""K_long"", ""K_short"", ""Lambda"", ""Upsilon_1S"", ""W"", ""Z"", ""muon"", ""neutron"", ""phi_1020"", ""pi0"", ""pi_plus"", ""rho_770"", ""tau""]",16,0.004166666666666667
cluster,"[""B0"", ""B_plus"", ""Bs0"", ""Ds_plus"", ""K_plus"", ""eta""]",6,0.004166666666666667
cluster,"[""D_plus"", ""Delta_1232"", ""Omega_minus"", ""omega_782"", ""top""]",5,0.004166666666666667
cluster,"[""K_long"", ""K_short"", ""Lambda"", ""Upsilon_1S"", ""muon"", ""neutron"", ""phi_1020"", ""pi_plus"", ""tau""]",9,0.004166666666666667
cluster,"[""B0"", ""B_plus"", ""Bs0"", ""D0"", ""Ds_plus"", ""Higgs"", ""J_psi"", ""K_plus"", ""W"", ""Z"", ""pi0"", ""rho_770""]",12,0.004166666666666667
cluster,"[""D_plus"", ""Delta_1232"", ""Xi_minus"", ""omega_782"", ""top""]",5,0.004166666666666667
cluster,"[""K_long"", ""Lambda"", ""muon""]",3,0.004166666666666667
cluster,"[""D0"", ""Upsilon_1S"", ""phi_1020"", ""pi0""]",4,0.004166666666666667
cluster,"[""B0"", ""B_plus"", ""Bs0"", ""Ds_plus"", ""Higgs"", ""J_psi"", ""K_plus"", ""Sigma_plus"", ""W"", ""Z"", ""rho_770""]",11,0.004166666666666667
cluster,"[""Delta_1232"", ""K_long"", ""Lambda"", ""Xi_minus"", ""muon"", ""neutron"", ""omega_782"", ""top""]",8,0.004166666666666667
cluster,"[""B0"", ""B_plus"", ""Bs0"", ""D0"", ""Ds_plus"", ""Higgs"", ""J_psi"", ""K_plus"", ""Sigma_plus"", ""Upsilon_1S"", ""W"", ""Z"", ""phi_1020"", ""pi0""]",14,0.004166666666666667
cluster,"[""D_plus"", ""Omega_minus"", ""eta"", ""rho_770""]",4,0.004166666666666667
cluster,"[""B0"", ""B_plus"", ""Bs0"", ""D0"", ""Ds_plus"", ""K_plus"", ""Sigma_plus"", ""Upsilon_1S"", ""phi_1020"", ""pi0""]",10,0.004166666666666667
cluster,"[""Higgs"", ""J_psi"", ""Omega_minus"", ""W"", ""Z"", ""neutron""]",6,0.004166666666666667
cluster,"[""D_plus"", ""eta"", ""rho_770""]",3,0.004166666666666667
cluster,"[""Delta_1232"", ""K_long"", ""K_short"", ""Lambda"", ""muon"", ""omega_782"", ""pi_plus"", ""tau"", ""top""]",9,0.004166666666666667
cluster,"[""Delta_1232"", ""K_short"", ""omega_782"", ""tau"", ""top""]",5,0.004166666666666667
cluster,"[""B0"", ""B_plus"", ""Bs0"", ""D0"", ""Ds_plus"", ""Sigma_plus"", ""Upsilon_1S"", ""pi0""]",8,0.004166666666666667
cluster,"[""D_plus"", ""Higgs"", ""J_psi"", ""W"", ""Z""]",5,0.004166666666666667
cluster,"[""K_long"", ""Lambda"", ""Xi_minus"", ""eta"", ""muon"", ""rho_770""]",6,0.004166666666666667
cluster,"[""D_plus"", ""Higgs"", ""J_psi"", ""K_long"", ""Lambda"", ""W"", ""Xi_minus"", ""Z"", ""eta"", ""muon""]",10,0.004166666666666667
cluster,"[""D_plus"", ""Higgs"", ""J_psi"", ""K_long"", ""Lambda"", ""W"", ""Xi_minus"", ""Z"", ""eta"", ""muon"", ""phi_1020"", ""pi_plus""]",12,0.004166666666666667
cluster,"[""D_plus"", ""K_long"", ""Xi_minus"", ""muon"", ""phi_1020""]",5,0.004166666666666667
cluster,"[""Higgs"", ""J_psi"", ""K_plus"", ""K_short"", ""Lambda"", ""W"", ""Z"", ""eta"", ""neutron"", ""pi_plus"", ""rho_770"", ""tau""]",12,0.004166666666666667
cluster,"[""B0"", ""B_plus"", ""Bs0"", ""D0"", ""Delta_1232"", ""Ds_plus"", ""Sigma_plus"", ""omega_782"", ""top""]",9,0.004166666666666667
cluster,"[""Delta_1232"", ""Ds_plus"", ""Omega_minus"", ""omega_782"", ""top""]",5,0.004166666666666667
cluster,"[""D_plus"", ""K_long"", ""Upsilon_1S"", ""Xi_minus"", ""muon"", ""pi0""]",6,0.004166666666666667
cluster,"[""Higgs"", ""J_psi"", ""K_plus"", ""K_short"", ""Lambda"", ""W"", ""Z"", ""eta"", ""neutron"", ""phi_1020"", ""pi_plus"", ""tau""]",12,0.004166666666666667
cluster,"[""D_plus"", ""Delta_1232"", ""K_long"", ""Upsilon_1S"", ""Xi_minus"", ""muon"", ""pi0""]",7,0.004166666666666667
cluster,"[""Lambda"", ""neutron"", ""pi_plus""]",3,0.004166666666666667
cluster,"[""Higgs"", ""J_psi"", ""K_plus"", ""K_short"", ""eta"", ""phi_1020""]",6,0.004166666666666667
cluster,"[""W"", ""Z"", ""tau""]",3,0.004166666666666667
cluster,"[""B0"", ""B_plus"", ""Bs0"", ""D0"", ""Sigma_plus"", ""rho_770""]",6,0.004166666666666667
cluster,"[""D_plus"", ""Delta_1232"", ""K_long"", ""Lambda"", ""Upsilon_1S"", ""Xi_minus"", ""muon"", ""neutron"", ""omega_782"", ""pi0"", ""pi_plus"", ""top""]",12,0.004166666666666667
cluster,"[""Delta_1232"", ""Lambda"", ""Upsilon_1S"", ""pi_plus""]",4,0.004166666666666667
cluster,"[""Ds_plus"", ""Omega_minus"", ""muon"", ""rho_770""]",4,0.004166666666666667
cluster,"[""D_plus"", ""K_long"", ""Xi_minus"", ""neutron"", ""omega_782"", ""pi0"", ""top""]",7,0.004166666666666667
cluster,"[""Higgs"", ""J_psi"", ""eta"", ""phi_1020"", ""tau""]",5,0.004166666666666667
cluster,"[""Ds_plus"", ""K_long"", ""Omega_minus"", ""W"", ""Xi_minus"", ""Z"", ""muon"", ""neutron"", ""rho_770""]",9,0.004166666666666667
cluster,"[""D_plus"", ""Lambda"", ""omega_782"", ""pi0"", ""pi_plus"", ""top""]",6,0.004166666666666667
cluster,"[""Delta_1232"", ""K_plus"", ""K_short"", ""Upsilon_1S""]",4,0.004166666666666667
cluster,"[""B0"", ""B_plus"", ""Bs0"", ""D0"", ""Higgs"", ""J_psi"", ""Sigma_plus"", ""eta"", ""phi_1020"", ""tau""]",10,0.004166666666666667
cluster,"[""Ds_plus"", ""Omega_minus"", ""W"", ""Z"", ""muon"", ""neutron""]",6,0.004166666666666667
cluster,"[""D_plus"", ""Lambda"", ""Xi_minus"", ""omega_782"", ""pi0"", ""pi_plus"", ""rho_770"", ""top""]",8,0.004166666666666667
cluster,"[""B0"", ""B_plus"", ""Bs0"", ""D0"", ""Higgs"", ""J_psi"", ""Sigma_plus"", ""eta"", ""neutron"", ""phi_1020""]",10,0.004166666666666667
cluster,"[""Ds_plus"", ""Omega_minus"", ""muon""]",3,0.004166666666666667
cluster,"[""D_plus"", ""Lambda"", ""pi_plus"", ""rho_770""]",4,0.004166666666666667
cluster,"[""B0"", ""B_plus"", ""Bs0"", ""D0"", ""Ds_plus"", ""Higgs"", ""J_psi"", ""Omega_minus"", ""Sigma_plus"", ""eta"", ""muon"", ""neutron"", ""phi_1020""]",13,0.004166666666666667
cluster,"[""K_plus"", ""K_short"", ""Upsilon_1S"", ""omega_782"", ""top""]",5,0.004166666666666667
cluster,"[""B0"", ""B_plus"", ""Bs0"", ""D0"", ""Ds_plus"", ""Higgs"", ""J_psi"", ""Omega_minus"", ""Sigma_plus"", ""eta"", ""muon"", ""phi_1020""]",12,0.004166666666666667
cluster,"[""B0"", ""B_plus"", ""Bs0"", ""D0"", ""Delta_1232"", ""Ds_plus"", ""Higgs"", ""J_psi"", ""K_long"", ""Omega_minus"", ""Sigma_plus"", ""eta"", ""muon"", ""phi_1020""]",14,0.004166666666666667
cluster,"[""Upsilon_1S"", ""neutron"", ""omega_782"", ""top""]",4,0.004166666666666667
cluster,"[""B0"", ""B_plus"", ""Bs0"", ""D0"", ""Delta_1232"", ""Ds_plus"", ""Higgs"", ""J_psi"", ""K_long"", ""Omega_minus"", ""Sigma_plus"", ""Xi_minus"", ""eta"", ""muon"", ""phi_1020""]",15,0.004166666666666667
cluster,"[""K_short"", ""neutron"", ""pi0"", ""rho_770""]",4,0.004166666666666667
cluster,"[""D_plus"", ""Higgs"", ""J_psi"", ""Lambda"", ""Xi_minus"", ""eta"", ""phi_1020"", ""pi_plus""]",8,0.004166666666666667
cluster,"[""K_plus"", ""K_short"", ""W"", ""Z"", ""neutron"", ""pi0""]",6,0.004166666666666667
cluster,"[""B0"", ""B_plus"", ""Bs0"", ""D0"", ""Delta_1232"", ""Ds_plus"", ""K_long"", ""Omega_minus"", ""Sigma_plus"", ""Upsilon_1S"", ""muon"", ""omega_782"", ""tau"", ""top""]",14,0.004166666666666667
cluster,"[""D0"", ""Delta_1232"", ""Ds_plus"", ""K_long"", ""Omega_minus""]",5,0.004166666666666667
cluster,"[""Higgs"", ""J_psi"", ""Xi_minus"", ""eta""]",4,0.004166666666666667
cluster,"[""D_plus"", ""Lambda"", ""phi_1020"", ""pi_plus""]",4,0.004166666666666667
cluster,"[""B0"", ""B_plus"", ""Bs0"", ""Sigma_plus"", ""Upsilon_1S"", ""muon"", ""omega_782"", ""rho_770"", ""tau"", ""top""]",10,0.004166666666666667
cluster,"[""D_plus"", ""neutron"", ""phi_1020""]",3,0.004166666666666667
cluster,"[""B0"", ""B_plus"", ""Bs0"", ""D0"", ""K_long"", ""Omega_minus"", ""Sigma_plus"", ""Upsilon_1S"", ""muon"", ""omega_782"", ""rho_770"", ""tau"", ""top""]",13,0.004166666666666667
cluster,"[""D_plus"", ""Delta_1232"", ""Higgs"", ""J_psi"", ""Lambda"", ""Xi_minus"", ""eta"", ""neutron"", ""pi_plus""]",9,0.004166666666666667
cluster,"[""B0"", ""B_plus"", ""Bs0"", ""D0"", ""Ds_plus"", ""K_long"", ""Omega_minus"", ""Sigma_plus"", ""Upsilon_1S"", ""muon"", ""omega_782"", ""rho_770"", ""tau"", ""top""]",14,0.004166666666666667
cluster,"[""D_plus"", ""Delta_1232"", ""Higgs"", ""J_psi"", ""Lambda"", ""eta"", ""neutron"", ""pi_plus""]",8,0.004166666666666667
cluster,"[""B0"", ""B_plus"", ""Bs0"", ""D0"", ""K_long"", ""Omega_minus"", ""Sigma_plus"", ""Upsilon_1S"", ""muon"", ""rho_770"", ""tau""]",11,0.004166666666666667
cluster,"[""Ds_plus"", ""omega_782"", ""top""]",3,0.004166666666666667
cluster,"[""B0"", ""B_plus"", ""Bs0"", ""D0"", ""Ds_plus"", ""K_long"", ""Lambda"", ""Omega_minus"", ""Sigma_plus"", ""Upsilon_1S"", ""W"", ""Xi_minus"", ""Z"", ""muon"", ""neutron"", ""omega_782"", ""pi0"", ""pi_plus"", ""rho_770"", ""tau"", ""top""]",21,0.004166666666666667
cluster,"[""B0"", ""B_plus"", ""Bs0"", ""D0"", ""K_long"", ""Omega_minus"", ""Sigma_plus"", ""W"", ""Z"", ""muon"", ""pi0"", ""tau""]",12,0.004166666666666667
cluster,"[""Ds_plus"", ""Lambda"", ""Upsilon_1S"", ""Xi_minus"", ""neutron"", ""omega_782"", ""pi_plus"", ""rho_770"", ""top""]",9,0.004166666666666667
cluster,"[""Ds_plus"", ""Lambda"", ""Upsilon_1S"", ""Xi_minus"", ""omega_782"", ""pi_plus"", ""rho_770"", ""top""]",8,0.004166666666666667
cluster,"[""D_plus"", ""Ds_plus"", ""K_plus"", ""Lambda"", ""Upsilon_1S"", ""Xi_minus"", ""omega_782"", ""pi_plus"", ""rho_770"", ""top""]",10,0.004166666666666667
cluster,"[""B0"", ""B_plus"", ""Bs0"", ""K_long"", ""Omega_minus"", ""neutron"", ""pi0"", ""tau""]",8,0.004166666666666667
cluster,"[""D0"", ""W"", ""Z""]",3,0.004166666666666667
cluster,"[""Ds_plus"", ""Upsilon_1S"", ""Xi_minus"", ""pi_plus""]",4,0.004166666666666667
cluster,"[""D0"", ""Ds_plus"", ""Lambda"", ""Upsilon_1S"", ""W"", ""Xi_minus"", ""Z"", ""pi_plus""]",8,0.004166666666666667
cluster,"[""Ds_plus"", ""W"", ""Xi_minus"", ""Z"", ""pi_plus""]",5,0.004166666666666667
cluster,"[""Delta_1232"", ""Higgs"", ""J_psi"", ""K_short"", ""eta"", ""muon""]",6,0.004166666666666667
cluster,"[""Delta_1232"", ""Higgs"", ""J_psi"", ""eta"", ""muon"", ""neutron""]",6,0.004166666666666667
cluster,"[""B0"", ""B_plus"", ""Bs0"", ""K_long"", ""Omega_minus"", ""Sigma_plus"", ""phi_1020"", ""pi0"", ""tau""]",9,0.004166666666666667
cluster,"[""Ds_plus"", ""Lambda"", ""W"", ""Xi_minus"", ""Z"", ""pi_plus""]",6,0.004166666666666667
cluster,"[""D_plus"", ""K_plus"", ""Upsilon_1S""]",3,0.004166666666666667
cluster,"[""B0"", ""B_plus"", ""Bs0"", ""Omega_minus"", ""phi_1020"", ""pi0"", ""tau""]",7,0.004166666666666667
cluster,"[""Ds_plus"", ""Xi_minus"", ""pi_plus""]",3,0.004166666666666667
cluster,"[""Lambda"", ""W"", ""Z""]",3,0.004166666666666667
cluster,"[""Higgs"", ""J_psi"", ""eta"", ""muon"", ""neutron""]",5,0.004166666666666667
cluster,"[""B0"", ""B_plus"", ""Bs0"", ""Omega_minus"", ""phi_1020"", ""tau""]",6,0.004166666666666667
cluster,"[""D0"", ""Ds_plus"", ""Xi_minus"", ""pi0"", ""pi_plus""]",5,0.004166666666666667
cluster,"[""Higgs"", ""J_psi"", ""K_short"", ""eta"", ""muon"", ""neutron"", ""omega_782"", ""rho_770"", ""top""]",9,0.004166666666666667
cluster,"[""D0"", ""Ds_plus"", ""Xi_minus"", ""phi_1020"", ""pi0"", ""pi_plus""]",6,0.004166666666666667
cluster,"[""B0"", ""B_plus"", ""Bs0"", ""Delta_1232"", ""Higgs"", ""J_psi"", ""K_long"", ""K_short"", ""Omega_minus"", ""Sigma_plus"", ""eta"", ""muon"", ""neutron"", ""omega_782"", ""rho_770"", ""tau"", ""top""]",17,0.004166666666666667
cluster,"[""D_plus"", ""Upsilon_1S"", ""W"", ""Z""]",4,0.004166666666666667
cluster,"[""eta"", ""muon"", ""omega_782"", ""rho_770"", ""top""]",5,0.004166666666666667
cluster,"[""Higgs"", ""J_psi"", ""K_long"", ""Sigma_plus""]",4,0.004166666666666667
cluster,"[""D0"", ""Xi_minus"", ""phi_1020"", ""pi0"", ""pi_plus""]",5,0.004166666666666667
cluster,"[""D_plus"", ""Upsilon_1S"", ""W"", ""Z"", ""neutron""]",5,0.004166666666666667
cluster,"[""Higgs"", ""J_psi"", ""K_long"", ""Sigma_plus"", ""eta"", ""omega_782"", ""rho_770"", ""top""]",8,0.004166666666666667
cluster,"[""D_plus"", ""K_short"", ""Upsilon_1S"", ""W"", ""Z"", ""muon"", ""neutron""]",7,0.004166666666666667
cluster,"[""D0"", ""Delta_1232"", ""Ds_plus"", ""Lambda"", ""Xi_minus"", ""phi_1020"", ""pi0"", ""pi_plus""]",8,0.004166666666666667
cluster,"[""K_long"", ""Sigma_plus"", ""eta"", ""omega_782"", ""rho_770"", ""top""]",6,0.004166666666666667
cluster,"[""B0"", ""B_plus"", ""Bs0"", ""Higgs"", ""J_psi"", ""Omega_minus"", ""tau""]",7,0.004166666666666667
cluster,"[""D0"", ""Delta_1232"", ""Xi_minus"", ""pi_plus""]",4,0.004166666666666667
cluster,"[""Ds_plus"", ""Lambda"", ""phi_1020"", ""pi0""]",4,0.004166666666666667
cluster,"[""D0"", ""Delta_1232"", ""Ds_plus"", ""Lambda"", ""Xi_minus"", ""pi0"", ""pi_plus""]",7,0.004166666666666667
cluster,"[""K_plus"", ""neutron"", ""phi_1020""]",3,0.004166666666666667
cluster,"[""D0"", ""Xi_minus"", ""pi_plus""]",3,0.004166666666666667
cluster,"[""Delta_1232"", ""Ds_plus"", ""K_plus"", ""Lambda"", ""neutron"", ""phi_1020"", ""pi0""]",7,0.004166666666666667
cluster,"[""Delta_1232"", ""Ds_plus"", ""K_plus"", ""Lambda"", ""neutron"", ""pi0""]",6,0.004166666666666667
cluster,"[""B0"", ""B_plus"", ""Bs0"", ""D0"", ""Higgs"", ""J_psi"", ""Omega_minus"", ""Xi_minus"", ""eta"", ""omega_782"", ""pi_plus"", ""rho_770"", ""tau"", ""top""]",14,0.004166666666666667
cluster,"[""K_long"", ""Upsilon_1S"", ""W"", ""Z""]",4,0.004166666666666667
cluster,"[""B0"", ""B_plus"", ""Bs0"", ""D0"", ""Delta_1232"", ""Ds_plus"", ""Higgs"", ""J_psi"", ""K_plus"", ""Lambda"", ""Omega_minus"", ""Xi_minus"", ""eta"", ""neutron"", ""omega_782"", ""pi0"", ""pi_plus"", ""rho_770"", ""tau"", ""top""]",20,0.004166666666666667
cluster,"[""K_long"", ""Sigma_plus"", ""Upsilon_1S"", ""W"", ""Z""]",5,0.004166666666666667
cluster,"[""B0"", ""B_plus"", ""Bs0"", ""Omega_minus"", ""eta"", ""tau""]",6,0.004166666666666667
cluster,"[""D0"", ""Higgs"", ""J_psi"", ""Xi_minus"", ""neutron"", ""omega_782"", ""pi_plus"", ""rho_770"", ""top""]",9,0.004166666666666667
cluster,"[""Delta_1232"", ""Ds_plus"", ""K_plus"", ""Lambda"", ""pi0""]",5,0.004166666666666667
cluster,"[""D_plus"", ""muon"", ""phi_1020""]",3,0.004166666666666667
cluster,"[""D_plus"", ""Delta_1232"", ""muon""]",3,0.004166666666666667
cluster,"[""B0"", ""B_plus"", ""Bs0"", ""D0"", ""Ds_plus"", ""Higgs"", ""J_psi"", ""K_plus"", ""Lambda"", ""Omega_minus"", ""W"", ""Xi_minus"", ""Z"", ""eta"", ""neutron"", ""omega_782"", ""pi_plus"", ""rho_770"", ""tau"", ""top""]",20,0.004166666666666667
cluster,"[""D_plus"", ""Ds_plus"", ""Higgs"", ""J_psi"", ""K_short"", ""muon"", ""omega_782"", ""pi0"", ""rho_770"", ""top""]",10,0.004166666666666667
cluster,"[""B0"", ""B_plus"", ""Bs0"", ""D0"", ""Ds_plus"", ""K_plus"", ""Lambda"", ""Omega_minus"", ""Upsilon_1S"", ""W"", ""Xi_minus"", ""Z"", ""eta"", ""pi_plus"", ""tau""]",15,0.004166666666666667
cluster,"[""B0"", ""B_plus"", ""Bs0"", ""Omega_minus"", ""Upsilon_1S"", ""Xi_minus"", ""pi_plus"", ""tau""]",8,0.004166666666666667
cluster,"[""D_plus"", ""Higgs"", ""J_psi"", ""K_short"", ""omega_782"", ""pi0"", ""rho_770"", ""top""]",8,0.004166666666666667
cluster,"[""D0"", ""Ds_plus"", ""K_plus"", ""Lambda"", ""W"", ""Z"", ""eta"", ""muon""]",8,0.004166666666666667
cluster,"[""B0"", ""B_plus"", ""Bs0"", ""Delta_1232"", ""Omega_minus"", ""Upsilon_1S"", ""Xi_minus"", ""phi_1020"", ""pi_plus"", ""tau""]",10,0.004166666666666667
cluster,"[""B0"", ""B_plus"", ""Bs0"", ""Delta_1232"", ""K_plus"", ""Lambda"", ""Omega_minus"", ""Upsilon_1S"", ""Xi_minus"", ""phi_1020"", ""pi_plus"", ""tau""]",12,0.004166666666666667
cluster,"[""D_plus"", ""Higgs"", ""J_psi"", ""K_long"", ""K_short"", ""pi0""]",6,0.004166666666666667
cluster,"[""Ds_plus"", ""muon"", ""neutron""]",3,0.004166666666666667
cluster,"[""D_plus"", ""Higgs"", ""J_psi"", ""K_long"", ""K_short"", ""W"", ""Z"", ""eta"", ""pi0""]",9,0.004166666666666667
cluster,"[""B0"", ""B_plus"", ""Bs0"", ""D0"", ""Delta_1232"", ""K_plus"", ""Lambda"", ""Omega_minus"", ""Upsilon_1S"", ""Xi_minus"", ""phi_1020"", ""pi_plus"", ""tau""]",13,0.004166666666666667
cluster,"[""B0"", ""B_plus"", ""Bs0"", ""Delta_1232"", ""K_plus"", ""Lambda"", ""Omega_minus"", ""Xi_minus"", ""phi_1020"", ""pi_plus"", ""rho_770"", ""tau""]",12,0.004166666666666667
cluster,"[""D0"", ""Upsilon_1S"", ""muon"", ""neutron""]",4,0.004166666666666667
cluster,"[""B0"", ""B_plus"", ""Bs0"", ""Higgs"", ""J_psi"", ""Omega_minus"", ""Sigma_plus"", ""Xi_minus"", ""omega_782"", ""pi0"", ""pi_plus"", ""rho_770"", ""top""]",13,0.004166666666666667
cluster,"[""D0"", ""Delta_1232"", ""K_plus"", ""Lambda"", ""Upsilon_1S"", ""muon"", ""neutron"", ""phi_1020"", ""tau""]",9,0.004166666666666667
cluster,"[""B0"", ""B_plus"", ""Bs0"", ""Omega_minus"", ""Xi_minus"", ""omega_782"", ""pi_plus"", ""rho_770"", ""top""]",9,0.004166666666666667
cluster,"[""D0"", ""Delta_1232"", ""Ds_plus"", ""Upsilon_1S"", ""muon"", ""neutron"", ""phi_1020""]",7,0.004166666666666667
cluster,"[""B0"", ""B_plus"", ""Bs0"", ""Xi_minus"", ""rho_770""]",5,0.004166666666666667
cluster,"[""K_plus"", ""Lambda"", ""tau""]",3,0.004166666666666667
cluster,"[""B0"", ""B_plus"", ""Bs0"", ""K_plus"", ""Lambda"", ""Xi_minus"", ""neutron"", ""rho_770"", ""tau""]",9,0.004166666666666667
cluster,"[""D0"", ""Delta_1232"", ""muon"", ""phi_1020""]",4,0.004166666666666667
cluster,"[""D_plus"", ""K_long"", ""K_short"", ""eta""]",4,0.004166666666666667
cluster,"[""D0"", ""Delta_1232"", ""Ds_plus"", ""Upsilon_1S"", ""phi_1020""]",5,0.004166666666666667
cluster,"[""B0"", ""B_plus"", ""Bs0"", ""K_plus"", ""Xi_minus"", ""neutron"", ""omega_782"", ""top""]",8,0.004166666666666667
cluster,"[""Lambda"", ""muon"", ""rho_770"", ""tau""]",4,0.004166666666666667
cluster,"[""B0"", ""B_plus"", ""Bs0"", ""Higgs"", ""J_psi"", ""K_plus"", ""Lambda"", ""Omega_minus"", ""Sigma_plus"", ""W"", ""Xi_minus"", ""Z"", ""muon"", ""neutron"", ""omega_782"", ""pi0"", ""pi_plus"", ""rho_770"", ""tau"", ""top""]",20,0.004166666666666667
cluster,"[""B0"", ""B_plus"", ""Bs0"", ""K_plus"", ""Lambda"", ""Xi_minus"", ""muon"", ""omega_782"", ""tau"", ""top""]",10,0.004166666666666667
cluster,"[""D_plus"", ""Delta_1232"", ""Ds_plus"", ""K_long"", ""K_short"", ""Upsilon_1S"", ""phi_1020""]",7,0.004166666666666667
cluster,"[""B0"", ""B_plus"", ""Bs0"", ""K_plus"", ""Xi_minus""]",5,0.004166666666666667
cluster,"[""B0"", ""B_plus"", ""Bs0"", ""Higgs"", ""J_psi"", ""K_plus"", ""Omega_minus"", ""Sigma_plus"", ""W"", ""Xi_minus"", ""Z"", ""eta"", ""neutron"", ""pi0"", ""pi_plus""]",15,0.004166666666666667
cluster,"[""B0"", ""B_plus"", ""Bs0"", ""Higgs"", ""J_psi"", ""K_plus"", ""Omega_minus"", ""W"", ""Xi_minus"", ""Z"", ""pi0"", ""pi_plus""]",12,0.004166666666666667
cluster,"[""B0"", ""B_plus"", ""Bs0"", ""Higgs"", ""J_psi"", ""K_plus"", ""W"", ""Xi_minus"", ""Z"", ""pi0""]",10,0.004166666666666667
cluster,"[""D0"", ""omega_782"", ""tau"", ""top""]",4,0.004166666666666667
cluster,"[""Omega_minus"", ""Sigma_plus"", ""eta"", ""neutron"", ""pi_plus""]",5,0.004166666666666667
cluster,"[""D_plus"", ""K_short"", ""Upsilon_1S"", ""phi_1020""]",4,0.004166666666666667
cluster,"[""D_plus"", ""Upsilon_1S"", ""phi_1020""]",3,0.004166666666666667
cluster,"[""Delta_1232"", ""Sigma_plus"", ""neutron""]",3,0.004166666666666667
cluster,"[""D0"", ""Ds_plus"", ""K_long"", ""K_short"", ""omega_782"", ""rho_770"", ""top""]",7,0.004166666666666667
cluster,"[""D_plus"", ""Delta_1232"", ""Upsilon_1S"", ""neutron"", ""phi_1020""]",5,0.004166666666666667
cluster,"[""D_plus"", ""Delta_1232"", ""Sigma_plus"", ""Upsilon_1S"", ""neutron"", ""phi_1020""]",6,0.004166666666666667
cluster,"[""D_plus"", ""K_short"", ""Upsilon_1S"", ""neutron"", ""phi_1020"", ""rho_770""]",6,0.004166666666666667
cluster,"[""B0"", ""B_plus"", ""Bs0"", ""K_plus"", ""Lambda"", ""Xi_minus"", ""muon"", ""pi0""]",8,0.004166666666666667
cluster,"[""Ds_plus"", ""K_long"", ""K_short"", ""neutron"", ""omega_782"", ""top""]",6,0.004166666666666667
cluster,"[""D0"", ""Ds_plus"", ""K_long""]",3,0.004166666666666667
cluster,"[""Delta_1232"", ""Omega_minus"", ""Sigma_plus"", ""Upsilon_1S"", ""phi_1020"", ""pi_plus"", ""rho_770""]",7,0.004166666666666667
cluster,"[""K_short"", ""omega_782"", ""top""]",3,0.004166666666666667
cluster,"[""Sigma_plus"", ""Upsilon_1S"", ""rho_770""]",3,0.004166666666666667
cluster,"[""Delta_1232"", ""Omega_minus"", ""phi_1020"", ""pi_plus""]",4,0.004166666666666667
cluster,"[""B0"", ""B_plus"", ""Bs0"", ""Delta_1232"", ""K_plus"", ""Lambda"", ""Xi_minus"", ""eta"", ""muon""]",9,0.004166666666666667
cluster,"[""B0"", ""B_plus"", ""Bs0"", ""Delta_1232"", ""K_plus"", ""Lambda"", ""Omega_minus"", ""Sigma_plus"", ""Upsilon_1S"", ""Xi_minus"", ""eta"", ""muon"", ""phi_1020"", ""pi_plus"", ""rho_770""]",15,0.004166666666666667
cluster,"[""B0"", ""B_plus"", ""Bs0"", ""Delta_1232"", ""Lambda"", ""eta""]",6,0.004166666666666667
cluster,"[""K_plus"", ""Xi_minus"", ""muon"", ""phi_1020""]",4,0.004166666666666667
cluster,"[""B0"", ""B_plus"", ""Bs0"", ""K_plus"", ""Lambda"", ""Omega_minus"", ""Upsilon_1S"", ""Xi_minus"", ""muon"", ""phi_1020"", ""rho_770""]",11,0.004166666666666667
cluster,"[""Ds_plus"", ""Higgs"", ""J_psi""]",3,0.004166666666666667
cluster,"[""Delta_1232"", ""K_long"", ""eta"", ""neutron"", ""pi0"", ""tau""]",6,0.004166666666666667
cluster,"[""B0"", ""B_plus"", ""Bs0"", ""Delta_1232"", ""K_long"", ""K_plus"", ""Lambda"", ""Upsilon_1S"", ""Xi_minus"", ""eta"", ""muon"", ""neutron"", ""phi_1020"", ""pi0"", ""rho_770"", ""tau""]",16,0.004166666666666667
cluster,"[""D_plus"", ""Ds_plus"", ""Higgs"", ""J_psi"", ""K_short"", ""W"", ""Z""]",7,0.004166666666666667
cluster,"[""B0"", ""B_plus"", ""Bs0"", ""K_plus"", ""Lambda"", ""Upsilon_1S"", ""Xi_minus"", ""muon"", ""neutron"", ""phi_1020"", ""rho_770""]",11,0.004166666666666667
cluster,"[""K_plus"", ""Upsilon_1S"", ""Xi_minus"", ""muon""]",4,0.004166666666666667
cluster,"[""B0"", ""B_plus"", ""Bs0"", ""Lambda"", ""neutron"", ""rho_770""]",6,0.004166666666666667
cluster,"[""K_plus"", ""Xi_minus"", ""muon"", ""omega_782"", ""top""]",5,0.004166666666666667
cluster,"[""B0"", ""B_plus"", ""Bs0"", ""Lambda"", ""Upsilon_1S"", ""neutron"", ""rho_770""]",7,0.004166666666666667
cluster,"[""D0"", ""Delta_1232"", ""K_long"", ""eta"", ""pi0"", ""tau""]",6,0.004166666666666667
cluster,"[""K_plus"", ""Omega_minus"", ""Xi_minus"", ""muon"", ""neutron"", ""omega_782"", ""top""]",7,0.004166666666666667
cluster,"[""D_plus"", ""Ds_plus"", ""Higgs"", ""J_psi"", ""K_short""]",5,0.004166666666666667
cluster,"[""K_long"", ""eta"", ""phi_1020"", ""pi0"", ""tau""]",5,0.004166666666666667
cluster,"[""K_long"", ""eta"", ""phi_1020"", ""pi0"", ""rho_770"", ""tau""]",6,0.004166666666666667
cluster,"[""B0"", ""B_plus"", ""Bs0"", ""K_plus"", ""Lambda"", ""Omega_minus"", ""Sigma_plus"", ""Upsilon_1S"", ""W"", ""Xi_minus"", ""Z"", ""muon"", ""neutron"", ""omega_782"", ""pi_plus"", ""top""]",16,0.004166666666666667
cluster,"[""K_plus"", ""Omega_minus"", ""Sigma_plus"", ""W"", ""Z"", ""muon"", ""neutron"", ""pi_plus""]",8,0.004166666666666667
cluster,"[""B0"", ""B_plus"", ""Bs0"", ""Lambda"", ""omega_782"", ""top""]",6,0.004166666666666667
cluster,"[""D_plus"", ""Higgs"", ""J_psi"", ""K_plus"", ""Omega_minus"", ""Sigma_plus"", ""W"", ""Xi_minus"", ""Z"", ""muon"", ""neutron"", ""pi_plus""]",12,0.004166666666666667
cluster,"[""K_plus"", ""Omega_minus"", ""W"", ""Xi_minus"", ""Z"", ""muon""]",6,0.004166666666666667
cluster,"[""B0"", ""B_plus"", ""Bs0"", ""K_long"", ""Lambda"", ""Upsilon_1S"", ""omega_782"", ""top""]",8,0.004166666666666667
cluster,"[""Ds_plus"", ""K_short"", ""eta"", ""phi_1020"", ""pi0"", ""rho_770""]",6,0.004166666666666667
cluster,"[""D_plus"", ""Delta_1232"", ""Ds_plus"", ""K_plus"", ""K_short"", ""Omega_minus"", ""Sigma_plus"", ""eta"", ""muon"", ""neutron"", ""phi_1020"", ""pi0"", ""pi_plus"", ""rho_770""]",14,0.004166666666666667
cluster,"[""D0"", ""Ds_plus"", ""K_short"", ""eta"", ""neutron"", ""pi0""]",6,0.004166666666666667
cluster,"[""D0"", ""Ds_plus"", ""K_short"", ""Upsilon_1S"", ""eta"", ""neutron"", ""omega_782"", ""pi0"", ""tau"", ""top""]",10,0.004166666666666667
cluster,"[""D0"", ""Upsilon_1S"", ""neutron"", ""omega_782"", ""tau"", ""top""]",6,0.004166666666666667
cluster,"[""D_plus"", ""Delta_1232"", ""Ds_plus"", ""K_plus"", ""K_short"", ""Omega_minus"", ""Sigma_plus"", ""eta"", ""muon"", ""phi_1020"", ""pi0"", ""pi_plus"", ""rho_770""]",13,0.004166666666666667
cluster,"[""Delta_1232"", ""K_plus"", ""Omega_minus""]",3,0.004166666666666667
cluster,"[""B0"", ""B_plus"", ""Bs0"", ""Delta_1232"", ""Higgs"", ""J_psi"", ""K_long"", ""Lambda""]",8,0.004166666666666667
pair,"[""B0"", ""Bs0""]",2,0.9958333333333333
pair,"[""W"", ""Z""]",2,0.9708333333333333
pair,"[""B_plus"", ""Bs0""]",2,0.9625
pair,"[""omega_782"", ""top""]",2,0.9583333333333334
pair,"[""B_plus"", ""B0""]",2,0.9416666666666667
pair,"[""J_psi"", ""Higgs""]",2,0.9166666666666666
pair,"[""pi0"", ""eta""]",2,0.35
pair,"[""muon"", ""K_plus""]",2,0.3375
pair,"[""Sigma_plus"", ""pi_plus""]",2,0.3375
pair,"[""Lambda"", ""Bs0""]",2,0.325
pair,"[""Lambda"", ""B0""]",2,0.32083333333333336
pair,"[""Lambda"", ""B_plus""]",2,0.3
pair,"[""Omega_minus"", ""K_plus""]",2,0.29583333333333334
pair,"[""K_short"", ""Ds_plus""]",2,0.2833333333333333
pair,"[""rho_770"", ""phi_1020""]",2,0.2791666666666667
pair,"[""Xi_minus"", ""K_plus""]",2,0.2375
pair,"[""Upsilon_1S"", ""top""]",2,0.22916666666666666
pair,"[""Sigma_plus"", ""D_plus""]",2,0.225
pair,"[""pi_plus"", ""D_plus""]",2,0.225
pair,"[""Xi_minus"", ""Bs0""]",2,0.22083333333333333
pair,"[""eta"", ""phi_1020""]",2,0.22083333333333333
pair,"[""omega_782"", ""Upsilon_1S""]",2,0.22083333333333333
pair,"[""muon"", ""Omega_minus""]",2,0.21666666666666667
pair,"[""Xi_minus"", ""B0""]",2,0.21666666666666667
pair,"[""Omega_minus"", ""pi_plus""]",2,0.21666666666666667
pair,"[""Xi_minus"", ""B_plus""]",2,0.2
pair,"[""K_short"", ""D_plus""]",2,0.18333333333333332
pair,"[""eta"", ""rho_770""]",2,0.17916666666666667
pair,"[""Delta_1232"", ""phi_1020""]",2,0.175
pair,"[""pi0"", ""phi_1020""]",2,0.175
pair,"[""pi0"", ""Ds_plus""]",2,0.17083333333333334
pair,"[""muon"", ""Sigma_plus""]",2,0.16666666666666666
pair,"[""pi0"", ""D0""]",2,0.16666666666666666
pair,"[""tau"", ""Upsilon_1S""]",2,0.1625
pair,"[""muon"", ""Xi_minus""]",2,0.15833333333333333
pair,"[""Lambda"", ""K_plus""]",2,0.15833333333333333
pair,"[""Sigma_plus"", ""rho_770""]",2,0.15416666666666667
pair,"[""pi0"", ""rho_770""]",2,0.15416666666666667
pair,"[""pi_plus"", ""eta""]",2,0.15416666666666667
pair,"[""phi_1020"", ""D_plus""]",2,0.15416666666666667
pair,"[""muon"", ""D_plus""]",2,0.15
pair,"[""pi0"", ""K_short""]",2,0.15
pair,"[""J_psi"", ""Z""]",2,0.15
pair,"[""B_plus"", ""Z""]",2,0.15
pair,"[""tau"", ""neutron""]",2,0.14583333333333334
pair,"[""Lambda"", ""J_psi""]",2,0.14583333333333334
pair,"[""Xi_minus"", ""Higgs""]",2,0.14583333333333334
pair,"[""rho_770"", ""D_plus""]",2,0.14583333333333334
pair,"[""omega_782"", ""D0""]",2,0.14583333333333334
pair,"[""Z"", ""Higgs""]",2,0.14583333333333334
pair,"[""muon"", ""Lambda""]",2,0.14166666666666666
pair,"[""muon"", ""phi_1020""]",2,0.14166666666666666
pair,"[""tau"", ""pi0""]",2,0.14166666666666666
pair,"[""tau"", ""K_long""]",2,0.14166666666666666
pair,"[""neutron"", ""pi_plus""]",2,0.14166666666666666
pair,"[""Sigma_plus"", ""phi_1020""]",2,0.14166666666666666
pair,"[""Xi_minus"", ""Delta_1232""]",2,0.14166666666666666
pair,"[""K_short"", ""eta""]",2,0.14166666666666666
pair,"[""eta"", ""Ds_plus""]",2,0.14166666666666666
pair,"[""rho_770"", ""D0""]",2,0.14166666666666666
pair,"[""D0"", ""top""]",2,0.14166666666666666
pair,"[""J_psi"", ""W""]",2,0.14166666666666666
pair,"[""tau"", ""omega_782""]",2,0.1375
pair,"[""neutron"", ""Ds_plus""]",2,0.1375
pair,"[""neutron"", ""Upsilon_1S""]",2,0.1375
pair,"[""eta"", ""D0""]",2,0.1375
pair,"[""rho_770"", ""omega_782""]",2,0.1375
pair,"[""Bs0"", ""Z""]",2,0.1375
pair,"[""W"", ""Higgs""]",2,0.1375
pair,"[""neutron"", ""eta""]",2,0.13333333333333333
pair,"[""Sigma_plus"", ""J_psi""]",2,0.13333333333333333
pair,"[""Xi_minus"", ""J_psi""]",2,0.13333333333333333
pair,"[""Delta_1232"", ""eta""]",2,0.13333333333333333
pair,"[""pi_plus"", ""phi_1020""]",2,0.13333333333333333
pair,"[""K_long"", ""D0""]",2,0.13333333333333333
pair,"[""K_long"", ""Upsilon_1S""]",2,0.13333333333333333
pair,"[""B_plus"", ""W""]",2,0.13333333333333333
pair,"[""muon"", ""J_psi""]",2,0.12916666666666668
pair,"[""tau"", ""top""]",2,0.12916666666666668
pair,"[""neutron"", ""rho_770""]",2,0.12916666666666668
pair,"[""neutron"", ""top""]",2,0.12916666666666668
pair,"[""Sigma_plus"", ""Higgs""]",2,0.12916666666666668
pair,"[""Omega_minus"", ""B0""]",2,0.12916666666666668
pair,"[""Delta_1232"", ""K_plus""]",2,0.12916666666666668
pair,"[""K_plus"", ""B0""]",2,0.12916666666666668
pair,"[""K_plus"", ""Bs0""]",2,0.12916666666666668
pair,"[""K_long"", ""omega_782""]",2,0.12916666666666668
pair,"[""rho_770"", ""Upsilon_1S""]",2,0.12916666666666668
pair,"[""muon"", ""rho_770""]",2,0.125
pair,"[""tau"", ""eta""]",2,0.125
pair,"[""neutron"", ""Delta_1232""]",2,0.125
pair,"[""neutron"", ""D_plus""]",2,0.125
pair,"[""Lambda"", ""W""]",2,0.125
pair,"[""Lambda"", ""Z""]",2,0.125
pair,"[""Xi_minus"", ""pi_plus""]",2,0.125
pair,"[""Omega_minus"", ""Delta_1232""]",2,0.125
pair,"[""Omega_minus"", ""J_psi""]",2,0.125
pair,"[""Omega_minus"", ""Bs0""]",2,0.125
pair,"[""pi_plus"", ""Higgs""]",2,0.125
pair,"[""K_plus"", ""B_plus""]",2,0.125
pair,"[""K_short"", ""rho_770""]",2,0.125
pair,"[""phi_1020"", ""D0""]",2,0.125
pair,"[""phi_1020"", ""Ds_plus""]",2,0.125
pair,"[""D_plus"", ""Higgs""]",2,0.125
pair,"[""B0"", ""Z""]",2,0.125
pair,"[""muon"", ""Delta_1232""]",2,0.12083333333333333
pair,"[""muon"", ""B_plus""]",2,0.12083333333333333
pair,"[""muon"", ""Higgs""]",2,0.12083333333333333
pair,"[""tau"", ""B_plus""]",2,0.12083333333333333
pair,"[""neutron"", ""K_short""]",2,0.12083333333333333
pair,"[""neutron"", ""omega_782""]",2,0.12083333333333333
pair,"[""neutron"", ""B0""]",2,0.12083333333333333
pair,"[""Sigma_plus"", ""Delta_1232""]",2,0.12083333333333333
pair,"[""Delta_1232"", ""pi_plus""]",2,0.12083333333333333
pair,"[""pi0"", ""pi_plus""]",2,0.12083333333333333
pair,"[""K_plus"", ""rho_770""]",2,0.12083333333333333
pair,"[""K_plus"", ""top""]",2,0.12083333333333333
pair,"[""K_long"", ""Z""]",2,0.12083333333333333
pair,"[""omega_782"", ""Ds_plus""]",2,0.12083333333333333
pair,"[""phi_1020"", ""Upsilon_1S""]",2,0.12083333333333333
pair,"[""Bs0"", ""Upsilon_1S""]",2,0.12083333333333333
pair,"[""Bs0"", ""W""]",2,0.12083333333333333
pair,"[""muon"", ""neutron""]",2,0.11666666666666667
pair,"[""neutron"", ""Sigma_plus""]",2,0.11666666666666667
pair,"[""neutron"", ""Xi_minus""]",2,0.11666666666666667
pair,"[""neutron"", ""phi_1020""]",2,0.11666666666666667
pair,"[""neutron"", ""D0""]",2,0.11666666666666667
pair,"[""neutron"", ""W""]",2,0.11666666666666667
pair,"[""Lambda"", ""Delta_1232""]",2,0.11666666666666667
pair,"[""Sigma_plus"", ""Z""]",2,0.11666666666666667
pair,"[""Omega_minus"", ""Z""]",2,0.11666666666666667
pair,"[""Omega_minus"", ""Higgs""]",2,0.11666666666666667
pair,"[""pi_plus"", ""rho_770""]",2,0.11666666666666667
pair,"[""pi_plus"", ""J_psi""]",2,0.11666666666666667
pair,"[""K_short"", ""omega_782""]",2,0.11666666666666667
pair,"[""K_short"", ""Higgs""]",2,0.11666666666666667
pair,"[""rho_770"", ""top""]",2,0.11666666666666667
pair,"[""omega_782"", ""B0""]",2,0.11666666666666667
pair,"[""D_plus"", ""J_psi""]",2,0.11666666666666667
pair,"[""B_plus"", ""Upsilon_1S""]",2,0.11666666666666667
pair,"[""B0"", ""Upsilon_1S""]",2,0.11666666666666667
pair,"[""B0"", ""W""]",2,0.11666666666666667
pair,"[""muon"", ""B0""]",2,0.1125
pair,"[""muon"", ""Bs0""]",2,0.1125
pair,"[""tau"", ""B0""]",2,0.1125
pair,"[""neutron"", ""Omega_minus""]",2,0.1125
pair,"[""Lambda"", ""omega_782""]",2,0.1125
pair,"[""Lambda"", ""Upsilon_1S""]",2,0.1125
pair,"[""Lambda"", ""Higgs""]",2,0.1125
pair,"[""Xi_minus"", ""top""]",2,0.1125
pair,"[""Omega_minus"", ""W""]",2,0.1125
pair,"[""Omega_minus"", ""top""]",2,0.1125
pair,"[""Delta_1232"", ""D_plus""]",2,0.1125
pair,"[""Delta_1232"", ""Ds_plus""]",2,0.1125
pair,"[""pi0"", ""B_plus""]",2,0.1125
pair,"[""K_plus"", ""J_psi""]",2,0.1125
pair,"[""K_plus"", ""Higgs""]",2,0.1125
pair,"[""K_short"", ""K_long""]",2,0.1125
pair,"[""K_short"", ""phi_1020""]",2,0.1125
pair,"[""K_short"", ""top""]",2,0.1125
pair,"[""K_long"", ""top""]",2,0.1125
pair,"[""rho_770"", ""Bs0""]",2,0.1125
pair,"[""omega_782"", ""B_plus""]",2,0.1125
pair,"[""omega_782"", ""Bs0""]",2,0.1125
pair,"[""Ds_plus"", ""Z""]",2,0.1125
pair,"[""Bs0"", ""top""]",2,0.1125
pair,"[""tau"", ""Bs0""]",2,0.10833333333333334
pair,"[""neutron"", ""pi0""]",2,0.10833333333333334
pair,"[""neutron"", ""K_plus""]",2,0.10833333333333334
pair,"[""neutron"", ""Z""]",2,0.10833333333333334
pair,"[""Lambda"", ""eta""]",2,0.10833333333333334
pair,"[""Lambda"", ""top""]",2,0.10833333333333334
pair,"[""Sigma_plus"", ""W""]",2,0.10833333333333334
pair,"[""Xi_minus"", ""omega_782""]",2,0.10833333333333334
pair,"[""Omega_minus"", ""rho_770""]",2,0.10833333333333334
pair,"[""Omega_minus"", ""B_plus""]",2,0.10833333333333334
pair,"[""Delta_1232"", ""pi0""]",2,0.10833333333333334
pair,"[""Delta_1232"", ""K_short""]",2,0.10833333333333334
pair,"[""Delta_1232"", ""D0""]",2,0.10833333333333334
pair,"[""pi0"", ""K_long""]",2,0.10833333333333334
pair,"[""pi0"", ""J_psi""]",2,0.10833333333333334
pair,"[""pi0"", ""Higgs""]",2,0.10833333333333334
pair,"[""K_plus"", ""phi_1020""]",2,0.10833333333333334
pair,"[""K_long"", ""Ds_plus""]",2,0.10833333333333334
pair,"[""K_long"", ""W""]",2,0.10833333333333334
pair,"[""rho_770"", ""Ds_plus""]",2,0.10833333333333334
pair,"[""phi_1020"", ""B_plus""]",2,0.10833333333333334
pair,"[""phi_1020"", ""B0""]",2,0.10833333333333334
pair,"[""D0"", ""J_psi""]",2,0.10833333333333334
pair,"[""D0"", ""Upsilon_1S""]",2,0.10833333333333334
pair,"[""D0"", ""Higgs""]",2,0.10833333333333334
pair,"[""Ds_plus"", ""Higgs""]",2,0.10833333333333334
pair,"[""B0"", ""top""]",2,0.10833333333333334
pair,"[""muon"", ""Z""]",2,0.10416666666666667
pair,"[""tau"", ""Lambda""]",2,0.10416666666666667
pair,"[""tau"", ""rho_770""]",2,0.10416666666666667
pair,"[""tau"", ""phi_1020""]",2,0.10416666666666667
pair,"[""neutron"", ""Bs0""]",2,0.10416666666666667
pair,"[""Xi_minus"", ""Z""]",2,0.10416666666666667
pair,"[""Omega_minus"", ""omega_782""]",2,0.10416666666666667
pair,"[""Omega_minus"", ""phi_1020""]",2,0.10416666666666667
pair,"[""Delta_1232"", ""K_long""]",2,0.10416666666666667
pair,"[""K_plus"", ""omega_782""]",2,0.10416666666666667
pair,"[""K_plus"", ""Upsilon_1S""]",2,0.10416666666666667
pair,"[""K_long"", ""eta""]",2,0.10416666666666667
pair,"[""rho_770"", ""B_plus""]",2,0.10416666666666667
pair,"[""rho_770"", ""B0""]",2,0.10416666666666667
pair,"[""D_plus"", ""Z""]",2,0.10416666666666667
pair,"[""Ds_plus"", ""J_psi""]",2,0.10416666666666667
pair,"[""Ds_plus"", ""top""]",2,0.10416666666666667
pair,"[""B_plus"", ""top""]",2,0.10416666666666667
pair,"[""muon"", ""W""]",2,0.1
pair,"[""neutron"", ""J_psi""]",2,0.1
pair,"[""Xi_minus"", ""Upsilon_1S""]",2,0.1
pair,"[""Xi_minus"", ""W""]",2,0.1
pair,"[""Omega_minus"", ""Upsilon_1S""]",2,0.1
pair,"[""K_plus"", ""W""]",2,0.1
pair,"[""K_plus"", ""Z""]",2,0.1
pair,"[""K_short"", ""W""]",2,0.1
pair,"[""K_long"", ""rho_770""]",2,0.1
pair,"[""K_long"", ""D_plus""]",2,0.1
pair,"[""phi_1020"", ""Bs0""]",2,0.1
pair,"[""D_plus"", ""Upsilon_1S""]",2,0.1
pair,"[""muon"", ""eta""]",2,0.09583333333333334
pair,"[""muon"", ""omega_782""]",2,0.09583333333333334
pair,"[""muon"", ""Upsilon_1S""]",2,0.09583333333333334
pair,"[""tau"", ""Delta_1232""]",2,0.09583333333333334
pair,"[""neutron"", ""B_plus""]",2,0.09583333333333334
pair,"[""neutron"", ""Higgs""]",2,0.09583333333333334
pair,"[""Sigma_plus"", ""eta""]",2,0.09583333333333334
pair,"[""Sigma_plus"", ""omega_782""]",2,0.09583333333333334
pair,"[""Xi_minus"", ""rho_770""]",2,0.09583333333333334
pair,"[""Omega_minus"", ""eta""]",2,0.09583333333333334
pair,"[""Delta_1232"", ""Bs0""]",2,0.09583333333333334
pair,"[""Delta_1232"", ""Upsilon_1S""]",2,0.09583333333333334
pair,"[""pi_plus"", ""omega_782""]",2,0.09583333333333334
pair,"[""pi_plus"", ""Bs0""]",2,0.09583333333333334
pair,"[""pi_plus"", ""W""]",2,0.09583333333333334
pair,"[""pi_plus"", ""Z""]",2,0.09583333333333334
pair,"[""K_long"", ""phi_1020""]",2,0.09583333333333334
pair,"[""muon"", ""top""]",2,0.09166666666666666
pair,"[""tau"", ""J_psi""]",2,0.09166666666666666
pair,"[""tau"", ""Z""]",2,0.09166666666666666
pair,"[""Sigma_plus"", ""top""]",2,0.09166666666666666
pair,"[""Xi_minus"", ""pi0""]",2,0.09166666666666666
pair,"[""Xi_minus"", ""phi_1020""]",2,0.09166666666666666
pair,"[""Delta_1232"", ""B0""]",2,0.09166666666666666
pair,"[""pi0"", ""B0""]",2,0.09166666666666666
pair,"[""pi0"", ""Bs0""]",2,0.09166666666666666
pair,"[""pi_plus"", ""B0""]",2,0.09166666666666666
pair,"[""pi_plus"", ""top""]",2,0.09166666666666666
pair,"[""K_short"", ""J_psi""]",2,0.09166666666666666
pair,"[""K_long"", ""J_psi""]",2,0.09166666666666666
pair,"[""eta"", ""D_plus""]",2,0.09166666666666666
pair,"[""eta"", ""B_plus""]",2,0.09166666666666666
pair,"[""eta"", ""Higgs""]",2,0.09166666666666666
pair,"[""D_plus"", ""W""]",2,0.09166666666666666
pair,"[""D_plus"", ""top""]",2,0.09166666666666666
pair,"[""Ds_plus"", ""W""]",2,0.09166666666666666
pair,"[""tau"", ""Xi_minus""]",2,0.0875
pair,"[""tau"", ""Higgs""]",2,0.0875
pair,"[""Lambda"", ""pi0""]",2,0.0875
pair,"[""Lambda"", ""phi_1020""]",2,0.0875
pair,"[""Lambda"", ""D0""]",2,0.0875
pair,"[""Sigma_plus"", ""Upsilon_1S""]",2,0.0875
pair,"[""pi0"", ""Z""]",2,0.0875
pair,"[""pi_plus"", ""B_plus""]",2,0.0875
pair,"[""K_plus"", ""eta""]",2,0.0875
pair,"[""K_short"", ""D0""]",2,0.0875
pair,"[""K_short"", ""Z""]",2,0.0875
pair,"[""eta"", ""B0""]",2,0.0875
pair,"[""J_psi"", ""Bs0""]",2,0.0875
pair,"[""J_psi"", ""top""]",2,0.0875
pair,"[""muon"", ""tau""]",2,0.08333333333333333
pair,"[""muon"", ""D0""]",2,0.08333333333333333
pair,"[""tau"", ""K_plus""]",2,0.08333333333333333
pair,"[""neutron"", ""Lambda""]",2,0.08333333333333333
pair,"[""Delta_1232"", ""B_plus""]",2,0.08333333333333333
pair,"[""Delta_1232"", ""Higgs""]",2,0.08333333333333333
pair,"[""pi0"", ""W""]",2,0.08333333333333333
pair,"[""pi_plus"", ""Upsilon_1S""]",2,0.08333333333333333
pair,"[""eta"", ""J_psi""]",2,0.08333333333333333
pair,"[""omega_782"", ""D_plus""]",2,0.08333333333333333
pair,"[""D0"", ""Z""]",2,0.08333333333333333
pair,"[""Bs0"", ""Higgs""]",2,0.08333333333333333
pair,"[""Higgs"", ""top""]",2,0.08333333333333333
pair,"[""muon"", ""Ds_plus""]",2,0.07916666666666666
pair,"[""neutron"", ""K_long""]",2,0.07916666666666666
pair,"[""Lambda"", ""pi_plus""]",2,0.07916666666666666
pair,"[""Sigma_plus"", ""pi0""]",2,0.07916666666666666
pair,"[""Sigma_plus"", ""B_plus""]",2,0.07916666666666666
pair,"[""Omega_minus"", ""pi0""]",2,0.07916666666666666
pair,"[""K_long"", ""B_plus""]",2,0.07916666666666666
pair,"[""K_long"", ""Higgs""]",2,0.07916666666666666
pair,"[""eta"", ""Bs0""]",2,0.07916666666666666
pair,"[""eta"", ""W""]",2,0.07916666666666666
pair,"[""omega_782"", ""J_psi""]",2,0.07916666666666666
pair,"[""omega_782"", ""Higgs""]",2,0.07916666666666666
pair,"[""D0"", ""Bs0""]",2,0.07916666666666666
pair,"[""D0"", ""W""]",2,0.07916666666666666
pair,"[""muon"", ""pi0""]",2,0.075
pair,"[""tau"", ""Omega_minus""]",2,0.075
pair,"[""Sigma_plus"", ""K_long""]",2,0.075
pair,"[""Xi_minus"", ""eta""]",2,0.075
pair,"[""Xi_minus"", ""D0""]",2,0.075
pair,"[""pi0"", ""K_plus""]",2,0.075
pair,"[""pi0"", ""top""]",2,0.075
pair,"[""K_short"", ""Upsilon_1S""]",2,0.075
pair,"[""eta"", ""Z""]",2,0.075
pair,"[""Ds_plus"", ""Upsilon_1S""]",2,0.075
pair,"[""J_psi"", ""B0""]",2,0.075
pair,"[""B0"", ""Higgs""]",2,0.075
pair,"[""Sigma_plus"", ""B0""]",2,0.07083333333333333
pair,"[""Sigma_plus"", ""Bs0""]",2,0.07083333333333333
pair,"[""rho_770"", ""Higgs""]",2,0.07083333333333333
pair,"[""D0"", ""B_plus""]",2,0.07083333333333333
pair,"[""J_psi"", ""B_plus""]",2,0.07083333333333333
pair,"[""B_plus"", ""Higgs""]",2,0.07083333333333333
pair,"[""tau"", ""pi_plus""]",2,0.06666666666666667
pair,"[""tau"", ""W""]",2,0.06666666666666667
pair,"[""Lambda"", ""rho_770""]",2,0.06666666666666667
pair,"[""Lambda"", ""Ds_plus""]",2,0.06666666666666667
pair,"[""rho_770"", ""J_psi""]",2,0.06666666666666667
pair,"[""pi0"", ""omega_782""]",2,0.0625
pair,"[""pi0"", ""D_plus""]",2,0.0625
pair,"[""K_plus"", ""D0""]",2,0.0625
pair,"[""K_plus"", ""Ds_plus""]",2,0.0625
pair,"[""eta"", ""top""]",2,0.0625
pair,"[""D0"", ""B0""]",2,0.0625
pair,"[""Upsilon_1S"", ""Z""]",2,0.0625
pair,"[""muon"", ""K_short""]",2,0.058333333333333334
pair,"[""Xi_minus"", ""Ds_plus""]",2,0.058333333333333334
pair,"[""tau"", ""Sigma_plus""]",2,0.05416666666666667
pair,"[""Xi_minus"", ""K_long""]",2,0.05416666666666667
pair,"[""Omega_minus"", ""K_long""]",2,0.05416666666666667
pair,"[""Omega_minus"", ""D0""]",2,0.05416666666666667
pair,"[""pi_plus"", ""D0""]",2,0.05416666666666667
pair,"[""K_plus"", ""K_short""]",2,0.05416666666666667
pair,"[""eta"", ""omega_782""]",2,0.05416666666666667
pair,"[""phi_1020"", ""J_psi""]",2,0.05416666666666667
pair,"[""Upsilon_1S"", ""W""]",2,0.05416666666666667
pair,"[""muon"", ""K_long""]",2,0.05
pair,"[""Omega_minus"", ""Ds_plus""]",2,0.05
pair,"[""Delta_1232"", ""omega_782""]",2,0.05
pair,"[""Delta_1232"", ""J_psi""]",2,0.05
pair,"[""pi_plus"", ""Ds_plus""]",2,0.05
pair,"[""K_plus"", ""D_plus""]",2,0.05
pair,"[""K_long"", ""B0""]",2,0.05
pair,"[""Ds_plus"", ""B0""]",2,0.05
pair,"[""Sigma_plus"", ""D0""]",2,0.04583333333333333
pair,"[""Delta_1232"", ""top""]",2,0.04583333333333333
pair,"[""K_long"", ""Bs0""]",2,0.04583333333333333
pair,"[""Ds_plus"", ""B_plus""]",2,0.04583333333333333
pair,"[""Ds_plus"", ""Bs0""]",2,0.04583333333333333
pair,"[""Lambda"", ""D_plus""]",2,0.041666666666666664
pair,"[""pi_plus"", ""K_short""]",2,0.041666666666666664
pair,"[""rho_770"", ""W""]",2,0.041666666666666664
pair,"[""phi_1020"", ""Higgs""]",2,0.041666666666666664
pair,"[""tau"", ""K_short""]",2,0.0375
pair,"[""Xi_minus"", ""D_plus""]",2,0.0375
pair,"[""phi_1020"", ""Z""]",2,0.0375
pair,"[""Lambda"", ""K_short""]",2,0.03333333333333333
pair,"[""Lambda"", ""K_long""]",2,0.03333333333333333
pair,"[""Sigma_plus"", ""Ds_plus""]",2,0.03333333333333333
pair,"[""pi0"", ""Upsilon_1S""]",2,0.03333333333333333
pair,"[""pi_plus"", ""K_long""]",2,0.03333333333333333
pair,"[""rho_770"", ""Z""]",2,0.03333333333333333
pair,"[""phi_1020"", ""W""]",2,0.03333333333333333
pair,"[""muon"", ""pi_plus""]",2,0.029166666666666667
pair,"[""Sigma_plus"", ""K_plus""]",2,0.029166666666666667
pair,"[""Omega_minus"", ""D_plus""]",2,0.029166666666666667
pair,"[""Upsilon_1S"", ""Higgs""]",2,0.029166666666666667
pair,"[""K_short"", ""B_plus""]",2,0.025
pair,"[""K_short"", ""Bs0""]",2,0.025
pair,"[""D_plus"", ""B0""]",2,0.025
pair,"[""Xi_minus"", ""K_short""]",2,0.020833333333333332
pair,"[""K_plus"", ""K_long""]",2,0.020833333333333332
pair,"[""K_short"", ""B0""]",2,0.020833333333333332
pair,"[""D_plus"", ""Bs0""]",2,0.020833333333333332
pair,"[""J_psi"", ""Upsilon_1S""]",2,0.020833333333333332
pair,"[""D_plus"", ""B_plus""]",2,0.016666666666666666
pair,"[""Delta_1232"", ""W""]",2,0.0125
pair,"[""omega_782"", ""Z""]",2,0.0125
pair,"[""D0"", ""D_plus""]",2,0.0125
pair,"[""tau"", ""D_plus""]",2,0.008333333333333333
pair,"[""Lambda"", ""Sigma_plus""]",2,0.008333333333333333
pair,"[""Omega_minus"", ""K_short""]",2,0.008333333333333333
pair,"[""Delta_1232"", ""Z""]",2,0.008333333333333333
pair,"[""omega_782"", ""phi_1020""]",2,0.008333333333333333
pair,"[""phi_1020"", ""top""]",2,0.008333333333333333
pair,"[""D_plus"", ""Ds_plus""]",2,0.008333333333333333
pair,"[""Lambda"", ""Omega_minus""]",2,0.004166666666666667
pair,"[""Sigma_plus"", ""Xi_minus""]",2,0.004166666666666667
pair,"[""Sigma_plus"", ""Omega_minus""]",2,0.004166666666666667
pair,"[""Sigma_plus"", ""K_short""]",2,0.004166666666666667
pair,"[""Xi_minus"", ""Omega_minus""]",2,0.004166666666666667
pair,"[""Delta_1232"", ""rho_770""]",2,0.004166666666666667
pair,"[""eta"", ""Upsilon_1S""]",2,0.004166666666666667
pair,"[""omega_782"", ""W""]",2,0.004166666666666667
pair,"[""W"", ""top""]",2,0.004166666666666667
pair,"[""Z"", ""top""]",2,0.004166666666666667
pair,"[""tau"", ""D0""]",2,0.0
pair,"[""tau"", ""Ds_plus""]",2,0.0
pair,"[""Lambda"", ""Xi_minus""]",2,0.0
pair,"[""pi_plus"", ""K_plus""]",2,0.0
pair,"[""D0"", ""Ds_plus""]",2,0.0
triplet,"[""B_plus"", ""B0"", ""Bs0""]",3,0.9416666666666667
triplet,"[""Lambda"", ""B0"", ""Bs0""]",3,0.30833333333333335
triplet,"[""Lambda"", ""B_plus"", ""Bs0""]",3,0.25416666666666665
triplet,"[""Lambda"", ""B_plus"", ""B0""]",3,0.24166666666666667
triplet,"[""Xi_minus"", ""B0"", ""Bs0""]",3,0.20833333333333334
triplet,"[""omega_782"", ""Upsilon_1S"", ""top""]",3,0.18333333333333332
triplet,"[""muon"", ""Omega_minus"", ""K_plus""]",3,0.175
triplet,"[""Xi_minus"", ""B_plus"", ""Bs0""]",3,0.16666666666666666
triplet,"[""Xi_minus"", ""B_plus"", ""B0""]",3,0.15833333333333333
triplet,"[""Sigma_plus"", ""pi_plus"", ""D_plus""]",3,0.14166666666666666
triplet,"[""pi0"", ""eta"", ""phi_1020""]",3,0.12916666666666668
triplet,"[""eta"", ""rho_770"", ""phi_1020""]",3,0.12916666666666668
triplet,"[""omega_782"", ""D0"", ""top""]",3,0.125
triplet,"[""J_psi"", ""W"", ""Z""]",3,0.125
triplet,"[""B0"", ""Bs0"", ""Z""]",3,0.125
triplet,"[""Omega_minus"", ""B0"", ""Bs0""]",3,0.12083333333333333
triplet,"[""K_plus"", ""B0"", ""Bs0""]",3,0.12083333333333333
triplet,"[""B_plus"", ""W"", ""Z""]",3,0.11666666666666667
triplet,"[""Xi_minus"", ""K_plus"", ""B0""]",3,0.1125
triplet,"[""Xi_minus"", ""K_plus"", ""Bs0""]",3,0.1125
triplet,"[""B_plus"", ""Bs0"", ""Z""]",3,0.1125
triplet,"[""B0"", ""Bs0"", ""Upsilon_1S""]",3,0.1125
triplet,"[""B0"", ""Bs0"", ""W""]",3,0.1125
triplet,"[""W"", ""Z"", ""Higgs""]",3,0.1125
triplet,"[""muon"", ""B0"", ""Bs0""]",3,0.10833333333333334
triplet,"[""B0"", ""Bs0"", ""top""]",3,0.10833333333333334
triplet,"[""tau"", ""omega_782"", ""top""]",3,0.10416666666666667
triplet,"[""tau"", ""B0"", ""Bs0""]",3,0.10416666666666667
triplet,"[""neutron"", ""omega_782"", ""top""]",3,0.10416666666666667
triplet,"[""neutron"", ""B0"", ""Bs0""]",3,0.10416666666666667
triplet,"[""Xi_minus"", ""K_plus"", ""B_plus""]",3,0.10416666666666667
triplet,"[""Xi_minus"", ""J_psi"", ""Higgs""]",3,0.10416666666666667
triplet,"[""J_psi"", ""Z"", ""Higgs""]",3,0.10416666666666667
triplet,"[""Bs0"", ""W"", ""Z""]",3,0.10416666666666667
triplet,"[""Sigma_plus"", ""W"", ""Z""]",3,0.1
triplet,"[""pi0"", ""K_short"", ""Ds_plus""]",3,0.1
triplet,"[""K_plus"", ""B_plus"", ""Bs0""]",3,0.1
triplet,"[""omega_782"", ""B0"", ""Bs0""]",3,0.1
triplet,"[""phi_1020"", ""B0"", ""Bs0""]",3,0.1
triplet,"[""B_plus"", ""B0"", ""Z""]",3,0.1
triplet,"[""B_plus"", ""Bs0"", ""Upsilon_1S""]",3,0.1
triplet,"[""muon"", ""Sigma_plus"", ""D_plus""]",3,0.09583333333333334
triplet,"[""neutron"", ""W"", ""Z""]",3,0.09583333333333334
triplet,"[""Lambda"", ""J_psi"", ""Higgs""]",3,0.09583333333333334
triplet,"[""Lambda"", ""W"", ""Z""]",3,0.09583333333333334
triplet,"[""pi0"", ""eta"", ""rho_770""]",3,0.09583333333333334
triplet,"[""K_long"", ""W"", ""Z""]",3,0.09583333333333334
triplet,"[""rho_770"", ""omega_782"", ""top""]",3,0.09583333333333334
triplet,"[""rho_770"", ""B0"", ""Bs0""]",3,0.09583333333333334
triplet,"[""J_psi"", ""W"", ""Higgs""]",3,0.09583333333333334
triplet,"[""B_plus"", ""Bs0"", ""W""]",3,0.09583333333333334
triplet,"[""B0"", ""W"", ""Z""]",3,0.09583333333333334
triplet,"[""muon"", ""B_plus"", ""Bs0""]",3,0.09166666666666666
triplet,"[""Omega_minus"", ""J_psi"", ""Higgs""]",3,0.09166666666666666
triplet,"[""Omega_minus"", ""W"", ""Z""]",3,0.09166666666666666
triplet,"[""Delta_1232"", ""B0"", ""Bs0""]",3,0.09166666666666666
triplet,"[""pi0"", ""eta"", ""Ds_plus""]",3,0.09166666666666666
triplet,"[""pi_plus"", ""B0"", ""Bs0""]",3,0.09166666666666666
triplet,"[""K_plus"", ""B_plus"", ""B0""]",3,0.09166666666666666
triplet,"[""K_plus"", ""W"", ""Z""]",3,0.09166666666666666
triplet,"[""K_short"", ""omega_782"", ""top""]",3,0.09166666666666666
triplet,"[""K_long"", ""omega_782"", ""top""]",3,0.09166666666666666
triplet,"[""muon"", ""B_plus"", ""B0""]",3,0.0875
triplet,"[""muon"", ""W"", ""Z""]",3,0.0875
triplet,"[""tau"", ""B_plus"", ""Bs0""]",3,0.0875
triplet,"[""Omega_minus"", ""B_plus"", ""Bs0""]",3,0.0875
triplet,"[""pi0"", ""eta"", ""D0""]",3,0.0875
triplet,"[""pi0"", ""rho_770"", ""phi_1020""]",3,0.0875
triplet,"[""pi0"", ""B0"", ""Bs0""]",3,0.0875
triplet,"[""rho_770"", ""B_plus"", ""Bs0""]",3,0.0875
triplet,"[""omega_782"", ""Ds_plus"", ""top""]",3,0.0875
triplet,"[""omega_782"", ""B_plus"", ""Bs0""]",3,0.0875
triplet,"[""omega_782"", ""Bs0"", ""top""]",3,0.0875
triplet,"[""B_plus"", ""B0"", ""Upsilon_1S""]",3,0.0875
triplet,"[""B_plus"", ""B0"", ""W""]",3,0.0875
triplet,"[""tau"", ""B_plus"", ""B0""]",3,0.08333333333333333
triplet,"[""Xi_minus"", ""omega_782"", ""top""]",3,0.08333333333333333
triplet,"[""Xi_minus"", ""W"", ""Z""]",3,0.08333333333333333
triplet,"[""Omega_minus"", ""omega_782"", ""top""]",3,0.08333333333333333
triplet,"[""Omega_minus"", ""B_plus"", ""B0""]",3,0.08333333333333333
triplet,"[""K_plus"", ""J_psi"", ""Higgs""]",3,0.08333333333333333
triplet,"[""omega_782"", ""B_plus"", ""top""]",3,0.08333333333333333
triplet,"[""D_plus"", ""J_psi"", ""Higgs""]",3,0.08333333333333333
triplet,"[""Ds_plus"", ""W"", ""Z""]",3,0.08333333333333333
triplet,"[""B_plus"", ""Bs0"", ""top""]",3,0.08333333333333333
triplet,"[""muon"", ""omega_782"", ""top""]",3,0.07916666666666666
triplet,"[""muon"", ""J_psi"", ""Higgs""]",3,0.07916666666666666
triplet,"[""tau"", ""omega_782"", ""Upsilon_1S""]",3,0.07916666666666666
triplet,"[""Sigma_plus"", ""J_psi"", ""Higgs""]",3,0.07916666666666666
triplet,"[""pi0"", ""phi_1020"", ""D0""]",3,0.07916666666666666
triplet,"[""pi0"", ""B_plus"", ""Bs0""]",3,0.07916666666666666
triplet,"[""pi_plus"", ""J_psi"", ""Higgs""]",3,0.07916666666666666
triplet,"[""eta"", ""B0"", ""Bs0""]",3,0.07916666666666666
triplet,"[""rho_770"", ""B_plus"", ""B0""]",3,0.07916666666666666
triplet,"[""phi_1020"", ""B_plus"", ""Bs0""]",3,0.07916666666666666
triplet,"[""Ds_plus"", ""J_psi"", ""Higgs""]",3,0.07916666666666666
triplet,"[""B_plus"", ""B0"", ""top""]",3,0.07916666666666666
triplet,"[""tau"", ""Upsilon_1S"", ""top""]",3,0.075
triplet,"[""neutron"", ""B_plus"", ""Bs0""]",3,0.075
triplet,"[""Lambda"", ""omega_782"", ""top""]",3,0.075
triplet,"[""Delta_1232"", ""B_plus"", ""Bs0""]",3,0.075
triplet,"[""pi0"", ""K_short"", ""eta""]",3,0.075
triplet,"[""pi0"", ""phi_1020"", ""Ds_plus""]",3,0.075
triplet,"[""pi_plus"", ""W"", ""Z""]",3,0.075
triplet,"[""K_plus"", ""omega_782"", ""top""]",3,0.075
triplet,"[""K_short"", ""eta"", ""Ds_plus""]",3,0.075
triplet,"[""K_short"", ""W"", ""Z""]",3,0.075
triplet,"[""omega_782"", ""B0"", ""top""]",3,0.075
triplet,"[""phi_1020"", ""B_plus"", ""B0""]",3,0.075
triplet,"[""D0"", ""J_psi"", ""Higgs""]",3,0.075
triplet,"[""D0"", ""W"", ""Z""]",3,0.075
triplet,"[""D_plus"", ""W"", ""Z""]",3,0.075
triplet,"[""J_psi"", ""B0"", ""Bs0""]",3,0.075
triplet,"[""B0"", ""Bs0"", ""Higgs""]",3,0.075
triplet,"[""muon"", ""phi_1020"", ""D_plus""]",3,0.07083333333333333
triplet,"[""tau"", ""pi0"", ""K_long""]",3,0.07083333333333333
triplet,"[""neutron"", ""B_plus"", ""B0""]",3,0.07083333333333333
triplet,"[""Delta_1232"", ""B_plus"", ""B0""]",3,0.07083333333333333
triplet,"[""pi0"", ""J_psi"", ""Higgs""]",3,0.07083333333333333
triplet,"[""pi0"", ""B_plus"", ""B0""]",3,0.07083333333333333
triplet,"[""pi0"", ""W"", ""Z""]",3,0.07083333333333333
triplet,"[""pi_plus"", ""omega_782"", ""top""]",3,0.07083333333333333
triplet,"[""K_short"", ""J_psi"", ""Higgs""]",3,0.07083333333333333
triplet,"[""eta"", ""phi_1020"", ""D0""]",3,0.07083333333333333
triplet,"[""rho_770"", ""phi_1020"", ""D_plus""]",3,0.07083333333333333
triplet,"[""omega_782"", ""B_plus"", ""B0""]",3,0.07083333333333333
triplet,"[""neutron"", ""Omega_minus"", ""Z""]",3,0.06666666666666667
triplet,"[""neutron"", ""J_psi"", ""Higgs""]",3,0.06666666666666667
triplet,"[""Sigma_plus"", ""omega_782"", ""top""]",3,0.06666666666666667
triplet,"[""Sigma_plus"", ""B0"", ""Bs0""]",3,0.06666666666666667
triplet,"[""pi0"", ""K_short"", ""rho_770""]",3,0.06666666666666667
triplet,"[""pi_plus"", ""B_plus"", ""Bs0""]",3,0.06666666666666667
triplet,"[""K_long"", ""J_psi"", ""Higgs""]",3,0.06666666666666667
triplet,"[""eta"", ""phi_1020"", ""Ds_plus""]",3,0.06666666666666667
triplet,"[""eta"", ""B_plus"", ""B0""]",3,0.06666666666666667
triplet,"[""eta"", ""B_plus"", ""Bs0""]",3,0.06666666666666667
triplet,"[""muon"", ""Lambda"", ""B_plus""]",3,0.0625
triplet,"[""muon"", ""Xi_minus"", ""K_plus""]",3,0.0625
triplet,"[""tau"", ""W"", ""Z""]",3,0.0625
triplet,"[""neutron"", ""Xi_minus"", ""top""]",3,0.0625
triplet,"[""Sigma_plus"", ""rho_770"", ""D_plus""]",3,0.0625
triplet,"[""Sigma_plus"", ""phi_1020"", ""D_plus""]",3,0.0625
triplet,"[""pi_plus"", ""B_plus"", ""B0""]",3,0.0625
triplet,"[""omega_782"", ""J_psi"", ""top""]",3,0.0625
triplet,"[""omega_782"", ""Higgs"", ""top""]",3,0.0625
triplet,"[""B_plus"", ""Bs0"", ""Higgs""]",3,0.0625
triplet,"[""muon"", ""Xi_minus"", ""B0""]",3,0.058333333333333334
triplet,"[""tau"", ""pi0"", ""eta""]",3,0.058333333333333334
triplet,"[""tau"", ""J_psi"", ""Higgs""]",3,0.058333333333333334
triplet,"[""neutron"", ""Omega_minus"", ""W""]",3,0.058333333333333334
triplet,"[""K_short"", ""K_long"", ""D_plus""]",3,0.058333333333333334
triplet,"[""omega_782"", ""D_plus"", ""top""]",3,0.058333333333333334
triplet,"[""D0"", ""B0"", ""Bs0""]",3,0.058333333333333334
triplet,"[""muon"", ""Sigma_plus"", ""phi_1020""]",3,0.05416666666666667
triplet,"[""tau"", ""Omega_minus"", ""B_plus""]",3,0.05416666666666667
triplet,"[""tau"", ""Omega_minus"", ""B0""]",3,0.05416666666666667
triplet,"[""tau"", ""Omega_minus"", ""Bs0""]",3,0.05416666666666667
triplet,"[""neutron"", ""Xi_minus"", ""omega_782""]",3,0.05416666666666667
triplet,"[""Lambda"", ""B0"", ""Upsilon_1S""]",3,0.05416666666666667
triplet,"[""Lambda"", ""Bs0"", ""Upsilon_1S""]",3,0.05416666666666667
triplet,"[""Sigma_plus"", ""rho_770"", ""phi_1020""]",3,0.05416666666666667
triplet,"[""Omega_minus"", ""K_plus"", ""Higgs""]",3,0.05416666666666667
triplet,"[""pi0"", ""K_short"", ""phi_1020""]",3,0.05416666666666667
triplet,"[""pi0"", ""rho_770"", ""Ds_plus""]",3,0.05416666666666667
triplet,"[""pi0"", ""omega_782"", ""top""]",3,0.05416666666666667
triplet,"[""eta"", ""rho_770"", ""Ds_plus""]",3,0.05416666666666667
triplet,"[""eta"", ""J_psi"", ""Higgs""]",3,0.05416666666666667
triplet,"[""eta"", ""W"", ""Z""]",3,0.05416666666666667
triplet,"[""J_psi"", ""B_plus"", ""Bs0""]",3,0.05416666666666667
triplet,"[""J_psi"", ""Higgs"", ""top""]",3,0.05416666666666667
triplet,"[""B_plus"", ""B0"", ""Higgs""]",3,0.05416666666666667
triplet,"[""muon"", ""Sigma_plus"", ""rho_770""]",3,0.05
triplet,"[""muon"", ""Xi_minus"", ""Bs0""]",3,0.05
triplet,"[""muon"", ""Omega_minus"", ""J_psi""]",3,0.05
triplet,"[""muon"", ""rho_770"", ""D_plus""]",3,0.05
triplet,"[""neutron"", ""pi0"", ""K_short""]",3,0.05
triplet,"[""neutron"", ""K_short"", ""Ds_plus""]",3,0.05
triplet,"[""Lambda"", ""K_plus"", ""D0""]",3,0.05
triplet,"[""Lambda"", ""B_plus"", ""Upsilon_1S""]",3,0.05
triplet,"[""Sigma_plus"", ""pi_plus"", ""J_psi""]",3,0.05
triplet,"[""Sigma_plus"", ""B_plus"", ""Bs0""]",3,0.05
triplet,"[""Omega_minus"", ""K_plus"", ""J_psi""]",3,0.05
triplet,"[""Delta_1232"", ""phi_1020"", ""Upsilon_1S""]",3,0.05
triplet,"[""pi0"", ""rho_770"", ""D0""]",3,0.05
triplet,"[""K_short"", ""eta"", ""phi_1020""]",3,0.05
triplet,"[""K_short"", ""phi_1020"", ""Ds_plus""]",3,0.05
triplet,"[""rho_770"", ""omega_782"", ""Higgs""]",3,0.05
triplet,"[""omega_782"", ""J_psi"", ""Higgs""]",3,0.05
triplet,"[""muon"", ""neutron"", ""K_plus""]",3,0.04583333333333333
triplet,"[""muon"", ""Omega_minus"", ""Higgs""]",3,0.04583333333333333
triplet,"[""tau"", ""Lambda"", ""K_plus""]",3,0.04583333333333333
triplet,"[""tau"", ""K_long"", ""eta""]",3,0.04583333333333333
triplet,"[""neutron"", ""pi0"", ""Ds_plus""]",3,0.04583333333333333
triplet,"[""Sigma_plus"", ""B_plus"", ""B0""]",3,0.04583333333333333
triplet,"[""Delta_1232"", ""pi0"", ""eta""]",3,0.04583333333333333
triplet,"[""pi_plus"", ""rho_770"", ""phi_1020""]",3,0.04583333333333333
triplet,"[""K_short"", ""eta"", ""rho_770""]",3,0.04583333333333333
triplet,"[""K_short"", ""rho_770"", ""Ds_plus""]",3,0.04583333333333333
triplet,"[""K_long"", ""B0"", ""Bs0""]",3,0.04583333333333333
triplet,"[""eta"", ""rho_770"", ""D0""]",3,0.04583333333333333
triplet,"[""eta"", ""omega_782"", ""top""]",3,0.04583333333333333
triplet,"[""rho_770"", ""phi_1020"", ""Ds_plus""]",3,0.04583333333333333
triplet,"[""D0"", ""B_plus"", ""Bs0""]",3,0.04583333333333333
triplet,"[""Ds_plus"", ""B0"", ""Bs0""]",3,0.04583333333333333
triplet,"[""J_psi"", ""B_plus"", ""B0""]",3,0.04583333333333333
triplet,"[""J_psi"", ""B_plus"", ""Higgs""]",3,0.04583333333333333
triplet,"[""J_psi"", ""Bs0"", ""Higgs""]",3,0.04583333333333333
triplet,"[""Upsilon_1S"", ""W"", ""Z""]",3,0.04583333333333333
triplet,"[""muon"", ""neutron"", ""Omega_minus""]",3,0.041666666666666664
triplet,"[""muon"", ""K_plus"", ""Higgs""]",3,0.041666666666666664
triplet,"[""muon"", ""rho_770"", ""phi_1020""]",3,0.041666666666666664
triplet,"[""tau"", ""Delta_1232"", ""pi0""]",3,0.041666666666666664
triplet,"[""neutron"", ""pi_plus"", ""D_plus""]",3,0.041666666666666664
triplet,"[""Lambda"", ""Bs0"", ""top""]",3,0.041666666666666664
triplet,"[""Sigma_plus"", ""pi_plus"", ""Higgs""]",3,0.041666666666666664
triplet,"[""Xi_minus"", ""pi0"", ""B0""]",3,0.041666666666666664
triplet,"[""Omega_minus"", ""Delta_1232"", ""K_plus""]",3,0.041666666666666664
triplet,"[""Omega_minus"", ""rho_770"", ""Upsilon_1S""]",3,0.041666666666666664
triplet,"[""Delta_1232"", ""pi_plus"", ""D_plus""]",3,0.041666666666666664
triplet,"[""pi0"", ""pi_plus"", ""eta""]",3,0.041666666666666664
triplet,"[""pi0"", ""K_plus"", ""B0""]",3,0.041666666666666664
triplet,"[""K_short"", ""rho_770"", ""phi_1020""]",3,0.041666666666666664
triplet,"[""K_short"", ""omega_782"", ""D0""]",3,0.041666666666666664
triplet,"[""K_long"", ""omega_782"", ""Upsilon_1S""]",3,0.041666666666666664
triplet,"[""rho_770"", ""omega_782"", ""J_psi""]",3,0.041666666666666664
triplet,"[""rho_770"", ""J_psi"", ""Higgs""]",3,0.041666666666666664
triplet,"[""D0"", ""B_plus"", ""B0""]",3,0.041666666666666664
triplet,"[""D0"", ""Upsilon_1S"", ""top""]",3,0.041666666666666664
triplet,"[""J_psi"", ""B0"", ""Higgs""]",3,0.041666666666666664
triplet,"[""muon"", ""Omega_minus"", ""Z""]",3,0.0375
triplet,"[""muon"", ""Delta_1232"", ""K_plus""]",3,0.0375
triplet,"[""muon"", ""K_plus"", ""W""]",3,0.0375
triplet,"[""muon"", ""K_plus"", ""Z""]",3,0.0375
triplet,"[""tau"", ""J_psi"", ""Z""]",3,0.0375
triplet,"[""neutron"", ""Sigma_plus"", ""pi_plus""]",3,0.0375
triplet,"[""neutron"", ""pi0"", ""eta""]",3,0.0375
triplet,"[""neutron"", ""pi_plus"", ""Higgs""]",3,0.0375
triplet,"[""Lambda"", ""eta"", ""B_plus""]",3,0.0375
triplet,"[""Lambda"", ""omega_782"", ""B0""]",3,0.0375
triplet,"[""Lambda"", ""phi_1020"", ""B_plus""]",3,0.0375
triplet,"[""Lambda"", ""B0"", ""top""]",3,0.0375
triplet,"[""Lambda"", ""Bs0"", ""Z""]",3,0.0375
triplet,"[""Sigma_plus"", ""Delta_1232"", ""D_plus""]",3,0.0375
triplet,"[""Sigma_plus"", ""pi_plus"", ""W""]",3,0.0375
triplet,"[""Sigma_plus"", ""pi_plus"", ""Z""]",3,0.0375
triplet,"[""Xi_minus"", ""pi0"", ""K_plus""]",3,0.0375
triplet,"[""Xi_minus"", ""pi0"", ""Bs0""]",3,0.0375
triplet,"[""Xi_minus"", ""pi_plus"", ""D0""]",3,0.0375
triplet,"[""Omega_minus"", ""pi0"", ""pi_plus""]",3,0.0375
triplet,"[""Omega_minus"", ""pi_plus"", ""eta""]",3,0.0375
triplet,"[""pi0"", ""K_plus"", ""Bs0""]",3,0.0375
triplet,"[""pi_plus"", ""rho_770"", ""D_plus""]",3,0.0375
triplet,"[""pi_plus"", ""phi_1020"", ""D_plus""]",3,0.0375
triplet,"[""K_long"", ""D0"", ""Higgs""]",3,0.0375
triplet,"[""rho_770"", ""phi_1020"", ""D0""]",3,0.0375
triplet,"[""rho_770"", ""Higgs"", ""top""]",3,0.0375
triplet,"[""muon"", ""Lambda"", ""J_psi""]",3,0.03333333333333333
triplet,"[""muon"", ""Xi_minus"", ""phi_1020""]",3,0.03333333333333333
triplet,"[""muon"", ""Xi_minus"", ""Upsilon_1S""]",3,0.03333333333333333
triplet,"[""muon"", ""Omega_minus"", ""W""]",3,0.03333333333333333
triplet,"[""muon"", ""pi0"", ""B_plus""]",3,0.03333333333333333
triplet,"[""muon"", ""pi0"", ""Bs0""]",3,0.03333333333333333
triplet,"[""muon"", ""K_plus"", ""J_psi""]",3,0.03333333333333333
triplet,"[""tau"", ""K_long"", ""phi_1020""]",3,0.03333333333333333
triplet,"[""tau"", ""J_psi"", ""W""]",3,0.03333333333333333
triplet,"[""tau"", ""Z"", ""Higgs""]",3,0.03333333333333333
triplet,"[""neutron"", ""Lambda"", ""B0""]",3,0.03333333333333333
triplet,"[""neutron"", ""Lambda"", ""Bs0""]",3,0.03333333333333333
triplet,"[""neutron"", ""Delta_1232"", ""pi_plus""]",3,0.03333333333333333
triplet,"[""neutron"", ""D0"", ""J_psi""]",3,0.03333333333333333
triplet,"[""Lambda"", ""Delta_1232"", ""B_plus""]",3,0.03333333333333333
triplet,"[""Lambda"", ""pi0"", ""B_plus""]",3,0.03333333333333333
triplet,"[""Lambda"", ""omega_782"", ""B_plus""]",3,0.03333333333333333
triplet,"[""Lambda"", ""omega_782"", ""Bs0""]",3,0.03333333333333333
triplet,"[""Lambda"", ""phi_1020"", ""Bs0""]",3,0.03333333333333333
triplet,"[""Lambda"", ""B0"", ""Z""]",3,0.03333333333333333
triplet,"[""Sigma_plus"", ""D0"", ""B_plus""]",3,0.03333333333333333
triplet,"[""Xi_minus"", ""pi0"", ""B_plus""]",3,0.03333333333333333
triplet,"[""Xi_minus"", ""K_plus"", ""eta""]",3,0.03333333333333333
triplet,"[""Omega_minus"", ""K_long"", ""D0""]",3,0.03333333333333333
triplet,"[""Delta_1232"", ""pi0"", ""K_long""]",3,0.03333333333333333
triplet,"[""pi0"", ""K_long"", ""eta""]",3,0.03333333333333333
triplet,"[""pi_plus"", ""D_plus"", ""Higgs""]",3,0.03333333333333333
triplet,"[""K_short"", ""omega_782"", ""Ds_plus""]",3,0.03333333333333333
triplet,"[""K_short"", ""D0"", ""top""]",3,0.03333333333333333
triplet,"[""K_long"", ""D0"", ""J_psi""]",3,0.03333333333333333
triplet,"[""K_long"", ""Upsilon_1S"", ""top""]",3,0.03333333333333333
triplet,"[""rho_770"", ""J_psi"", ""top""]",3,0.03333333333333333
triplet,"[""phi_1020"", ""D_plus"", ""Upsilon_1S""]",3,0.03333333333333333
triplet,"[""D0"", ""J_psi"", ""Z""]",3,0.03333333333333333
triplet,"[""B_plus"", ""W"", ""Higgs""]",3,0.03333333333333333
triplet,"[""muon"", ""Lambda"", ""Bs0""]",3,0.029166666666666667
triplet,"[""muon"", ""pi0"", ""B0""]",3,0.029166666666666667
triplet,"[""muon"", ""K_plus"", ""omega_782""]",3,0.029166666666666667
triplet,"[""muon"", ""K_plus"", ""top""]",3,0.029166666666666667
triplet,"[""muon"", ""eta"", ""B0""]",3,0.029166666666666667
triplet,"[""muon"", ""eta"", ""Bs0""]",3,0.029166666666666667
triplet,"[""tau"", ""Delta_1232"", ""K_long""]",3,0.029166666666666667
triplet,"[""tau"", ""rho_770"", ""phi_1020""]",3,0.029166666666666667
triplet,"[""neutron"", ""Lambda"", ""B_plus""]",3,0.029166666666666667
triplet,"[""neutron"", ""Sigma_plus"", ""D_plus""]",3,0.029166666666666667
triplet,"[""neutron"", ""Omega_minus"", ""K_plus""]",3,0.029166666666666667
triplet,"[""neutron"", ""eta"", ""phi_1020""]",3,0.029166666666666667
triplet,"[""neutron"", ""eta"", ""Ds_plus""]",3,0.029166666666666667
triplet,"[""Lambda"", ""eta"", ""B0""]",3,0.029166666666666667
triplet,"[""Lambda"", ""eta"", ""Bs0""]",3,0.029166666666666667
triplet,"[""Lambda"", ""rho_770"", ""B_plus""]",3,0.029166666666666667
triplet,"[""Lambda"", ""rho_770"", ""B0""]",3,0.029166666666666667
triplet,"[""Lambda"", ""rho_770"", ""Bs0""]",3,0.029166666666666667
triplet,"[""Lambda"", ""phi_1020"", ""B0""]",3,0.029166666666666667
triplet,"[""Lambda"", ""B_plus"", ""top""]",3,0.029166666666666667
triplet,"[""Lambda"", ""B0"", ""W""]",3,0.029166666666666667
triplet,"[""Sigma_plus"", ""Delta_1232"", ""pi_plus""]",3,0.029166666666666667
triplet,"[""Sigma_plus"", ""pi_plus"", ""omega_782""]",3,0.029166666666666667
triplet,"[""Sigma_plus"", ""eta"", ""D_plus""]",3,0.029166666666666667
triplet,"[""Sigma_plus"", ""rho_770"", ""Upsilon_1S""]",3,0.029166666666666667
triplet,"[""Sigma_plus"", ""D0"", ""B0""]",3,0.029166666666666667
triplet,"[""Sigma_plus"", ""D0"", ""Bs0""]",3,0.029166666666666667
triplet,"[""Xi_minus"", ""eta"", ""B0""]",3,0.029166666666666667
triplet,"[""Xi_minus"", ""J_psi"", ""B0""]",3,0.029166666666666667
triplet,"[""Xi_minus"", ""J_psi"", ""Bs0""]",3,0.029166666666666667
triplet,"[""Xi_minus"", ""B0"", ""Higgs""]",3,0.029166666666666667
triplet,"[""Xi_minus"", ""Bs0"", ""Higgs""]",3,0.029166666666666667
triplet,"[""Omega_minus"", ""pi0"", ""W""]",3,0.029166666666666667
triplet,"[""Omega_minus"", ""K_plus"", ""W""]",3,0.029166666666666667
triplet,"[""Omega_minus"", ""K_plus"", ""Z""]",3,0.029166666666666667
triplet,"[""Delta_1232"", ""K_short"", ""Ds_plus""]",3,0.029166666666666667
triplet,"[""Delta_1232"", ""omega_782"", ""top""]",3,0.029166666666666667
triplet,"[""Delta_1232"", ""J_psi"", ""Higgs""]",3,0.029166666666666667
triplet,"[""pi0"", ""D_plus"", ""top""]",3,0.029166666666666667
triplet,"[""pi_plus"", ""D_plus"", ""J_psi""]",3,0.029166666666666667
triplet,"[""K_plus"", ""rho_770"", ""phi_1020""]",3,0.029166666666666667
triplet,"[""K_plus"", ""J_psi"", ""B_plus""]",3,0.029166666666666667
triplet,"[""K_plus"", ""J_psi"", ""B0""]",3,0.029166666666666667
triplet,"[""K_plus"", ""J_psi"", ""Bs0""]",3,0.029166666666666667
triplet,"[""K_short"", ""K_long"", ""eta""]",3,0.029166666666666667
triplet,"[""K_short"", ""phi_1020"", ""Upsilon_1S""]",3,0.029166666666666667
triplet,"[""K_long"", ""B_plus"", ""B0""]",3,0.029166666666666667
triplet,"[""K_long"", ""B_plus"", ""Bs0""]",3,0.029166666666666667
triplet,"[""rho_770"", ""D0"", ""J_psi""]",3,0.029166666666666667
triplet,"[""rho_770"", ""D0"", ""Higgs""]",3,0.029166666666666667
triplet,"[""D0"", ""J_psi"", ""W""]",3,0.029166666666666667
triplet,"[""Ds_plus"", ""B_plus"", ""B0""]",3,0.029166666666666667
triplet,"[""Ds_plus"", ""B_plus"", ""Bs0""]",3,0.029166666666666667
triplet,"[""B_plus"", ""Z"", ""Higgs""]",3,0.029166666666666667
triplet,"[""Bs0"", ""W"", ""Higgs""]",3,0.029166666666666667
triplet,"[""muon"", ""neutron"", ""W""]",3,0.025
triplet,"[""muon"", ""neutron"", ""Z""]",3,0.025
triplet,"[""muon"", ""Lambda"", ""pi0""]",3,0.025
triplet,"[""muon"", ""Lambda"", ""Higgs""]",3,0.025
triplet,"[""muon"", ""Sigma_plus"", ""eta""]",3,0.025
triplet,"[""muon"", ""Xi_minus"", ""rho_770""]",3,0.025
triplet,"[""muon"", ""K_plus"", ""Upsilon_1S""]",3,0.025
triplet,"[""muon"", ""eta"", ""D_plus""]",3,0.025
triplet,"[""muon"", ""eta"", ""B_plus""]",3,0.025
triplet,"[""tau"", ""neutron"", ""Upsilon_1S""]",3,0.025
triplet,"[""tau"", ""Delta_1232"", ""eta""]",3,0.025
triplet,"[""tau"", ""Delta_1232"", ""phi_1020""]",3,0.025
triplet,"[""tau"", ""K_long"", ""B0""]",3,0.025
triplet,"[""tau"", ""K_long"", ""Bs0""]",3,0.025
triplet,"[""tau"", ""eta"", ""phi_1020""]",3,0.025
triplet,"[""tau"", ""W"", ""Higgs""]",3,0.025
triplet,"[""neutron"", ""Lambda"", ""Upsilon_1S""]",3,0.025
triplet,"[""neutron"", ""Sigma_plus"", ""J_psi""]",3,0.025
triplet,"[""neutron"", ""Sigma_plus"", ""Higgs""]",3,0.025
triplet,"[""neutron"", ""Delta_1232"", ""D_plus""]",3,0.025
triplet,"[""neutron"", ""K_plus"", ""W""]",3,0.025
triplet,"[""neutron"", ""K_plus"", ""Z""]",3,0.025
triplet,"[""neutron"", ""K_short"", ""eta""]",3,0.025
triplet,"[""neutron"", ""K_short"", ""omega_782""]",3,0.025
triplet,"[""neutron"", ""K_long"", ""D0""]",3,0.025
triplet,"[""neutron"", ""rho_770"", ""phi_1020""]",3,0.025
triplet,"[""neutron"", ""omega_782"", ""D0""]",3,0.025
triplet,"[""neutron"", ""D0"", ""Higgs""]",3,0.025
triplet,"[""neutron"", ""B0"", ""Upsilon_1S""]",3,0.025
triplet,"[""neutron"", ""Upsilon_1S"", ""top""]",3,0.025
triplet,"[""Lambda"", ""Delta_1232"", ""Bs0""]",3,0.025
triplet,"[""Lambda"", ""Delta_1232"", ""Higgs""]",3,0.025
triplet,"[""Lambda"", ""pi_plus"", ""D_plus""]",3,0.025
triplet,"[""Lambda"", ""Bs0"", ""W""]",3,0.025
triplet,"[""Lambda"", ""W"", ""Higgs""]",3,0.025
triplet,"[""Lambda"", ""Z"", ""Higgs""]",3,0.025
triplet,"[""Sigma_plus"", ""pi0"", ""Higgs""]",3,0.025
triplet,"[""Sigma_plus"", ""pi_plus"", ""top""]",3,0.025
triplet,"[""Xi_minus"", ""Delta_1232"", ""K_plus""]",3,0.025
triplet,"[""Xi_minus"", ""pi_plus"", ""Ds_plus""]",3,0.025
triplet,"[""Xi_minus"", ""K_plus"", ""rho_770""]",3,0.025
triplet,"[""Xi_minus"", ""K_plus"", ""Higgs""]",3,0.025
triplet,"[""Xi_minus"", ""eta"", ""Bs0""]",3,0.025
triplet,"[""Xi_minus"", ""J_psi"", ""B_plus""]",3,0.025
triplet,"[""Xi_minus"", ""B_plus"", ""Higgs""]",3,0.025
triplet,"[""Omega_minus"", ""K_plus"", ""rho_770""]",3,0.025
triplet,"[""Delta_1232"", ""eta"", ""Higgs""]",3,0.025
triplet,"[""Delta_1232"", ""Ds_plus"", ""Upsilon_1S""]",3,0.025
triplet,"[""pi0"", ""pi_plus"", ""W""]",3,0.025
triplet,"[""pi0"", ""omega_782"", ""D_plus""]",3,0.025
triplet,"[""pi_plus"", ""rho_770"", ""Upsilon_1S""]",3,0.025
triplet,"[""pi_plus"", ""phi_1020"", ""B0""]",3,0.025
triplet,"[""K_plus"", ""B_plus"", ""Higgs""]",3,0.025
triplet,"[""K_plus"", ""B0"", ""Z""]",3,0.025
triplet,"[""K_plus"", ""B0"", ""Higgs""]",3,0.025
triplet,"[""K_plus"", ""Bs0"", ""Z""]",3,0.025
triplet,"[""K_plus"", ""Bs0"", ""Higgs""]",3,0.025
triplet,"[""K_short"", ""eta"", ""D_plus""]",3,0.025
triplet,"[""K_short"", ""D_plus"", ""Upsilon_1S""]",3,0.025
triplet,"[""K_long"", ""D0"", ""W""]",3,0.025
triplet,"[""K_long"", ""D0"", ""Z""]",3,0.025
triplet,"[""eta"", ""rho_770"", ""omega_782""]",3,0.025
triplet,"[""eta"", ""rho_770"", ""top""]",3,0.025
triplet,"[""eta"", ""phi_1020"", ""J_psi""]",3,0.025
triplet,"[""rho_770"", ""W"", ""Z""]",3,0.025
triplet,"[""omega_782"", ""Ds_plus"", ""J_psi""]",3,0.025
triplet,"[""B0"", ""W"", ""Higgs""]",3,0.025
triplet,"[""Bs0"", ""Z"", ""Higgs""]",3,0.025
triplet,"[""muon"", ""tau"", ""Sigma_plus""]",3,0.020833333333333332
triplet,"[""muon"", ""tau"", ""omega_782""]",3,0.020833333333333332
triplet,"[""muon"", ""Lambda"", ""K_long""]",3,0.020833333333333332
triplet,"[""muon"", ""Lambda"", ""B0""]",3,0.020833333333333332
triplet,"[""muon"", ""Lambda"", ""Z""]",3,0.020833333333333332
triplet,"[""muon"", ""Xi_minus"", ""Delta_1232""]",3,0.020833333333333332
triplet,"[""muon"", ""Xi_minus"", ""eta""]",3,0.020833333333333332
triplet,"[""muon"", ""Omega_minus"", ""Delta_1232""]",3,0.020833333333333332
triplet,"[""muon"", ""Delta_1232"", ""D0""]",3,0.020833333333333332
triplet,"[""muon"", ""Delta_1232"", ""B0""]",3,0.020833333333333332
triplet,"[""muon"", ""Delta_1232"", ""Bs0""]",3,0.020833333333333332
triplet,"[""muon"", ""K_plus"", ""phi_1020""]",3,0.020833333333333332
triplet,"[""muon"", ""rho_770"", ""Upsilon_1S""]",3,0.020833333333333332
triplet,"[""muon"", ""D0"", ""Upsilon_1S""]",3,0.020833333333333332
triplet,"[""muon"", ""Ds_plus"", ""Z""]",3,0.020833333333333332
triplet,"[""muon"", ""J_psi"", ""W""]",3,0.020833333333333332
triplet,"[""muon"", ""J_psi"", ""Z""]",3,0.020833333333333332
triplet,"[""muon"", ""Z"", ""Higgs""]",3,0.020833333333333332
triplet,"[""tau"", ""Lambda"", ""rho_770""]",3,0.020833333333333332
triplet,"[""tau"", ""Xi_minus"", ""pi_plus""]",3,0.020833333333333332
triplet,"[""tau"", ""Xi_minus"", ""Upsilon_1S""]",3,0.020833333333333332
triplet,"[""tau"", ""pi0"", ""B0""]",3,0.020833333333333332
triplet,"[""tau"", ""pi0"", ""Bs0""]",3,0.020833333333333332
triplet,"[""tau"", ""pi_plus"", ""K_short""]",3,0.020833333333333332
triplet,"[""tau"", ""pi_plus"", ""B_plus""]",3,0.020833333333333332
triplet,"[""tau"", ""K_long"", ""rho_770""]",3,0.020833333333333332
triplet,"[""neutron"", ""Lambda"", ""rho_770""]",3,0.020833333333333332
triplet,"[""neutron"", ""Omega_minus"", ""pi_plus""]",3,0.020833333333333332
triplet,"[""neutron"", ""Omega_minus"", ""Bs0""]",3,0.020833333333333332
triplet,"[""neutron"", ""Delta_1232"", ""eta""]",3,0.020833333333333332
triplet,"[""neutron"", ""K_plus"", ""rho_770""]",3,0.020833333333333332
triplet,"[""neutron"", ""K_short"", ""top""]",3,0.020833333333333332
triplet,"[""neutron"", ""eta"", ""rho_770""]",3,0.020833333333333332
triplet,"[""neutron"", ""rho_770"", ""Bs0""]",3,0.020833333333333332
triplet,"[""neutron"", ""omega_782"", ""Upsilon_1S""]",3,0.020833333333333332
triplet,"[""neutron"", ""D0"", ""W""]",3,0.020833333333333332
triplet,"[""neutron"", ""D0"", ""Z""]",3,0.020833333333333332
triplet,"[""neutron"", ""Bs0"", ""Upsilon_1S""]",3,0.020833333333333332
triplet,"[""Lambda"", ""Delta_1232"", ""eta""]",3,0.020833333333333332
triplet,"[""Lambda"", ""Delta_1232"", ""B0""]",3,0.020833333333333332
triplet,"[""Lambda"", ""pi0"", ""Ds_plus""]",3,0.020833333333333332
triplet,"[""Lambda"", ""K_plus"", ""Upsilon_1S""]",3,0.020833333333333332
triplet,"[""Lambda"", ""eta"", ""D0""]",3,0.020833333333333332
triplet,"[""Lambda"", ""J_psi"", ""W""]",3,0.020833333333333332
triplet,"[""Sigma_plus"", ""pi0"", ""J_psi""]",3,0.020833333333333332
triplet,"[""Sigma_plus"", ""pi_plus"", ""rho_770""]",3,0.020833333333333332
triplet,"[""Sigma_plus"", ""K_long"", ""eta""]",3,0.020833333333333332
triplet,"[""Sigma_plus"", ""K_long"", ""omega_782""]",3,0.020833333333333332
triplet,"[""Sigma_plus"", ""D_plus"", ""Higgs""]",3,0.020833333333333332
triplet,"[""Xi_minus"", ""Delta_1232"", ""B0""]",3,0.020833333333333332
triplet,"[""Xi_minus"", ""Delta_1232"", ""Bs0""]",3,0.020833333333333332
triplet,"[""Xi_minus"", ""pi0"", ""pi_plus""]",3,0.020833333333333332
triplet,"[""Xi_minus"", ""K_plus"", ""J_psi""]",3,0.020833333333333332
triplet,"[""Xi_minus"", ""K_plus"", ""Z""]",3,0.020833333333333332
triplet,"[""Xi_minus"", ""K_plus"", ""top""]",3,0.020833333333333332
triplet,"[""Xi_minus"", ""K_long"", ""D_plus""]",3,0.020833333333333332
triplet,"[""Xi_minus"", ""omega_782"", ""B_plus""]",3,0.020833333333333332
triplet,"[""Xi_minus"", ""omega_782"", ""B0""]",3,0.020833333333333332
triplet,"[""Xi_minus"", ""B0"", ""W""]",3,0.020833333333333332
triplet,"[""Xi_minus"", ""B0"", ""Z""]",3,0.020833333333333332
triplet,"[""Xi_minus"", ""Bs0"", ""W""]",3,0.020833333333333332
triplet,"[""Xi_minus"", ""Bs0"", ""Z""]",3,0.020833333333333332
triplet,"[""Xi_minus"", ""W"", ""Higgs""]",3,0.020833333333333332
triplet,"[""Omega_minus"", ""pi0"", ""Z""]",3,0.020833333333333332
triplet,"[""Omega_minus"", ""pi_plus"", ""J_psi""]",3,0.020833333333333332
triplet,"[""Omega_minus"", ""pi_plus"", ""W""]",3,0.020833333333333332
triplet,"[""Omega_minus"", ""pi_plus"", ""Higgs""]",3,0.020833333333333332
triplet,"[""Omega_minus"", ""rho_770"", ""phi_1020""]",3,0.020833333333333332
triplet,"[""Delta_1232"", ""K_long"", ""phi_1020""]",3,0.020833333333333332
triplet,"[""Delta_1232"", ""phi_1020"", ""D0""]",3,0.020833333333333332
triplet,"[""Delta_1232"", ""phi_1020"", ""Ds_plus""]",3,0.020833333333333332
triplet,"[""Delta_1232"", ""phi_1020"", ""B0""]",3,0.020833333333333332
triplet,"[""Delta_1232"", ""phi_1020"", ""Bs0""]",3,0.020833333333333332
triplet,"[""pi0"", ""pi_plus"", ""Z""]",3,0.020833333333333332
triplet,"[""pi0"", ""K_plus"", ""B_plus""]",3,0.020833333333333332
triplet,"[""pi0"", ""K_short"", ""D_plus""]",3,0.020833333333333332
triplet,"[""pi0"", ""rho_770"", ""omega_782""]",3,0.020833333333333332
triplet,"[""pi_plus"", ""phi_1020"", ""Bs0""]",3,0.020833333333333332
triplet,"[""pi_plus"", ""B_plus"", ""Upsilon_1S""]",3,0.020833333333333332
triplet,"[""pi_plus"", ""Bs0"", ""Upsilon_1S""]",3,0.020833333333333332
triplet,"[""K_plus"", ""rho_770"", ""Upsilon_1S""]",3,0.020833333333333332
triplet,"[""K_plus"", ""D_plus"", ""top""]",3,0.020833333333333332
triplet,"[""K_plus"", ""B_plus"", ""W""]",3,0.020833333333333332
triplet,"[""K_plus"", ""B_plus"", ""Z""]",3,0.020833333333333332
triplet,"[""K_plus"", ""B0"", ""W""]",3,0.020833333333333332
triplet,"[""K_plus"", ""Bs0"", ""W""]",3,0.020833333333333332
triplet,"[""K_short"", ""eta"", ""Z""]",3,0.020833333333333332
triplet,"[""K_short"", ""D_plus"", ""Z""]",3,0.020833333333333332
triplet,"[""K_short"", ""D_plus"", ""Higgs""]",3,0.020833333333333332
triplet,"[""K_short"", ""Ds_plus"", ""top""]",3,0.020833333333333332
triplet,"[""K_long"", ""eta"", ""D_plus""]",3,0.020833333333333332
triplet,"[""K_long"", ""omega_782"", ""Ds_plus""]",3,0.020833333333333332
triplet,"[""K_long"", ""phi_1020"", ""Upsilon_1S""]",3,0.020833333333333332
triplet,"[""K_long"", ""Ds_plus"", ""top""]",3,0.020833333333333332
triplet,"[""eta"", ""D_plus"", ""Z""]",3,0.020833333333333332
triplet,"[""rho_770"", ""phi_1020"", ""Z""]",3,0.020833333333333332
triplet,"[""omega_782"", ""D0"", ""Higgs""]",3,0.020833333333333332
triplet,"[""phi_1020"", ""J_psi"", ""Higgs""]",3,0.020833333333333332
triplet,"[""phi_1020"", ""W"", ""Z""]",3,0.020833333333333332
triplet,"[""D_plus"", ""B0"", ""Bs0""]",3,0.020833333333333332
triplet,"[""Ds_plus"", ""J_psi"", ""top""]",3,0.020833333333333332
triplet,"[""Ds_plus"", ""Higgs"", ""top""]",3,0.020833333333333332
triplet,"[""B0"", ""Z"", ""Higgs""]",3,0.020833333333333332
triplet,"[""muon"", ""tau"", ""rho_770""]",3,0.016666666666666666
triplet,"[""muon"", ""tau"", ""top""]",3,0.016666666666666666
triplet,"[""muon"", ""Lambda"", ""W""]",3,0.016666666666666666
triplet,"[""muon"", ""Sigma_plus"", ""B0""]",3,0.016666666666666666
triplet,"[""muon"", ""Sigma_plus"", ""Bs0""]",3,0.016666666666666666
triplet,"[""muon"", ""Omega_minus"", ""Ds_plus""]",3,0.016666666666666666
triplet,"[""muon"", ""Delta_1232"", ""phi_1020""]",3,0.016666666666666666
triplet,"[""muon"", ""K_plus"", ""rho_770""]",3,0.016666666666666666
triplet,"[""muon"", ""phi_1020"", ""D0""]",3,0.016666666666666666
triplet,"[""muon"", ""J_psi"", ""top""]",3,0.016666666666666666
triplet,"[""muon"", ""W"", ""Higgs""]",3,0.016666666666666666
triplet,"[""tau"", ""neutron"", ""Lambda""]",3,0.016666666666666666
triplet,"[""tau"", ""neutron"", ""B0""]",3,0.016666666666666666
triplet,"[""tau"", ""Lambda"", ""phi_1020""]",3,0.016666666666666666
triplet,"[""tau"", ""Delta_1232"", ""K_plus""]",3,0.016666666666666666
triplet,"[""tau"", ""K_plus"", ""phi_1020""]",3,0.016666666666666666
triplet,"[""tau"", ""K_plus"", ""Upsilon_1S""]",3,0.016666666666666666
triplet,"[""tau"", ""eta"", ""B_plus""]",3,0.016666666666666666
triplet,"[""tau"", ""omega_782"", ""Bs0""]",3,0.016666666666666666
triplet,"[""tau"", ""omega_782"", ""Higgs""]",3,0.016666666666666666
triplet,"[""tau"", ""J_psi"", ""Bs0""]",3,0.016666666666666666
triplet,"[""tau"", ""B_plus"", ""Z""]",3,0.016666666666666666
triplet,"[""neutron"", ""Xi_minus"", ""K_plus""]",3,0.016666666666666666
triplet,"[""neutron"", ""Xi_minus"", ""B_plus""]",3,0.016666666666666666
triplet,"[""neutron"", ""Xi_minus"", ""B0""]",3,0.016666666666666666
triplet,"[""neutron"", ""Xi_minus"", ""Bs0""]",3,0.016666666666666666
triplet,"[""neutron"", ""Omega_minus"", ""pi0""]",3,0.016666666666666666
triplet,"[""neutron"", ""Omega_minus"", ""B0""]",3,0.016666666666666666
triplet,"[""neutron"", ""pi0"", ""pi_plus""]",3,0.016666666666666666
triplet,"[""neutron"", ""pi_plus"", ""J_psi""]",3,0.016666666666666666
triplet,"[""neutron"", ""pi_plus"", ""W""]",3,0.016666666666666666
triplet,"[""neutron"", ""K_long"", ""Ds_plus""]",3,0.016666666666666666
triplet,"[""neutron"", ""K_long"", ""J_psi""]",3,0.016666666666666666
triplet,"[""neutron"", ""K_long"", ""W""]",3,0.016666666666666666
triplet,"[""neutron"", ""K_long"", ""Z""]",3,0.016666666666666666
triplet,"[""neutron"", ""K_long"", ""Higgs""]",3,0.016666666666666666
triplet,"[""neutron"", ""rho_770"", ""B_plus""]",3,0.016666666666666666
triplet,"[""neutron"", ""rho_770"", ""B0""]",3,0.016666666666666666
triplet,"[""neutron"", ""omega_782"", ""B_plus""]",3,0.016666666666666666
triplet,"[""neutron"", ""D0"", ""top""]",3,0.016666666666666666
triplet,"[""neutron"", ""Ds_plus"", ""B0""]",3,0.016666666666666666
triplet,"[""neutron"", ""Ds_plus"", ""Bs0""]",3,0.016666666666666666
triplet,"[""neutron"", ""J_psi"", ""W""]",3,0.016666666666666666
triplet,"[""neutron"", ""J_psi"", ""Z""]",3,0.016666666666666666
triplet,"[""Lambda"", ""Delta_1232"", ""phi_1020""]",3,0.016666666666666666
triplet,"[""Lambda"", ""Delta_1232"", ""Ds_plus""]",3,0.016666666666666666
triplet,"[""Lambda"", ""pi0"", ""Bs0""]",3,0.016666666666666666
triplet,"[""Lambda"", ""K_plus"", ""Ds_plus""]",3,0.016666666666666666
triplet,"[""Lambda"", ""J_psi"", ""Z""]",3,0.016666666666666666
triplet,"[""Lambda"", ""B_plus"", ""Z""]",3,0.016666666666666666
triplet,"[""Sigma_plus"", ""K_long"", ""J_psi""]",3,0.016666666666666666
triplet,"[""Sigma_plus"", ""eta"", ""omega_782""]",3,0.016666666666666666
triplet,"[""Xi_minus"", ""Delta_1232"", ""phi_1020""]",3,0.016666666666666666
triplet,"[""Xi_minus"", ""pi0"", ""phi_1020""]",3,0.016666666666666666
triplet,"[""Xi_minus"", ""pi0"", ""D0""]",3,0.016666666666666666
triplet,"[""Xi_minus"", ""K_plus"", ""omega_782""]",3,0.016666666666666666
triplet,"[""Xi_minus"", ""K_plus"", ""phi_1020""]",3,0.016666666666666666
triplet,"[""Xi_minus"", ""K_plus"", ""W""]",3,0.016666666666666666
triplet,"[""Xi_minus"", ""rho_770"", ""B_plus""]",3,0.016666666666666666
triplet,"[""Xi_minus"", ""omega_782"", ""Bs0""]",3,0.016666666666666666
triplet,"[""Xi_minus"", ""omega_782"", ""Higgs""]",3,0.016666666666666666
triplet,"[""Xi_minus"", ""phi_1020"", ""B_plus""]",3,0.016666666666666666
triplet,"[""Xi_minus"", ""B_plus"", ""W""]",3,0.016666666666666666
triplet,"[""Xi_minus"", ""B_plus"", ""Z""]",3,0.016666666666666666
triplet,"[""Xi_minus"", ""B_plus"", ""top""]",3,0.016666666666666666
triplet,"[""Xi_minus"", ""B0"", ""top""]",3,0.016666666666666666
triplet,"[""Xi_minus"", ""Bs0"", ""top""]",3,0.016666666666666666
triplet,"[""Xi_minus"", ""Z"", ""Higgs""]",3,0.016666666666666666
triplet,"[""Omega_minus"", ""Delta_1232"", ""pi_plus""]",3,0.016666666666666666
triplet,"[""Omega_minus"", ""pi0"", ""Higgs""]",3,0.016666666666666666
triplet,"[""Omega_minus"", ""pi_plus"", ""rho_770""]",3,0.016666666666666666
triplet,"[""Omega_minus"", ""pi_plus"", ""omega_782""]",3,0.016666666666666666
triplet,"[""Omega_minus"", ""pi_plus"", ""phi_1020""]",3,0.016666666666666666
triplet,"[""Omega_minus"", ""pi_plus"", ""Z""]",3,0.016666666666666666
triplet,"[""Omega_minus"", ""K_plus"", ""phi_1020""]",3,0.016666666666666666
triplet,"[""Omega_minus"", ""K_long"", ""B_plus""]",3,0.016666666666666666
triplet,"[""Omega_minus"", ""K_long"", ""Upsilon_1S""]",3,0.016666666666666666
triplet,"[""Omega_minus"", ""eta"", ""B0""]",3,0.016666666666666666
triplet,"[""Omega_minus"", ""eta"", ""top""]",3,0.016666666666666666
triplet,"[""Omega_minus"", ""D0"", ""Upsilon_1S""]",3,0.016666666666666666
triplet,"[""Omega_minus"", ""B0"", ""Upsilon_1S""]",3,0.016666666666666666
triplet,"[""Omega_minus"", ""B0"", ""top""]",3,0.016666666666666666
triplet,"[""Omega_minus"", ""Bs0"", ""Z""]",3,0.016666666666666666
triplet,"[""Omega_minus"", ""Bs0"", ""top""]",3,0.016666666666666666
triplet,"[""Delta_1232"", ""pi_plus"", ""phi_1020""]",3,0.016666666666666666
triplet,"[""Delta_1232"", ""pi_plus"", ""B0""]",3,0.016666666666666666
triplet,"[""Delta_1232"", ""pi_plus"", ""Bs0""]",3,0.016666666666666666
triplet,"[""Delta_1232"", ""K_plus"", ""phi_1020""]",3,0.016666666666666666
triplet,"[""Delta_1232"", ""K_short"", ""Upsilon_1S""]",3,0.016666666666666666
triplet,"[""Delta_1232"", ""K_long"", ""Upsilon_1S""]",3,0.016666666666666666
triplet,"[""Delta_1232"", ""phi_1020"", ""B_plus""]",3,0.016666666666666666
triplet,"[""pi0"", ""pi_plus"", ""D0""]",3,0.016666666666666666
triplet,"[""pi0"", ""K_short"", ""omega_782""]",3,0.016666666666666666
triplet,"[""pi0"", ""K_short"", ""top""]",3,0.016666666666666666
triplet,"[""pi0"", ""K_long"", ""omega_782""]",3,0.016666666666666666
triplet,"[""pi0"", ""K_long"", ""top""]",3,0.016666666666666666
triplet,"[""pi0"", ""rho_770"", ""D_plus""]",3,0.016666666666666666
triplet,"[""pi0"", ""phi_1020"", ""B_plus""]",3,0.016666666666666666
triplet,"[""pi_plus"", ""rho_770"", ""Higgs""]",3,0.016666666666666666
triplet,"[""pi_plus"", ""B_plus"", ""Z""]",3,0.016666666666666666
triplet,"[""pi_plus"", ""B0"", ""Upsilon_1S""]",3,0.016666666666666666
triplet,"[""K_plus"", ""eta"", ""D0""]",3,0.016666666666666666
triplet,"[""K_plus"", ""rho_770"", ""J_psi""]",3,0.016666666666666666
triplet,"[""K_plus"", ""Ds_plus"", ""J_psi""]",3,0.016666666666666666
triplet,"[""K_plus"", ""B_plus"", ""top""]",3,0.016666666666666666
triplet,"[""K_plus"", ""W"", ""Higgs""]",3,0.016666666666666666
triplet,"[""K_plus"", ""Z"", ""Higgs""]",3,0.016666666666666666
triplet,"[""K_short"", ""rho_770"", ""D_plus""]",3,0.016666666666666666
triplet,"[""K_short"", ""phi_1020"", ""D_plus""]",3,0.016666666666666666
triplet,"[""K_short"", ""D_plus"", ""J_psi""]",3,0.016666666666666666
triplet,"[""K_short"", ""D_plus"", ""W""]",3,0.016666666666666666
triplet,"[""K_short"", ""B0"", ""Bs0""]",3,0.016666666666666666
triplet,"[""K_long"", ""eta"", ""omega_782""]",3,0.016666666666666666
triplet,"[""K_long"", ""rho_770"", ""phi_1020""]",3,0.016666666666666666
triplet,"[""K_long"", ""J_psi"", ""W""]",3,0.016666666666666666
triplet,"[""K_long"", ""J_psi"", ""Z""]",3,0.016666666666666666
triplet,"[""eta"", ""D_plus"", ""W""]",3,0.016666666666666666
triplet,"[""eta"", ""B_plus"", ""top""]",3,0.016666666666666666
triplet,"[""eta"", ""B0"", ""top""]",3,0.016666666666666666
triplet,"[""rho_770"", ""omega_782"", ""D0""]",3,0.016666666666666666
triplet,"[""rho_770"", ""omega_782"", ""D_plus""]",3,0.016666666666666666
triplet,"[""rho_770"", ""Ds_plus"", ""J_psi""]",3,0.016666666666666666
triplet,"[""rho_770"", ""Bs0"", ""Higgs""]",3,0.016666666666666666
triplet,"[""omega_782"", ""D0"", ""J_psi""]",3,0.016666666666666666
triplet,"[""omega_782"", ""Ds_plus"", ""Higgs""]",3,0.016666666666666666
triplet,"[""D0"", ""Higgs"", ""top""]",3,0.016666666666666666
triplet,"[""J_psi"", ""B_plus"", ""W""]",3,0.016666666666666666
triplet,"[""J_psi"", ""B0"", ""W""]",3,0.016666666666666666
triplet,"[""J_psi"", ""Bs0"", ""W""]",3,0.016666666666666666
triplet,"[""muon"", ""neutron"", ""D0""]",3,0.0125
triplet,"[""muon"", ""neutron"", ""Ds_plus""]",3,0.0125
triplet,"[""muon"", ""neutron"", ""Upsilon_1S""]",3,0.0125
triplet,"[""muon"", ""Lambda"", ""omega_782""]",3,0.0125
triplet,"[""muon"", ""Lambda"", ""top""]",3,0.0125
triplet,"[""muon"", ""Sigma_plus"", ""Delta_1232""]",3,0.0125
triplet,"[""muon"", ""Xi_minus"", ""D_plus""]",3,0.0125
triplet,"[""muon"", ""pi_plus"", ""D0""]",3,0.0125
triplet,"[""muon"", ""eta"", ""Higgs""]",3,0.0125
triplet,"[""muon"", ""D0"", ""B_plus""]",3,0.0125
triplet,"[""muon"", ""B_plus"", ""Z""]",3,0.0125
triplet,"[""tau"", ""neutron"", ""pi0""]",3,0.0125
triplet,"[""tau"", ""neutron"", ""rho_770""]",3,0.0125
triplet,"[""tau"", ""neutron"", ""B_plus""]",3,0.0125
triplet,"[""tau"", ""Lambda"", ""Delta_1232""]",3,0.0125
triplet,"[""tau"", ""Xi_minus"", ""W""]",3,0.0125
triplet,"[""tau"", ""Xi_minus"", ""Z""]",3,0.0125
triplet,"[""tau"", ""Omega_minus"", ""J_psi""]",3,0.0125
triplet,"[""tau"", ""Delta_1232"", ""B0""]",3,0.0125
triplet,"[""tau"", ""Delta_1232"", ""Bs0""]",3,0.0125
triplet,"[""tau"", ""pi0"", ""B_plus""]",3,0.0125
triplet,"[""tau"", ""pi_plus"", ""eta""]",3,0.0125
triplet,"[""tau"", ""pi_plus"", ""W""]",3,0.0125
triplet,"[""tau"", ""pi_plus"", ""Z""]",3,0.0125
triplet,"[""tau"", ""K_long"", ""B_plus""]",3,0.0125
triplet,"[""tau"", ""eta"", ""B0""]",3,0.0125
triplet,"[""tau"", ""eta"", ""Bs0""]",3,0.0125
triplet,"[""tau"", ""rho_770"", ""omega_782""]",3,0.0125
triplet,"[""tau"", ""rho_770"", ""Higgs""]",3,0.0125
triplet,"[""tau"", ""rho_770"", ""top""]",3,0.0125
triplet,"[""tau"", ""omega_782"", ""B_plus""]",3,0.0125
triplet,"[""tau"", ""omega_782"", ""B0""]",3,0.0125
triplet,"[""tau"", ""phi_1020"", ""B0""]",3,0.0125
triplet,"[""tau"", ""phi_1020"", ""Bs0""]",3,0.0125
triplet,"[""tau"", ""J_psi"", ""B_plus""]",3,0.0125
triplet,"[""tau"", ""J_psi"", ""B0""]",3,0.0125
triplet,"[""tau"", ""B_plus"", ""Higgs""]",3,0.0125
triplet,"[""tau"", ""B_plus"", ""top""]",3,0.0125
triplet,"[""tau"", ""B0"", ""top""]",3,0.0125
triplet,"[""tau"", ""Bs0"", ""Z""]",3,0.0125
triplet,"[""tau"", ""Bs0"", ""Higgs""]",3,0.0125
triplet,"[""tau"", ""Bs0"", ""top""]",3,0.0125
triplet,"[""neutron"", ""Lambda"", ""Delta_1232""]",3,0.0125
triplet,"[""neutron"", ""Lambda"", ""Ds_plus""]",3,0.0125
triplet,"[""neutron"", ""Xi_minus"", ""pi_plus""]",3,0.0125
triplet,"[""neutron"", ""Xi_minus"", ""rho_770""]",3,0.0125
triplet,"[""neutron"", ""Omega_minus"", ""B_plus""]",3,0.0125
triplet,"[""neutron"", ""Delta_1232"", ""phi_1020""]",3,0.0125
triplet,"[""neutron"", ""Delta_1232"", ""Ds_plus""]",3,0.0125
triplet,"[""neutron"", ""Delta_1232"", ""Upsilon_1S""]",3,0.0125
triplet,"[""neutron"", ""pi0"", ""rho_770""]",3,0.0125
triplet,"[""neutron"", ""pi0"", ""W""]",3,0.0125
triplet,"[""neutron"", ""K_plus"", ""B_plus""]",3,0.0125
triplet,"[""neutron"", ""K_plus"", ""top""]",3,0.0125
triplet,"[""neutron"", ""K_short"", ""rho_770""]",3,0.0125
triplet,"[""neutron"", ""K_short"", ""W""]",3,0.0125
triplet,"[""neutron"", ""K_long"", ""B0""]",3,0.0125
triplet,"[""neutron"", ""eta"", ""J_psi""]",3,0.0125
triplet,"[""neutron"", ""eta"", ""B_plus""]",3,0.0125
triplet,"[""neutron"", ""rho_770"", ""omega_782""]",3,0.0125
triplet,"[""neutron"", ""rho_770"", ""D0""]",3,0.0125
triplet,"[""neutron"", ""rho_770"", ""D_plus""]",3,0.0125
triplet,"[""neutron"", ""rho_770"", ""Ds_plus""]",3,0.0125
triplet,"[""neutron"", ""rho_770"", ""Higgs""]",3,0.0125
triplet,"[""neutron"", ""omega_782"", ""B0""]",3,0.0125
triplet,"[""neutron"", ""phi_1020"", ""J_psi""]",3,0.0125
triplet,"[""neutron"", ""phi_1020"", ""B_plus""]",3,0.0125
triplet,"[""neutron"", ""phi_1020"", ""Upsilon_1S""]",3,0.0125
triplet,"[""neutron"", ""D0"", ""B_plus""]",3,0.0125
triplet,"[""neutron"", ""D0"", ""Upsilon_1S""]",3,0.0125
triplet,"[""neutron"", ""D_plus"", ""J_psi""]",3,0.0125
triplet,"[""neutron"", ""B_plus"", ""Upsilon_1S""]",3,0.0125
triplet,"[""neutron"", ""B_plus"", ""top""]",3,0.0125
triplet,"[""neutron"", ""B0"", ""W""]",3,0.0125
triplet,"[""neutron"", ""B0"", ""top""]",3,0.0125
triplet,"[""neutron"", ""Bs0"", ""W""]",3,0.0125
triplet,"[""neutron"", ""Bs0"", ""Z""]",3,0.0125
triplet,"[""neutron"", ""Bs0"", ""top""]",3,0.0125
triplet,"[""neutron"", ""Upsilon_1S"", ""W""]",3,0.0125
triplet,"[""neutron"", ""W"", ""Higgs""]",3,0.0125
triplet,"[""Lambda"", ""Delta_1232"", ""pi0""]",3,0.0125
triplet,"[""Lambda"", ""Delta_1232"", ""K_plus""]",3,0.0125
triplet,"[""Lambda"", ""pi_plus"", ""eta""]",3,0.0125
triplet,"[""Lambda"", ""K_plus"", ""eta""]",3,0.0125
triplet,"[""Lambda"", ""K_plus"", ""rho_770""]",3,0.0125
triplet,"[""Lambda"", ""K_plus"", ""omega_782""]",3,0.0125
triplet,"[""Lambda"", ""K_plus"", ""phi_1020""]",3,0.0125
triplet,"[""Lambda"", ""K_plus"", ""Z""]",3,0.0125
triplet,"[""Lambda"", ""K_plus"", ""Higgs""]",3,0.0125
triplet,"[""Lambda"", ""K_plus"", ""top""]",3,0.0125
triplet,"[""Lambda"", ""K_short"", ""Ds_plus""]",3,0.0125
triplet,"[""Lambda"", ""eta"", ""J_psi""]",3,0.0125
triplet,"[""Lambda"", ""omega_782"", ""J_psi""]",3,0.0125
triplet,"[""Lambda"", ""omega_782"", ""Higgs""]",3,0.0125
triplet,"[""Lambda"", ""D0"", ""J_psi""]",3,0.0125
triplet,"[""Lambda"", ""D0"", ""Z""]",3,0.0125
triplet,"[""Lambda"", ""D0"", ""Higgs""]",3,0.0125
triplet,"[""Lambda"", ""B_plus"", ""W""]",3,0.0125
triplet,"[""Lambda"", ""Higgs"", ""top""]",3,0.0125
triplet,"[""Sigma_plus"", ""Delta_1232"", ""phi_1020""]",3,0.0125
triplet,"[""Sigma_plus"", ""pi0"", ""W""]",3,0.0125
triplet,"[""Sigma_plus"", ""pi_plus"", ""phi_1020""]",3,0.0125
triplet,"[""Sigma_plus"", ""K_long"", ""top""]",3,0.0125
triplet,"[""Sigma_plus"", ""eta"", ""rho_770""]",3,0.0125
triplet,"[""Sigma_plus"", ""eta"", ""top""]",3,0.0125
triplet,"[""Sigma_plus"", ""rho_770"", ""omega_782""]",3,0.0125
triplet,"[""Sigma_plus"", ""rho_770"", ""B0""]",3,0.0125
triplet,"[""Sigma_plus"", ""rho_770"", ""Bs0""]",3,0.0125
triplet,"[""Sigma_plus"", ""rho_770"", ""top""]",3,0.0125
triplet,"[""Sigma_plus"", ""D0"", ""J_psi""]",3,0.0125
triplet,"[""Sigma_plus"", ""B0"", ""Higgs""]",3,0.0125
triplet,"[""Sigma_plus"", ""Bs0"", ""Higgs""]",3,0.0125
triplet,"[""Xi_minus"", ""Delta_1232"", ""omega_782""]",3,0.0125
triplet,"[""Xi_minus"", ""Delta_1232"", ""B_plus""]",3,0.0125
triplet,"[""Xi_minus"", ""pi0"", ""K_long""]",3,0.0125
triplet,"[""Xi_minus"", ""pi_plus"", ""eta""]",3,0.0125
triplet,"[""Xi_minus"", ""pi_plus"", ""omega_782""]",3,0.0125
triplet,"[""Xi_minus"", ""pi_plus"", ""phi_1020""]",3,0.0125
triplet,"[""Xi_minus"", ""pi_plus"", ""J_psi""]",3,0.0125
triplet,"[""Xi_minus"", ""pi_plus"", ""W""]",3,0.0125
triplet,"[""Xi_minus"", ""K_short"", ""B_plus""]",3,0.0125
triplet,"[""Xi_minus"", ""rho_770"", ""omega_782""]",3,0.0125
triplet,"[""Xi_minus"", ""rho_770"", ""D0""]",3,0.0125
triplet,"[""Xi_minus"", ""rho_770"", ""B0""]",3,0.0125
triplet,"[""Xi_minus"", ""rho_770"", ""Bs0""]",3,0.0125
triplet,"[""Xi_minus"", ""rho_770"", ""Upsilon_1S""]",3,0.0125
triplet,"[""Xi_minus"", ""rho_770"", ""Higgs""]",3,0.0125
triplet,"[""Xi_minus"", ""Ds_plus"", ""Upsilon_1S""]",3,0.0125
triplet,"[""Xi_minus"", ""J_psi"", ""W""]",3,0.0125
triplet,"[""Xi_minus"", ""Higgs"", ""top""]",3,0.0125
triplet,"[""Omega_minus"", ""pi0"", ""B_plus""]",3,0.0125
triplet,"[""Omega_minus"", ""pi_plus"", ""Upsilon_1S""]",3,0.0125
triplet,"[""Omega_minus"", ""pi_plus"", ""top""]",3,0.0125
triplet,"[""Omega_minus"", ""K_long"", ""omega_782""]",3,0.0125
triplet,"[""Omega_minus"", ""K_long"", ""top""]",3,0.0125
triplet,"[""Omega_minus"", ""eta"", ""rho_770""]",3,0.0125
triplet,"[""Omega_minus"", ""eta"", ""phi_1020""]",3,0.0125
triplet,"[""Omega_minus"", ""eta"", ""B_plus""]",3,0.0125
triplet,"[""Omega_minus"", ""eta"", ""Bs0""]",3,0.0125
triplet,"[""Omega_minus"", ""rho_770"", ""D0""]",3,0.0125
triplet,"[""Omega_minus"", ""omega_782"", ""D0""]",3,0.0125
triplet,"[""Omega_minus"", ""phi_1020"", ""B0""]",3,0.0125
triplet,"[""Omega_minus"", ""phi_1020"", ""Bs0""]",3,0.0125
triplet,"[""Omega_minus"", ""D0"", ""top""]",3,0.0125
triplet,"[""Omega_minus"", ""J_psi"", ""B0""]",3,0.0125
triplet,"[""Omega_minus"", ""J_psi"", ""Bs0""]",3,0.0125
triplet,"[""Omega_minus"", ""B_plus"", ""Z""]",3,0.0125
triplet,"[""Omega_minus"", ""B0"", ""Z""]",3,0.0125
triplet,"[""Omega_minus"", ""B0"", ""Higgs""]",3,0.0125
triplet,"[""Omega_minus"", ""Bs0"", ""Higgs""]",3,0.0125
triplet,"[""Omega_minus"", ""W"", ""Higgs""]",3,0.0125
triplet,"[""Delta_1232"", ""pi0"", ""Ds_plus""]",3,0.0125
triplet,"[""Delta_1232"", ""pi_plus"", ""D0""]",3,0.0125
triplet,"[""Delta_1232"", ""pi_plus"", ""B_plus""]",3,0.0125
triplet,"[""Delta_1232"", ""K_plus"", ""omega_782""]",3,0.0125
triplet,"[""Delta_1232"", ""K_plus"", ""top""]",3,0.0125
triplet,"[""Delta_1232"", ""K_short"", ""phi_1020""]",3,0.0125
triplet,"[""Delta_1232"", ""K_short"", ""D_plus""]",3,0.0125
triplet,"[""Delta_1232"", ""K_short"", ""Higgs""]",3,0.0125
triplet,"[""Delta_1232"", ""K_long"", ""eta""]",3,0.0125
triplet,"[""Delta_1232"", ""eta"", ""J_psi""]",3,0.0125
triplet,"[""Delta_1232"", ""eta"", ""B_plus""]",3,0.0125
triplet,"[""Delta_1232"", ""phi_1020"", ""D_plus""]",3,0.0125
triplet,"[""Delta_1232"", ""D_plus"", ""Higgs""]",3,0.0125
triplet,"[""pi0"", ""pi_plus"", ""phi_1020""]",3,0.0125
triplet,"[""pi0"", ""pi_plus"", ""Higgs""]",3,0.0125
triplet,"[""pi0"", ""K_short"", ""J_psi""]",3,0.0125
triplet,"[""pi0"", ""K_long"", ""J_psi""]",3,0.0125
triplet,"[""pi0"", ""K_long"", ""B_plus""]",3,0.0125
triplet,"[""pi0"", ""K_long"", ""B0""]",3,0.0125
triplet,"[""pi0"", ""K_long"", ""Bs0""]",3,0.0125
triplet,"[""pi_plus"", ""eta"", ""Higgs""]",3,0.0125
triplet,"[""pi_plus"", ""omega_782"", ""J_psi""]",3,0.0125
triplet,"[""pi_plus"", ""phi_1020"", ""B_plus""]",3,0.0125
triplet,"[""pi_plus"", ""Ds_plus"", ""Z""]",3,0.0125
triplet,"[""pi_plus"", ""W"", ""Higgs""]",3,0.0125
triplet,"[""pi_plus"", ""Higgs"", ""top""]",3,0.0125
triplet,"[""K_plus"", ""rho_770"", ""Ds_plus""]",3,0.0125
triplet,"[""K_plus"", ""omega_782"", ""Ds_plus""]",3,0.0125
triplet,"[""K_plus"", ""omega_782"", ""J_psi""]",3,0.0125
triplet,"[""K_plus"", ""omega_782"", ""B_plus""]",3,0.0125
triplet,"[""K_plus"", ""omega_782"", ""Higgs""]",3,0.0125
triplet,"[""K_plus"", ""D0"", ""W""]",3,0.0125
triplet,"[""K_plus"", ""D0"", ""Z""]",3,0.0125
triplet,"[""K_plus"", ""Ds_plus"", ""Higgs""]",3,0.0125
triplet,"[""K_plus"", ""J_psi"", ""W""]",3,0.0125
triplet,"[""K_plus"", ""J_psi"", ""top""]",3,0.0125
triplet,"[""K_short"", ""K_long"", ""W""]",3,0.0125
triplet,"[""K_short"", ""K_long"", ""Z""]",3,0.0125
triplet,"[""K_short"", ""eta"", ""W""]",3,0.0125
triplet,"[""K_short"", ""rho_770"", ""omega_782""]",3,0.0125
triplet,"[""K_short"", ""rho_770"", ""top""]",3,0.0125
triplet,"[""K_short"", ""D_plus"", ""top""]",3,0.0125
triplet,"[""K_short"", ""J_psi"", ""top""]",3,0.0125
triplet,"[""K_short"", ""B_plus"", ""Bs0""]",3,0.0125
triplet,"[""K_short"", ""Upsilon_1S"", ""W""]",3,0.0125
triplet,"[""K_long"", ""eta"", ""W""]",3,0.0125
triplet,"[""K_long"", ""eta"", ""Z""]",3,0.0125
triplet,"[""K_long"", ""omega_782"", ""D0""]",3,0.0125
triplet,"[""K_long"", ""D0"", ""Upsilon_1S""]",3,0.0125
triplet,"[""K_long"", ""D_plus"", ""Upsilon_1S""]",3,0.0125
triplet,"[""K_long"", ""D_plus"", ""W""]",3,0.0125
triplet,"[""K_long"", ""D_plus"", ""Z""]",3,0.0125
triplet,"[""K_long"", ""D_plus"", ""top""]",3,0.0125
triplet,"[""K_long"", ""B_plus"", ""Z""]",3,0.0125
triplet,"[""eta"", ""D0"", ""J_psi""]",3,0.0125
triplet,"[""eta"", ""D0"", ""B_plus""]",3,0.0125
triplet,"[""eta"", ""D_plus"", ""Higgs""]",3,0.0125
triplet,"[""eta"", ""Ds_plus"", ""J_psi""]",3,0.0125
triplet,"[""eta"", ""Ds_plus"", ""Higgs""]",3,0.0125
triplet,"[""eta"", ""Bs0"", ""top""]",3,0.0125
triplet,"[""rho_770"", ""omega_782"", ""Ds_plus""]",3,0.0125
triplet,"[""rho_770"", ""omega_782"", ""B_plus""]",3,0.0125
triplet,"[""rho_770"", ""omega_782"", ""Bs0""]",3,0.0125
triplet,"[""rho_770"", ""phi_1020"", ""W""]",3,0.0125
triplet,"[""rho_770"", ""D0"", ""Bs0""]",3,0.0125
triplet,"[""rho_770"", ""D0"", ""Upsilon_1S""]",3,0.0125
triplet,"[""rho_770"", ""D0"", ""top""]",3,0.0125
triplet,"[""rho_770"", ""B0"", ""Upsilon_1S""]",3,0.0125
triplet,"[""rho_770"", ""B0"", ""Higgs""]",3,0.0125
triplet,"[""rho_770"", ""Bs0"", ""Upsilon_1S""]",3,0.0125
triplet,"[""rho_770"", ""Bs0"", ""top""]",3,0.0125
triplet,"[""phi_1020"", ""D0"", ""J_psi""]",3,0.0125
triplet,"[""phi_1020"", ""D0"", ""B_plus""]",3,0.0125
triplet,"[""phi_1020"", ""D0"", ""B0""]",3,0.0125
triplet,"[""D0"", ""J_psi"", ""B_plus""]",3,0.0125
triplet,"[""D0"", ""J_psi"", ""top""]",3,0.0125
triplet,"[""D_plus"", ""J_psi"", ""top""]",3,0.0125
triplet,"[""D_plus"", ""Upsilon_1S"", ""Z""]",3,0.0125
triplet,"[""Ds_plus"", ""J_psi"", ""Z""]",3,0.0125
triplet,"[""J_psi"", ""Upsilon_1S"", ""Higgs""]",3,0.0125
triplet,"[""muon"", ""tau"", ""Z""]",3,0.008333333333333333
triplet,"[""muon"", ""neutron"", ""Delta_1232""]",3,0.008333333333333333
triplet,"[""muon"", ""neutron"", ""eta""]",3,0.008333333333333333
triplet,"[""muon"", ""neutron"", ""phi_1020""]",3,0.008333333333333333
triplet,"[""muon"", ""Lambda"", ""Upsilon_1S""]",3,0.008333333333333333
triplet,"[""muon"", ""Sigma_plus"", ""Upsilon_1S""]",3,0.008333333333333333
triplet,"[""muon"", ""Sigma_plus"", ""W""]",3,0.008333333333333333
triplet,"[""muon"", ""Sigma_plus"", ""Z""]",3,0.008333333333333333
triplet,"[""muon"", ""Xi_minus"", ""D0""]",3,0.008333333333333333
triplet,"[""muon"", ""Xi_minus"", ""B_plus""]",3,0.008333333333333333
triplet,"[""muon"", ""Omega_minus"", ""eta""]",3,0.008333333333333333
triplet,"[""muon"", ""Omega_minus"", ""omega_782""]",3,0.008333333333333333
triplet,"[""muon"", ""Omega_minus"", ""phi_1020""]",3,0.008333333333333333
triplet,"[""muon"", ""Omega_minus"", ""top""]",3,0.008333333333333333
triplet,"[""muon"", ""Delta_1232"", ""pi0""]",3,0.008333333333333333
triplet,"[""muon"", ""Delta_1232"", ""D_plus""]",3,0.008333333333333333
triplet,"[""muon"", ""Delta_1232"", ""J_psi""]",3,0.008333333333333333
triplet,"[""muon"", ""Delta_1232"", ""B_plus""]",3,0.008333333333333333
triplet,"[""muon"", ""Delta_1232"", ""Higgs""]",3,0.008333333333333333
triplet,"[""muon"", ""pi0"", ""rho_770""]",3,0.008333333333333333
triplet,"[""muon"", ""pi_plus"", ""Ds_plus""]",3,0.008333333333333333
triplet,"[""muon"", ""pi_plus"", ""B0""]",3,0.008333333333333333
triplet,"[""muon"", ""pi_plus"", ""Bs0""]",3,0.008333333333333333
triplet,"[""muon"", ""K_short"", ""K_long""]",3,0.008333333333333333
triplet,"[""muon"", ""K_short"", ""Upsilon_1S""]",3,0.008333333333333333
triplet,"[""muon"", ""K_short"", ""W""]",3,0.008333333333333333
triplet,"[""muon"", ""K_short"", ""Z""]",3,0.008333333333333333
triplet,"[""muon"", ""K_long"", ""J_psi""]",3,0.008333333333333333
triplet,"[""muon"", ""K_long"", ""Z""]",3,0.008333333333333333
triplet,"[""muon"", ""K_long"", ""Higgs""]",3,0.008333333333333333
triplet,"[""muon"", ""eta"", ""phi_1020""]",3,0.008333333333333333
triplet,"[""muon"", ""eta"", ""W""]",3,0.008333333333333333
triplet,"[""muon"", ""rho_770"", ""omega_782""]",3,0.008333333333333333
triplet,"[""muon"", ""rho_770"", ""B_plus""]",3,0.008333333333333333
triplet,"[""muon"", ""rho_770"", ""W""]",3,0.008333333333333333
triplet,"[""muon"", ""rho_770"", ""Z""]",3,0.008333333333333333
triplet,"[""muon"", ""omega_782"", ""J_psi""]",3,0.008333333333333333
triplet,"[""muon"", ""phi_1020"", ""J_psi""]",3,0.008333333333333333
triplet,"[""muon"", ""D0"", ""Higgs""]",3,0.008333333333333333
triplet,"[""muon"", ""D_plus"", ""Upsilon_1S""]",3,0.008333333333333333
triplet,"[""muon"", ""Ds_plus"", ""B0""]",3,0.008333333333333333
triplet,"[""muon"", ""Ds_plus"", ""Bs0""]",3,0.008333333333333333
triplet,"[""muon"", ""Ds_plus"", ""Upsilon_1S""]",3,0.008333333333333333
triplet,"[""muon"", ""Ds_plus"", ""W""]",3,0.008333333333333333
triplet,"[""muon"", ""Ds_plus"", ""Higgs""]",3,0.008333333333333333
triplet,"[""muon"", ""B_plus"", ""Upsilon_1S""]",3,0.008333333333333333
triplet,"[""muon"", ""B_plus"", ""W""]",3,0.008333333333333333
triplet,"[""muon"", ""B0"", ""Upsilon_1S""]",3,0.008333333333333333
triplet,"[""muon"", ""Bs0"", ""Upsilon_1S""]",3,0.008333333333333333
triplet,"[""muon"", ""Upsilon_1S"", ""Z""]",3,0.008333333333333333
triplet,"[""muon"", ""Upsilon_1S"", ""Higgs""]",3,0.008333333333333333
triplet,"[""muon"", ""Higgs"", ""top""]",3,0.008333333333333333
triplet,"[""tau"", ""neutron"", ""Omega_minus""]",3,0.008333333333333333
triplet,"[""tau"", ""neutron"", ""pi_plus""]",3,0.008333333333333333
triplet,"[""tau"", ""neutron"", ""K_plus""]",3,0.008333333333333333
triplet,"[""tau"", ""neutron"", ""K_long""]",3,0.008333333333333333
triplet,"[""tau"", ""neutron"", ""D_plus""]",3,0.008333333333333333
triplet,"[""tau"", ""neutron"", ""Bs0""]",3,0.008333333333333333
triplet,"[""tau"", ""Lambda"", ""pi0""]",3,0.008333333333333333
triplet,"[""tau"", ""Lambda"", ""omega_782""]",3,0.008333333333333333
triplet,"[""tau"", ""Sigma_plus"", ""pi0""]",3,0.008333333333333333
triplet,"[""tau"", ""Sigma_plus"", ""rho_770""]",3,0.008333333333333333
triplet,"[""tau"", ""Sigma_plus"", ""omega_782""]",3,0.008333333333333333
triplet,"[""tau"", ""Sigma_plus"", ""B0""]",3,0.008333333333333333
triplet,"[""tau"", ""Sigma_plus"", ""Upsilon_1S""]",3,0.008333333333333333
triplet,"[""tau"", ""Sigma_plus"", ""W""]",3,0.008333333333333333
triplet,"[""tau"", ""Sigma_plus"", ""Z""]",3,0.008333333333333333
triplet,"[""tau"", ""Sigma_plus"", ""top""]",3,0.008333333333333333
triplet,"[""tau"", ""Omega_minus"", ""Delta_1232""]",3,0.008333333333333333
triplet,"[""tau"", ""Omega_minus"", ""eta""]",3,0.008333333333333333
triplet,"[""tau"", ""Omega_minus"", ""rho_770""]",3,0.008333333333333333
triplet,"[""tau"", ""Omega_minus"", ""omega_782""]",3,0.008333333333333333
triplet,"[""tau"", ""Omega_minus"", ""phi_1020""]",3,0.008333333333333333
triplet,"[""tau"", ""Omega_minus"", ""Higgs""]",3,0.008333333333333333
triplet,"[""tau"", ""Omega_minus"", ""top""]",3,0.008333333333333333
triplet,"[""tau"", ""Delta_1232"", ""B_plus""]",3,0.008333333333333333
triplet,"[""tau"", ""pi0"", ""Higgs""]",3,0.008333333333333333
triplet,"[""tau"", ""K_plus"", ""top""]",3,0.008333333333333333
triplet,"[""tau"", ""eta"", ""top""]",3,0.008333333333333333
triplet,"[""tau"", ""rho_770"", ""B_plus""]",3,0.008333333333333333
triplet,"[""tau"", ""rho_770"", ""Bs0""]",3,0.008333333333333333
triplet,"[""tau"", ""phi_1020"", ""B_plus""]",3,0.008333333333333333
triplet,"[""tau"", ""B_plus"", ""W""]",3,0.008333333333333333
triplet,"[""tau"", ""B0"", ""Z""]",3,0.008333333333333333
triplet,"[""tau"", ""B0"", ""Higgs""]",3,0.008333333333333333
triplet,"[""tau"", ""Higgs"", ""top""]",3,0.008333333333333333
triplet,"[""neutron"", ""Lambda"", ""pi0""]",3,0.008333333333333333
triplet,"[""neutron"", ""Lambda"", ""K_plus""]",3,0.008333333333333333
triplet,"[""neutron"", ""Sigma_plus"", ""eta""]",3,0.008333333333333333
triplet,"[""neutron"", ""Sigma_plus"", ""phi_1020""]",3,0.008333333333333333
triplet,"[""neutron"", ""Sigma_plus"", ""B_plus""]",3,0.008333333333333333
triplet,"[""neutron"", ""Xi_minus"", ""eta""]",3,0.008333333333333333
triplet,"[""neutron"", ""Xi_minus"", ""Ds_plus""]",3,0.008333333333333333
triplet,"[""neutron"", ""Xi_minus"", ""Higgs""]",3,0.008333333333333333
triplet,"[""neutron"", ""Omega_minus"", ""rho_770""]",3,0.008333333333333333
triplet,"[""neutron"", ""Omega_minus"", ""Ds_plus""]",3,0.008333333333333333
triplet,"[""neutron"", ""Omega_minus"", ""Higgs""]",3,0.008333333333333333
triplet,"[""neutron"", ""Delta_1232"", ""pi0""]",3,0.008333333333333333
triplet,"[""neutron"", ""Delta_1232"", ""B0""]",3,0.008333333333333333
triplet,"[""neutron"", ""Delta_1232"", ""Bs0""]",3,0.008333333333333333
triplet,"[""neutron"", ""Delta_1232"", ""top""]",3,0.008333333333333333
triplet,"[""neutron"", ""pi0"", ""K_plus""]",3,0.008333333333333333
triplet,"[""neutron"", ""pi0"", ""omega_782""]",3,0.008333333333333333
triplet,"[""neutron"", ""pi0"", ""phi_1020""]",3,0.008333333333333333
triplet,"[""neutron"", ""pi0"", ""J_psi""]",3,0.008333333333333333
triplet,"[""neutron"", ""pi0"", ""B_plus""]",3,0.008333333333333333
triplet,"[""neutron"", ""pi0"", ""Z""]",3,0.008333333333333333
triplet,"[""neutron"", ""pi0"", ""top""]",3,0.008333333333333333
triplet,"[""neutron"", ""pi_plus"", ""K_long""]",3,0.008333333333333333
triplet,"[""neutron"", ""pi_plus"", ""B0""]",3,0.008333333333333333
triplet,"[""neutron"", ""pi_plus"", ""Bs0""]",3,0.008333333333333333
triplet,"[""neutron"", ""pi_plus"", ""Z""]",3,0.008333333333333333
triplet,"[""neutron"", ""K_plus"", ""omega_782""]",3,0.008333333333333333
triplet,"[""neutron"", ""K_plus"", ""phi_1020""]",3,0.008333333333333333
triplet,"[""neutron"", ""K_short"", ""D_plus""]",3,0.008333333333333333
triplet,"[""neutron"", ""K_short"", ""J_psi""]",3,0.008333333333333333
triplet,"[""neutron"", ""K_short"", ""Higgs""]",3,0.008333333333333333
triplet,"[""neutron"", ""K_long"", ""rho_770""]",3,0.008333333333333333
triplet,"[""neutron"", ""K_long"", ""Bs0""]",3,0.008333333333333333
triplet,"[""neutron"", ""eta"", ""D0""]",3,0.008333333333333333
triplet,"[""neutron"", ""eta"", ""B0""]",3,0.008333333333333333
triplet,"[""neutron"", ""eta"", ""W""]",3,0.008333333333333333
triplet,"[""neutron"", ""eta"", ""Z""]",3,0.008333333333333333
triplet,"[""neutron"", ""eta"", ""Higgs""]",3,0.008333333333333333
triplet,"[""neutron"", ""eta"", ""top""]",3,0.008333333333333333
triplet,"[""neutron"", ""rho_770"", ""J_psi""]",3,0.008333333333333333
triplet,"[""neutron"", ""omega_782"", ""Ds_plus""]",3,0.008333333333333333
triplet,"[""neutron"", ""omega_782"", ""Bs0""]",3,0.008333333333333333
triplet,"[""neutron"", ""omega_782"", ""Higgs""]",3,0.008333333333333333
triplet,"[""neutron"", ""phi_1020"", ""D0""]",3,0.008333333333333333
triplet,"[""neutron"", ""D0"", ""Bs0""]",3,0.008333333333333333
triplet,"[""neutron"", ""D_plus"", ""B0""]",3,0.008333333333333333
triplet,"[""neutron"", ""D_plus"", ""Bs0""]",3,0.008333333333333333
triplet,"[""neutron"", ""D_plus"", ""Upsilon_1S""]",3,0.008333333333333333
triplet,"[""neutron"", ""D_plus"", ""Higgs""]",3,0.008333333333333333
triplet,"[""neutron"", ""Ds_plus"", ""top""]",3,0.008333333333333333
triplet,"[""neutron"", ""J_psi"", ""B_plus""]",3,0.008333333333333333
triplet,"[""neutron"", ""B_plus"", ""Z""]",3,0.008333333333333333
triplet,"[""neutron"", ""B0"", ""Z""]",3,0.008333333333333333
triplet,"[""neutron"", ""Upsilon_1S"", ""Z""]",3,0.008333333333333333
triplet,"[""Lambda"", ""Delta_1232"", ""pi_plus""]",3,0.008333333333333333
triplet,"[""Lambda"", ""Delta_1232"", ""K_short""]",3,0.008333333333333333
triplet,"[""Lambda"", ""Delta_1232"", ""K_long""]",3,0.008333333333333333
triplet,"[""Lambda"", ""Delta_1232"", ""D0""]",3,0.008333333333333333
triplet,"[""Lambda"", ""Delta_1232"", ""Upsilon_1S""]",3,0.008333333333333333
triplet,"[""Lambda"", ""pi0"", ""pi_plus""]",3,0.008333333333333333
triplet,"[""Lambda"", ""pi_plus"", ""omega_782""]",3,0.008333333333333333
triplet,"[""Lambda"", ""pi_plus"", ""J_psi""]",3,0.008333333333333333
triplet,"[""Lambda"", ""pi_plus"", ""Z""]",3,0.008333333333333333
triplet,"[""Lambda"", ""K_plus"", ""J_psi""]",3,0.008333333333333333
triplet,"[""Lambda"", ""K_plus"", ""W""]",3,0.008333333333333333
triplet,"[""Lambda"", ""K_long"", ""omega_782""]",3,0.008333333333333333
triplet,"[""Lambda"", ""eta"", ""W""]",3,0.008333333333333333
triplet,"[""Lambda"", ""eta"", ""Higgs""]",3,0.008333333333333333
triplet,"[""Lambda"", ""rho_770"", ""omega_782""]",3,0.008333333333333333
triplet,"[""Lambda"", ""rho_770"", ""D0""]",3,0.008333333333333333
triplet,"[""Lambda"", ""rho_770"", ""J_psi""]",3,0.008333333333333333
triplet,"[""Lambda"", ""rho_770"", ""Higgs""]",3,0.008333333333333333
triplet,"[""Lambda"", ""rho_770"", ""top""]",3,0.008333333333333333
triplet,"[""Lambda"", ""omega_782"", ""D0""]",3,0.008333333333333333
triplet,"[""Lambda"", ""phi_1020"", ""D_plus""]",3,0.008333333333333333
triplet,"[""Lambda"", ""phi_1020"", ""Ds_plus""]",3,0.008333333333333333
triplet,"[""Lambda"", ""phi_1020"", ""Upsilon_1S""]",3,0.008333333333333333
triplet,"[""Lambda"", ""D0"", ""Bs0""]",3,0.008333333333333333
triplet,"[""Lambda"", ""D0"", ""W""]",3,0.008333333333333333
triplet,"[""Lambda"", ""D0"", ""top""]",3,0.008333333333333333
triplet,"[""Lambda"", ""D_plus"", ""Z""]",3,0.008333333333333333
triplet,"[""Lambda"", ""J_psi"", ""top""]",3,0.008333333333333333
triplet,"[""Sigma_plus"", ""Delta_1232"", ""B_plus""]",3,0.008333333333333333
triplet,"[""Sigma_plus"", ""Delta_1232"", ""top""]",3,0.008333333333333333
triplet,"[""Sigma_plus"", ""pi0"", ""Z""]",3,0.008333333333333333
triplet,"[""Sigma_plus"", ""K_plus"", ""omega_782""]",3,0.008333333333333333
triplet,"[""Sigma_plus"", ""K_long"", ""rho_770""]",3,0.008333333333333333
triplet,"[""Sigma_plus"", ""K_long"", ""phi_1020""]",3,0.008333333333333333
triplet,"[""Sigma_plus"", ""K_long"", ""Higgs""]",3,0.008333333333333333
triplet,"[""Sigma_plus"", ""eta"", ""D0""]",3,0.008333333333333333
triplet,"[""Sigma_plus"", ""eta"", ""J_psi""]",3,0.008333333333333333
triplet,"[""Sigma_plus"", ""eta"", ""B_plus""]",3,0.008333333333333333
triplet,"[""Sigma_plus"", ""eta"", ""B0""]",3,0.008333333333333333
triplet,"[""Sigma_plus"", ""eta"", ""Bs0""]",3,0.008333333333333333
triplet,"[""Sigma_plus"", ""rho_770"", ""D0""]",3,0.008333333333333333
triplet,"[""Sigma_plus"", ""rho_770"", ""Z""]",3,0.008333333333333333
triplet,"[""Sigma_plus"", ""rho_770"", ""Higgs""]",3,0.008333333333333333
triplet,"[""Sigma_plus"", ""omega_782"", ""Bs0""]",3,0.008333333333333333
triplet,"[""Sigma_plus"", ""omega_782"", ""Upsilon_1S""]",3,0.008333333333333333
triplet,"[""Sigma_plus"", ""phi_1020"", ""D0""]",3,0.008333333333333333
triplet,"[""Sigma_plus"", ""phi_1020"", ""B_plus""]",3,0.008333333333333333
triplet,"[""Sigma_plus"", ""phi_1020"", ""W""]",3,0.008333333333333333
triplet,"[""Sigma_plus"", ""phi_1020"", ""Z""]",3,0.008333333333333333
triplet,"[""Sigma_plus"", ""D0"", ""W""]",3,0.008333333333333333
triplet,"[""Sigma_plus"", ""D0"", ""Z""]",3,0.008333333333333333
triplet,"[""Sigma_plus"", ""D_plus"", ""Z""]",3,0.008333333333333333
triplet,"[""Sigma_plus"", ""J_psi"", ""B0""]",3,0.008333333333333333
triplet,"[""Sigma_plus"", ""J_psi"", ""Bs0""]",3,0.008333333333333333
triplet,"[""Sigma_plus"", ""J_psi"", ""W""]",3,0.008333333333333333
triplet,"[""Sigma_plus"", ""J_psi"", ""Z""]",3,0.008333333333333333
triplet,"[""Sigma_plus"", ""B_plus"", ""Z""]",3,0.008333333333333333
triplet,"[""Sigma_plus"", ""B_plus"", ""Higgs""]",3,0.008333333333333333
triplet,"[""Sigma_plus"", ""B0"", ""Upsilon_1S""]",3,0.008333333333333333
triplet,"[""Sigma_plus"", ""Bs0"", ""Upsilon_1S""]",3,0.008333333333333333
triplet,"[""Sigma_plus"", ""Bs0"", ""top""]",3,0.008333333333333333
triplet,"[""Sigma_plus"", ""Upsilon_1S"", ""top""]",3,0.008333333333333333
triplet,"[""Sigma_plus"", ""Z"", ""Higgs""]",3,0.008333333333333333
triplet,"[""Xi_minus"", ""Delta_1232"", ""pi_plus""]",3,0.008333333333333333
triplet,"[""Xi_minus"", ""Delta_1232"", ""D0""]",3,0.008333333333333333
triplet,"[""Xi_minus"", ""Delta_1232"", ""Higgs""]",3,0.008333333333333333
triplet,"[""Xi_minus"", ""pi0"", ""Higgs""]",3,0.008333333333333333
triplet,"[""Xi_minus"", ""pi_plus"", ""rho_770""]",3,0.008333333333333333
triplet,"[""Xi_minus"", ""pi_plus"", ""Upsilon_1S""]",3,0.008333333333333333
triplet,"[""Xi_minus"", ""pi_plus"", ""Z""]",3,0.008333333333333333
triplet,"[""Xi_minus"", ""pi_plus"", ""Higgs""]",3,0.008333333333333333
triplet,"[""Xi_minus"", ""pi_plus"", ""top""]",3,0.008333333333333333
triplet,"[""Xi_minus"", ""K_plus"", ""K_short""]",3,0.008333333333333333
triplet,"[""Xi_minus"", ""K_plus"", ""Upsilon_1S""]",3,0.008333333333333333
triplet,"[""Xi_minus"", ""K_short"", ""K_long""]",3,0.008333333333333333
triplet,"[""Xi_minus"", ""K_short"", ""Bs0""]",3,0.008333333333333333
triplet,"[""Xi_minus"", ""K_short"", ""Higgs""]",3,0.008333333333333333
triplet,"[""Xi_minus"", ""K_long"", ""phi_1020""]",3,0.008333333333333333
triplet,"[""Xi_minus"", ""K_long"", ""B_plus""]",3,0.008333333333333333
triplet,"[""Xi_minus"", ""K_long"", ""top""]",3,0.008333333333333333
triplet,"[""Xi_minus"", ""eta"", ""J_psi""]",3,0.008333333333333333
triplet,"[""Xi_minus"", ""eta"", ""Higgs""]",3,0.008333333333333333
triplet,"[""Xi_minus"", ""rho_770"", ""J_psi""]",3,0.008333333333333333
triplet,"[""Xi_minus"", ""rho_770"", ""W""]",3,0.008333333333333333
triplet,"[""Xi_minus"", ""rho_770"", ""top""]",3,0.008333333333333333
triplet,"[""Xi_minus"", ""omega_782"", ""J_psi""]",3,0.008333333333333333
triplet,"[""Xi_minus"", ""phi_1020"", ""D0""]",3,0.008333333333333333
triplet,"[""Xi_minus"", ""D0"", ""J_psi""]",3,0.008333333333333333
triplet,"[""Xi_minus"", ""D0"", ""Higgs""]",3,0.008333333333333333
triplet,"[""Xi_minus"", ""D_plus"", ""Upsilon_1S""]",3,0.008333333333333333
triplet,"[""Xi_minus"", ""Ds_plus"", ""W""]",3,0.008333333333333333
triplet,"[""Xi_minus"", ""Ds_plus"", ""Z""]",3,0.008333333333333333
triplet,"[""Xi_minus"", ""Ds_plus"", ""top""]",3,0.008333333333333333
triplet,"[""Omega_minus"", ""Delta_1232"", ""phi_1020""]",3,0.008333333333333333
triplet,"[""Omega_minus"", ""Delta_1232"", ""B_plus""]",3,0.008333333333333333
triplet,"[""Omega_minus"", ""Delta_1232"", ""B0""]",3,0.008333333333333333
triplet,"[""Omega_minus"", ""Delta_1232"", ""Bs0""]",3,0.008333333333333333
triplet,"[""Omega_minus"", ""pi0"", ""B0""]",3,0.008333333333333333
triplet,"[""Omega_minus"", ""pi0"", ""Bs0""]",3,0.008333333333333333
triplet,"[""Omega_minus"", ""K_plus"", ""Upsilon_1S""]",3,0.008333333333333333
triplet,"[""Omega_minus"", ""K_plus"", ""top""]",3,0.008333333333333333
triplet,"[""Omega_minus"", ""K_long"", ""rho_770""]",3,0.008333333333333333
triplet,"[""Omega_minus"", ""K_long"", ""Z""]",3,0.008333333333333333
triplet,"[""Omega_minus"", ""eta"", ""omega_782""]",3,0.008333333333333333
triplet,"[""Omega_minus"", ""eta"", ""Ds_plus""]",3,0.008333333333333333
triplet,"[""Omega_minus"", ""eta"", ""J_psi""]",3,0.008333333333333333
triplet,"[""Omega_minus"", ""eta"", ""Higgs""]",3,0.008333333333333333
triplet,"[""Omega_minus"", ""rho_770"", ""omega_782""]",3,0.008333333333333333
triplet,"[""Omega_minus"", ""rho_770"", ""B_plus""]",3,0.008333333333333333
triplet,"[""Omega_minus"", ""rho_770"", ""B0""]",3,0.008333333333333333
triplet,"[""Omega_minus"", ""rho_770"", ""Bs0""]",3,0.008333333333333333
triplet,"[""Omega_minus"", ""rho_770"", ""Higgs""]",3,0.008333333333333333
triplet,"[""Omega_minus"", ""rho_770"", ""top""]",3,0.008333333333333333
triplet,"[""Omega_minus"", ""omega_782"", ""B_plus""]",3,0.008333333333333333
triplet,"[""Omega_minus"", ""omega_782"", ""B0""]",3,0.008333333333333333
triplet,"[""Omega_minus"", ""omega_782"", ""Bs0""]",3,0.008333333333333333
triplet,"[""Omega_minus"", ""phi_1020"", ""B_plus""]",3,0.008333333333333333
triplet,"[""Omega_minus"", ""D_plus"", ""B0""]",3,0.008333333333333333
triplet,"[""Omega_minus"", ""D_plus"", ""Bs0""]",3,0.008333333333333333
triplet,"[""Omega_minus"", ""Ds_plus"", ""J_psi""]",3,0.008333333333333333
triplet,"[""Omega_minus"", ""Ds_plus"", ""W""]",3,0.008333333333333333
triplet,"[""Omega_minus"", ""J_psi"", ""B_plus""]",3,0.008333333333333333
triplet,"[""Omega_minus"", ""B_plus"", ""Higgs""]",3,0.008333333333333333
triplet,"[""Omega_minus"", ""B_plus"", ""top""]",3,0.008333333333333333
triplet,"[""Omega_minus"", ""B0"", ""W""]",3,0.008333333333333333
triplet,"[""Omega_minus"", ""Bs0"", ""Upsilon_1S""]",3,0.008333333333333333
triplet,"[""Omega_minus"", ""Bs0"", ""W""]",3,0.008333333333333333
triplet,"[""Omega_minus"", ""Upsilon_1S"", ""top""]",3,0.008333333333333333
triplet,"[""Delta_1232"", ""pi0"", ""K_plus""]",3,0.008333333333333333
triplet,"[""Delta_1232"", ""pi_plus"", ""omega_782""]",3,0.008333333333333333
triplet,"[""Delta_1232"", ""K_plus"", ""eta""]",3,0.008333333333333333
triplet,"[""Delta_1232"", ""K_plus"", ""J_psi""]",3,0.008333333333333333
triplet,"[""Delta_1232"", ""K_plus"", ""Higgs""]",3,0.008333333333333333
triplet,"[""Delta_1232"", ""K_short"", ""J_psi""]",3,0.008333333333333333
triplet,"[""Delta_1232"", ""eta"", ""omega_782""]",3,0.008333333333333333
triplet,"[""Delta_1232"", ""eta"", ""D_plus""]",3,0.008333333333333333
triplet,"[""Delta_1232"", ""eta"", ""top""]",3,0.008333333333333333
triplet,"[""Delta_1232"", ""D0"", ""B_plus""]",3,0.008333333333333333
triplet,"[""Delta_1232"", ""D_plus"", ""Upsilon_1S""]",3,0.008333333333333333
triplet,"[""Delta_1232"", ""W"", ""Z""]",3,0.008333333333333333
triplet,"[""pi0"", ""K_plus"", ""Ds_plus""]",3,0.008333333333333333
triplet,"[""pi0"", ""K_plus"", ""Upsilon_1S""]",3,0.008333333333333333
triplet,"[""pi0"", ""K_long"", ""Higgs""]",3,0.008333333333333333
triplet,"[""pi0"", ""D0"", ""J_psi""]",3,0.008333333333333333
triplet,"[""pi0"", ""J_psi"", ""B_plus""]",3,0.008333333333333333
triplet,"[""pi0"", ""J_psi"", ""top""]",3,0.008333333333333333
triplet,"[""pi0"", ""W"", ""Higgs""]",3,0.008333333333333333
triplet,"[""pi_plus"", ""K_short"", ""W""]",3,0.008333333333333333
triplet,"[""pi_plus"", ""K_long"", ""B_plus""]",3,0.008333333333333333
triplet,"[""pi_plus"", ""eta"", ""J_psi""]",3,0.008333333333333333
triplet,"[""pi_plus"", ""rho_770"", ""omega_782""]",3,0.008333333333333333
triplet,"[""pi_plus"", ""rho_770"", ""J_psi""]",3,0.008333333333333333
triplet,"[""pi_plus"", ""rho_770"", ""top""]",3,0.008333333333333333
triplet,"[""pi_plus"", ""omega_782"", ""Ds_plus""]",3,0.008333333333333333
triplet,"[""pi_plus"", ""omega_782"", ""Higgs""]",3,0.008333333333333333
triplet,"[""pi_plus"", ""phi_1020"", ""D0""]",3,0.008333333333333333
triplet,"[""pi_plus"", ""D_plus"", ""Z""]",3,0.008333333333333333
triplet,"[""pi_plus"", ""Ds_plus"", ""B0""]",3,0.008333333333333333
triplet,"[""pi_plus"", ""Ds_plus"", ""Bs0""]",3,0.008333333333333333
triplet,"[""pi_plus"", ""Ds_plus"", ""W""]",3,0.008333333333333333
triplet,"[""pi_plus"", ""B_plus"", ""W""]",3,0.008333333333333333
triplet,"[""K_plus"", ""K_short"", ""omega_782""]",3,0.008333333333333333
triplet,"[""K_plus"", ""K_short"", ""B_plus""]",3,0.008333333333333333
triplet,"[""K_plus"", ""K_short"", ""Upsilon_1S""]",3,0.008333333333333333
triplet,"[""K_plus"", ""K_short"", ""Higgs""]",3,0.008333333333333333
triplet,"[""K_plus"", ""K_short"", ""top""]",3,0.008333333333333333
triplet,"[""K_plus"", ""K_long"", ""eta""]",3,0.008333333333333333
triplet,"[""K_plus"", ""K_long"", ""omega_782""]",3,0.008333333333333333
triplet,"[""K_plus"", ""K_long"", ""Upsilon_1S""]",3,0.008333333333333333
triplet,"[""K_plus"", ""eta"", ""omega_782""]",3,0.008333333333333333
triplet,"[""K_plus"", ""eta"", ""B0""]",3,0.008333333333333333
triplet,"[""K_plus"", ""eta"", ""Higgs""]",3,0.008333333333333333
triplet,"[""K_plus"", ""rho_770"", ""omega_782""]",3,0.008333333333333333
triplet,"[""K_plus"", ""rho_770"", ""B_plus""]",3,0.008333333333333333
triplet,"[""K_plus"", ""rho_770"", ""Higgs""]",3,0.008333333333333333
triplet,"[""K_plus"", ""rho_770"", ""top""]",3,0.008333333333333333
triplet,"[""K_plus"", ""omega_782"", ""D_plus""]",3,0.008333333333333333
triplet,"[""K_plus"", ""phi_1020"", ""W""]",3,0.008333333333333333
triplet,"[""K_plus"", ""Ds_plus"", ""B_plus""]",3,0.008333333333333333
triplet,"[""K_plus"", ""Ds_plus"", ""Bs0""]",3,0.008333333333333333
triplet,"[""K_plus"", ""Ds_plus"", ""top""]",3,0.008333333333333333
triplet,"[""K_plus"", ""B0"", ""top""]",3,0.008333333333333333
triplet,"[""K_plus"", ""Bs0"", ""top""]",3,0.008333333333333333
triplet,"[""K_plus"", ""Upsilon_1S"", ""top""]",3,0.008333333333333333
triplet,"[""K_plus"", ""Higgs"", ""top""]",3,0.008333333333333333
triplet,"[""K_short"", ""K_long"", ""B_plus""]",3,0.008333333333333333
triplet,"[""K_short"", ""K_long"", ""Higgs""]",3,0.008333333333333333
triplet,"[""K_short"", ""eta"", ""omega_782""]",3,0.008333333333333333
triplet,"[""K_short"", ""eta"", ""Higgs""]",3,0.008333333333333333
triplet,"[""K_short"", ""rho_770"", ""D0""]",3,0.008333333333333333
triplet,"[""K_short"", ""omega_782"", ""D_plus""]",3,0.008333333333333333
triplet,"[""K_short"", ""B_plus"", ""B0""]",3,0.008333333333333333
triplet,"[""K_short"", ""Upsilon_1S"", ""Z""]",3,0.008333333333333333
triplet,"[""K_long"", ""eta"", ""rho_770""]",3,0.008333333333333333
triplet,"[""K_long"", ""eta"", ""phi_1020""]",3,0.008333333333333333
triplet,"[""K_long"", ""eta"", ""Ds_plus""]",3,0.008333333333333333
triplet,"[""K_long"", ""eta"", ""J_psi""]",3,0.008333333333333333
triplet,"[""K_long"", ""eta"", ""top""]",3,0.008333333333333333
triplet,"[""K_long"", ""rho_770"", ""omega_782""]",3,0.008333333333333333
triplet,"[""K_long"", ""rho_770"", ""D0""]",3,0.008333333333333333
triplet,"[""K_long"", ""rho_770"", ""Upsilon_1S""]",3,0.008333333333333333
triplet,"[""K_long"", ""rho_770"", ""Higgs""]",3,0.008333333333333333
triplet,"[""K_long"", ""rho_770"", ""top""]",3,0.008333333333333333
triplet,"[""K_long"", ""phi_1020"", ""Ds_plus""]",3,0.008333333333333333
triplet,"[""K_long"", ""D0"", ""top""]",3,0.008333333333333333
triplet,"[""K_long"", ""D_plus"", ""B0""]",3,0.008333333333333333
triplet,"[""K_long"", ""Ds_plus"", ""J_psi""]",3,0.008333333333333333
triplet,"[""K_long"", ""B_plus"", ""W""]",3,0.008333333333333333
triplet,"[""K_long"", ""B0"", ""top""]",3,0.008333333333333333
triplet,"[""eta"", ""rho_770"", ""B_plus""]",3,0.008333333333333333
triplet,"[""eta"", ""rho_770"", ""B0""]",3,0.008333333333333333
triplet,"[""eta"", ""omega_782"", ""B0""]",3,0.008333333333333333
triplet,"[""eta"", ""phi_1020"", ""B_plus""]",3,0.008333333333333333
triplet,"[""eta"", ""phi_1020"", ""B0""]",3,0.008333333333333333
triplet,"[""eta"", ""phi_1020"", ""W""]",3,0.008333333333333333
triplet,"[""eta"", ""D0"", ""B0""]",3,0.008333333333333333
triplet,"[""eta"", ""D0"", ""Bs0""]",3,0.008333333333333333
triplet,"[""eta"", ""D_plus"", ""J_psi""]",3,0.008333333333333333
triplet,"[""eta"", ""Ds_plus"", ""B_plus""]",3,0.008333333333333333
triplet,"[""eta"", ""J_psi"", ""B_plus""]",3,0.008333333333333333
triplet,"[""eta"", ""J_psi"", ""B0""]",3,0.008333333333333333
triplet,"[""eta"", ""J_psi"", ""Bs0""]",3,0.008333333333333333
triplet,"[""rho_770"", ""omega_782"", ""B0""]",3,0.008333333333333333
triplet,"[""rho_770"", ""phi_1020"", ""B0""]",3,0.008333333333333333
triplet,"[""rho_770"", ""phi_1020"", ""Bs0""]",3,0.008333333333333333
triplet,"[""rho_770"", ""D0"", ""Z""]",3,0.008333333333333333
triplet,"[""rho_770"", ""D_plus"", ""Z""]",3,0.008333333333333333
triplet,"[""rho_770"", ""Ds_plus"", ""Higgs""]",3,0.008333333333333333
triplet,"[""rho_770"", ""Ds_plus"", ""top""]",3,0.008333333333333333
triplet,"[""rho_770"", ""B_plus"", ""Upsilon_1S""]",3,0.008333333333333333
triplet,"[""rho_770"", ""B_plus"", ""W""]",3,0.008333333333333333
triplet,"[""rho_770"", ""B_plus"", ""Z""]",3,0.008333333333333333
triplet,"[""rho_770"", ""B_plus"", ""Higgs""]",3,0.008333333333333333
triplet,"[""rho_770"", ""B_plus"", ""top""]",3,0.008333333333333333
triplet,"[""rho_770"", ""B0"", ""top""]",3,0.008333333333333333
triplet,"[""omega_782"", ""phi_1020"", ""Z""]",3,0.008333333333333333
triplet,"[""omega_782"", ""D0"", ""Upsilon_1S""]",3,0.008333333333333333
triplet,"[""omega_782"", ""B_plus"", ""Z""]",3,0.008333333333333333
triplet,"[""omega_782"", ""B_plus"", ""Higgs""]",3,0.008333333333333333
triplet,"[""omega_782"", ""B0"", ""Higgs""]",3,0.008333333333333333
triplet,"[""omega_782"", ""Bs0"", ""Higgs""]",3,0.008333333333333333
triplet,"[""phi_1020"", ""D0"", ""Bs0""]",3,0.008333333333333333
triplet,"[""phi_1020"", ""D_plus"", ""Z""]",3,0.008333333333333333
triplet,"[""phi_1020"", ""Ds_plus"", ""J_psi""]",3,0.008333333333333333
triplet,"[""phi_1020"", ""Ds_plus"", ""Upsilon_1S""]",3,0.008333333333333333
triplet,"[""phi_1020"", ""Ds_plus"", ""W""]",3,0.008333333333333333
triplet,"[""phi_1020"", ""J_psi"", ""B_plus""]",3,0.008333333333333333
triplet,"[""phi_1020"", ""J_psi"", ""B0""]",3,0.008333333333333333
triplet,"[""phi_1020"", ""B_plus"", ""Z""]",3,0.008333333333333333
triplet,"[""D0"", ""Bs0"", ""Upsilon_1S""]",3,0.008333333333333333
triplet,"[""D_plus"", ""B_plus"", ""B0""]",3,0.008333333333333333
triplet,"[""D_plus"", ""B_plus"", ""Bs0""]",3,0.008333333333333333
triplet,"[""D_plus"", ""B0"", ""top""]",3,0.008333333333333333
triplet,"[""D_plus"", ""Upsilon_1S"", ""W""]",3,0.008333333333333333
triplet,"[""D_plus"", ""Upsilon_1S"", ""Higgs""]",3,0.008333333333333333
triplet,"[""Ds_plus"", ""B_plus"", ""Z""]",3,0.008333333333333333
triplet,"[""Ds_plus"", ""B0"", ""Z""]",3,0.008333333333333333
triplet,"[""Ds_plus"", ""Bs0"", ""Z""]",3,0.008333333333333333
triplet,"[""Ds_plus"", ""Bs0"", ""Higgs""]",3,0.008333333333333333
triplet,"[""Ds_plus"", ""Upsilon_1S"", ""Higgs""]",3,0.008333333333333333
triplet,"[""J_psi"", ""B_plus"", ""Z""]",3,0.008333333333333333
triplet,"[""B0"", ""Upsilon_1S"", ""top""]",3,0.008333333333333333
triplet,"[""Bs0"", ""Upsilon_1S"", ""top""]",3,0.008333333333333333
triplet,"[""muon"", ""tau"", ""neutron""]",3,0.004166666666666667
triplet,"[""muon"", ""tau"", ""Lambda""]",3,0.004166666666666667
triplet,"[""muon"", ""tau"", ""Omega_minus""]",3,0.004166666666666667
triplet,"[""muon"", ""tau"", ""K_short""]",3,0.004166666666666667
triplet,"[""muon"", ""tau"", ""K_long""]",3,0.004166666666666667
triplet,"[""muon"", ""tau"", ""D_plus""]",3,0.004166666666666667
triplet,"[""muon"", ""tau"", ""B0""]",3,0.004166666666666667
triplet,"[""muon"", ""tau"", ""W""]",3,0.004166666666666667
triplet,"[""muon"", ""neutron"", ""Sigma_plus""]",3,0.004166666666666667
triplet,"[""muon"", ""neutron"", ""pi_plus""]",3,0.004166666666666667
triplet,"[""muon"", ""neutron"", ""K_long""]",3,0.004166666666666667
triplet,"[""muon"", ""neutron"", ""rho_770""]",3,0.004166666666666667
triplet,"[""muon"", ""neutron"", ""omega_782""]",3,0.004166666666666667
triplet,"[""muon"", ""neutron"", ""D_plus""]",3,0.004166666666666667
triplet,"[""muon"", ""neutron"", ""Higgs""]",3,0.004166666666666667
triplet,"[""muon"", ""neutron"", ""top""]",3,0.004166666666666667
triplet,"[""muon"", ""Lambda"", ""Sigma_plus""]",3,0.004166666666666667
triplet,"[""muon"", ""Lambda"", ""Delta_1232""]",3,0.004166666666666667
triplet,"[""muon"", ""Lambda"", ""K_short""]",3,0.004166666666666667
triplet,"[""muon"", ""Lambda"", ""eta""]",3,0.004166666666666667
triplet,"[""muon"", ""Lambda"", ""phi_1020""]",3,0.004166666666666667
triplet,"[""muon"", ""Lambda"", ""D_plus""]",3,0.004166666666666667
triplet,"[""muon"", ""Lambda"", ""Ds_plus""]",3,0.004166666666666667
triplet,"[""muon"", ""Sigma_plus"", ""pi0""]",3,0.004166666666666667
triplet,"[""muon"", ""Sigma_plus"", ""K_long""]",3,0.004166666666666667
triplet,"[""muon"", ""Sigma_plus"", ""J_psi""]",3,0.004166666666666667
triplet,"[""muon"", ""Sigma_plus"", ""top""]",3,0.004166666666666667
triplet,"[""muon"", ""Xi_minus"", ""pi0""]",3,0.004166666666666667
triplet,"[""muon"", ""Xi_minus"", ""pi_plus""]",3,0.004166666666666667
triplet,"[""muon"", ""Xi_minus"", ""K_long""]",3,0.004166666666666667
triplet,"[""muon"", ""Xi_minus"", ""J_psi""]",3,0.004166666666666667
triplet,"[""muon"", ""Xi_minus"", ""Z""]",3,0.004166666666666667
triplet,"[""muon"", ""Xi_minus"", ""Higgs""]",3,0.004166666666666667
triplet,"[""muon"", ""Omega_minus"", ""rho_770""]",3,0.004166666666666667
triplet,"[""muon"", ""Delta_1232"", ""pi_plus""]",3,0.004166666666666667
triplet,"[""muon"", ""Delta_1232"", ""K_long""]",3,0.004166666666666667
triplet,"[""muon"", ""Delta_1232"", ""eta""]",3,0.004166666666666667
triplet,"[""muon"", ""Delta_1232"", ""omega_782""]",3,0.004166666666666667
triplet,"[""muon"", ""Delta_1232"", ""Ds_plus""]",3,0.004166666666666667
triplet,"[""muon"", ""Delta_1232"", ""Upsilon_1S""]",3,0.004166666666666667
triplet,"[""muon"", ""pi0"", ""pi_plus""]",3,0.004166666666666667
triplet,"[""muon"", ""pi0"", ""D0""]",3,0.004166666666666667
triplet,"[""muon"", ""pi0"", ""W""]",3,0.004166666666666667
triplet,"[""muon"", ""pi0"", ""Z""]",3,0.004166666666666667
triplet,"[""muon"", ""pi0"", ""Higgs""]",3,0.004166666666666667
triplet,"[""muon"", ""pi_plus"", ""B_plus""]",3,0.004166666666666667
triplet,"[""muon"", ""pi_plus"", ""Z""]",3,0.004166666666666667
triplet,"[""muon"", ""K_plus"", ""D0""]",3,0.004166666666666667
triplet,"[""muon"", ""K_short"", ""Ds_plus""]",3,0.004166666666666667
triplet,"[""muon"", ""K_short"", ""J_psi""]",3,0.004166666666666667
triplet,"[""muon"", ""K_short"", ""B_plus""]",3,0.004166666666666667
triplet,"[""muon"", ""K_short"", ""B0""]",3,0.004166666666666667
triplet,"[""muon"", ""K_short"", ""Bs0""]",3,0.004166666666666667
triplet,"[""muon"", ""K_short"", ""Higgs""]",3,0.004166666666666667
triplet,"[""muon"", ""K_long"", ""rho_770""]",3,0.004166666666666667
triplet,"[""muon"", ""K_long"", ""omega_782""]",3,0.004166666666666667
triplet,"[""muon"", ""K_long"", ""D0""]",3,0.004166666666666667
triplet,"[""muon"", ""K_long"", ""W""]",3,0.004166666666666667
triplet,"[""muon"", ""eta"", ""rho_770""]",3,0.004166666666666667
triplet,"[""muon"", ""eta"", ""Ds_plus""]",3,0.004166666666666667
triplet,"[""muon"", ""eta"", ""J_psi""]",3,0.004166666666666667
triplet,"[""muon"", ""eta"", ""Upsilon_1S""]",3,0.004166666666666667
triplet,"[""muon"", ""eta"", ""Z""]",3,0.004166666666666667
triplet,"[""muon"", ""rho_770"", ""B0""]",3,0.004166666666666667
triplet,"[""muon"", ""rho_770"", ""Bs0""]",3,0.004166666666666667
triplet,"[""muon"", ""rho_770"", ""top""]",3,0.004166666666666667
triplet,"[""muon"", ""omega_782"", ""Ds_plus""]",3,0.004166666666666667
triplet,"[""muon"", ""omega_782"", ""B_plus""]",3,0.004166666666666667
triplet,"[""muon"", ""omega_782"", ""B0""]",3,0.004166666666666667
triplet,"[""muon"", ""omega_782"", ""Bs0""]",3,0.004166666666666667
triplet,"[""muon"", ""phi_1020"", ""Upsilon_1S""]",3,0.004166666666666667
triplet,"[""muon"", ""phi_1020"", ""W""]",3,0.004166666666666667
triplet,"[""muon"", ""phi_1020"", ""Z""]",3,0.004166666666666667
triplet,"[""muon"", ""D_plus"", ""J_psi""]",3,0.004166666666666667
triplet,"[""muon"", ""D_plus"", ""W""]",3,0.004166666666666667
triplet,"[""muon"", ""D_plus"", ""Z""]",3,0.004166666666666667
triplet,"[""muon"", ""Ds_plus"", ""top""]",3,0.004166666666666667
triplet,"[""muon"", ""J_psi"", ""Upsilon_1S""]",3,0.004166666666666667
triplet,"[""muon"", ""B_plus"", ""Higgs""]",3,0.004166666666666667
triplet,"[""muon"", ""B_plus"", ""top""]",3,0.004166666666666667
triplet,"[""muon"", ""B0"", ""Z""]",3,0.004166666666666667
triplet,"[""muon"", ""B0"", ""top""]",3,0.004166666666666667
triplet,"[""muon"", ""Bs0"", ""W""]",3,0.004166666666666667
triplet,"[""muon"", ""Bs0"", ""Z""]",3,0.004166666666666667
triplet,"[""muon"", ""Bs0"", ""top""]",3,0.004166666666666667
triplet,"[""muon"", ""Upsilon_1S"", ""W""]",3,0.004166666666666667
triplet,"[""muon"", ""Upsilon_1S"", ""top""]",3,0.004166666666666667
triplet,"[""tau"", ""neutron"", ""Sigma_plus""]",3,0.004166666666666667
triplet,"[""tau"", ""neutron"", ""Delta_1232""]",3,0.004166666666666667
triplet,"[""tau"", ""neutron"", ""eta""]",3,0.004166666666666667
triplet,"[""tau"", ""neutron"", ""phi_1020""]",3,0.004166666666666667
triplet,"[""tau"", ""neutron"", ""Z""]",3,0.004166666666666667
triplet,"[""tau"", ""Lambda"", ""J_psi""]",3,0.004166666666666667
triplet,"[""tau"", ""Lambda"", ""B_plus""]",3,0.004166666666666667
triplet,"[""tau"", ""Lambda"", ""Upsilon_1S""]",3,0.004166666666666667
triplet,"[""tau"", ""Lambda"", ""W""]",3,0.004166666666666667
triplet,"[""tau"", ""Lambda"", ""Z""]",3,0.004166666666666667
triplet,"[""tau"", ""Lambda"", ""Higgs""]",3,0.004166666666666667
triplet,"[""tau"", ""Lambda"", ""top""]",3,0.004166666666666667
triplet,"[""tau"", ""Sigma_plus"", ""Delta_1232""]",3,0.004166666666666667
triplet,"[""tau"", ""Sigma_plus"", ""K_plus""]",3,0.004166666666666667
triplet,"[""tau"", ""Sigma_plus"", ""phi_1020""]",3,0.004166666666666667
triplet,"[""tau"", ""Sigma_plus"", ""D_plus""]",3,0.004166666666666667
triplet,"[""tau"", ""Xi_minus"", ""phi_1020""]",3,0.004166666666666667
triplet,"[""tau"", ""Omega_minus"", ""pi_plus""]",3,0.004166666666666667
triplet,"[""tau"", ""Omega_minus"", ""K_plus""]",3,0.004166666666666667
triplet,"[""tau"", ""Omega_minus"", ""K_short""]",3,0.004166666666666667
triplet,"[""tau"", ""Omega_minus"", ""Z""]",3,0.004166666666666667
triplet,"[""tau"", ""Delta_1232"", ""omega_782""]",3,0.004166666666666667
triplet,"[""tau"", ""Delta_1232"", ""top""]",3,0.004166666666666667
triplet,"[""tau"", ""pi0"", ""pi_plus""]",3,0.004166666666666667
triplet,"[""tau"", ""pi0"", ""rho_770""]",3,0.004166666666666667
triplet,"[""tau"", ""pi0"", ""omega_782""]",3,0.004166666666666667
triplet,"[""tau"", ""pi0"", ""J_psi""]",3,0.004166666666666667
triplet,"[""tau"", ""pi0"", ""Z""]",3,0.004166666666666667
triplet,"[""tau"", ""pi0"", ""top""]",3,0.004166666666666667
triplet,"[""tau"", ""pi_plus"", ""phi_1020""]",3,0.004166666666666667
triplet,"[""tau"", ""pi_plus"", ""Upsilon_1S""]",3,0.004166666666666667
triplet,"[""tau"", ""K_plus"", ""rho_770""]",3,0.004166666666666667
triplet,"[""tau"", ""K_plus"", ""omega_782""]",3,0.004166666666666667
triplet,"[""tau"", ""K_plus"", ""D_plus""]",3,0.004166666666666667
triplet,"[""tau"", ""K_short"", ""eta""]",3,0.004166666666666667
triplet,"[""tau"", ""K_short"", ""omega_782""]",3,0.004166666666666667
triplet,"[""tau"", ""K_short"", ""phi_1020""]",3,0.004166666666666667
triplet,"[""tau"", ""K_short"", ""Upsilon_1S""]",3,0.004166666666666667
triplet,"[""tau"", ""K_short"", ""Z""]",3,0.004166666666666667
triplet,"[""tau"", ""K_long"", ""omega_782""]",3,0.004166666666666667
triplet,"[""tau"", ""K_long"", ""D_plus""]",3,0.004166666666666667
triplet,"[""tau"", ""K_long"", ""J_psi""]",3,0.004166666666666667
triplet,"[""tau"", ""K_long"", ""Z""]",3,0.004166666666666667
triplet,"[""tau"", ""K_long"", ""Higgs""]",3,0.004166666666666667
triplet,"[""tau"", ""K_long"", ""top""]",3,0.004166666666666667
triplet,"[""tau"", ""eta"", ""J_psi""]",3,0.004166666666666667
triplet,"[""tau"", ""rho_770"", ""B0""]",3,0.004166666666666667
triplet,"[""tau"", ""phi_1020"", ""J_psi""]",3,0.004166666666666667
triplet,"[""tau"", ""phi_1020"", ""Upsilon_1S""]",3,0.004166666666666667
triplet,"[""tau"", ""phi_1020"", ""Z""]",3,0.004166666666666667
triplet,"[""tau"", ""phi_1020"", ""Higgs""]",3,0.004166666666666667
triplet,"[""tau"", ""phi_1020"", ""top""]",3,0.004166666666666667
triplet,"[""tau"", ""D_plus"", ""B0""]",3,0.004166666666666667
triplet,"[""tau"", ""D_plus"", ""top""]",3,0.004166666666666667
triplet,"[""tau"", ""J_psi"", ""Upsilon_1S""]",3,0.004166666666666667
triplet,"[""tau"", ""B0"", ""Upsilon_1S""]",3,0.004166666666666667
triplet,"[""tau"", ""B0"", ""W""]",3,0.004166666666666667
triplet,"[""tau"", ""Bs0"", ""W""]",3,0.004166666666666667
triplet,"[""tau"", ""Upsilon_1S"", ""Z""]",3,0.004166666666666667
triplet,"[""tau"", ""Upsilon_1S"", ""Higgs""]",3,0.004166666666666667
triplet,"[""neutron"", ""Lambda"", ""pi_plus""]",3,0.004166666666666667
triplet,"[""neutron"", ""Lambda"", ""eta""]",3,0.004166666666666667
triplet,"[""neutron"", ""Lambda"", ""J_psi""]",3,0.004166666666666667
triplet,"[""neutron"", ""Lambda"", ""Higgs""]",3,0.004166666666666667
triplet,"[""neutron"", ""Sigma_plus"", ""pi0""]",3,0.004166666666666667
triplet,"[""neutron"", ""Sigma_plus"", ""B0""]",3,0.004166666666666667
triplet,"[""neutron"", ""Sigma_plus"", ""Bs0""]",3,0.004166666666666667
triplet,"[""neutron"", ""Xi_minus"", ""Delta_1232""]",3,0.004166666666666667
triplet,"[""neutron"", ""Xi_minus"", ""K_long""]",3,0.004166666666666667
triplet,"[""neutron"", ""Xi_minus"", ""D0""]",3,0.004166666666666667
triplet,"[""neutron"", ""Xi_minus"", ""J_psi""]",3,0.004166666666666667
triplet,"[""neutron"", ""Xi_minus"", ""Upsilon_1S""]",3,0.004166666666666667
triplet,"[""neutron"", ""Omega_minus"", ""Delta_1232""]",3,0.004166666666666667
triplet,"[""neutron"", ""Omega_minus"", ""K_short""]",3,0.004166666666666667
triplet,"[""neutron"", ""Omega_minus"", ""eta""]",3,0.004166666666666667
triplet,"[""neutron"", ""Omega_minus"", ""phi_1020""]",3,0.004166666666666667
triplet,"[""neutron"", ""Omega_minus"", ""D_plus""]",3,0.004166666666666667
triplet,"[""neutron"", ""Omega_minus"", ""J_psi""]",3,0.004166666666666667
triplet,"[""neutron"", ""Omega_minus"", ""Upsilon_1S""]",3,0.004166666666666667
triplet,"[""neutron"", ""Delta_1232"", ""K_plus""]",3,0.004166666666666667
triplet,"[""neutron"", ""Delta_1232"", ""omega_782""]",3,0.004166666666666667
triplet,"[""neutron"", ""Delta_1232"", ""J_psi""]",3,0.004166666666666667
triplet,"[""neutron"", ""Delta_1232"", ""B_plus""]",3,0.004166666666666667
triplet,"[""neutron"", ""pi0"", ""K_long""]",3,0.004166666666666667
triplet,"[""neutron"", ""pi0"", ""D0""]",3,0.004166666666666667
triplet,"[""neutron"", ""pi0"", ""B0""]",3,0.004166666666666667
triplet,"[""neutron"", ""pi0"", ""Bs0""]",3,0.004166666666666667
triplet,"[""neutron"", ""pi0"", ""Higgs""]",3,0.004166666666666667
triplet,"[""neutron"", ""pi_plus"", ""K_short""]",3,0.004166666666666667
triplet,"[""neutron"", ""pi_plus"", ""eta""]",3,0.004166666666666667
triplet,"[""neutron"", ""pi_plus"", ""rho_770""]",3,0.004166666666666667
triplet,"[""neutron"", ""pi_plus"", ""omega_782""]",3,0.004166666666666667
triplet,"[""neutron"", ""pi_plus"", ""Upsilon_1S""]",3,0.004166666666666667
triplet,"[""neutron"", ""pi_plus"", ""top""]",3,0.004166666666666667
triplet,"[""neutron"", ""K_plus"", ""eta""]",3,0.004166666666666667
triplet,"[""neutron"", ""K_plus"", ""D_plus""]",3,0.004166666666666667
triplet,"[""neutron"", ""K_plus"", ""Ds_plus""]",3,0.004166666666666667
triplet,"[""neutron"", ""K_plus"", ""Bs0""]",3,0.004166666666666667
triplet,"[""neutron"", ""K_short"", ""phi_1020""]",3,0.004166666666666667
triplet,"[""neutron"", ""K_short"", ""D0""]",3,0.004166666666666667
triplet,"[""neutron"", ""K_short"", ""Bs0""]",3,0.004166666666666667
triplet,"[""neutron"", ""K_short"", ""Z""]",3,0.004166666666666667
triplet,"[""neutron"", ""K_long"", ""B_plus""]",3,0.004166666666666667
triplet,"[""neutron"", ""K_long"", ""Upsilon_1S""]",3,0.004166666666666667
triplet,"[""neutron"", ""K_long"", ""top""]",3,0.004166666666666667
triplet,"[""neutron"", ""eta"", ""omega_782""]",3,0.004166666666666667
triplet,"[""neutron"", ""eta"", ""Bs0""]",3,0.004166666666666667
triplet,"[""neutron"", ""rho_770"", ""Upsilon_1S""]",3,0.004166666666666667
triplet,"[""neutron"", ""rho_770"", ""W""]",3,0.004166666666666667
triplet,"[""neutron"", ""rho_770"", ""Z""]",3,0.004166666666666667
triplet,"[""neutron"", ""rho_770"", ""top""]",3,0.004166666666666667
triplet,"[""neutron"", ""omega_782"", ""J_psi""]",3,0.004166666666666667
triplet,"[""neutron"", ""phi_1020"", ""D_plus""]",3,0.004166666666666667
triplet,"[""neutron"", ""phi_1020"", ""Z""]",3,0.004166666666666667
triplet,"[""neutron"", ""phi_1020"", ""Higgs""]",3,0.004166666666666667
triplet,"[""neutron"", ""D0"", ""B0""]",3,0.004166666666666667
triplet,"[""neutron"", ""D_plus"", ""Ds_plus""]",3,0.004166666666666667
triplet,"[""neutron"", ""D_plus"", ""Z""]",3,0.004166666666666667
triplet,"[""neutron"", ""Ds_plus"", ""B_plus""]",3,0.004166666666666667
triplet,"[""neutron"", ""Ds_plus"", ""Upsilon_1S""]",3,0.004166666666666667
triplet,"[""neutron"", ""Ds_plus"", ""Z""]",3,0.004166666666666667
triplet,"[""neutron"", ""Ds_plus"", ""Higgs""]",3,0.004166666666666667
triplet,"[""neutron"", ""J_psi"", ""Upsilon_1S""]",3,0.004166666666666667
triplet,"[""neutron"", ""J_psi"", ""top""]",3,0.004166666666666667
triplet,"[""neutron"", ""B0"", ""Higgs""]",3,0.004166666666666667
triplet,"[""neutron"", ""Bs0"", ""Higgs""]",3,0.004166666666666667
triplet,"[""neutron"", ""Z"", ""Higgs""]",3,0.004166666666666667
triplet,"[""neutron"", ""Higgs"", ""top""]",3,0.004166666666666667
triplet,"[""Lambda"", ""Sigma_plus"", ""K_long""]",3,0.004166666666666667
triplet,"[""Lambda"", ""Sigma_plus"", ""J_psi""]",3,0.004166666666666667
triplet,"[""Lambda"", ""Sigma_plus"", ""B_plus""]",3,0.004166666666666667
triplet,"[""Lambda"", ""Delta_1232"", ""omega_782""]",3,0.004166666666666667
triplet,"[""Lambda"", ""Delta_1232"", ""top""]",3,0.004166666666666667
triplet,"[""Lambda"", ""pi0"", ""K_short""]",3,0.004166666666666667
triplet,"[""Lambda"", ""pi0"", ""rho_770""]",3,0.004166666666666667
triplet,"[""Lambda"", ""pi0"", ""omega_782""]",3,0.004166666666666667
triplet,"[""Lambda"", ""pi0"", ""phi_1020""]",3,0.004166666666666667
triplet,"[""Lambda"", ""pi0"", ""J_psi""]",3,0.004166666666666667
triplet,"[""Lambda"", ""pi0"", ""B0""]",3,0.004166666666666667
triplet,"[""Lambda"", ""pi0"", ""Higgs""]",3,0.004166666666666667
triplet,"[""Lambda"", ""pi0"", ""top""]",3,0.004166666666666667
triplet,"[""Lambda"", ""pi_plus"", ""rho_770""]",3,0.004166666666666667
triplet,"[""Lambda"", ""pi_plus"", ""phi_1020""]",3,0.004166666666666667
triplet,"[""Lambda"", ""pi_plus"", ""Upsilon_1S""]",3,0.004166666666666667
triplet,"[""Lambda"", ""pi_plus"", ""W""]",3,0.004166666666666667
triplet,"[""Lambda"", ""pi_plus"", ""Higgs""]",3,0.004166666666666667
triplet,"[""Lambda"", ""pi_plus"", ""top""]",3,0.004166666666666667
triplet,"[""Lambda"", ""K_plus"", ""K_long""]",3,0.004166666666666667
triplet,"[""Lambda"", ""K_short"", ""B0""]",3,0.004166666666666667
triplet,"[""Lambda"", ""K_short"", ""W""]",3,0.004166666666666667
triplet,"[""Lambda"", ""K_long"", ""D0""]",3,0.004166666666666667
triplet,"[""Lambda"", ""K_long"", ""J_psi""]",3,0.004166666666666667
triplet,"[""Lambda"", ""K_long"", ""B_plus""]",3,0.004166666666666667
triplet,"[""Lambda"", ""K_long"", ""W""]",3,0.004166666666666667
triplet,"[""Lambda"", ""K_long"", ""Z""]",3,0.004166666666666667
triplet,"[""Lambda"", ""eta"", ""Z""]",3,0.004166666666666667
triplet,"[""Lambda"", ""rho_770"", ""D_plus""]",3,0.004166666666666667
triplet,"[""Lambda"", ""rho_770"", ""Ds_plus""]",3,0.004166666666666667
triplet,"[""Lambda"", ""omega_782"", ""Ds_plus""]",3,0.004166666666666667
triplet,"[""Lambda"", ""omega_782"", ""W""]",3,0.004166666666666667
triplet,"[""Lambda"", ""omega_782"", ""Z""]",3,0.004166666666666667
triplet,"[""Lambda"", ""phi_1020"", ""D0""]",3,0.004166666666666667
triplet,"[""Lambda"", ""phi_1020"", ""J_psi""]",3,0.004166666666666667
triplet,"[""Lambda"", ""D0"", ""B0""]",3,0.004166666666666667
triplet,"[""Lambda"", ""D0"", ""Upsilon_1S""]",3,0.004166666666666667
triplet,"[""Lambda"", ""D_plus"", ""J_psi""]",3,0.004166666666666667
triplet,"[""Lambda"", ""D_plus"", ""Upsilon_1S""]",3,0.004166666666666667
triplet,"[""Lambda"", ""D_plus"", ""W""]",3,0.004166666666666667
triplet,"[""Lambda"", ""Ds_plus"", ""J_psi""]",3,0.004166666666666667
triplet,"[""Lambda"", ""Ds_plus"", ""W""]",3,0.004166666666666667
triplet,"[""Lambda"", ""J_psi"", ""Upsilon_1S""]",3,0.004166666666666667
triplet,"[""Lambda"", ""B_plus"", ""Higgs""]",3,0.004166666666666667
triplet,"[""Lambda"", ""Z"", ""top""]",3,0.004166666666666667
triplet,"[""Sigma_plus"", ""Xi_minus"", ""pi0""]",3,0.004166666666666667
triplet,"[""Sigma_plus"", ""Xi_minus"", ""K_short""]",3,0.004166666666666667
triplet,"[""Sigma_plus"", ""Xi_minus"", ""K_long""]",3,0.004166666666666667
triplet,"[""Sigma_plus"", ""Xi_minus"", ""phi_1020""]",3,0.004166666666666667
triplet,"[""Sigma_plus"", ""Xi_minus"", ""B_plus""]",3,0.004166666666666667
triplet,"[""Sigma_plus"", ""Omega_minus"", ""Delta_1232""]",3,0.004166666666666667
triplet,"[""Sigma_plus"", ""Omega_minus"", ""pi_plus""]",3,0.004166666666666667
triplet,"[""Sigma_plus"", ""Omega_minus"", ""omega_782""]",3,0.004166666666666667
triplet,"[""Sigma_plus"", ""Delta_1232"", ""K_plus""]",3,0.004166666666666667
triplet,"[""Sigma_plus"", ""Delta_1232"", ""K_long""]",3,0.004166666666666667
triplet,"[""Sigma_plus"", ""Delta_1232"", ""J_psi""]",3,0.004166666666666667
triplet,"[""Sigma_plus"", ""Delta_1232"", ""B0""]",3,0.004166666666666667
triplet,"[""Sigma_plus"", ""Delta_1232"", ""Bs0""]",3,0.004166666666666667
triplet,"[""Sigma_plus"", ""Delta_1232"", ""Higgs""]",3,0.004166666666666667
triplet,"[""Sigma_plus"", ""pi0"", ""pi_plus""]",3,0.004166666666666667
triplet,"[""Sigma_plus"", ""pi0"", ""K_short""]",3,0.004166666666666667
triplet,"[""Sigma_plus"", ""pi0"", ""K_long""]",3,0.004166666666666667
triplet,"[""Sigma_plus"", ""pi0"", ""rho_770""]",3,0.004166666666666667
triplet,"[""Sigma_plus"", ""pi0"", ""phi_1020""]",3,0.004166666666666667
triplet,"[""Sigma_plus"", ""pi0"", ""D_plus""]",3,0.004166666666666667
triplet,"[""Sigma_plus"", ""pi0"", ""Ds_plus""]",3,0.004166666666666667
triplet,"[""Sigma_plus"", ""pi0"", ""B_plus""]",3,0.004166666666666667
triplet,"[""Sigma_plus"", ""pi0"", ""Upsilon_1S""]",3,0.004166666666666667
triplet,"[""Sigma_plus"", ""pi_plus"", ""Upsilon_1S""]",3,0.004166666666666667
triplet,"[""Sigma_plus"", ""K_plus"", ""K_long""]",3,0.004166666666666667
triplet,"[""Sigma_plus"", ""K_plus"", ""eta""]",3,0.004166666666666667
triplet,"[""Sigma_plus"", ""K_plus"", ""phi_1020""]",3,0.004166666666666667
triplet,"[""Sigma_plus"", ""K_plus"", ""B_plus""]",3,0.004166666666666667
triplet,"[""Sigma_plus"", ""K_plus"", ""W""]",3,0.004166666666666667
triplet,"[""Sigma_plus"", ""K_plus"", ""Z""]",3,0.004166666666666667
triplet,"[""Sigma_plus"", ""K_plus"", ""top""]",3,0.004166666666666667
triplet,"[""Sigma_plus"", ""K_short"", ""K_long""]",3,0.004166666666666667
triplet,"[""Sigma_plus"", ""K_short"", ""phi_1020""]",3,0.004166666666666667
triplet,"[""Sigma_plus"", ""K_short"", ""B_plus""]",3,0.004166666666666667
triplet,"[""Sigma_plus"", ""K_long"", ""D0""]",3,0.004166666666666667
triplet,"[""Sigma_plus"", ""K_long"", ""B_plus""]",3,0.004166666666666667
triplet,"[""Sigma_plus"", ""K_long"", ""Upsilon_1S""]",3,0.004166666666666667
triplet,"[""Sigma_plus"", ""eta"", ""phi_1020""]",3,0.004166666666666667
triplet,"[""Sigma_plus"", ""rho_770"", ""J_psi""]",3,0.004166666666666667
triplet,"[""Sigma_plus"", ""rho_770"", ""B_plus""]",3,0.004166666666666667
triplet,"[""Sigma_plus"", ""rho_770"", ""W""]",3,0.004166666666666667
triplet,"[""Sigma_plus"", ""omega_782"", ""D_plus""]",3,0.004166666666666667
triplet,"[""Sigma_plus"", ""omega_782"", ""Ds_plus""]",3,0.004166666666666667
triplet,"[""Sigma_plus"", ""omega_782"", ""B_plus""]",3,0.004166666666666667
triplet,"[""Sigma_plus"", ""omega_782"", ""B0""]",3,0.004166666666666667
triplet,"[""Sigma_plus"", ""omega_782"", ""Z""]",3,0.004166666666666667
triplet,"[""Sigma_plus"", ""omega_782"", ""Higgs""]",3,0.004166666666666667
triplet,"[""Sigma_plus"", ""phi_1020"", ""Ds_plus""]",3,0.004166666666666667
triplet,"[""Sigma_plus"", ""phi_1020"", ""J_psi""]",3,0.004166666666666667
triplet,"[""Sigma_plus"", ""phi_1020"", ""B0""]",3,0.004166666666666667
triplet,"[""Sigma_plus"", ""phi_1020"", ""Bs0""]",3,0.004166666666666667
triplet,"[""Sigma_plus"", ""phi_1020"", ""Higgs""]",3,0.004166666666666667
triplet,"[""Sigma_plus"", ""phi_1020"", ""top""]",3,0.004166666666666667
triplet,"[""Sigma_plus"", ""D0"", ""D_plus""]",3,0.004166666666666667
triplet,"[""Sigma_plus"", ""D_plus"", ""J_psi""]",3,0.004166666666666667
triplet,"[""Sigma_plus"", ""D_plus"", ""W""]",3,0.004166666666666667
triplet,"[""Sigma_plus"", ""Ds_plus"", ""B_plus""]",3,0.004166666666666667
triplet,"[""Sigma_plus"", ""Ds_plus"", ""Upsilon_1S""]",3,0.004166666666666667
triplet,"[""Sigma_plus"", ""J_psi"", ""B_plus""]",3,0.004166666666666667
triplet,"[""Sigma_plus"", ""J_psi"", ""Upsilon_1S""]",3,0.004166666666666667
triplet,"[""Sigma_plus"", ""B_plus"", ""Upsilon_1S""]",3,0.004166666666666667
triplet,"[""Sigma_plus"", ""B_plus"", ""W""]",3,0.004166666666666667
triplet,"[""Sigma_plus"", ""B_plus"", ""top""]",3,0.004166666666666667
triplet,"[""Sigma_plus"", ""B0"", ""W""]",3,0.004166666666666667
triplet,"[""Sigma_plus"", ""B0"", ""Z""]",3,0.004166666666666667
triplet,"[""Sigma_plus"", ""B0"", ""top""]",3,0.004166666666666667
triplet,"[""Sigma_plus"", ""Bs0"", ""W""]",3,0.004166666666666667
triplet,"[""Sigma_plus"", ""Bs0"", ""Z""]",3,0.004166666666666667
triplet,"[""Xi_minus"", ""Omega_minus"", ""K_plus""]",3,0.004166666666666667
triplet,"[""Xi_minus"", ""Omega_minus"", ""K_long""]",3,0.004166666666666667
triplet,"[""Xi_minus"", ""Omega_minus"", ""top""]",3,0.004166666666666667
triplet,"[""Xi_minus"", ""Delta_1232"", ""pi0""]",3,0.004166666666666667
triplet,"[""Xi_minus"", ""Delta_1232"", ""K_short""]",3,0.004166666666666667
triplet,"[""Xi_minus"", ""Delta_1232"", ""K_long""]",3,0.004166666666666667
triplet,"[""Xi_minus"", ""Delta_1232"", ""D_plus""]",3,0.004166666666666667
triplet,"[""Xi_minus"", ""Delta_1232"", ""Ds_plus""]",3,0.004166666666666667
triplet,"[""Xi_minus"", ""Delta_1232"", ""W""]",3,0.004166666666666667
triplet,"[""Xi_minus"", ""Delta_1232"", ""Z""]",3,0.004166666666666667
triplet,"[""Xi_minus"", ""Delta_1232"", ""top""]",3,0.004166666666666667
triplet,"[""Xi_minus"", ""pi0"", ""K_short""]",3,0.004166666666666667
triplet,"[""Xi_minus"", ""pi0"", ""rho_770""]",3,0.004166666666666667
triplet,"[""Xi_minus"", ""pi0"", ""D_plus""]",3,0.004166666666666667
triplet,"[""Xi_minus"", ""pi0"", ""J_psi""]",3,0.004166666666666667
triplet,"[""Xi_minus"", ""pi0"", ""W""]",3,0.004166666666666667
triplet,"[""Xi_minus"", ""K_plus"", ""K_long""]",3,0.004166666666666667
triplet,"[""Xi_minus"", ""K_short"", ""phi_1020""]",3,0.004166666666666667
triplet,"[""Xi_minus"", ""K_short"", ""D_plus""]",3,0.004166666666666667
triplet,"[""Xi_minus"", ""K_short"", ""B0""]",3,0.004166666666666667
triplet,"[""Xi_minus"", ""K_long"", ""rho_770""]",3,0.004166666666666667
triplet,"[""Xi_minus"", ""K_long"", ""omega_782""]",3,0.004166666666666667
triplet,"[""Xi_minus"", ""K_long"", ""Upsilon_1S""]",3,0.004166666666666667
triplet,"[""Xi_minus"", ""K_long"", ""Higgs""]",3,0.004166666666666667
triplet,"[""Xi_minus"", ""eta"", ""omega_782""]",3,0.004166666666666667
triplet,"[""Xi_minus"", ""eta"", ""top""]",3,0.004166666666666667
triplet,"[""Xi_minus"", ""rho_770"", ""D_plus""]",3,0.004166666666666667
triplet,"[""Xi_minus"", ""rho_770"", ""Ds_plus""]",3,0.004166666666666667
triplet,"[""Xi_minus"", ""rho_770"", ""Z""]",3,0.004166666666666667
triplet,"[""Xi_minus"", ""omega_782"", ""D0""]",3,0.004166666666666667
triplet,"[""Xi_minus"", ""omega_782"", ""D_plus""]",3,0.004166666666666667
triplet,"[""Xi_minus"", ""omega_782"", ""Ds_plus""]",3,0.004166666666666667
triplet,"[""Xi_minus"", ""phi_1020"", ""D_plus""]",3,0.004166666666666667
triplet,"[""Xi_minus"", ""phi_1020"", ""Z""]",3,0.004166666666666667
triplet,"[""Xi_minus"", ""D0"", ""Bs0""]",3,0.004166666666666667
triplet,"[""Xi_minus"", ""D0"", ""top""]",3,0.004166666666666667
triplet,"[""Xi_minus"", ""D_plus"", ""J_psi""]",3,0.004166666666666667
triplet,"[""Xi_minus"", ""D_plus"", ""B_plus""]",3,0.004166666666666667
triplet,"[""Xi_minus"", ""D_plus"", ""Higgs""]",3,0.004166666666666667
triplet,"[""Xi_minus"", ""D_plus"", ""top""]",3,0.004166666666666667
triplet,"[""Xi_minus"", ""Ds_plus"", ""Higgs""]",3,0.004166666666666667
triplet,"[""Xi_minus"", ""J_psi"", ""Z""]",3,0.004166666666666667
triplet,"[""Xi_minus"", ""Upsilon_1S"", ""Higgs""]",3,0.004166666666666667
triplet,"[""Omega_minus"", ""Delta_1232"", ""pi0""]",3,0.004166666666666667
triplet,"[""Omega_minus"", ""Delta_1232"", ""K_long""]",3,0.004166666666666667
triplet,"[""Omega_minus"", ""Delta_1232"", ""eta""]",3,0.004166666666666667
triplet,"[""Omega_minus"", ""Delta_1232"", ""omega_782""]",3,0.004166666666666667
triplet,"[""Omega_minus"", ""Delta_1232"", ""D0""]",3,0.004166666666666667
triplet,"[""Omega_minus"", ""Delta_1232"", ""D_plus""]",3,0.004166666666666667
triplet,"[""Omega_minus"", ""Delta_1232"", ""top""]",3,0.004166666666666667
triplet,"[""Omega_minus"", ""pi0"", ""eta""]",3,0.004166666666666667
triplet,"[""Omega_minus"", ""pi0"", ""phi_1020""]",3,0.004166666666666667
triplet,"[""Omega_minus"", ""pi0"", ""Ds_plus""]",3,0.004166666666666667
triplet,"[""Omega_minus"", ""pi0"", ""Upsilon_1S""]",3,0.004166666666666667
triplet,"[""Omega_minus"", ""pi0"", ""top""]",3,0.004166666666666667
triplet,"[""Omega_minus"", ""pi_plus"", ""K_short""]",3,0.004166666666666667
triplet,"[""Omega_minus"", ""pi_plus"", ""Ds_plus""]",3,0.004166666666666667
triplet,"[""Omega_minus"", ""K_plus"", ""K_long""]",3,0.004166666666666667
triplet,"[""Omega_minus"", ""K_plus"", ""D_plus""]",3,0.004166666666666667
triplet,"[""Omega_minus"", ""K_plus"", ""B0""]",3,0.004166666666666667
triplet,"[""Omega_minus"", ""K_short"", ""eta""]",3,0.004166666666666667
triplet,"[""Omega_minus"", ""K_short"", ""Z""]",3,0.004166666666666667
triplet,"[""Omega_minus"", ""K_long"", ""D_plus""]",3,0.004166666666666667
triplet,"[""Omega_minus"", ""K_long"", ""J_psi""]",3,0.004166666666666667
triplet,"[""Omega_minus"", ""K_long"", ""B0""]",3,0.004166666666666667
triplet,"[""Omega_minus"", ""K_long"", ""W""]",3,0.004166666666666667
triplet,"[""Omega_minus"", ""K_long"", ""Higgs""]",3,0.004166666666666667
triplet,"[""Omega_minus"", ""eta"", ""W""]",3,0.004166666666666667
triplet,"[""Omega_minus"", ""rho_770"", ""J_psi""]",3,0.004166666666666667
triplet,"[""Omega_minus"", ""rho_770"", ""Z""]",3,0.004166666666666667
triplet,"[""Omega_minus"", ""omega_782"", ""D_plus""]",3,0.004166666666666667
triplet,"[""Omega_minus"", ""omega_782"", ""Ds_plus""]",3,0.004166666666666667
triplet,"[""Omega_minus"", ""omega_782"", ""Upsilon_1S""]",3,0.004166666666666667
triplet,"[""Omega_minus"", ""omega_782"", ""Higgs""]",3,0.004166666666666667
triplet,"[""Omega_minus"", ""phi_1020"", ""D_plus""]",3,0.004166666666666667
triplet,"[""Omega_minus"", ""phi_1020"", ""Ds_plus""]",3,0.004166666666666667
triplet,"[""Omega_minus"", ""phi_1020"", ""J_psi""]",3,0.004166666666666667
triplet,"[""Omega_minus"", ""phi_1020"", ""Z""]",3,0.004166666666666667
triplet,"[""Omega_minus"", ""phi_1020"", ""top""]",3,0.004166666666666667
triplet,"[""Omega_minus"", ""D0"", ""J_psi""]",3,0.004166666666666667
triplet,"[""Omega_minus"", ""D0"", ""Higgs""]",3,0.004166666666666667
triplet,"[""Omega_minus"", ""D_plus"", ""Upsilon_1S""]",3,0.004166666666666667
triplet,"[""Omega_minus"", ""D_plus"", ""W""]",3,0.004166666666666667
triplet,"[""Omega_minus"", ""D_plus"", ""Z""]",3,0.004166666666666667
triplet,"[""Omega_minus"", ""D_plus"", ""top""]",3,0.004166666666666667
triplet,"[""Omega_minus"", ""Ds_plus"", ""B0""]",3,0.004166666666666667
triplet,"[""Omega_minus"", ""Ds_plus"", ""Bs0""]",3,0.004166666666666667
triplet,"[""Omega_minus"", ""Ds_plus"", ""Z""]",3,0.004166666666666667
triplet,"[""Omega_minus"", ""Ds_plus"", ""Higgs""]",3,0.004166666666666667
triplet,"[""Omega_minus"", ""Ds_plus"", ""top""]",3,0.004166666666666667
triplet,"[""Omega_minus"", ""J_psi"", ""Upsilon_1S""]",3,0.004166666666666667
triplet,"[""Omega_minus"", ""J_psi"", ""W""]",3,0.004166666666666667
triplet,"[""Omega_minus"", ""J_psi"", ""Z""]",3,0.004166666666666667
triplet,"[""Omega_minus"", ""B_plus"", ""W""]",3,0.004166666666666667
triplet,"[""Omega_minus"", ""Upsilon_1S"", ""W""]",3,0.004166666666666667
triplet,"[""Omega_minus"", ""Upsilon_1S"", ""Z""]",3,0.004166666666666667
triplet,"[""Omega_minus"", ""Upsilon_1S"", ""Higgs""]",3,0.004166666666666667
triplet,"[""Omega_minus"", ""Z"", ""Higgs""]",3,0.004166666666666667
triplet,"[""Delta_1232"", ""pi0"", ""D0""]",3,0.004166666666666667
triplet,"[""Delta_1232"", ""pi0"", ""D_plus""]",3,0.004166666666666667
triplet,"[""Delta_1232"", ""pi0"", ""Higgs""]",3,0.004166666666666667
triplet,"[""Delta_1232"", ""pi0"", ""top""]",3,0.004166666666666667
triplet,"[""Delta_1232"", ""pi_plus"", ""K_long""]",3,0.004166666666666667
triplet,"[""Delta_1232"", ""pi_plus"", ""eta""]",3,0.004166666666666667
triplet,"[""Delta_1232"", ""pi_plus"", ""J_psi""]",3,0.004166666666666667
triplet,"[""Delta_1232"", ""pi_plus"", ""Upsilon_1S""]",3,0.004166666666666667
triplet,"[""Delta_1232"", ""pi_plus"", ""Higgs""]",3,0.004166666666666667
triplet,"[""Delta_1232"", ""pi_plus"", ""top""]",3,0.004166666666666667
triplet,"[""Delta_1232"", ""K_plus"", ""K_short""]",3,0.004166666666666667
triplet,"[""Delta_1232"", ""K_plus"", ""K_long""]",3,0.004166666666666667
triplet,"[""Delta_1232"", ""K_plus"", ""D0""]",3,0.004166666666666667
triplet,"[""Delta_1232"", ""K_plus"", ""D_plus""]",3,0.004166666666666667
triplet,"[""Delta_1232"", ""K_plus"", ""Ds_plus""]",3,0.004166666666666667
triplet,"[""Delta_1232"", ""K_plus"", ""B0""]",3,0.004166666666666667
triplet,"[""Delta_1232"", ""K_plus"", ""Bs0""]",3,0.004166666666666667
triplet,"[""Delta_1232"", ""K_short"", ""K_long""]",3,0.004166666666666667
triplet,"[""Delta_1232"", ""K_short"", ""rho_770""]",3,0.004166666666666667
triplet,"[""Delta_1232"", ""K_short"", ""B0""]",3,0.004166666666666667
triplet,"[""Delta_1232"", ""K_short"", ""Bs0""]",3,0.004166666666666667
triplet,"[""Delta_1232"", ""K_short"", ""top""]",3,0.004166666666666667
triplet,"[""Delta_1232"", ""K_long"", ""omega_782""]",3,0.004166666666666667
triplet,"[""Delta_1232"", ""K_long"", ""D0""]",3,0.004166666666666667
triplet,"[""Delta_1232"", ""K_long"", ""D_plus""]",3,0.004166666666666667
triplet,"[""Delta_1232"", ""K_long"", ""Ds_plus""]",3,0.004166666666666667
triplet,"[""Delta_1232"", ""K_long"", ""J_psi""]",3,0.004166666666666667
triplet,"[""Delta_1232"", ""K_long"", ""B_plus""]",3,0.004166666666666667
triplet,"[""Delta_1232"", ""K_long"", ""B0""]",3,0.004166666666666667
triplet,"[""Delta_1232"", ""K_long"", ""Bs0""]",3,0.004166666666666667
triplet,"[""Delta_1232"", ""K_long"", ""Z""]",3,0.004166666666666667
triplet,"[""Delta_1232"", ""K_long"", ""Higgs""]",3,0.004166666666666667
triplet,"[""Delta_1232"", ""eta"", ""D0""]",3,0.004166666666666667
triplet,"[""Delta_1232"", ""eta"", ""Ds_plus""]",3,0.004166666666666667
triplet,"[""Delta_1232"", ""eta"", ""B0""]",3,0.004166666666666667
triplet,"[""Delta_1232"", ""eta"", ""Bs0""]",3,0.004166666666666667
triplet,"[""Delta_1232"", ""eta"", ""Upsilon_1S""]",3,0.004166666666666667
triplet,"[""Delta_1232"", ""rho_770"", ""top""]",3,0.004166666666666667
triplet,"[""Delta_1232"", ""omega_782"", ""D0""]",3,0.004166666666666667
triplet,"[""Delta_1232"", ""omega_782"", ""D_plus""]",3,0.004166666666666667
triplet,"[""Delta_1232"", ""omega_782"", ""Ds_plus""]",3,0.004166666666666667
triplet,"[""Delta_1232"", ""omega_782"", ""B_plus""]",3,0.004166666666666667
triplet,"[""Delta_1232"", ""omega_782"", ""B0""]",3,0.004166666666666667
triplet,"[""Delta_1232"", ""phi_1020"", ""top""]",3,0.004166666666666667
triplet,"[""Delta_1232"", ""D0"", ""B0""]",3,0.004166666666666667
triplet,"[""Delta_1232"", ""D0"", ""Bs0""]",3,0.004166666666666667
triplet,"[""Delta_1232"", ""D0"", ""Upsilon_1S""]",3,0.004166666666666667
triplet,"[""Delta_1232"", ""D0"", ""Higgs""]",3,0.004166666666666667
triplet,"[""Delta_1232"", ""D0"", ""top""]",3,0.004166666666666667
triplet,"[""Delta_1232"", ""Ds_plus"", ""B_plus""]",3,0.004166666666666667
triplet,"[""Delta_1232"", ""Ds_plus"", ""B0""]",3,0.004166666666666667
triplet,"[""Delta_1232"", ""Ds_plus"", ""Bs0""]",3,0.004166666666666667
triplet,"[""Delta_1232"", ""Ds_plus"", ""Higgs""]",3,0.004166666666666667
triplet,"[""Delta_1232"", ""Ds_plus"", ""top""]",3,0.004166666666666667
triplet,"[""Delta_1232"", ""J_psi"", ""Upsilon_1S""]",3,0.004166666666666667
triplet,"[""Delta_1232"", ""J_psi"", ""W""]",3,0.004166666666666667
triplet,"[""Delta_1232"", ""J_psi"", ""top""]",3,0.004166666666666667
triplet,"[""Delta_1232"", ""B_plus"", ""Higgs""]",3,0.004166666666666667
triplet,"[""Delta_1232"", ""B_plus"", ""top""]",3,0.004166666666666667
triplet,"[""Delta_1232"", ""B0"", ""Higgs""]",3,0.004166666666666667
triplet,"[""Delta_1232"", ""B0"", ""top""]",3,0.004166666666666667
triplet,"[""Delta_1232"", ""Bs0"", ""Higgs""]",3,0.004166666666666667
triplet,"[""Delta_1232"", ""Bs0"", ""top""]",3,0.004166666666666667
triplet,"[""Delta_1232"", ""Upsilon_1S"", ""Higgs""]",3,0.004166666666666667
triplet,"[""pi0"", ""pi_plus"", ""K_short""]",3,0.004166666666666667
triplet,"[""pi0"", ""pi_plus"", ""K_long""]",3,0.004166666666666667
triplet,"[""pi0"", ""pi_plus"", ""omega_782""]",3,0.004166666666666667
triplet,"[""pi0"", ""pi_plus"", ""Ds_plus""]",3,0.004166666666666667
triplet,"[""pi0"", ""pi_plus"", ""top""]",3,0.004166666666666667
triplet,"[""pi0"", ""K_plus"", ""K_short""]",3,0.004166666666666667
triplet,"[""pi0"", ""K_plus"", ""rho_770""]",3,0.004166666666666667
triplet,"[""pi0"", ""K_plus"", ""omega_782""]",3,0.004166666666666667
triplet,"[""pi0"", ""K_plus"", ""phi_1020""]",3,0.004166666666666667
triplet,"[""pi0"", ""K_plus"", ""D0""]",3,0.004166666666666667
triplet,"[""pi0"", ""K_plus"", ""D_plus""]",3,0.004166666666666667
triplet,"[""pi0"", ""K_plus"", ""top""]",3,0.004166666666666667
triplet,"[""pi0"", ""K_short"", ""K_long""]",3,0.004166666666666667
triplet,"[""pi0"", ""K_short"", ""B_plus""]",3,0.004166666666666667
triplet,"[""pi0"", ""K_short"", ""W""]",3,0.004166666666666667
triplet,"[""pi0"", ""K_short"", ""Z""]",3,0.004166666666666667
triplet,"[""pi0"", ""K_short"", ""Higgs""]",3,0.004166666666666667
triplet,"[""pi0"", ""K_long"", ""rho_770""]",3,0.004166666666666667
triplet,"[""pi0"", ""K_long"", ""phi_1020""]",3,0.004166666666666667
triplet,"[""pi0"", ""K_long"", ""D_plus""]",3,0.004166666666666667
triplet,"[""pi0"", ""K_long"", ""Upsilon_1S""]",3,0.004166666666666667
triplet,"[""pi0"", ""eta"", ""J_psi""]",3,0.004166666666666667
triplet,"[""pi0"", ""eta"", ""B_plus""]",3,0.004166666666666667
triplet,"[""pi0"", ""eta"", ""W""]",3,0.004166666666666667
triplet,"[""pi0"", ""eta"", ""Z""]",3,0.004166666666666667
triplet,"[""pi0"", ""eta"", ""top""]",3,0.004166666666666667
triplet,"[""pi0"", ""rho_770"", ""B0""]",3,0.004166666666666667
triplet,"[""pi0"", ""rho_770"", ""Bs0""]",3,0.004166666666666667
triplet,"[""pi0"", ""rho_770"", ""Z""]",3,0.004166666666666667
triplet,"[""pi0"", ""rho_770"", ""Higgs""]",3,0.004166666666666667
triplet,"[""pi0"", ""omega_782"", ""B_plus""]",3,0.004166666666666667
triplet,"[""pi0"", ""omega_782"", ""B0""]",3,0.004166666666666667
triplet,"[""pi0"", ""omega_782"", ""Bs0""]",3,0.004166666666666667
triplet,"[""pi0"", ""phi_1020"", ""J_psi""]",3,0.004166666666666667
triplet,"[""pi0"", ""phi_1020"", ""B0""]",3,0.004166666666666667
triplet,"[""pi0"", ""phi_1020"", ""Bs0""]",3,0.004166666666666667
triplet,"[""pi0"", ""phi_1020"", ""Upsilon_1S""]",3,0.004166666666666667
triplet,"[""pi0"", ""phi_1020"", ""W""]",3,0.004166666666666667
triplet,"[""pi0"", ""phi_1020"", ""Z""]",3,0.004166666666666667
triplet,"[""pi0"", ""phi_1020"", ""top""]",3,0.004166666666666667
triplet,"[""pi0"", ""D0"", ""B_plus""]",3,0.004166666666666667
triplet,"[""pi0"", ""D0"", ""B0""]",3,0.004166666666666667
triplet,"[""pi0"", ""D0"", ""Upsilon_1S""]",3,0.004166666666666667
triplet,"[""pi0"", ""D0"", ""Higgs""]",3,0.004166666666666667
triplet,"[""pi0"", ""D0"", ""top""]",3,0.004166666666666667
triplet,"[""pi0"", ""D_plus"", ""J_psi""]",3,0.004166666666666667
triplet,"[""pi0"", ""D_plus"", ""B_plus""]",3,0.004166666666666667
triplet,"[""pi0"", ""D_plus"", ""B0""]",3,0.004166666666666667
triplet,"[""pi0"", ""D_plus"", ""Bs0""]",3,0.004166666666666667
triplet,"[""pi0"", ""Ds_plus"", ""B_plus""]",3,0.004166666666666667
triplet,"[""pi0"", ""Ds_plus"", ""Upsilon_1S""]",3,0.004166666666666667
triplet,"[""pi0"", ""Ds_plus"", ""W""]",3,0.004166666666666667
triplet,"[""pi0"", ""Ds_plus"", ""Z""]",3,0.004166666666666667
triplet,"[""pi0"", ""B_plus"", ""Upsilon_1S""]",3,0.004166666666666667
triplet,"[""pi0"", ""B0"", ""Upsilon_1S""]",3,0.004166666666666667
triplet,"[""pi0"", ""B0"", ""top""]",3,0.004166666666666667
triplet,"[""pi0"", ""Bs0"", ""Upsilon_1S""]",3,0.004166666666666667
triplet,"[""pi0"", ""Bs0"", ""top""]",3,0.004166666666666667
triplet,"[""pi_plus"", ""K_short"", ""eta""]",3,0.004166666666666667
triplet,"[""pi_plus"", ""K_short"", ""phi_1020""]",3,0.004166666666666667
triplet,"[""pi_plus"", ""K_short"", ""J_psi""]",3,0.004166666666666667
triplet,"[""pi_plus"", ""K_short"", ""Bs0""]",3,0.004166666666666667
triplet,"[""pi_plus"", ""K_short"", ""Upsilon_1S""]",3,0.004166666666666667
triplet,"[""pi_plus"", ""K_short"", ""Z""]",3,0.004166666666666667
triplet,"[""pi_plus"", ""K_long"", ""phi_1020""]",3,0.004166666666666667
triplet,"[""pi_plus"", ""K_long"", ""D_plus""]",3,0.004166666666666667
triplet,"[""pi_plus"", ""K_long"", ""Ds_plus""]",3,0.004166666666666667
triplet,"[""pi_plus"", ""K_long"", ""J_psi""]",3,0.004166666666666667
triplet,"[""pi_plus"", ""K_long"", ""B0""]",3,0.004166666666666667
triplet,"[""pi_plus"", ""K_long"", ""Bs0""]",3,0.004166666666666667
triplet,"[""pi_plus"", ""K_long"", ""Upsilon_1S""]",3,0.004166666666666667
triplet,"[""pi_plus"", ""K_long"", ""Higgs""]",3,0.004166666666666667
triplet,"[""pi_plus"", ""K_long"", ""top""]",3,0.004166666666666667
triplet,"[""pi_plus"", ""eta"", ""omega_782""]",3,0.004166666666666667
triplet,"[""pi_plus"", ""eta"", ""D0""]",3,0.004166666666666667
triplet,"[""pi_plus"", ""eta"", ""W""]",3,0.004166666666666667
triplet,"[""pi_plus"", ""eta"", ""Z""]",3,0.004166666666666667
triplet,"[""pi_plus"", ""eta"", ""top""]",3,0.004166666666666667
triplet,"[""pi_plus"", ""omega_782"", ""D0""]",3,0.004166666666666667
triplet,"[""pi_plus"", ""phi_1020"", ""Ds_plus""]",3,0.004166666666666667
triplet,"[""pi_plus"", ""phi_1020"", ""Upsilon_1S""]",3,0.004166666666666667
triplet,"[""pi_plus"", ""phi_1020"", ""W""]",3,0.004166666666666667
triplet,"[""pi_plus"", ""phi_1020"", ""Z""]",3,0.004166666666666667
triplet,"[""pi_plus"", ""phi_1020"", ""Higgs""]",3,0.004166666666666667
triplet,"[""pi_plus"", ""D0"", ""top""]",3,0.004166666666666667
triplet,"[""pi_plus"", ""D_plus"", ""B_plus""]",3,0.004166666666666667
triplet,"[""pi_plus"", ""D_plus"", ""W""]",3,0.004166666666666667
triplet,"[""pi_plus"", ""D_plus"", ""top""]",3,0.004166666666666667
triplet,"[""pi_plus"", ""Ds_plus"", ""J_psi""]",3,0.004166666666666667
triplet,"[""pi_plus"", ""Ds_plus"", ""top""]",3,0.004166666666666667
triplet,"[""pi_plus"", ""J_psi"", ""top""]",3,0.004166666666666667
triplet,"[""pi_plus"", ""B_plus"", ""Higgs""]",3,0.004166666666666667
triplet,"[""pi_plus"", ""B0"", ""W""]",3,0.004166666666666667
triplet,"[""pi_plus"", ""B0"", ""Z""]",3,0.004166666666666667
triplet,"[""pi_plus"", ""Bs0"", ""W""]",3,0.004166666666666667
triplet,"[""pi_plus"", ""Bs0"", ""Z""]",3,0.004166666666666667
triplet,"[""K_plus"", ""K_short"", ""K_long""]",3,0.004166666666666667
triplet,"[""K_plus"", ""K_short"", ""eta""]",3,0.004166666666666667
triplet,"[""K_plus"", ""K_short"", ""phi_1020""]",3,0.004166666666666667
triplet,"[""K_plus"", ""K_short"", ""B0""]",3,0.004166666666666667
triplet,"[""K_plus"", ""K_short"", ""Bs0""]",3,0.004166666666666667
triplet,"[""K_plus"", ""K_long"", ""D0""]",3,0.004166666666666667
triplet,"[""K_plus"", ""K_long"", ""D_plus""]",3,0.004166666666666667
triplet,"[""K_plus"", ""K_long"", ""Ds_plus""]",3,0.004166666666666667
triplet,"[""K_plus"", ""K_long"", ""B0""]",3,0.004166666666666667
triplet,"[""K_plus"", ""K_long"", ""top""]",3,0.004166666666666667
triplet,"[""K_plus"", ""eta"", ""D_plus""]",3,0.004166666666666667
triplet,"[""K_plus"", ""eta"", ""Ds_plus""]",3,0.004166666666666667
triplet,"[""K_plus"", ""eta"", ""J_psi""]",3,0.004166666666666667
triplet,"[""K_plus"", ""eta"", ""B_plus""]",3,0.004166666666666667
triplet,"[""K_plus"", ""eta"", ""top""]",3,0.004166666666666667
triplet,"[""K_plus"", ""rho_770"", ""D_plus""]",3,0.004166666666666667
triplet,"[""K_plus"", ""rho_770"", ""B0""]",3,0.004166666666666667
triplet,"[""K_plus"", ""rho_770"", ""Bs0""]",3,0.004166666666666667
triplet,"[""K_plus"", ""rho_770"", ""W""]",3,0.004166666666666667
triplet,"[""K_plus"", ""omega_782"", ""B0""]",3,0.004166666666666667
triplet,"[""K_plus"", ""omega_782"", ""Bs0""]",3,0.004166666666666667
triplet,"[""K_plus"", ""phi_1020"", ""D0""]",3,0.004166666666666667
triplet,"[""K_plus"", ""phi_1020"", ""Ds_plus""]",3,0.004166666666666667
triplet,"[""K_plus"", ""phi_1020"", ""B0""]",3,0.004166666666666667
triplet,"[""K_plus"", ""phi_1020"", ""Bs0""]",3,0.004166666666666667
triplet,"[""K_plus"", ""phi_1020"", ""Upsilon_1S""]",3,0.004166666666666667
triplet,"[""K_plus"", ""phi_1020"", ""Z""]",3,0.004166666666666667
triplet,"[""K_plus"", ""phi_1020"", ""Higgs""]",3,0.004166666666666667
triplet,"[""K_plus"", ""phi_1020"", ""top""]",3,0.004166666666666667
triplet,"[""K_plus"", ""D0"", ""B0""]",3,0.004166666666666667
triplet,"[""K_plus"", ""D0"", ""Upsilon_1S""]",3,0.004166666666666667
triplet,"[""K_plus"", ""D_plus"", ""B0""]",3,0.004166666666666667
triplet,"[""K_plus"", ""D_plus"", ""Upsilon_1S""]",3,0.004166666666666667
triplet,"[""K_plus"", ""D_plus"", ""Higgs""]",3,0.004166666666666667
triplet,"[""K_plus"", ""Ds_plus"", ""B0""]",3,0.004166666666666667
triplet,"[""K_plus"", ""Ds_plus"", ""Upsilon_1S""]",3,0.004166666666666667
triplet,"[""K_plus"", ""Ds_plus"", ""W""]",3,0.004166666666666667
triplet,"[""K_plus"", ""J_psi"", ""Z""]",3,0.004166666666666667
triplet,"[""K_plus"", ""B0"", ""Upsilon_1S""]",3,0.004166666666666667
triplet,"[""K_short"", ""K_long"", ""omega_782""]",3,0.004166666666666667
triplet,"[""K_short"", ""K_long"", ""phi_1020""]",3,0.004166666666666667
triplet,"[""K_short"", ""K_long"", ""J_psi""]",3,0.004166666666666667
triplet,"[""K_short"", ""eta"", ""D0""]",3,0.004166666666666667
triplet,"[""K_short"", ""rho_770"", ""B0""]",3,0.004166666666666667
triplet,"[""K_short"", ""rho_770"", ""Bs0""]",3,0.004166666666666667
triplet,"[""K_short"", ""rho_770"", ""Upsilon_1S""]",3,0.004166666666666667
triplet,"[""K_short"", ""rho_770"", ""W""]",3,0.004166666666666667
triplet,"[""K_short"", ""rho_770"", ""Z""]",3,0.004166666666666667
triplet,"[""K_short"", ""omega_782"", ""B0""]",3,0.004166666666666667
triplet,"[""K_short"", ""omega_782"", ""Bs0""]",3,0.004166666666666667
triplet,"[""K_short"", ""omega_782"", ""Upsilon_1S""]",3,0.004166666666666667
triplet,"[""K_short"", ""phi_1020"", ""B_plus""]",3,0.004166666666666667
triplet,"[""K_short"", ""phi_1020"", ""Higgs""]",3,0.004166666666666667
triplet,"[""K_short"", ""D0"", ""Bs0""]",3,0.004166666666666667
triplet,"[""K_short"", ""D0"", ""Upsilon_1S""]",3,0.004166666666666667
triplet,"[""K_short"", ""D0"", ""W""]",3,0.004166666666666667
triplet,"[""K_short"", ""D0"", ""Z""]",3,0.004166666666666667
triplet,"[""K_short"", ""D_plus"", ""B_plus""]",3,0.004166666666666667
triplet,"[""K_short"", ""Ds_plus"", ""W""]",3,0.004166666666666667
triplet,"[""K_short"", ""B_plus"", ""Z""]",3,0.004166666666666667
triplet,"[""K_short"", ""Bs0"", ""W""]",3,0.004166666666666667
triplet,"[""K_short"", ""Bs0"", ""Z""]",3,0.004166666666666667
triplet,"[""K_short"", ""Upsilon_1S"", ""top""]",3,0.004166666666666667
triplet,"[""K_short"", ""Higgs"", ""top""]",3,0.004166666666666667
triplet,"[""K_long"", ""eta"", ""Higgs""]",3,0.004166666666666667
triplet,"[""K_long"", ""rho_770"", ""J_psi""]",3,0.004166666666666667
triplet,"[""K_long"", ""omega_782"", ""B_plus""]",3,0.004166666666666667
triplet,"[""K_long"", ""omega_782"", ""B0""]",3,0.004166666666666667
triplet,"[""K_long"", ""omega_782"", ""Bs0""]",3,0.004166666666666667
triplet,"[""K_long"", ""omega_782"", ""W""]",3,0.004166666666666667
triplet,"[""K_long"", ""omega_782"", ""Z""]",3,0.004166666666666667
triplet,"[""K_long"", ""phi_1020"", ""D0""]",3,0.004166666666666667
triplet,"[""K_long"", ""phi_1020"", ""D_plus""]",3,0.004166666666666667
triplet,"[""K_long"", ""phi_1020"", ""J_psi""]",3,0.004166666666666667
triplet,"[""K_long"", ""phi_1020"", ""B_plus""]",3,0.004166666666666667
triplet,"[""K_long"", ""phi_1020"", ""B0""]",3,0.004166666666666667
triplet,"[""K_long"", ""phi_1020"", ""Bs0""]",3,0.004166666666666667
triplet,"[""K_long"", ""D0"", ""B_plus""]",3,0.004166666666666667
triplet,"[""K_long"", ""D_plus"", ""B_plus""]",3,0.004166666666666667
triplet,"[""K_long"", ""Ds_plus"", ""B0""]",3,0.004166666666666667
triplet,"[""K_long"", ""Ds_plus"", ""Bs0""]",3,0.004166666666666667
triplet,"[""K_long"", ""Ds_plus"", ""Upsilon_1S""]",3,0.004166666666666667
triplet,"[""K_long"", ""Ds_plus"", ""Higgs""]",3,0.004166666666666667
triplet,"[""K_long"", ""J_psi"", ""Upsilon_1S""]",3,0.004166666666666667
triplet,"[""K_long"", ""B_plus"", ""Higgs""]",3,0.004166666666666667
triplet,"[""K_long"", ""B0"", ""Upsilon_1S""]",3,0.004166666666666667
triplet,"[""K_long"", ""B0"", ""W""]",3,0.004166666666666667
triplet,"[""K_long"", ""B0"", ""Z""]",3,0.004166666666666667
triplet,"[""K_long"", ""B0"", ""Higgs""]",3,0.004166666666666667
triplet,"[""K_long"", ""Bs0"", ""W""]",3,0.004166666666666667
triplet,"[""K_long"", ""Bs0"", ""Z""]",3,0.004166666666666667
triplet,"[""K_long"", ""Bs0"", ""Higgs""]",3,0.004166666666666667
triplet,"[""K_long"", ""Bs0"", ""top""]",3,0.004166666666666667
triplet,"[""K_long"", ""Upsilon_1S"", ""Higgs""]",3,0.004166666666666667
triplet,"[""eta"", ""rho_770"", ""D_plus""]",3,0.004166666666666667
triplet,"[""eta"", ""rho_770"", ""Bs0""]",3,0.004166666666666667
triplet,"[""eta"", ""rho_770"", ""W""]",3,0.004166666666666667
triplet,"[""eta"", ""rho_770"", ""Z""]",3,0.004166666666666667
triplet,"[""eta"", ""omega_782"", ""D0""]",3,0.004166666666666667
triplet,"[""eta"", ""omega_782"", ""B_plus""]",3,0.004166666666666667
triplet,"[""eta"", ""omega_782"", ""Bs0""]",3,0.004166666666666667
triplet,"[""eta"", ""phi_1020"", ""Bs0""]",3,0.004166666666666667
triplet,"[""eta"", ""phi_1020"", ""Z""]",3,0.004166666666666667
triplet,"[""eta"", ""phi_1020"", ""Higgs""]",3,0.004166666666666667
triplet,"[""eta"", ""phi_1020"", ""top""]",3,0.004166666666666667
triplet,"[""eta"", ""D0"", ""Higgs""]",3,0.004166666666666667
triplet,"[""eta"", ""D0"", ""top""]",3,0.004166666666666667
triplet,"[""eta"", ""Ds_plus"", ""B0""]",3,0.004166666666666667
triplet,"[""eta"", ""Ds_plus"", ""Bs0""]",3,0.004166666666666667
triplet,"[""eta"", ""Ds_plus"", ""Upsilon_1S""]",3,0.004166666666666667
triplet,"[""eta"", ""Ds_plus"", ""W""]",3,0.004166666666666667
triplet,"[""eta"", ""Ds_plus"", ""top""]",3,0.004166666666666667
triplet,"[""eta"", ""Upsilon_1S"", ""Higgs""]",3,0.004166666666666667
triplet,"[""rho_770"", ""omega_782"", ""phi_1020""]",3,0.004166666666666667
triplet,"[""rho_770"", ""omega_782"", ""Z""]",3,0.004166666666666667
triplet,"[""rho_770"", ""phi_1020"", ""B_plus""]",3,0.004166666666666667
triplet,"[""rho_770"", ""phi_1020"", ""Higgs""]",3,0.004166666666666667
triplet,"[""rho_770"", ""D0"", ""D_plus""]",3,0.004166666666666667
triplet,"[""rho_770"", ""D0"", ""B_plus""]",3,0.004166666666666667
triplet,"[""rho_770"", ""D0"", ""B0""]",3,0.004166666666666667
triplet,"[""rho_770"", ""D0"", ""W""]",3,0.004166666666666667
triplet,"[""rho_770"", ""D_plus"", ""Upsilon_1S""]",3,0.004166666666666667
triplet,"[""rho_770"", ""D_plus"", ""W""]",3,0.004166666666666667
triplet,"[""rho_770"", ""D_plus"", ""Higgs""]",3,0.004166666666666667
triplet,"[""rho_770"", ""D_plus"", ""top""]",3,0.004166666666666667
triplet,"[""rho_770"", ""Ds_plus"", ""B_plus""]",3,0.004166666666666667
triplet,"[""rho_770"", ""Ds_plus"", ""B0""]",3,0.004166666666666667
triplet,"[""rho_770"", ""Ds_plus"", ""Bs0""]",3,0.004166666666666667
triplet,"[""rho_770"", ""J_psi"", ""B_plus""]",3,0.004166666666666667
triplet,"[""rho_770"", ""J_psi"", ""B0""]",3,0.004166666666666667
triplet,"[""rho_770"", ""J_psi"", ""Bs0""]",3,0.004166666666666667
triplet,"[""rho_770"", ""J_psi"", ""Upsilon_1S""]",3,0.004166666666666667
triplet,"[""rho_770"", ""Upsilon_1S"", ""W""]",3,0.004166666666666667
triplet,"[""rho_770"", ""Upsilon_1S"", ""Higgs""]",3,0.004166666666666667
triplet,"[""rho_770"", ""Z"", ""Higgs""]",3,0.004166666666666667
triplet,"[""omega_782"", ""phi_1020"", ""D_plus""]",3,0.004166666666666667
triplet,"[""omega_782"", ""phi_1020"", ""B_plus""]",3,0.004166666666666667
triplet,"[""omega_782"", ""phi_1020"", ""Higgs""]",3,0.004166666666666667
triplet,"[""omega_782"", ""D0"", ""B0""]",3,0.004166666666666667
triplet,"[""omega_782"", ""D0"", ""Bs0""]",3,0.004166666666666667
triplet,"[""omega_782"", ""D_plus"", ""J_psi""]",3,0.004166666666666667
triplet,"[""omega_782"", ""D_plus"", ""Z""]",3,0.004166666666666667
triplet,"[""omega_782"", ""D_plus"", ""Higgs""]",3,0.004166666666666667
triplet,"[""omega_782"", ""Ds_plus"", ""B_plus""]",3,0.004166666666666667
triplet,"[""omega_782"", ""J_psi"", ""B0""]",3,0.004166666666666667
triplet,"[""omega_782"", ""J_psi"", ""Bs0""]",3,0.004166666666666667
triplet,"[""omega_782"", ""B_plus"", ""W""]",3,0.004166666666666667
triplet,"[""omega_782"", ""Z"", ""Higgs""]",3,0.004166666666666667
triplet,"[""phi_1020"", ""D0"", ""Upsilon_1S""]",3,0.004166666666666667
triplet,"[""phi_1020"", ""D0"", ""Higgs""]",3,0.004166666666666667
triplet,"[""phi_1020"", ""D_plus"", ""J_psi""]",3,0.004166666666666667
triplet,"[""phi_1020"", ""D_plus"", ""B_plus""]",3,0.004166666666666667
triplet,"[""phi_1020"", ""D_plus"", ""B0""]",3,0.004166666666666667
triplet,"[""phi_1020"", ""D_plus"", ""Bs0""]",3,0.004166666666666667
triplet,"[""phi_1020"", ""D_plus"", ""W""]",3,0.004166666666666667
triplet,"[""phi_1020"", ""D_plus"", ""Higgs""]",3,0.004166666666666667
triplet,"[""phi_1020"", ""Ds_plus"", ""B_plus""]",3,0.004166666666666667
triplet,"[""phi_1020"", ""Ds_plus"", ""B0""]",3,0.004166666666666667
triplet,"[""phi_1020"", ""Ds_plus"", ""Z""]",3,0.004166666666666667
triplet,"[""phi_1020"", ""J_psi"", ""Bs0""]",3,0.004166666666666667
triplet,"[""phi_1020"", ""J_psi"", ""Upsilon_1S""]",3,0.004166666666666667
triplet,"[""phi_1020"", ""B_plus"", ""W""]",3,0.004166666666666667
triplet,"[""phi_1020"", ""B_plus"", ""Higgs""]",3,0.004166666666666667
triplet,"[""phi_1020"", ""B0"", ""Higgs""]",3,0.004166666666666667
triplet,"[""phi_1020"", ""Bs0"", ""Higgs""]",3,0.004166666666666667
triplet,"[""phi_1020"", ""Z"", ""Higgs""]",3,0.004166666666666667
triplet,"[""D0"", ""D_plus"", ""Bs0""]",3,0.004166666666666667
triplet,"[""D0"", ""D_plus"", ""Upsilon_1S""]",3,0.004166666666666667
triplet,"[""D0"", ""D_plus"", ""Z""]",3,0.004166666666666667
triplet,"[""D0"", ""J_psi"", ""B0""]",3,0.004166666666666667
triplet,"[""D0"", ""J_psi"", ""Bs0""]",3,0.004166666666666667
triplet,"[""D0"", ""J_psi"", ""Upsilon_1S""]",3,0.004166666666666667
triplet,"[""D0"", ""B_plus"", ""W""]",3,0.004166666666666667
triplet,"[""D0"", ""B_plus"", ""Z""]",3,0.004166666666666667
triplet,"[""D0"", ""B_plus"", ""Higgs""]",3,0.004166666666666667
triplet,"[""D0"", ""B_plus"", ""top""]",3,0.004166666666666667
triplet,"[""D0"", ""B0"", ""Upsilon_1S""]",3,0.004166666666666667
triplet,"[""D0"", ""B0"", ""W""]",3,0.004166666666666667
triplet,"[""D0"", ""B0"", ""Z""]",3,0.004166666666666667
triplet,"[""D0"", ""B0"", ""top""]",3,0.004166666666666667
triplet,"[""D0"", ""Bs0"", ""W""]",3,0.004166666666666667
triplet,"[""D0"", ""Bs0"", ""Z""]",3,0.004166666666666667
triplet,"[""D0"", ""Bs0"", ""Higgs""]",3,0.004166666666666667
triplet,"[""D0"", ""Bs0"", ""top""]",3,0.004166666666666667
triplet,"[""D0"", ""Upsilon_1S"", ""Higgs""]",3,0.004166666666666667
triplet,"[""D0"", ""W"", ""Higgs""]",3,0.004166666666666667
triplet,"[""D0"", ""Z"", ""Higgs""]",3,0.004166666666666667
triplet,"[""D_plus"", ""Ds_plus"", ""B0""]",3,0.004166666666666667
triplet,"[""D_plus"", ""Ds_plus"", ""Bs0""]",3,0.004166666666666667
triplet,"[""D_plus"", ""Ds_plus"", ""Upsilon_1S""]",3,0.004166666666666667
triplet,"[""D_plus"", ""Ds_plus"", ""Z""]",3,0.004166666666666667
triplet,"[""D_plus"", ""J_psi"", ""Upsilon_1S""]",3,0.004166666666666667
triplet,"[""D_plus"", ""J_psi"", ""W""]",3,0.004166666666666667
triplet,"[""D_plus"", ""J_psi"", ""Z""]",3,0.004166666666666667
triplet,"[""D_plus"", ""B0"", ""Upsilon_1S""]",3,0.004166666666666667
triplet,"[""D_plus"", ""Bs0"", ""Upsilon_1S""]",3,0.004166666666666667
triplet,"[""D_plus"", ""Bs0"", ""top""]",3,0.004166666666666667
triplet,"[""D_plus"", ""Upsilon_1S"", ""top""]",3,0.004166666666666667
triplet,"[""D_plus"", ""W"", ""Higgs""]",3,0.004166666666666667
triplet,"[""D_plus"", ""Z"", ""Higgs""]",3,0.004166666666666667
triplet,"[""Ds_plus"", ""J_psi"", ""B_plus""]",3,0.004166666666666667
triplet,"[""Ds_plus"", ""J_psi"", ""B0""]",3,0.004166666666666667
triplet,"[""Ds_plus"", ""J_psi"", ""Bs0""]",3,0.004166666666666667
triplet,"[""Ds_plus"", ""J_psi"", ""W""]",3,0.004166666666666667
triplet,"[""Ds_plus"", ""B_plus"", ""Upsilon_1S""]",3,0.004166666666666667
triplet,"[""Ds_plus"", ""B_plus"", ""W""]",3,0.004166666666666667
triplet,"[""Ds_plus"", ""B_plus"", ""Higgs""]",3,0.004166666666666667
triplet,"[""Ds_plus"", ""B_plus"", ""top""]",3,0.004166666666666667
triplet,"[""Ds_plus"", ""B0"", ""W""]",3,0.004166666666666667
triplet,"[""Ds_plus"", ""B0"", ""Higgs""]",3,0.004166666666666667
triplet,"[""Ds_plus"", ""B0"", ""top""]",3,0.004166666666666667
triplet,"[""Ds_plus"", ""Bs0"", ""W""]",3,0.004166666666666667
triplet,"[""Ds_plus"", ""Bs0"", ""top""]",3,0.004166666666666667
triplet,"[""Ds_plus"", ""Upsilon_1S"", ""Z""]",3,0.004166666666666667
triplet,"[""Ds_plus"", ""W"", ""Higgs""]",3,0.004166666666666667
triplet,"[""Ds_plus"", ""Z"", ""Higgs""]",3,0.004166666666666667
triplet,"[""J_psi"", ""B0"", ""Z""]",3,0.004166666666666667
triplet,"[""J_psi"", ""Bs0"", ""Z""]",3,0.004166666666666667
triplet,"[""J_psi"", ""Upsilon_1S"", ""W""]",3,0.004166666666666667
triplet,"[""J_psi"", ""Upsilon_1S"", ""Z""]",3,0.004166666666666667
triplet,"[""B_plus"", ""Upsilon_1S"", ""Higgs""]",3,0.004166666666666667
triplet,"[""B_plus"", ""Upsilon_1S"", ""top""]",3,0.004166666666666667
triplet,"[""B_plus"", ""Higgs"", ""top""]",3,0.004166666666666667
triplet,"[""B0"", ""Upsilon_1S"", ""Higgs""]",3,0.004166666666666667
triplet,"[""B0"", ""Z"", ""top""]",3,0.004166666666666667
triplet,"[""Bs0"", ""Upsilon_1S"", ""Higgs""]",3,0.004166666666666667
triplet,"[""Bs0"", ""Z"", ""top""]",3,0.004166666666666667
triplet,"[""Bs0"", ""Higgs"", ""top""]",3,0.004166666666666667
triplet,"[""Upsilon_1S"", ""Z"", ""Higgs""]",3,0.004166666666666667
