frequency_cycles_per_base,period_base_units,power,normalized_power
0.0,,25.867050373359753,0.25793165138571444
0.020487704918033103,48.80976195238972,38.86983409113764,0.38758808412656565
0.04097540983606621,24.40488097619486,28.289200829729534,0.28208397096211046
0.06146311475409931,16.269920650796575,0.5425925450325798,0.005410427132193087
0.08195081967213241,12.20244048809743,100.28645276526308,1.0
0.10243852459016552,9.761952390477944,26.153053125385757,0.26078350967903186
0.12292622950819862,8.134960325398287,20.574376694623336,0.2051560916486003
0.14341393442623174,6.972823136055674,5.829071332228245,0.058124214901409905
0.16390163934426483,6.101220244048715,52.124527522644215,0.5197564185927509
0.18438934426229792,5.423306883598858,69.63649284003301,0.6943758695207684
0.20487704918033103,4.880976195238972,61.14073616652802,0.6096609709552492
0.22536475409836415,4.437251086580884,28.154606880324444,0.28074187593637323
0.24585245901639724,4.067480162699144,26.770097660903804,0.26693633010994633
0.26634016393443033,3.754597073260748,64.94765922340949,0.6476214626459085
0.2868278688524635,3.486411568027837,81.238673025515,0.8100662730156332
0.30731557377049656,3.253984130159315,78.47738293316806,0.7825322440794398
0.32780327868852965,3.0506101220243576,1.4529414861543697,0.014487913831743734
0.34829098360656274,2.871162467787631,44.54356288999966,0.4441633108138862
0.36877868852459583,2.711653441799429,31.183256969082557,0.3109418681112602
0.389266393442629,2.568934839599459,35.89440919168923,0.3579188235494378
0.40975409836066207,2.440488097619486,2.6517474479431087,0.026441731408627638
0.43024180327869516,2.324274378685225,22.27341224325566,0.22209791680826763
0.4507295081967283,2.218625543290442,8.574477872858804,0.08549986200956552
0.4712172131147614,2.1221635631473794,60.01981118218538,0.5984837386029757
0.4917049180327945,2.033740081349572,3.344050267481537,0.0333449850430829
0.5121926229508276,1.952390478095589,7.617063716255597,0.07595306750039894
0.5326803278688607,1.877298536630374,9.178692501677618,0.09152474983995951
0.5531680327868937,1.8077689611996195,71.63265485037131,0.714280472338964
0.573655737704927,1.7432057840139186,7.411069894984189,0.07389901318307684
0.59414344262296,1.6830952397375767,16.50757314109046,0.16460421807648484
0.6146311475409931,1.6269920650796574,8.681612596049288,0.0865681491035487
0.6351188524590262,1.5745084500770878,44.88494122700238,0.44756734323890146
0.6556065573770593,1.5253050610121788,16.46979400181955,0.16422750578654735
0.6760942622950924,1.4790836955269613,13.231556145742786,0.13193762248938465
0.6965819672131255,1.4355812338938154,10.451106850780835,0.10421254878007669
0.7170696721311586,1.3945646272111352,12.723389042011181,0.12687046646063316
0.7375573770491917,1.3558267208997146,15.581147727412393,0.15536642585098337
0.7580450819672249,1.3191827554699924,1.7812845797883203,0.017761966154668064
0.778532786885258,1.2844674197997294,15.117867426417213,0.15074685572739388
0.799020491803291,1.2515323577535826,94.15754195933198,0.938885954813091
0.8195081967213241,1.220244048809743,74.91768042795808,0.7470368964322152
0.8399959016393572,1.1904819988387738,32.18734026725369,0.32095402100414744
0.8604836065573903,1.1621371893426125,14.07096224246771,0.14030770711776105
0.8809713114754234,1.1351107430788308,8.68640109570049,0.08661589732396298
0.9014590163934566,1.109312771645221,11.220224800272451,0.11188175960850097
0.9219467213114897,1.0846613767197717,7.279154223686973,0.07258362443754023
0.9424344262295228,1.0610817815736897,12.278828013882675,0.1224375543785888
0.9629221311475559,1.0385055734551005,20.523066695101555,0.20464445724428168
0.983409836065589,1.016870040674786,16.94417857904784,0.1689578014959655
1.0038975409836222,0.9961175908650963,7.591508289013388,0.07569824317929123
1.0243852459016551,0.9761952390477945,10.145422403021842,0.10116443570667386
1.0448729508196883,0.9570541559292102,14.016756859700712,0.13976720158314138
1.0653606557377213,0.938649268315187,37.508073929267134,0.3740093790839421
1.0858483606557545,0.9209389047620702,16.796900386208332,0.16748922634170976
1.1063360655737875,0.9038844805998097,68.83235110383525,0.6863574212256632
1.1268237704918207,0.8874502173161768,9.00701711158414,0.08981289958142745
1.147311475409854,0.8716028920069593,10.647504416243535,0.10617091464153956
1.1677991803278869,0.8563116131998197,1.6962561714245143,0.01691411077620704
1.18828688524592,0.8415476198687883,10.23108427394741,0.10201860761687268
1.208774590163953,0.8272841008879614,0.36376095211202664,0.0036272192512728407
1.2292622950819863,0.8134960325398287,24.529467063395337,0.24459402428771299
1.2497500000000192,0.800160032006389,1.5271476847640746,0.015227856232372827
1.2702377049180524,0.7872542250385439,30.358433963209357,0.3027171978479313
1.2907254098360854,0.7747581262284083,10.311918032546531,0.10282463631137966
1.3112131147541186,0.7626525305060894,19.877775509453855,0.19820997713401087
1.3317008196721518,0.7509194146521495,9.12870095191597,0.0910262622737609
1.3521885245901848,0.7395418477634806,15.40041037043454,0.1535642147646974
1.372676229508218,0.7285039097371601,16.14786113521528,0.16101737263568391
1.393163934426251,0.7177906169469077,2.9398375640768153,0.029314403720689854
1.4136516393442842,0.7073878543824598,3.2744724916719683,0.03265119466670548
1.4341393442623172,0.6972823136055676,10.354657648075571,0.10325081167555451
1.4546270491803504,0.687461435949151,4.653353917366042,0.046400623305103646
1.4751147540983833,0.6779133604498573,16.390516214747386,0.16343699236338613
1.4956024590164165,0.6686268760601333,30.40110185484536,0.303142658021858
1.5160901639344497,0.6595913777349962,15.191098576155012,0.15147707549006917
1.5365778688524827,0.650796826031863,19.016412366642616,0.1896209492138849
1.557065573770516,0.6422337098998647,0.609789745837542,0.006080479755973173
1.5775532786885489,0.6338930123686978,10.924452816840441,0.10893248804413212
1.598040983606582,0.6257661788767913,2.8310669903119186,0.028229804846507993
1.618528688524615,0.6178450880049332,11.166664008799787,0.11134768157506975
1.6390163934426483,0.6101220244048715,4.005696573961165,0.03994254920290337
1.6595040983606815,0.6025896537332064,6.231435985160052,0.06213636850578165
1.6799918032787144,0.5952409994193869,1.129820751632702,0.011265935931318988
1.7004795081967476,0.5880694211131292,23.856283158853806,0.2378814137009448
1.7209672131147806,0.5810685946713062,4.494714982821671,0.04481876523584188
1.7414549180328138,0.5742324935575261,8.621616788518265,0.08596990471583012
1.7619426229508468,0.5675553715394154,1.826538175621741,0.01821320951392162
1.78243032786888,0.5610317465791922,38.615254405473046,0.3850495589454978
1.8029180327869132,0.5546563858226105,16.17946024808321,0.16133246118450212
1.8234057377049462,0.5484242915998846,5.524530993036798,0.05508751023398814
1.8438934426229794,0.5423306883598858,3.191156853491527,0.03182041806744281
1.8643811475410124,0.5363710104658211,7.2766602925744746,0.07255875636170614
1.8848688524590456,0.5305408907868449,5.262553308825671,0.05247521637985882
1.9053565573770785,0.524836150025696,12.642123966190777,0.1260601369138237
1.9258442622951117,0.5192527867275503,12.239581953929502,0.12204621478215262
1.9463319672131447,0.5137869679198919,2.8628250311673784,0.02854647813566894
1.966819672131178,0.508435020337393,5.229101289385928,0.05214165169073732
1.9873073770492111,0.5031934221895847,2.134390269598827,0.021282937134038615
2.0077950819672443,0.49805879543254816,4.122495482870027,0.04110720211152952
2.0282827868852773,0.4930278985089871,4.067391792539637,0.04055773916004424
2.0487704918033103,0.48809761952389724,14.732009179894396,0.1468992947071035
2.0692581967213433,0.4832649698256409,0.41971598845780095,0.004185171345527748
2.0897459016393767,0.4785270779646051,16.610044504982945,0.16562600477914483
2.1102336065574097,0.4738811840037837,1.3417910815389722,0.01337958462524998
2.1307213114754426,0.4693246341575935,16.782521613586745,0.16734584932292892
2.151209016393476,0.4648548757370449,10.995163675688326,0.10963757688612552
2.171696721311509,0.4604694523810351,39.00456295520904,0.38893152444533685
2.192184426229542,0.45616599955504417,8.94299332620287,0.08917449046817336
2.212672131147575,0.4519422402999049,4.576058416285156,0.04562987612091708
2.2331598360656084,0.4477959812145846,0.04887954176139175,0.0004873992489873218
2.2536475409836414,0.4437251086580884,5.631599017578033,0.05615513224662274
2.2741352459016744,0.4397275851566642,2.8492254828510695,0.028410871102601962
2.294622950819708,0.43580144600347964,17.916273024992556,0.17865097957875264
2.3151106557377408,0.4319447960388471,6.7907781315709395,0.06771381322526056
2.3355983606557738,0.42815580659990987,10.744225602625374,0.10713536381403378
2.3560860655738067,0.4244327126294759,0.3933780407313224,0.003922544171066538
2.37657377049184,0.42077380993439417,6.792800500305859,0.06773397914676994
2.397061475409873,0.41717745258452754,4.219655856529787,0.04207603061209658
2.417549180327906,0.4136420504439807,4.9533082598192175,0.04939159899705745
2.438036885245939,0.41016606682680445,4.845633375932003,0.048317925724963115
2.4585245901639725,0.40674801626991436,0.5739714963992425,0.005723320354571889
2.4790122950820055,0.403386462416444,1.2889407770772336,0.012852591167963745
2.4995000000000385,0.4000800160031945,4.097708542995402,0.04086004071344275
2.519987704918072,0.3968273329462579,1.328495487489241,0.013247008452864546
2.540475409836105,0.39362711251927196,0.9066696308480634,0.009040798690629457
2.560963114754138,0.3904780956191178,1.1071747508309735,0.011040122771342784
2.581450819672171,0.38737906311420417,10.874461348807886,0.10843400129288998
2.6019385245902042,0.38432883427078524,23.482283891791536,0.2341521037418252
2.6224262295082372,0.3813262652530447,0.9871433157570818,0.009843236933184315
2.64291393442627,0.37837024769294364,1.9178386194498682,0.019123606096018618
2.6634016393443036,0.37545970732607475,2.446577322713953,0.024395890524122627
2.6838893442623366,0.37259360268999786,1.710478533296486,0.017055928155123225
2.7043770491803696,0.3697709238817403,3.3920211447423907,0.03382332360166306
2.7248647540984026,0.3669906913713513,2.785323034972354,0.027773671898555032
2.745352459016436,0.36425195486858003,2.4734624748531533,0.02466397411266204
2.765840163934469,0.3615537922399239,7.094772769381584,0.07074507646599153
2.786327868852502,0.35889530847345386,0.9765842387953707,0.009737947767294418
2.8068155737705354,0.35627563468897605,2.5257798273352092,0.02518565327310172
2.8273032786885683,0.3536939271912299,0.16167924252037427,0.001612174307319565
2.8477909836066013,0.35114936656395485,3.2659618460614164,0.03256633130404898
2.8682786885246343,0.3486411568027838,0.8913280972576443,0.008887821561940616
2.8887663934426677,0.3461685244850335,0.03805949016161946,0.00037950779105433067
2.9092540983607007,0.3437307179745755,6.124453094709903,0.06106959540233407
2.9297418032787337,0.341327006660068,5.23865915370326,0.052236957328276455
2.9502295081967667,0.33895668022492864,1.6435354449550545,0.016388409397648348
2.9707172131148,0.33661904794751535,5.140125257672,0.05125443283653982
2.991204918032833,0.33431343803006663,2.4044062447140973,0.02397538429584308
3.011692622950866,0.33203919695503215,0.7312170829570419,0.0072912847428014595
3.0321803278688995,0.3297956888674981,3.825898143132026,0.03814970055912905
3.0526680327869324,0.32758229498248137,5.3688961785712115,0.05353560755746337
3.0731557377049654,0.3253984130159315,4.509880902745303,0.04496999124399604
3.0936434426229984,0.3232434566383426,5.809821902537235,0.05793227043473237
3.114131147541032,0.32111685494993236,3.148593103879236,0.03139599633909712
3.134618852459065,0.3190180519764034,1.1011077061233583,0.010979625620029475
3.1551065573770978,0.3169465061843489,2.0597221047756,0.02053838826662578
3.175594262295131,0.31490169001541757,2.893560559287464,0.02885295550397338
3.196081967213164,0.31288308943839566,0.4506669854342703,0.00449379724786089
3.216569672131197,0.3108902035184059,3.487636423044766,0.034776745281919104
3.23705737704923,0.3089225440024666,4.481919814623706,0.044691179028082444
3.2575450819672636,0.3069796349206901,0.525911272589488,0.00524409088254891
3.2780327868852965,0.30506101220243576,1.4115666094682073,0.014075346874340155
3.2985204918033295,0.3031662233067685,3.591407622310844,0.03581149321052489
3.319008196721363,0.3012948268666032,0.10453938346679621,0.0010424078286175682
3.339495901639396,0.2994463923459492,7.5743625491678905,0.07552727552241707
3.359983606557429,0.29762049970969345,6.790893791680178,0.06771496652270054
3.380471311475462,0.2958167391053923,5.967091665220651,0.05950047589366442
3.4009590163934953,0.2940347105565646,5.197908754921921,0.05183061731267413
3.4214467213115283,0.29227402366700433,2.236725755976743,0.022303368942684282
3.4419344262295613,0.2905342973356531,0.6776096109500344,0.006756741237384186
3.4624221311475947,0.288815159481596,1.130904204892031,0.011276739516743085
3.4829098360656277,0.2871162467787631,0.3752594788799032,0.003741876081291455
3.5033975409836606,0.2854372043999399,3.790840294406781,0.03780012344518622
3.5238852459016936,0.2837776857697077,4.704269589785695,0.04690832570174569
3.544372950819727,0.28213735232595216,6.672265858503159,0.06653207561464651
3.56486065573776,0.2805158732895961,1.4671709917285716,0.014629802443633402
3.585348360655793,0.278912925442227,0.2942997324975141,0.0029345911075982617
3.6058360655738264,0.2773281929113052,0.0019268885891194295,1.9213847294306328e-05
3.6263237704918594,0.2757613669626538,2.3762935222324755,0.023695060067530565
3.6468114754098924,0.2742121457999423,4.922201635901716,0.04908142127055723
3.6672991803279253,0.27268023437089234,1.636686590421666,0.016320116479267642
3.6877868852459588,0.2711653441799429,0.7420325787156894,0.007399130772453769
3.7082745901639917,0.26966719310712556,5.783981192705653,0.057674601436387536
3.7287622950820247,0.26818550523291057,4.402752101906137,0.043901763204363224
3.7492500000000577,0.2667200106687963,4.719683705321624,0.047062026576698446
3.769737704918091,0.2652704453934224,2.3113907408340215,0.02304788610126845
3.790225409836124,0.2638365510939985,0.5180274527773145,0.005165477873565265
3.810713114754157,0.262418075012848,0.8216344161990278,0.008192875443727161
3.8312008196721905,0.2610147697988755,0.3617525695922413,0.0036071927924201546
3.8516885245902235,0.25962639336377513,2.593497882816835,0.02586089956623895
3.8721762295082565,0.25825270874280276,1.0279768269507739,0.010250405698932463
3.8926639344262894,0.25689348395994593,0.8024990748759336,0.008002068601970743
3.913151639344323,0.25554849189732837,2.070879334544714,0.02064964187527848
3.933639344262356,0.2542175101686965,3.2698653882630073,0.03260525522741007
3.954127049180389,0.25290032099683796,2.617088189306009,0.026096128810455924
3.9746147540984222,0.25159671109479237,4.951766367900791,0.04937622411963472
3.995102459016455,0.2503064715507165,2.3946148526254905,0.023877750050951347
4.015590163934489,0.24902939771627408,1.3420756849856383,0.013382422530458696
4.036077868852521,0.24776528909842502,0.07299435543422164,0.0007278585833031399
4.056565573770555,0.24651394925449355,0.7357711475023808,0.007336695308433873
4.077053278688587,0.24527518569040066,2.0029390902752007,0.019972180040741982
4.097540983606621,0.24404880976194862,0.02635470285801735,0.0002627942471921393
4.118028688524654,0.24283463657905335,0.04987984601922575,0.0004973737194192892
4.1385163934426865,0.24163248491282044,1.5063156787502914,0.015020131206316277
4.15900409836072,0.2404421771053681,1.7021209370227053,0.01697259091421649
4.179491803278753,0.23926353898230254,3.845774883077573,0.038347900210203276
4.199979508196786,0.23809639976775476,1.27097376211951,0.012673434218422631
4.220467213114819,0.23694059200189185,1.2464683648056447,0.012429080204114994
4.240954918032853,0.2357959514608199,1.0797403367266334,0.01076656225197179
4.261442622950885,0.23466231707879676,1.261363375819687,0.012577604861267903
4.281930327868919,0.2335395308726781,0.14617661834410994,0.0014575908740760862
4.302418032786952,0.23242743786852246,0.9983890859588342,0.009955373417142671
4.322905737704985,0.23132588603028306,2.3323958239297937,0.02325733695446532
4.343393442623018,0.23023472619051755,1.178691895905857,0.011753251445285228
4.363881147541051,0.22915381198305038,0.45759167492769476,0.00456284634973343
4.384368852459084,0.22808299977752208,0.886766548422209,0.008842336367184428
4.4048565573771175,0.22702214861576614,1.5904183604193618,0.0158587557597834
4.42534426229515,0.22597112014995244,4.476464417627276,0.04463678088310867
4.445831967213183,0.22492977858244112,2.677009782143114,0.026693633171063446
4.466319672131217,0.2238979906072923,1.9943899175205333,0.019886932507112706
4.486807377049249,0.22287562535337774,2.054477528864905,0.020486092310730616
4.507295081967283,0.2218625543290442,0.750981930346668,0.007488368664354543
4.527782786885316,0.22085865136827929,0.6166896453711714,0.006149281666334683
4.548270491803349,0.2198637925783321,2.1567917407446955,0.021506311982068215
4.568758196721382,0.21887785628874315,0.2857009193605211,0.0028488485880465934
4.589245901639416,0.21790072300173982,1.9858177327075224,0.019801455510203906
4.609733606557448,0.21693227534395434,3.2731402602199724,0.0326379104053196
4.6302213114754815,0.21597239801942356,1.2033871397930327,0.011999498502651779
4.650709016393514,0.2150209777638314,1.8281282921937787,0.01822906526041771
4.6711967213115475,0.21407790329995494,0.15279923928774666,0.0015236279185723957
4.691684426229581,0.21314306529427826,0.5299931910441329,0.0052847934733983365
4.7121721311476135,0.21221635631473795,0.3133074304755274,0.0031241251618389066
4.732659836065647,0.2112976707895659,0.1682099765615346,0.0016772951073985806
4.75314754098368,0.21038690496719709,2.6331514640357514,0.026256302735116928
4.773635245901713,0.20948395687720914,1.4847766369666617,0.014805356017946168
4.794122950819746,0.20858872629226377,0.9017122061319158,0.008991366044649335
4.81461065573778,0.2077011146910201,1.3343907958435124,0.01330579314602814
4.835098360655812,0.20682102522199036,0.22288077767618208,0.002222441531538374
4.855586065573846,0.20594836266831107,1.8118253203199717,0.01806650121089482
4.876073770491878,0.20508303341340223,1.3934403743471513,0.013894602271043801
4.896561475409912,0.2042249454074884,0.9547873450824857,0.009520601424773916
4.917049180327945,0.20337400813495718,1.652459988449106,0.01647739991678597
4.937536885245978,0.20253013258253,0.6169102290611551,0.006151481202602059
4.958024590164011,0.201693231208222,3.4983356063071365,0.03488343150889548
4.978512295082044,0.20086321791106881,0.16845543625987092,0.0016797426932047197
4.999000000000077,0.20004000800159724,0.20521593771033889,0.002046297700754064
5.01948770491811,0.19922351817301928,2.4834110091186163,0.024763175290798727
5.039975409836144,0.19841366647312894,2.7642103596103786,0.02756314819590306
5.060463114754176,0.1976103722768815,2.333489408718635,0.023268241565793043
5.08095081967221,0.19681355625963598,1.3870008315927618,0.013830390779094212
5.101438524590243,0.19602314037104304,0.48580771565593306,0.004844200809385948
5.121926229508276,0.1952390478095589,2.0857409467242776,0.020797833498072734
5.142413934426309,0.1944612029975686,0.7155431384894161,0.007134993000143921
5.162901639344342,0.19368953155710208,1.0434839016886626,0.010405033510668765
5.183389344262375,0.1929239602861254,0.18602171659188155,0.0018549037428544405
5.2038770491804085,0.19216441713539262,0.4721890869661123,0.004708403517585256
5.224364754098441,0.19141083118584207,1.8181637353355835,0.01812970431401432
5.2448524590164745,0.19066313262652235,2.195186803964937,0.021889165918582566
5.265340163934508,0.18992125273303392,0.7584260534833296,0.007562597265839588
5.28582786885254,0.18918512384647182,2.992198168906803,0.029836514169172323
5.306315573770574,0.18845467935285606,1.1013793790028112,0.010982334588907742
5.326803278688607,0.18772985366303738,5.37686301031969,0.053615048314702304
5.34729098360664,0.18701058219306407,4.313785650634289,0.04301463988093599
5.367778688524673,0.18629680134499893,0.2633033438537115,0.002625512585134667
5.388266393442706,0.18558844848817388,0.33400768676983306,0.003330536453927959
5.408754098360739,0.18488546194087016,0.01858077615184655,0.0001852770303416545
5.429241803278773,0.18418778095241406,0.7563644784918215,0.0075420404016304865
5.449729508196805,0.18349534568567566,2.772321933888939,0.027644032244095958
5.4702172131148386,0.18280809719996152,0.254771319819316,0.002540436048881399
5.490704918032872,0.18212597743429002,1.4075821357237022,0.014035615947234462
5.5111926229509045,0.1814489291910399,0.6209405909651736,0.006191669700578473
5.531680327868938,0.18077689611996195,1.1443780133286734,0.011411092742578881
5.552168032786971,0.1801098227025451,2.331423059840532,0.02324763709907669
5.572655737705004,0.17944765423672693,0.07169321393405015,0.0007148843333990474
5.593143442623037,0.17879033682194037,2.503394117480588,0.024962435587787647
5.613631147541071,0.17813781734448803,0.7133515572942152,0.0071131397873243326
5.634118852459103,0.17749004346323535,0.040911072123772665,0.00040794215964076177
5.654606557377137,0.17684696359561494,1.9070543392257484,0.019016071330088046
5.675094262295169,0.17620852690393404,0.11228039327733151,0.001119596816731989
5.695581967213203,0.17557468328197742,0.19074816856051552,0.001902033258739273
5.716069672131236,0.17494538334189866,0.1482443976449835,0.0014782096041623277
5.736557377049269,0.1743205784013919,0.8233285425575431,0.008209768317209093
5.757045081967302,0.1737002204711378,2.4807254484445926,0.02473639639295188
5.7775327868853354,0.17308426224251675,0.7775563269493214,0.007753353573780496
5.798020491803368,0.17247265707558207,1.22072106740384,0.01217234266188613
5.818508196721401,0.17186535898728775,1.2377723722480791,0.012342368666137676
5.838995901639435,0.17126232263996394,0.10488924937858282,0.001045896494355956
5.859483606557467,0.170663503330034,0.20556653571633626,0.0020497936665234188
5.879971311475501,0.17006885697696766,0.17743005309056784,0.0017692325154412634
5.900459016393533,0.16947834011246432,1.0357898163960646,0.010328312427407327
5.920946721311567,0.16889190986986063,1.2701893455978144,0.012665612458852256
5.9414344262296,0.16830952397375767,1.9906583659350254,0.0198497235772661
5.961922131147633,0.16773114072986162,2.1829268281336724,0.021766916347546676
5.982409836065666,0.16715671901503332,1.596281598512582,0.015917220666373966
6.0028975409836995,0.16658621826754172,0.16814797920619487,0.001676676904703897
6.023385245901732,0.16601959847751607,2.480278477716616,0.024731939452700708
6.0438729508197655,0.16545682017759228,0.5420900012086289,0.00540541604834184
6.064360655737799,0.16489784443374905,3.4104710982949387,0.03400729614275726
6.0848483606558315,0.16434263283632905,1.255275075032577,0.012516895756306733
6.105336065573865,0.16379114749124069,0.006658150499251566,6.63913252055695e-05
6.125823770491898,0.16324335101133686,5.111029587946386,0.050964307212157466
6.146311475409931,0.16269920650796574,5.1695568126752836,0.051547907719654625
6.166799180327964,0.16215867758269012,0.2082548412197143,0.002076599934261998
6.187286885245997,0.1616217283191713,0.11565846187375538,0.0011532810133834629
6.20777459016403,0.1610883232752136,0.39821544411422993,0.003970780031938298
6.228262295082064,0.16055842747496618,1.4223477582517174,0.014182850415309395
6.248750000000096,0.1600320064012778,0.8228395029675811,0.008204891889970145
6.26923770491813,0.1595090259882017,0.3723057478365746,0.0037124231396240266
6.289725409836163,0.1589894526136473,0.1215767665257815,0.001212295012670873
6.3102131147541956,0.15847325309217444,0.1410689029060498,0.0014066596136992175
6.330700819672229,0.1579603946679279,0.7673337214142438,0.007651419511370239
6.351188524590262,0.15745084500770878,1.3719334529543665,0.013680147369112777
6.371676229508295,0.15694457219417918,0.0534294513913331,0.0005327683841445017
6.392163934426328,0.15644154471919783,0.9690236994237681,0.009662558328709934
6.412651639344362,0.15594173147728346,1.6225054250448256,0.016178709888588504
6.433139344262394,0.15544510175920295,3.3001101453322774,0.032906838903323535
6.453627049180428,0.15495162524568165,4.3884211550862515,0.04375886307752925
6.47411475409846,0.1544612720012333,0.9615009188672612,0.009587545399754163
6.494602459016494,0.15397401246810638,2.199319444880452,0.02193037428523193
6.515090163934527,0.15348981746034504,0.367631126034802,0.003665810444959132
6.53557786885256,0.15300865815796152,0.39083949156560477,0.0038972311891460436
6.556065573770593,0.15253050610121788,2.030174816465462,0.020243759356185623
6.5765532786886265,0.1520553331850147,0.7881781046114922,0.007859267955726308
6.597040983606659,0.15158311165338426,0.16931266064831135,0.0016882904517982649
6.6175286885246924,0.15111381409408584,0.3669853788446432,0.0036593714178288148
6.638016393442726,0.1506474134333016,0.22007498718203986,0.0021944637696694838
6.658504098360758,0.15018388293042992,1.0371647643941628,0.010342022634122053
6.678991803278792,0.1497231961729746,0.19818611790323987,0.001976200298629836
6.699479508196824,0.14926532707152823,0.6456574144115124,0.006438131937149872
6.719967213114858,0.14881024985484673,0.042020582521982944,0.0004190055721717371
6.740454918032891,0.14835793906501435,0.07565782533265131,0.0007544172043829377
6.760942622950924,0.14790836955269615,0.26507798601903426,0.0026432083168749904
6.781430327868957,0.14746151647247652,0.17835957494060406,0.0017785011835854236
6.801918032786991,0.1470173552782823,0.4324100426806697,0.0043117493017007635
6.822405737705023,0.14657586171888806,0.2468479776522115,0.0024614289452434793
6.8428934426230565,0.14613701183350217,0.47621887354196096,0.004748586278713332
6.86338114754109,0.145700781947432,1.2261377923179673,0.012226355190645183
6.8838688524591225,0.14526714866782656,0.7780068672277972,0.007757846107577961
6.904356557377156,0.14483608887949473,0.9159395458831338,0.009133233060172552
6.924844262295189,0.144407579740798,1.3830620900179869,0.013791115867417018
6.945331967213222,0.1439815986796157,0.31557041675801106,0.0031466903859552744
6.965819672131255,0.14355812338938154,0.320090257957014,0.003191759695661366
6.986307377049288,0.1431371318251898,0.11124211520187763,0.0011092436927872809
7.006795081967321,0.14271860219996996,0.08506182899199377,0.0008481886301342711
7.027282786885355,0.14230251298072805,1.2573485942326768,0.012537571721433879
7.047770491803387,0.14188884288485384,3.50420561679014,0.034941963945941026
7.068258196721421,0.14147757087649196,1.458848027817472,0.01454681053713352
7.088745901639454,0.14106867616297608,0.06449488849784427,0.0006431066880868262
7.109233606557487,0.14066213819132486,0.17897761641370774,0.0017846639449162118
7.12972131147552,0.14025793664479805,0.8704513139872625,0.008679650042311266
7.150209016393553,0.1398560514395121,0.12899652970754136,0.0012862807104113945
7.170696721311586,0.1394564627211135,0.05550314437352192,0.0005534460821287213
7.191184426229619,0.1390591508615092,0.2770990578965704,0.0027630756722961006
7.211672131147653,0.1386640964556526,0.23658774305823205,0.0023591196670601617
7.232159836065685,0.13827128031838448,0.9673216655320713,0.009645586605762662
7.252647540983719,0.1378806834813269,0.2372495090983049,0.002365718425135909
7.273135245901751,0.13749228718983023,0.012135942978788805,0.0001210127853180227
7.293622950819785,0.13710607289997115,0.4387818402567134,0.004375285276903296
7.314110655737818,0.13672202227560146,0.5684879873949424,0.00566864189249551
7.334598360655851,0.13634011718544617,1.2981403991966174,0.012944324616158558
7.355086065573884,0.13596033970024993,1.828942436069962,0.018237183444416986
7.3755737704919175,0.13558267208997146,0.13596041732076933,0.0013557206738482118
7.39606147540995,0.13520709682102416,0.2254966448444871,0.0022485254850153993
7.4165491803279835,0.13483359655356278,0.6086313863321562,0.006068929247669752
7.437036885246017,0.13446215413881465,0.12431246741337912,0.0012395738804756896
7.4575245901640494,0.13409275261645529,0.15853933598269904,0.0015808649285241588
7.478012295082083,0.13372537521202663,0.2894424524323021,0.002886157047650192
7.498500000000115,0.13336000533439815,0.23940088707863488,0.002387170754149536
7.518987704918149,0.132996626573269,0.09137117712059344,0.0009111018946343899
7.539475409836182,0.1326352226967112,0.022872005200116344,0.00022806674849345834
7.559963114754215,0.13227577764875265,0.14803430926445243,0.001476114721207171
7.580450819672248,0.13191827554699925,0.005765388027145488,5.748920086584701e-05
7.600938524590282,0.13156270068029574,0.09907139264605565,0.0009878841051238348
7.621426229508314,0.131209037506424,0.10997205834656447,0.0010965794014468947
7.641913934426348,0.1308572706498384,0.5959025784628528,0.00594200474771663
7.662401639344381,0.13050738489943775,0.7394914877454333,0.007373792445090611
7.6828893442624135,0.1301593652063726,0.04729348255021148,0.00047158396020756307
7.703377049180447,0.12981319668188757,0.5450547756053682,0.0054349791081070385
7.72386475409848,0.1294688645951982,1.2691818401082293,0.012655566181794843
7.744352459016513,0.12912635437140138,0.7871415961435585,0.007848932477310697
7.764840163934546,0.1287856515894188,0.8101068158260523,0.00807792870810019
7.785327868852579,0.12844674197997297,0.503728464091222,0.00502289641523448
7.805815573770612,0.1281096114235951,0.16484693133410863,0.0016437607153177505
7.826303278688646,0.12777424594866418,0.008825327912924714,8.800119726621346e-05
7.846790983606678,0.1274406317294771,0.16257590718712503,0.0016211153421455704
7.867278688524712,0.12710875508434824,0.525439541898558,0.005239387049898311
7.887766393442745,0.12677860247373954,0.20610813230699118,0.002055194162559734
7.908254098360778,0.12645016049841898,0.24811012117091694,0.002474014329250028
7.928741803278811,0.12612341589764786,0.19765454048443057,0.001970899708129806
7.9492295081968445,0.12579835554739618,0.5729385207998408,0.005713020103930663
7.969717213114877,0.1254749664585854,0.781007527174457,0.007787766997827049
7.99020491803291,0.12515323577535825,0.350435045984273,0.0034943408239248804
8.010692622950943,0.12483315077337526,0.08744745073661615,0.0008719767059794336
8.031180327868977,0.12451469885813704,0.3848701231457616,0.003837708010738134
8.05166803278701,0.12419786756333263,0.4526500541984543,0.0045135712922058984
8.072155737705042,0.12388264454921251,0.05686329743233358,0.0005670087620451734
8.092643442623077,0.12356901760098662,0.05421710432607791,0.0005406224154022274
8.11313114754111,0.12325697462724677,0.014180522089518208,0.0001414001761804264
8.133618852459142,0.1229465036584124,0.11075424293106409,0.0011043789053971486
8.154106557377174,0.12263759284520033,0.5454152594482619,0.005438573649871692
8.174594262295209,0.12233023045711709,1.0724498886267366,0.010693866011364284
8.195081967213241,0.12202440488097431,0.14095501182199907,0.0014055239559816464
8.215569672131274,0.12172010461942576,0.032769038488430456,0.0003267543879045336
8.236057377049308,0.12141731828952668,0.39680414710556555,0.003956707373371266
8.25654508196734,0.12111603462131446,0.19822185234919945,0.0019765566223901676
8.277032786885373,0.12081624245641022,0.4023705877579438,0.00401221278311397
8.297520491803407,0.12051793074664129,0.11012223285654592,0.0010980768570437434
8.31800819672144,0.12022108855268406,0.43998987210950763,0.004387331089866906
8.338495901639472,0.11992570504272661,0.11962230059610199,0.0011928061796751116
8.358983606557507,0.11963176949115127,0.055531869096299626,0.0005537325088791513
8.37947131147554,0.1193392712772365,0.678123043307012,0.00676186089555157
8.399959016393572,0.11904819988387738,1.7723625282389706,0.017673000483798905
8.420446721311606,0.11875854489632535,1.2965843491302511,0.01292880856166206
8.440934426229639,0.11847029600094593,1.0592665860984642,0.010562409546759539
8.461422131147671,0.1181834429839945,0.4572708308569788,0.004559647073441677
8.481909836065705,0.11789797573040996,1.3212683454274294,0.013174943464398677
8.502397540983738,0.11761388422262584,0.4869860341184788,0.00485595033716418
8.52288524590177,0.11733115853939838,0.044610765976969675,0.0004448334221311876
8.543372950819805,0.1170497888546516,0.3582263678935966,0.003572031495939778
8.563860655737837,0.11676976543633905,0.14320242390056226,0.001427933882911893
8.58434836065587,0.11649107864532154,0.03824215499699075,0.00038132922186910725
8.604836065573904,0.11621371893426123,0.1556960258028907,0.0015525130414904874
8.625323770491937,0.1159376768465314,0.08102602829924867,0.0008079458996211921
8.64581147540997,0.11566294301514153,0.3905678811203084,0.0038945228428260066
8.666299180328002,0.11538950816167785,0.3417591770003138,0.003407829946884823
8.686786885246036,0.11511736309525877,1.1741749095228493,0.011708210602195679
8.707274590164069,0.11484649871150523,1.3073233941519347,0.01303589226764197
8.727762295082101,0.11457690599152519,0.09111012909684955,0.0009084988708306173
8.748250000000136,0.1143085760009127,0.31156471155761706,0.0031067477507344433
8.768737704918168,0.11404149988876104,0.1436267538503937,0.0014321650620804757
8.7892254098362,0.11377566888668934,0.2321285237303501,0.002314654844495149
8.809713114754235,0.11351107430788307,0.008501317073529227,8.477034374152167e-05
8.830200819672267,0.11324770754614785,0.22315258463769616,0.002225151837407406
8.8506885245903,0.11298556007497622,0.2565361682191828,0.0025580341227109493
8.871176229508334,0.11272462344662754,0.8450438928114689,0.008426301554302983
8.891663934426367,0.11246488929122056,0.1653343535213982,0.0016486210147285837
8.9121516393444,0.11220634931583845,0.09273921123735783,0.0009247431600201194
8.932639344262434,0.11194899530364615,0.0993953316441897,0.000991114242287947
8.953127049180466,0.11169281911301997,0.4354918639008257,0.004342479486438373
8.973614754098499,0.11143781267668887,0.49926231664862697,0.004978362509413235
8.994102459016533,0.11118396800088774,0.07921539756943465,0.0007898913101937238
9.014590163934566,0.1109312771645221,0.2899482145926731,0.0028912002229388306
9.035077868852598,0.11067973231834405,0.18228784457334565,0.001817671674957138
9.055565573770632,0.11042932568413964,0.005412285424138063,5.396826066633752e-05
9.076053278688665,0.11018004955392714,0.6553664403239641,0.006534944872942679
9.096540983606697,0.10993189628916605,0.05363742681699699,0.0005348421979042793
9.117028688524732,0.1096848583199769,0.08914399745628543,0.0008888937139390263
9.137516393442764,0.10943892814437158,0.12660545954958854,0.0012624383060584406
9.158004098360797,0.1091940983274938,0.1420927631510278,0.0014168689711622294
9.178491803278831,0.10895036150086991,1.1026016005656956,0.010994521893665097
9.198979508196864,0.10870771036166976,0.2588423866702979,0.002581030433653497
9.219467213114896,0.10846613767197717,0.1203592704567369,0.0012001548278754814
9.239954918032929,0.10822563625807036,0.39541423338478066,0.003942847936902432
9.260442622950963,0.10798619900971178,0.22541098132955853,0.002247671296712129
9.280930327868996,0.10774781887944751,0.5056437489826604,0.005041994556993681
9.301418032787028,0.1075104888819157,0.5089377983887073,0.00507484096161981
9.321905737705062,0.10727420209316423,0.009573858998872817,9.546512749116779e-05
9.342393442623095,0.10703895164997747,0.1693877345270559,0.0016890390462162995
9.362881147541128,0.10680473074921165,0.007015546815382666,6.995507989303108e-05
9.383368852459162,0.10657153264713913,0.5091410454724907,0.005076867627018567
9.403856557377194,0.10633935065880114,0.05165607405160953,0.0005150852645323797
9.424344262295227,0.10610817815736898,0.023778966441410754,0.0002371104549591492
9.444831967213261,0.1058780085735135,0.7108224661531992,0.007087921115496986
9.465319672131294,0.10564883539478295,0.3657408524597736,0.0036469617019544024
9.485807377049326,0.10542065216498861,0.6426233132355084,0.006407877589804416
9.50629508196736,0.10519345248359854,0.27670450925588963,0.002759141455561919
9.526782786885393,0.10496723000513919,0.5361957466232086,0.005346641862767475
9.547270491803426,0.10474197843860457,0.24208319772628062,0.0024139172445645884
9.56775819672146,0.10451769154687306,0.01841727330973104,0.00018364667212668987
9.588245901639493,0.10429436314613189,0.993064966170521,0.009902284294519347
9.608733606557525,0.10407198710530859,1.102276251939889,0.010991277700488097
9.62922131147556,0.10385055734551005,0.11916347885112943,0.0011882310677599809
9.649709016393592,0.10363006783946863,0.09570396058584132,0.0009543059700182254
9.670196721311624,0.10341051261099518,0.32089774055305276,0.0031998114571283784
9.690684426229659,0.10319188573443916,0.11564568707051123,0.0011531536302435482
9.711172131147691,0.10297418133415553,0.03886095154363658,0.0003874995123678073
9.731659836065724,0.10275739358397837,0.12382755000794397,0.0012347385573381752
9.752147540983756,0.10254151670670111,0.9179824955408352,0.009153604203047486
9.77263524590179,0.10232654497356336,1.4919286008162784,0.014876671371639621
9.793122950819823,0.1021124727037442,0.5802952664716547,0.0057863774265695805
9.813610655737856,0.10189929426386164,0.3470252417453239,0.003460340177327774
9.83409836065589,0.10168700406747859,0.33962727676257204,0.0033865718389454406
9.854586065573923,0.10147559657461482,0.24547589214151905,0.0024477472816402802
9.875073770491955,0.101265066291265,0.1004407802223253,0.0010015388664451365
9.89556147540999,0.10105540776892281,0.06976106457356873,0.0006956180286569311
9.916049180328022,0.100846615604111,0.463472456111121,0.004621486186134775
9.936536885246054,0.10063868443791696,0.5199594821592943,0.0051847429819493656
9.957024590164089,0.10043160895553441,0.11019752180773908,0.0010988275960430516
9.977512295082121,0.10022538388581052,0.37160128983508856,0.0037053986813640966
9.998000000000154,0.10002000400079862,0.041061451645864146,0.0004094416595028565
10.018487704918188,0.0998154641153164,0.12990559095841592,0.0012953453569893563
10.03897540983622,0.09961175908650964,0.008935834110928626,8.910310280735938e-05
10.059463114754253,0.09940888381342103,0.18900623608124822,0.0018846636895578346
10.079950819672288,0.09920683323656447,0.30408087369414033,0.0030321231363710866
10.10043852459032,0.09900560233750451,0.1886729978320695,0.0018813408255020213
10.120926229508353,0.09880518613844075,0.16374164814003203,0.0016327394540845538
10.141413934426387,0.09860557970179741,0.4603732958552289,0.004590583106302585
10.16190163934442,0.09840677812981799,0.0156631049987285,0.00015618365758125448
10.182389344262452,0.09820877656416444,0.6834218087673257,0.0068146971991021234
10.202877049180486,0.09801157018552152,0.5340712448476574,0.005325457528124351
10.223364754098519,0.09781515421320586,0.960845628109817,0.009581011209548254
10.243852459016551,0.09761952390477945,0.2651012519686503,0.0026434403118152294
10.264340163934584,0.09742467455566813,0.06553926087929288,0.0006535205810170421
10.284827868852618,0.0972306014987843,0.075809138690084,0.0007559260159248802
10.30531557377065,0.09703730010415453,0.2284081079928312,0.0022775569550501293
10.325803278688683,0.09684476577855104,0.26846950919313234,0.002677026674993973
10.346290983606718,0.09665299396512816,0.0980332537344177,0.0009775323688422865
10.36677868852475,0.0964619801430627,0.07755810543319815,0.0007733657268219033
10.387266393442783,0.09627171982719868,0.1907175102032713,0.0019017275508754605
10.407754098360817,0.09608220856769631,0.5533481809605093,0.0055176762733418405
10.42824180327885,0.09589344194968512,0.06381624653703741,0.0006363396528383531
10.448729508196882,0.09570541559292103,0.18266446071829046,0.0018214270789480074
10.469217213114916,0.0955181251514476,0.027555506304846634,0.00027476798256435316
10.489704918032949,0.09533156631326117,0.3456968671985042,0.0034470943748271215
10.510192622950981,0.09514573479997998,0.009041698960406526,9.015872743619827e-05
10.530680327869016,0.09496062636651696,0.12738546851231683,0.0012702161159342574
10.551168032787048,0.09477623680075674,0.10391766182081055,0.0010362083706764154
10.57165573770508,0.09459256192323591,0.10157511745699584,0.0010128498382004705
10.592143442623115,0.0944095975868273,0.04264299139051657,0.0004252118827089188
10.612631147541148,0.09422733967642803,0.2447259687856194,0.0024402694684838512
10.63311885245918,0.09404578410865072,0.13723160103205242,0.0013683962015613967
10.653606557377215,0.09386492683151869,0.1263514166750719,0.001259905133655671
10.674094262295247,0.09368476382416453,0.0689261515034735,0.0006872927459584844
10.69458196721328,0.09350529109653204,0.19999657503634202,0.001994253157048708
10.715069672131314,0.09332650468908169,0.06852101697926222,0.0006832529727584135
10.735557377049346,0.09314840067249947,0.21510388593536386,0.002144894749033051
10.756045081967379,0.092970975147409,0.16612207329002407,0.0016564757124161134
10.776532786885411,0.09279422424408694,0.08262054578143453,0.0008238455295135575
10.797020491803446,0.09261814412218164,0.11707312136873599,0.0011673872007694286
10.817508196721478,0.09244273097043508,0.14416456227152352,0.0014375277846247526
10.83799590163951,0.0922679810064078,0.04741189978046578,0.0004727647501047936
10.858483606557545,0.09209389047620703,0.11840188454116744,0.0011806368784257084
10.878971311475578,0.09192045565421794,0.09958447337623079,0.0009930002570668704
10.89945901639361,0.09174767284283783,0.07690678599789572,0.0007668711364027271
10.919946721311645,0.09157553837221336,0.007859848369469905,7.837397926385104e-05
10.940434426229677,0.09140404859998076,0.0457815148440185,0.00045650747016825555
10.96092213114771,0.09123319991100884,0.012129166535839613,0.00012094521444715888
10.981409836065744,0.09106298871714501,0.10382105244351156,0.0010352450364010959
11.001897540983776,0.0908934114569641,0.003739224652740439,3.728544134961787e-05
11.022385245901809,0.09072446459551994,0.0726980381611848,0.0007249038744180781
11.042872950819843,0.09055614462409967,0.05977988735676359,0.0005960913534023208
11.063360655737876,0.09038844805998097,0.03973624124924229,0.0003962274081251183
11.083848360655908,0.09022137144619173,0.07323839599743086,0.0007302920182934116
11.104336065573943,0.09005491135127255,0.10694904500066704,0.0010664356156957595
11.124823770491975,0.08988906436904184,0.11759975131206181,0.001172638457831621
11.145311475410008,0.08972382711836346,0.05259143053160932,0.000524412112318981
11.165799180328042,0.08955919624291692,0.025168534797784473,0.0002509664476486726
11.186286885246075,0.08939516841097019,0.2790383725196922,0.0027824134249999585
11.206774590164107,0.08923174031515489,0.21469216314246362,0.002140789281329811
11.227262295082141,0.08906890867224401,0.44996772408137437,0.004486824607652619
11.247750000000174,0.0889066702229321,0.010291975776335623,0.00010262578336902277
11.268237704918207,0.08874502173161768,0.17359425411561855,0.001730984089365933
11.288725409836239,0.08858395998618826,0.2930829784332411,0.0029224583216563653
11.309213114754273,0.08842348179780747,0.06752672409167401,0.0006733384443233963
11.329700819672306,0.08826358400070475,0.14634960057771648,0.0014593157554417821
11.350188524590338,0.08810426345196702,0.10771541649437104,0.001074077440414576
11.370676229508373,0.08794551703133284,0.17842581847790612,0.0017791617268140998
11.391163934426405,0.08778734164098871,0.03205001508621602,0.00031958469167549827
11.411651639344438,0.08762973420536756,0.19920355238761428,0.0019863455820287403
11.432139344262472,0.08747269167094933,0.37175267532255635,0.0037069082121461067
11.452627049180505,0.0873162110060639,0.1625772705682779,0.0016211289370142217
11.473114754098537,0.08716028920069595,0.029212226428259533,0.0002912878621466007
11.493602459016572,0.08700492326629183,0.06563435797221615,0.0006544688356446722
11.514090163934604,0.0868501102355689,0.1873671352443991,0.0018683194995735134
11.534577868852637,0.08669584716232634,0.0075036584303525425,7.482225388823042e-05
11.555065573770671,0.08654213112125837,0.0943421611653232,0.0009407268735104882
11.575553278688703,0.08638895920776943,0.2327830752434213,0.002321181663372702
11.596040983606736,0.08623632853779103,0.38635353215508433,0.0038524997295438126
11.61652868852477,0.08608423624760092,0.10815339395146818,0.0010784447048358464
11.637016393442803,0.08593267949364387,0.055496729384467966,0.0005533821154724375
11.657504098360835,0.08578165545235453,0.04274429374615434,0.0004262220127199472
11.67799180327887,0.08563116131998197,0.09755198249381156,0.0009727334032059943
11.698479508196902,0.08548119431241633,0.29004922285430146,0.002892207420410106
11.718967213114935,0.085331751665017,0.22961933832090803,0.002289634661407058
11.739454918032969,0.0851828306324428,0.17233857277250159,0.0017184631425332026
11.759942622951002,0.08503442848848383,0.12203831351629023,0.0012168972991989351
11.780430327869034,0.08488654252589517,0.15841926445952842,0.0015796676429500876
11.800918032787067,0.08473917005623216,0.02525364610341776,0.00025181512963199596
11.821405737705101,0.08459230840968757,0.10737158036280184,0.0010706489002470022
11.841893442623133,0.08444595493493032,0.17123409081954385,0.0017074498708249796
11.862381147541166,0.084300106998946,0.00253807593334611,2.5308263113931188e-05
11.8828688524592,0.08415476198687884,0.16138215685115856,0.0016092119364207649
11.903356557377233,0.0840099173018756,0.1046529991312195,0.0010435407400058016
11.923844262295265,0.08386557036493081,0.16119023658832904,0.0016072982156983982
11.9443319672133,0.08372171861473365,0.29447907078265084,0.0029363793679284627
11.964819672131332,0.08357835950751666,0.19826339663182918,0.0019769708785681876
11.985307377049365,0.08343549051690552,0.1309178442381831,0.0013054389763352964
12.005795081967399,0.08329310913377086,0.14918183901523754,0.001487557241299801
12.026282786885432,0.0831512128660813,0.12156232001573528,0.0012121509602126606
12.046770491803464,0.08300979923875804,0.015582117039711128,0.0001553760912870618
12.067258196721498,0.08286886579353094,0.037870140603145544,0.0003776197039473201
12.087745901639531,0.08272841008879614,0.4630819507125979,0.004617592286333203
12.108233606557564,0.082588429699475,0.627724090522198,0.00625931093595951
12.128721311475598,0.08244892221687453,0.1725566491062659,0.0017206376768571432
12.14920901639363,0.08230988524854928,0.09344731618172424,0.0009318039835395618
12.169696721311663,0.08217131641816453,0.0006376238421558996,6.358025681179122e-06
12.190184426229697,0.08203321336536087,0.04964460550422191,0.000495028033551284
12.21067213114773,0.08189557374562034,0.02769139120790588,0.00027612295025253444
12.231159836065762,0.08175839523013355,0.0173996419622179,0.00017349942571948996
12.251647540983797,0.08162167550566843,0.05989661223299785,0.00059725526809883
12.27213524590183,0.08148541227444027,0.3628199729698078,0.003617836337466712
12.292622950819862,0.08134960325398287,0.11156225510120826,0.0011124359474787493
12.313110655737896,0.08121424617702117,0.36297058740122284,0.0036193381797122205
12.333598360655929,0.08107933879134506,0.018468131866063574,0.00018415380499389356
12.354086065573961,0.08094487885968445,0.217258102811996,0.0021663753859210108
12.374573770491994,0.08081086415958565,0.16763692652562567,0.0016715809753288157
12.395061475410028,0.0806772924832888,0.59632423356205,0.0059462092547818484
12.41554918032806,0.0805441616376068,0.3062651951748348,0.0030539039594081447
12.436036885246093,0.08041146944380516,0.01956188824618295,0.00019506012733315798
12.456524590164127,0.08027921373748309,0.0011814173486153648,1.1780428124032527e-05
12.47701229508216,0.08014739236845603,0.09065972263751755,0.0009040076714022534
12.497500000000192,0.0800160032006389,0.1454226151234103,0.001450072378806695
12.517987704918227,0.0798850441119308,0.0033058844831705624,3.296441734666324e-05
12.53847540983626,0.07975451299410086,0.25900736114808365,0.0025826754661901637
12.558963114754292,0.07962440775267492,0.30731132722098425,0.0030643353987232645
12.579450819672326,0.07949472630682365,0.924249333546043,0.009216093580549712
12.599938524590359,0.07936546658925159,0.30684596190587743,0.0030596950380137665
12.620426229508391,0.07923662654608722,0.04554533309552233,0.0004541523988502083
12.640913934426425,0.07910820413677426,0.5741835780612118,0.0057254351134064215
12.661401639344458,0.07898019733396396,0.6808948134537884,0.006789499425685488
12.68188934426249,0.07885260412340828,0.0008032378159699776,8.009434911912655e-06
12.702377049180525,0.07872542250385439,0.014978090105151047,0.00014935307503805852
12.722864754098557,0.07859865048693998,0.011788653616322338,0.00011754981147768402
12.74335245901659,0.07847228609708959,0.4285622567010192,0.0042733813479687
12.763840163934624,0.07834632737141208,0.2343717305543317,0.0023370228389961827
12.784327868852657,0.07822077235959891,0.12374328701313889,0.0012338983342324449
12.80481557377069,0.07809561912382357,0.0027342317596273443,2.7264218488485806e-05
12.825303278688724,0.07797086573864173,0.21719341748729998,0.002165730380310458
12.845790983606756,0.0778465102908927,0.07112205637200418,0.000709189072012319
12.866278688524789,0.07772255087960148,0.12812045783031975,0.0012775450152794489
12.886766393442821,0.07759898561588192,0.014807785666300848,0.00014765489513285412
12.907254098360855,0.07747581262284083,0.4647075552464218,0.004633801898788326
12.927741803278888,0.07735303003548293,0.2507033526722047,0.0024998725726097532
12.94822950819692,0.07723063600061665,0.37238626088129584,0.0037132259703404513
12.968717213114955,0.07710862867676102,0.0989245442017628,0.000986419815179942
12.989204918032987,0.07698700623405319,0.17497398793574537,0.0017447420176013278
13.00969262295102,0.07686576685415705,0.11708139735965896,0.001167469724287758
13.030180327869054,0.07674490873017252,0.04117885436050629,0.0004106123332220371
13.050668032787087,0.07662443006654587,0.2989358443537121,0.0029808198027845355
13.07115573770512,0.07650432907898076,0.02216172004072178,0.0002209841850982099
13.091643442623154,0.07638460399435011,0.1398326858701063,0.001394332753970346
13.112131147541186,0.07626525305060894,0.018390663289499197,0.00018338133199850598
13.132618852459219,0.07614627449670784,0.16402029204504825,0.0016355179341018742
13.153106557377253,0.07602766659250736,0.2570527858441632,0.002563185542576099
13.173594262295286,0.0759094276086932,0.10354483646374123,0.0010324907662862992
13.194081967213318,0.07579155582669213,0.06523303613658515,0.0006504670804268429
13.214569672131352,0.07567404953858872,0.5146918152443918,0.005132216775570999
13.235057377049385,0.07555690704704292,0.17142229630646094,0.0017093265498950591
13.255545081967417,0.07544012666520823,0.15006224141786095,0.0014963361179909942
13.276032786885452,0.0753237067166508,0.0642603533884112,0.000640768036125708
13.296520491803484,0.07520764553526922,0.0718019586144194,0.0007159686740788777
13.317008196721517,0.07509194146521496,0.016086362229090007,0.00016040414019571298
13.337495901639551,0.0749765928608137,0.019420199687688093,0.00019364728886307568
13.357983606557584,0.0748615980864873,0.06270627383605025,0.0006252716304845739
13.378471311475616,0.07474695551667646,0.38133903732539304,0.0038024980125479133
13.398959016393649,0.07463266353576412,0.728865771462648,0.007267838789439269
13.419446721311683,0.07451872053799957,0.08422495359756241,0.0008398437802432274
13.439934426229716,0.07440512492742336,0.07036888725358695,0.0007016788939409083
13.460422131147748,0.07429187511779259,0.0386877423614119,0.0003857723679983668
13.480909836065782,0.07417896953250717,0.3761484074908834,0.003750739976528241
13.501397540983815,0.07406640660453676,0.1970680535780067,0.0019650515911583477
13.521885245901847,0.07395418477634808,0.12539168443875778,0.0012503352245617624
13.542372950819882,0.07384230249983316,0.037435246847638964,0.00037328318846078156
13.562860655737914,0.07373075823623826,0.04581575174496023,0.0004568488612534688
13.583348360655947,0.0736195504560931,0.046944480304461536,0.0004681039064602555
13.603836065573981,0.07350867763914115,0.11426039094551702,0.0011393402378381279
13.624323770492014,0.07339813827427026,0.05480519547637077,0.0005464865289896267
13.644811475410046,0.07328793085944403,0.3016398324760966,0.003007782448763386
13.66529918032808,0.07317805390163376,0.05661921969717141,0.0005645749563971317
13.685786885246113,0.07306850591675108,0.2122926824521546,0.002116863011887164
13.706274590164146,0.07295928542958105,0.466528778058159,0.004651962106488563
13.72676229508218,0.072850390973716,0.10784084762010035,0.0010753281689254636
13.747250000000212,0.0727418210914899,0.15256821804927084,0.0015213243049525525
13.767737704918245,0.07263357433391328,0.00417309605068116,4.1611762462562886e-05
13.78822540983628,0.0725256492606088,0.2204017315051432,0.0021977218799535134
13.808713114754312,0.07241804443974736,0.3600767566326534,0.0035904825298335385
13.829200819672344,0.07231075844798478,0.04396995157877095,0.00043844358202288643
13.849688524590379,0.072203789870399,0.056959537773756265,0.0005679684165026699
13.870176229508411,0.07209713730042795,0.14930061067012018,0.0014887415653197227
13.890663934426444,0.07199079933980786,0.27331726843441134,0.0027253657986503455
13.911151639344476,0.07188477459851211,0.023319647509437973,0.00023253038537539503
13.93163934426251,0.07177906169469077,0.26246541240531995,0.0026171572048685715
13.952127049180543,0.07167365925461046,0.5270572072337594,0.0052555174971381565
13.972614754098576,0.0715685659125949,0.2682666290882931,0.0026750036689024708
13.99310245901661,0.07146378031096592,0.10768657121078123,0.0010737898114996584
14.013590163934643,0.07135930109998498,0.03975111807892718,0.00039637575148830125
14.034077868852675,0.07125512693779522,0.09839918627962696,0.0009811812419963286
14.05456557377071,0.07115125649036402,0.07564738598538674,0.0007543131090941254
14.075053278688742,0.07104768843142609,0.05217227404441358,0.0005202325200047843
14.095540983606774,0.07094442144242692,0.008946405942511225,8.92085191551421e-05
14.116028688524809,0.07084145421246694,0.02582403395136509,0.00025750271586343255
14.136516393442841,0.07073878543824598,0.005485558926439664,5.469890274491527e-05
14.157004098360874,0.07063641382400829,0.14734590408917245,0.001469250332685111
14.177491803278908,0.07053433808148804,0.22361762865324114,0.002229788994298711
14.19797950819694,0.0704325569298553,0.009868652066031656,9.840463785403656e-05
14.218467213114973,0.07033106909566243,0.04998850271625417,0.0004984571827788193
14.238954918033008,0.07022987331279097,0.07108674571509535,0.0007088369740376157
14.25944262295104,0.07012896832239902,0.2544483515143567,0.002537215590922683
14.279930327869073,0.07002835287286904,0.2921109239404244,0.002912765541963659
14.300418032787107,0.06992802571975605,0.05254105780325511,0.0005239098238546346
14.32090573770514,0.06982798562573637,0.020750094457372307,0.00020690825016955492
14.341393442623172,0.06972823136055675,0.2179188050056607,0.0021729635359198063
14.361881147541206,0.06962876170098391,0.1682128492354499,0.0016773237520842394
14.382368852459239,0.0695295754307546,0.5305724010118841,0.0052905690288375835
14.402856557377271,0.06943067134052593,0.18288529819165183,0.0018236291458002302
14.423344262295306,0.0693320482278263,0.31404857682594195,0.003131515455642092
14.443831967213338,0.0692337048970067,0.13705219413678113,0.0013666072570895922
14.46431967213137,0.06913564015919224,0.08802141455288491,0.0008776999497520716
14.484807377049403,0.0690378528322344,0.06162544517686988,0.000614494216094315
14.505295081967438,0.06894034174066345,0.06692425963709638,0.0006673310082443897
14.52578278688547,0.06884310571564137,0.038517494052863144,0.0003840747477929015
14.546270491803503,0.06874614359491511,0.30217370132105004,0.0030131058880738084
14.566758196721537,0.06864945422277036,0.2473926081016772,0.0024668596932104106
14.58724590163957,0.06855303644998557,0.18408359407682232,0.0018355778771804825
14.607733606557602,0.06845688913378643,0.01720108681265994,0.00017151954564513226
14.628221311475636,0.06836101113780073,0.012933557749398446,0.00012896615038993913
14.648709016393669,0.0682654013320136,0.13005572659259224,0.001296842424938581
14.669196721311701,0.06817005859272308,0.03619277284848195,0.00036089393782026653
14.689684426229736,0.06807498180249613,0.01909117330119476,0.00019036642312876285
14.710172131147768,0.06798016985012496,0.044895517848483814,0.0004476728073488565
14.7306598360658,0.06788562163058376,0.029872793131534965,0.00029787466111157754
14.751147540983835,0.06779133604498573,0.09785483213468839,0.0009757532491824563
14.771635245901868,0.06769731200054054,0.12156538316091585,0.0012121815041704546
14.7921229508199,0.06760354841051208,0.17431137657553072,0.0017381348304694269
14.812610655737934,0.06751004419417665,0.46749708082022196,0.004661617476036127
14.833098360655967,0.06741679827678139,0.6298640914611358,0.006280649819526833
14.853586065574,0.06732380958950307,0.2423590957068269,0.0024166683437703016
14.874073770492034,0.06723107706940733,0.03237474591586654,0.0003228227245373306
14.894561475410066,0.06713859965940815,0.17310785102698154,0.0017261339518326458
14.915049180328099,0.06704637630822764,0.1498232493405376,0.001493953023657378
14.935536885246133,0.06695440597035628,0.03858365102237813,0.0003847344278163822
14.956024590164166,0.06686268760601331,0.0658389093883622,0.0006565085071108158
14.976512295082198,0.06677122018110769,0.11254962628156494,0.001122281456549329
14.99700000000023,0.06668000266719908,0.20545430336800885,0.0020486745487838564
15.017487704918265,0.06658903404145938,0.17407301413060342,0.0017357580144752942
15.037975409836298,0.0664983132866345,0.0741020405315442,0.0007389037949621391
15.05846311475433,0.06640783939100643,0.09144480702066153,0.0009118360905106807
15.078950819672365,0.0663176113483556,0.10587684196582417,0.001055744211171237
15.099438524590397,0.06622762815792364,0.21850842889231087,0.0021788429330905318
15.11992622950843,0.06613788882437632,0.3327707105419976,0.0033182020239653116
15.140413934426464,0.06604839235776688,0.25189315861237704,0.002511736647042192
15.160901639344496,0.06595913777349963,0.0600806784225751,0.0005990906724281474
15.181389344262529,0.06587012409229383,0.4746392969804736,0.004732835631263625
15.201877049180563,0.06578135034014787,0.10140009940283067,0.0010111046567792587
15.222364754098596,0.0656928155483038,0.08004425491609977,0.0007981562086302574
15.242852459016628,0.065604518753212,0.1353099088494711,0.0013492341699051435
15.263340163934663,0.06551645899649627,0.2475048275124051,0.0024679786819435203
15.283827868852695,0.0654286353249192,0.14672752854433915,0.0014630842401792696
15.304315573770728,0.06534104679034769,0.0824487054916099,0.0008221320349678201
15.324803278688762,0.06525369244971888,0.0799303876127235,0.0007970207880401724
15.345290983606795,0.06516657136500631,0.075835627858878,0.0007561901509906203
15.365778688524827,0.0650796826031863,0.023807765367599626,0.000237397621624185
15.386266393442861,0.06499302523620469,0.03987004792136653,0.00039756165286540675
15.406754098360894,0.06490659834094378,0.011780359515168296,0.00011746710737433462
15.427241803278926,0.06482040099918954,0.07948226375973586,0.0007925523494761267
15.44772950819696,0.0647344322975991,0.024395105034373258,0.00024325424184135829
15.468217213114993,0.06464869132766851,0.0509548909364754,0.0005080934615938974
15.488704918033026,0.06456317718570069,0.30025727885705294,0.002993996403082024
15.509192622951058,0.06447788897277375,0.08583051294653894,0.0008558535134096263
15.529680327869093,0.0643928257947094,0.07985727733372905,0.0007962917735324443
15.550168032787125,0.0643079867620418,0.01732778514208153,0.00017278290999722621
15.570655737705158,0.06422337098998648,0.33579697680526366,0.0033483782459755723
15.591143442623192,0.06413897759840963,0.10232899187330532,0.0010203670491050584
15.611631147541225,0.06405480571179754,0.000424886357218943,4.236727349540015e-06
15.632118852459257,0.06397085445922637,0.49027015045546957,0.004888697694822524
15.652606557377291,0.06388712297433209,0.3363313459158214,0.0033537066736527236
15.673094262295324,0.06380361039528068,0.028336621634916313,0.0002825568245119092
15.693581967213357,0.06372031586473854,0.020533863827342125,0.00020475212016327876
15.71406967213139,0.06363723852984318,0.012546013859395782,0.0001251017810826532
15.734557377049423,0.06355437754217412,0.31762653326545026,0.003167192821236856
15.755045081967456,0.06347173205772397,0.33498525406867313,0.0033402842042161087
15.77553278688549,0.06338930123686977,0.16744134243736422,0.0016696307210036453
15.796020491803523,0.06330708424434466,0.3496323943687323,0.0034863372342733507
15.816508196721555,0.06322508024920949,0.05755881741067801,0.0005739440953745156
15.83699590163959,0.063143288424825,0.12608473732181744,0.0012572459574070236
15.857483606557622,0.06306170794882393,0.018016113970769857,0.00017964653723409214
15.877971311475655,0.06298033800308352,0.10647957118825982,0.0010617542873661385
15.898459016393689,0.06289917777369809,0.0003671224749168226,3.660738462613022e-06
15.918946721311722,0.06281822645095203,0.09976666374234741,0.000994816956741582
15.939434426229754,0.0627374832292927,0.5393272029131185,0.005377866980453506
15.959922131147788,0.06265694730730388,0.30377212132907244,0.003029044431754915
15.98040983606582,0.06257661788767913,0.06970342830216326,0.0006950433122339623
16.000897540983853,0.06249649417719555,0.03256105098573069,0.0003246804537193591
16.021385245901886,0.06241657538668763,0.13500959343468968,0.0013462395938033805
16.04187295081992,0.06233686073102136,0.3243618623865321,0.003234353728172581
16.062360655737955,0.06225734942906852,0.06181950903307096,0.0006164293115219628
16.082848360655987,0.06217804070368117,0.03088094934398607,0.00030792742681075785
16.10333606557402,0.06209893378166632,0.1110791595088854,0.0011076187904350793
16.123823770492052,0.062020027893760765,0.4376004525418512,0.004363505144270353
16.144311475410085,0.061941322274606254,0.11019937248343298,0.0010988460499382973
16.164799180328117,0.061862816162724626,0.21178941669544107,0.0021118447293291846
16.185286885246153,0.06178450880049331,0.04879514911572173,0.00048655773307621907
16.205774590164186,0.06170639943412101,0.1740575250498265,0.001735603566089198
16.22626229508222,0.06162848731362339,0.21281281192196372,0.0021220494498901767
16.24675000000025,0.06155077169279915,0.06427419460966523,0.0006409060529851379
16.267237704918283,0.0614732518292062,0.031242997807051462,0.0003115375700861694
16.287725409836316,0.061395926984138025,0.17186900294394752,0.0017137808567846663
16.30821311475435,0.061318796422600165,0.006540185745296991,6.521504714704958e-05
16.328700819672385,0.06124185941328698,0.1321524997005582,0.0013177502649324216
16.349188524590417,0.061165115228558546,0.031515570500149144,0.0003142555113990971
16.36967622950845,0.06108856314441768,0.13149259169561417,0.001311170034136058
16.390163934426482,0.061012202440487155,0.11270197348687976,0.0011238005770398244
16.410651639344515,0.060936032399987176,0.09719604034556939,0.000969184148661362
16.431139344262547,0.06086005230971288,0.25437568999724847,0.002536491051215627
16.451627049180583,0.060784261460012104,0.07032042754276524,0.0007011956810094954
16.472114754098616,0.06070865914476334,0.0669308839750363,0.0006673970624098055
16.49260245901665,0.0606332446613537,0.022385152654990272,0.0002232121292333113
16.51309016393468,0.06055801731065723,0.036187295621901844,0.00036083932200298434
16.533577868852714,0.06048297639701329,0.28048521008423405,0.002796840473964672
16.554065573770746,0.06040812122820511,0.25142387777792624,0.0025070572429800177
16.574553278688782,0.06033345111543847,0.11688710471522176,0.0011655323475127316
16.595040983606815,0.06025896537332064,0.008396471184343555,8.372487961057787e-05
16.615528688524847,0.06018466331983936,0.30094644508451296,0.003000868380387604
16.63601639344288,0.06011054427634203,0.06417693428508404,0.0006399362278303003
16.656504098360912,0.06003660756751504,0.0944876442119242,0.000942177548477939
16.676991803278945,0.059962852521363304,0.04276908358522705,0.0004264692030272036
16.69747950819698,0.05988927846918984,0.206064802824204,0.002054762105371625
16.717967213115013,0.059815884745575636,0.04545319159390469,0.00045323361571373313
16.738454918033046,0.05974267068835951,0.15731569376023155,0.0015686634577499194
16.75894262295108,0.05966963563861825,0.00033254041457831014,3.315905642376998e-06
16.77943032786911,0.05959677894064679,0.19046601704351848,0.001899219802791664
16.799918032787144,0.05952409994193869,0.01436078194827393,0.00014319762592349038
16.820405737705176,0.05945159799316654,0.10157727494253678,0.0010128713514306372
16.840893442623212,0.05937927244816268,0.5348484077454961,0.005333206958644721
16.861381147541245,0.05930712266390003,0.5131878687904546,0.005117220268939566
16.881868852459277,0.05923514800047296,0.02969925336305968,0.00029614422032231674
16.90235655737731,0.05916334782107845,0.1859135489190936,0.0018538251557690929
16.922844262295342,0.05909172149199725,0.31263586144669325,0.003117428653882782
16.943331967213375,0.05902026838257524,0.0638866276821515,0.0006370414539607723
16.96381967213141,0.05894898786520498,0.11082849585874271,0.0011051193137537232
16.984307377049443,0.05887787931530727,0.021617707375993497,0.0002155595973325858
17.004795081967476,0.05880694211131292,0.31430084547026815,0.003134030936421103
17.02528278688551,0.05873617563464468,0.12969744522196325,0.0012932698449863555
17.04577049180354,0.05866557926969919,0.017191270280542476,0.00017142166071803806
17.066258196721574,0.058595152403829204,0.08895452700249944,0.0008870044213320829
17.08674590163961,0.0585248944273258,0.05664396288507448,0.0005648216815252104
17.107233606557642,0.05845480473340087,0.04037996821862119,0.00040264629075212327
17.127721311475675,0.05838488271816952,0.09832994058266895,0.000980490762923147
17.148209016393707,0.058315127780632886,0.13582931489606082,0.0013544133943394294
17.16869672131174,0.05824553932266077,0.04724461059757534,0.00047109663663305666
17.189184426229772,0.058176116748974646,0.05015169068425771,0.0005000844012465571
17.20967213114781,0.058106859467130616,0.12577678061600023,0.0012541751866565812
17.23015983606584,0.05803776688750264,0.1810043215877325,0.0018048731069529686
17.250647540983874,0.0579688384232657,0.17373979958327285,0.0017324353867609556
17.271135245901906,0.05790007349037927,0.3874953408382135,0.003863885202373346
17.29162295081994,0.057831471507570766,0.05941079567489391,0.0005924109791175348
17.31211065573797,0.057763031896319206,0.03184887528721173,0.0003175790389331973
17.332598360656004,0.05769475408083893,0.06094260176020379,0.000607685286295348
17.35308606557404,0.057626637488063424,0.01602531598947639,0.00015979542149113877
17.373573770492072,0.05755868154762939,0.04209876525135033,0.0004197851662964828
17.394061475410105,0.057490885691860685,0.0597912955375388,0.0005962051093530065
17.414549180328137,0.05742324935575262,9.583627608355102e-05,9.556253456074627e-07
17.43503688524617,0.0573557719769562,0.14416654258029055,0.001437547531147961
17.455524590164202,0.057288452995762594,0.07454926570066267,0.0007433632723570099
17.47601229508224,0.0572212918550876,0.27505141257546956,0.0027426577069115466
17.49650000000027,0.05715428800045635,0.10707880079731616,0.001067729467388299
17.516987704918304,0.05708744087998798,0.015514110997744152,0.0001546979733549603
17.537475409836336,0.05702074994438052,0.11989225116890266,0.0011954979746818862
17.55796311475437,0.05695421464689583,0.010675455279773826,0.00010644962490358975
17.5784508196724,0.05688783444334467,0.044843400595382464,0.00044715312346669406
17.598938524590437,0.05682160879207185,0.052649819873620655,0.0005249943379377094
17.61942622950847,0.056755537153941535,0.04289221137709741,0.00042769696399067654
17.639913934426502,0.05668961899232256,0.17674824266470085,0.0017624338860445005
17.660401639344535,0.056623853773073926,0.46233852870706094,0.004610179300979368
17.680889344262567,0.05655824096453039,0.24203369513179548,0.002413423632584903
17.7013770491806,0.05649278003748811,0.353083499002242,0.003520749705134072
17.721864754098636,0.05642747046519043,0.1726271853404223,0.0017213410244401063
17.74235245901667,0.05636231172331377,0.3161655868562078,0.0031526250868224976
17.7628401639347,0.05629730328995355,0.22738363109546073,0.0022673414486769163
17.783327868852734,0.05623244464561028,0.011464715182035406,0.00011431967993593767
17.803815573770766,0.05616773527317575,0.027529062897482342,0.0002745043038058055
17.8243032786888,0.056103174657919225,0.05607160276814593,0.0005591144289387792
17.84479098360683,0.056038762287473856,0.1134037859238969,0.0011307986552215293
17.865278688524867,0.05597449765182307,0.15063413908127335,0.0015020387592515343
17.8857663934429,0.0559103802432872,0.062202728180627664,0.0006202505569343784
17.906254098360932,0.055846409556509984,0.323230834675349,0.003223075757120694
17.926741803278965,0.0557825850884454,0.36298895849595925,0.0036195213659176335
17.947229508196997,0.055718906338344434,0.2324293148790622,0.0023176541643476134
17.96771721311503,0.05565537280774199,0.249081397489554,0.0024836993494282817
17.988204918033066,0.05559198400044387,0.22724800300491696,0.002265989041778437
18.0086926229511,0.055528739422513906,0.09335376034352566,0.0009308710974356175
18.02918032786913,0.05546563858226105,0.0760786805143821,0.0007586137351218988
18.049668032787164,0.0554026809902267,0.06430075585337694,0.0006411709067413464
18.070155737705196,0.055339866159172024,0.09070546404793846,0.0009044637789737115
18.09064344262323,0.055277193604065376,0.2214612190178893,0.002208286492456321
18.111131147541265,0.05521466284206982,0.07272304304353093,0.0007251532090156899
18.131618852459297,0.05515227339253076,0.012260662846760136,0.00012225642156731012
18.15210655737733,0.05509002477696357,0.0632205509260028,0.000630399711853214
18.172594262295362,0.0550279165190414,0.28922926351459083,0.0028840312478852896
18.193081967213395,0.05496594814458303,0.33022371259773353,0.003292804795585665
18.213569672131428,0.05490411918154075,0.22177108344799779,0.002211376285958478
18.234057377049464,0.05484242915998845,0.01392237333081295,0.00013882606221401163
18.254545081967496,0.054780877612109674,0.05827773544719224,0.0005811127409561574
18.27503278688553,0.05471946407218579,0.01201963472936313,0.000119853024989298
18.29552049180356,0.054658188076584235,0.10073581895429289,0.0010044808264390568
18.316008196721594,0.0545970491637469,0.1400113727011285,0.0013961145183671831
18.336495901639626,0.054536046874178463,0.3067942939118696,0.003059179833890147
18.356983606557662,0.054475180750434955,0.12024851713502631,0.0011990504581559757
18.377471311475695,0.054414450337112286,0.19113225603839512,0.001905863162652403
18.397959016393727,0.05435385518083488,0.13361157499716594,0.0013322993416658758
18.41844672131176,0.05429339483024441,0.04335176055904348,0.00043227932949742873
18.438934426229793,0.054233068835988586,0.11457637670712016,0.0011424910698088504
18.459422131147825,0.05417287675071002,0.07374127854410199,0.00073530647969677
18.479909836065858,0.05411281812903518,0.04727484203805522,0.00047139808752344405
18.500397540983894,0.054052892527563366,0.2572938476284015,0.0025655892748608832
18.520885245901926,0.05399309950485589,0.27074737232165486,0.002699740242636596
18.54137295081996,0.053933438621425106,0.14115728120989332,0.0014075408723478846
18.56186065573799,0.053873909439723755,0.010372679182586251,0.00010343051226335835
18.582348360656024,0.05381451152413421,0.09629775716581515,0.0009602269749356463
18.602836065574056,0.05375524444095785,0.040301755501846774,0.0004018663976098512
18.623323770492092,0.053696107758404533,0.00611909268470759,6.1016144414144664e-05
18.643811475410125,0.05363710104658211,0.14988086103895523,0.0014945274950523579
18.664299180328157,0.053578223877485974,0.29912651278152463,0.002982721040913466
18.68478688524619,0.053519475824988734,0.16659639831306047,0.0016612054142846862
18.705274590164223,0.05346085646482993,0.10199516923248872,0.001017038357825111
18.725762295082255,0.053402365374605826,0.03092715807960031,0.00030838819428572676
18.74625000000029,0.053344002133759255,0.03828311043659531,0.00038173760643626735
18.766737704918324,0.053285766323569565,0.2598893328805024,0.0025914699913538283
18.787225409836356,0.053227657527142556,0.3381287286161911,0.003371629161195251
18.80771311475439,0.05316967532940057,0.08197970350461635,0.0008174554114153715
18.82820081967242,0.05311181931707261,0.24580534990372263,0.002451032448810114
18.848688524590454,0.05305408907868449,0.17847323899556466,0.001779634577496829
18.86917622950849,0.052996484204549096,0.07485312495164773,0.0007463931855966006
18.889663934426522,0.05293900428675675,0.07394151363376823,0.0007373031111873156
18.910151639344555,0.05288164891916546,0.0629283039040556,0.0006274855892186119
18.930639344262588,0.052824417697391476,0.0078007013749224275,7.778419876093585e-05
18.95112704918062,0.052767310218799705,0.03681725126053751,0.0003671208846793528
18.971614754098653,0.052710326082494305,0.10165874605332334,0.0010136837354420376
18.992102459016685,0.05265346488930931,0.10201188542419465,0.0010172050422699688
19.01259016393472,0.05259672624179927,0.1854264451211602,0.0018489680311575209
19.033077868852754,0.052540109744230054,0.03537005181496873,0.000352690227240943
19.053565573770786,0.052483615002569595,0.13390110897140453,0.0013351864113174097
19.07405327868882,0.05242724162447876,0.3113169650975701,0.003104277362629015
19.09454098360685,0.052370989219302284,0.24617805946767193,0.002454748898576482
19.115028688524884,0.05231485739805973,0.23286577753116264,0.002322006323986982
19.13551639344292,0.05225884577343653,0.1821031626014492,0.0018158301303934996
19.156004098360953,0.0522029539597751,0.04190877238472982,0.0004178906644831101
19.176491803278985,0.05214718157306594,0.025556670153526508,0.0002548367147190468
19.196979508197018,0.05209152823093888,0.022430597717244864,0.00022366528178783393
19.21746721311505,0.05203599355265429,0.04355920133257499,0.000434347812007395
19.237954918033083,0.051980577159094495,0.009494046022123701,9.46692774581037e-05
19.25844262295112,0.051925278672755024,0.04575559637986058,0.0004562490258475796
19.27893032786915,0.05187009771773615,0.20822405573156294,0.002076292958720412
19.299418032787184,0.05181503391973431,0.11109776803360666,0.00110780434415852
19.319905737705216,0.05176008690603364,0.020321697836201493,0.00020263652044576514
19.34039344262325,0.05170525630549759,0.12760930524830558,0.0012724480897434484
19.36088114754128,0.051650541748560555,0.0563494678277624,0.0005618851427486182
19.381368852459318,0.05159594286721958,0.15846456617581692,0.0015801193661394055
19.40185655737735,0.051541459295026106,0.17928207079552802,0.0017876997924651614
19.422344262295383,0.05148709066707777,0.3102033615205717,0.003093173135225489
19.442831967213415,0.05143283662001025,0.20856475246183215,0.002079690194547136
19.463319672131448,0.051378696791989184,0.021338153056588996,0.00021277203917596376
19.48380737704948,0.05132467082270213,0.15997420572339252,0.001595172641092795
19.504295081967513,0.05127075835335056,0.11445933824562327,0.0011413240282167937
19.52478278688555,0.05121695902664189,0.08218450235089375,0.0008194975501153688
19.54527049180358,0.05116327248678168,0.0025127990311354805,2.5056216087501864e-05
19.565758196721614,0.051109698379465676,0.009433591322163967,9.406645725365157e-05
19.586245901639646,0.0510562363518721,0.14621261751807313,0.0014579498375549068
19.60673360655768,0.051002886052653844,0.0025142169805430752,2.5070355080042696e-05
19.62722131147571,0.05094964713193082,0.06215955160629361,0.0006198200244632069
19.647709016393748,0.050896519241282294,0.047748352581655246,0.00047611966786200035
19.66819672131178,0.050843502033739295,0.045694081729103164,0.0004556356364110083
19.688684426229813,0.05079059516377703,0.06419828579065616,0.0006401491330132376
19.709172131147845,0.05073779828730741,0.10892807473611256,0.0010861693851220025
19.729659836065878,0.050685111061671576,0.025256227202568465,0.0002518408668983917
19.75014754098391,0.0506325331456325,0.10209521618930759,0.0010180359697064788
19.770635245901946,0.050580064199367586,0.08900783914020748,0.0008875360199302786
19.79112295081998,0.05052770388446141,0.1435615426476239,0.0014315148127100805
19.81161065573801,0.05047545186389837,0.001465719898290092,1.4615332957491778e-05
19.832098360656044,0.0504233078020555,0.13837159031558194,0.0013797635323632733
19.852586065574076,0.050371271364695276,0.04018900355504674,0.00040074209872709035
19.87307377049211,0.05031934221895848,0.07543150097959891,0.0007521604254580501
19.893561475410145,0.05026752003335708,0.13229331663323987,0.0013191544120410173
19.914049180328178,0.050215804477767204,0.25794125147452257,0.0025720448212310037
19.93453688524621,0.05016419522342212,0.09303170674873043,0.0009276597604512589
19.955024590164243,0.05011269194290526,0.3311050785025073,0.0033015932797774107
19.975512295082275,0.050061294310143306,0.19632166354786934,0.001957609010335548
19.996000000000308,0.05001000200039931,0.2180857189519232,0.0021746279077433186
20.01648770491834,0.04995881469026584,0.02481330462840231,0.0002474242925560637
20.036975409836376,0.0499077320576582,0.015822272485443437,0.0001577707860749454
20.05746311475441,0.049856753781807685,0.02172522162921525,0.00021663166888619243
20.07795081967244,0.04980587954325482,0.0279652164092306,0.0002788533808717692
20.098438524590474,0.04975510902384274,0.009700868049583918,9.673159018088309e-05
20.118926229508507,0.049704441906710514,0.021372594912695428,0.00021311547395859638
20.13941393442654,0.0496538778762866,0.057687984222833645,0.0005752320740455528
20.159901639344575,0.049603416618282235,0.13485135863740652,0.001344661765563174
20.180389344262608,0.049553057819685,0.16736882262596856,0.0016689075943061103
20.20087704918064,0.049502801168752254,0.030899746079036974,0.0003081148572615576
20.221364754098673,0.049452646355004785,0.23790661527778428,0.0023722707177074435
20.241852459016705,0.049402593069220374,0.06396848783183415,0.0006378577172488383
20.262340163934738,0.04935264100342743,0.06516891985028116,0.0006498277489465075
20.282827868852774,0.049302789850898705,0.03904603854603193,0.000389345095667364
20.303315573770806,0.049253039306145024,0.03145934006656668,0.00031369481319877204
20.32380327868884,0.049203389064908995,0.03452756273750299,0.00034428940086574225
20.34429098360687,0.04915383882415884,0.339519644475455,0.0033854985904243373
20.364778688524904,0.04910438828208222,0.1177341598509886,0.0011739787040485393
20.385266393442937,0.049055037138080126,0.1740242366091188,0.001735271632515023
20.405754098360973,0.04900578509276076,0.05556800277150521,0.0005540928135285755
20.426241803279005,0.04895663184793352,0.16378208017907575,0.0016331426195962343
20.446729508197038,0.04890757710660293,0.0035696614282640206,3.559465241650734e-05
20.46721721311507,0.04885862057296269,0.006669593782619259,6.65054311795287e-05
20.487704918033103,0.04880976195238972,0.07933390854152028,0.0007910730348316769
20.508192622951135,0.04876100095143829,0.025931807271290297,0.00025857737068423343
20.528680327869168,0.04871233727783406,0.005412171381805962,5.3967123500459615e-05
20.549168032787204,0.04866377064046832,0.05143042721543112,0.0005128352414240085
20.569655737705236,0.04861530074939215,0.0398828806865073,0.0003976896139686956
20.59014344262327,0.04856692731581067,0.10301226258967507,0.0010271802396959059
20.6106311475413,0.04851865005207726,0.0649675548539027,0.00064781985066288
20.631118852459334,0.04847046867168791,0.12374053077851399,0.0012338708506137816
20.651606557377367,0.04842238288927552,0.008031720924647242,8.008779554150554e-05
20.672094262295403,0.04837439242060428,0.003429646944134388,3.4198506872728265e-05
20.692581967213435,0.04832649698256408,0.23086848475904298,0.002302090445849437
20.713069672131468,0.04827869629316491,0.1348745382139562,0.0013448928992398626
20.7335573770495,0.04823099007153135,0.10475184942188034,0.00104452641940651
20.754045081967533,0.048183378037897066,0.05831852477026757,0.0005815194691028872
20.774532786885565,0.04813585991359934,0.0006072169475623279,6.054825261230636e-06
20.7950204918036,0.04808843542107362,0.12036075206398923,0.0012001696016281816
20.815508196721634,0.048041104283848154,0.18156507049779766,0.001810464579126959
20.835995901639667,0.04799386622653857,0.11748298079646323,0.0011714740880450867
20.8564836065577,0.04794672097484256,0.08168702052294267,0.000814536941636021
20.87697131147573,0.04789966825553457,0.06763130055423618,0.0006743812218838605
20.897459016393764,0.04785270779646052,0.05726030351290878,0.0005709674829853234
20.9179467213118,0.04780583932653254,0.032451303326811516,0.000323586111902563
20.938434426229833,0.0477590625757238,0.015363291666900298,0.00015319408796779965
20.958922131147865,0.04771237727506327,0.09013792095241342,0.000898804559010538
20.979409836065898,0.04766578315663059,0.023425095454142578,0.00023358185286474198
20.99989754098393,0.047619279953550954,0.07286721181368529,0.0007265907787589514
21.020385245901963,0.04757286739998999,0.017092156544011253,0.00017043335438355023
21.040872950819995,0.047526545231148715,0.008585426831970881,8.560903886057754e-05
21.06136065573803,0.04748031318325848,0.0685257732517541,0.0006833003996277537
21.081848360656064,0.04743417099357602,0.07859770197822924,0.0007837319978023361
21.102336065574097,0.04738811840037837,0.17516505666881213,0.0017466472473486995
21.12282377049213,0.047342155142958024,0.019585028802695848,0.00019529087192402572
21.14331147541016,0.047296280961617955,0.09389809603804924,0.0009362989062723473
21.163799180328194,0.047250495597666725,0.08869253233580326,0.0008843919581381815
21.18428688524623,0.04720479879341365,0.03719558018290872,0.0003708933675216441
21.204774590164263,0.047159190292163984,0.07645251878976822,0.0007623414397627355
21.225262295082295,0.047113669838214016,0.09917406498886039,0.0009889078958749652
21.245750000000328,0.047068237176846404,0.013338828385141109,0.00013300728081750812
21.26623770491836,0.04702289205432536,0.023737195567026234,0.00023669393933582476
21.286725409836393,0.046977634217891945,0.04662907311667569,0.0004649588437016383
21.30721311475443,0.046932463415759344,0.2791262512186889,0.002783289701870598
21.32770081967246,0.046887379397108284,0.06684606754529583,0.0006665513207627359
21.348188524590494,0.046842381912082266,0.08932345039760398,0.000890683117556069
21.368676229508527,0.04679747071178305,0.004422554681806021,4.4099223373248e-05
21.38916393442656,0.04675264554826602,0.02747071803294516,0.00027392252169138823
21.40965163934459,0.04670790617453562,0.04456108925724615,0.0004443380738727364
21.430139344262628,0.04666325234454084,0.17568172026131684,0.0017517991255761012
21.45062704918066,0.0466186838131707,0.06010368835687213,0.0005993201145278784
21.471114754098693,0.04657420033624973,0.006828676776533519,6.80917171586192e-05
21.491602459016725,0.046529801670533576,0.11490160440134978,0.0011457340571243045
21.512090163934758,0.0464854875737045,0.006469000441021252,6.45052274025786e-05
21.53257786885279,0.04644125780436701,0.011551691506024631,0.00011518695883145117
21.553065573770823,0.04639711212204347,0.18285100826804856,0.0018232872260029117
21.57355327868886,0.046353050287169725,0.09132722283975574,0.0009106636073121672
21.59404098360689,0.04630907206109082,0.12092210234424282,0.0012057670703268454
21.614528688524924,0.04626517720605661,0.07352972231299978,0.0007331969601627867
21.635016393442957,0.04622136548521754,0.004261831104269313,4.249657841867065e-05
21.65550409836099,0.04617763666262036,0.2505742747100373,0.0024985854799007357
21.67599180327902,0.0461339905032039,0.08592139579562853,0.0008567597459722868
21.696479508197058,0.046090426772794825,0.08293015989627435,0.0008269328270128969
21.71696721311509,0.046046945238103515,0.05747805766361674,0.0005731388046813619
21.737454918033123,0.04600354566671982,0.021781673773617113,0.0002171945778618843
21.757942622951155,0.04596022782710897,0.043731237508210695,0.0004360632598160675
21.778430327869188,0.04591699148860746,0.12841278537294076,0.0012804599408208404
21.79891803278722,0.045873836421418915,0.06078312396526913,0.000606095063582935
21.819405737705257,0.04583076239661007,0.04803865514574096,0.00047901440145842357
21.83989344262329,0.04578776918610668,0.07599566773455627,0.000757785978455501
21.86038114754132,0.04574485656268953,0.053459533239621465,0.0005330683433858438
21.880868852459354,0.04570202429999038,0.11158241201307735,0.0011126369408463806
21.901356557377387,0.04565927217248805,0.03942412936692772,0.000393115204295902
21.92184426229542,0.04561659995550442,0.009726834582980317,9.699051382092028e-05
21.942331967213455,0.045574007425200486,0.004844751479543049,4.830913195108203e-05
21.962819672131488,0.045531494358572504,0.10782417186858896,0.0010751618877274396
21.98330737704952,0.04548906053344802,0.0369514090645395,0.00036845863070887895
22.003795081967553,0.04544670572848205,0.1541230092135701,0.0015368278063869736
22.024282786885585,0.045404429723153235,0.0627651864627344,0.000625859074003212
22.044770491803618,0.04536223229775997,0.0820505682443155,0.0008181620346705086
22.06525819672165,0.04532011323341665,0.07850526937267593,0.0007828103119414386
22.085745901639687,0.04527807231204983,0.055543672320195525,0.0005538502039772472
22.10623360655772,0.04523610931639455,0.25471939282046135,0.0025399182621073852
22.12672131147575,0.04519422402999049,0.20834751268718762,0.0020775240019193742
22.147209016393784,0.045152416237178285,0.020203440786533956,0.00020145732777909124
22.167696721311817,0.045110685723095865,0.039543956363566175,0.00039431005158917427
22.18818442622985,0.045069032273674724,0.18583183998525651,0.0018530104003202353
22.208672131147885,0.04502745567563628,0.02841241108989377,0.0002833125542529427
22.229159836065918,0.044985955716488224,0.02899788175137216,0.0002891505378024135
22.24964754098395,0.04494453218452092,0.011843780183935391,0.00011809950254854168
22.270135245901983,0.04490318486880379,0.03453002588922758,0.00034431396202686297
22.290622950820016,0.04486191355918173,0.0032116831906961003,3.2025095136364755e-05
22.311110655738048,0.04482071804627156,0.17701925974065114,0.0017651363156197559
22.331598360656084,0.04477959812145846,0.09487950887860416,0.0009460850021356847
22.352086065574117,0.044738553576892506,0.1276133275281495,0.0012724881976516754
22.37257377049215,0.04469758420548509,0.13191390483941795,0.0013153711314147695
22.39306147541018,0.044656689800905515,0.27190034452004547,0.00271123703175017
22.413549180328214,0.044615870157577446,0.05687320860404203,0.0005671075906649438
22.434036885246247,0.04457512507067555,0.2703800554893857,0.002696077566151977
22.454524590164283,0.044534454336122006,0.04770308929194052,0.0004756683278408245
22.475012295082315,0.044493857750583156,0.027167798302248247,0.0002709019768187329
22.495500000000348,0.04445333511146605,0.007253522397078423,7.232803830499903e-05
22.51598770491838,0.04441288621691512,0.031218205267376984,0.00031129035285003373
22.536475409836413,0.04437251086580884,0.028664153132265554,0.000285822784053981
22.556963114754446,0.044332208857756336,0.014631829513170675,0.00014590035951734056
22.577450819672478,0.04429197999309413,0.013484906022234977,0.00013446388470632833
22.597938524590514,0.04425182407288279,0.07218475455409275,0.0007197856995007395
22.618426229508547,0.044211740898903736,0.08861845882881347,0.0008836533388636204
22.63891393442658,0.04417173027365586,0.1694658679730549,0.0016898181489150646
22.659401639344612,0.044131792000352374,0.0630152348751775,0.0006283524158808869
22.679889344262644,0.04409192588291755,0.009481941741567353,9.454858039262188e-05
22.700377049180677,0.04405213172598351,0.03219890455004109,0.00032106933351614217
22.720864754098713,0.04401240933488704,0.05774670893267613,0.0005758176437633285
22.741352459016746,0.04397275851566642,0.1013463291183164,0.0010105684897992566
22.761840163934778,0.043933179075058254,0.0518518259859243,0.0005170371925238199
22.78232786885281,0.043893670820494356,0.12990909676676474,0.001295380314934843
22.802815573770843,0.043854233560098585,0.12603587993468976,0.0012567587790715607
22.823303278688876,0.04381486710268378,0.036382614141343174,0.0003627869282255168
22.84379098360691,0.04377557125774863,0.06239337547976087,0.0006221515843800241
22.864278688524944,0.043736345835474665,0.01392890818206169,0.00013889122406856476
22.884766393442977,0.043697190646723116,0.06250950308052236,0.0006233095433820571
22.90525409836101,0.04365810550303195,0.06433781513220686,0.0006415404409885759
22.925741803279042,0.0436190902166128,0.07047264531110242,0.0007027135108273819
22.946229508197074,0.043580144600347974,0.027499429833169248,0.00027420881958539485
22.96671721311511,0.04354126846778744,0.044405363523216765,0.00044278526459755053
22.987204918033143,0.04350246163314592,0.04839412540713865,0.00048255895061333014
23.007692622951176,0.043463723911299844,0.0344025123664486,0.00034304246902593446
23.028180327869208,0.04342505511778445,0.004986941973432179,4.972697543809767e-05
23.04866803278724,0.043386455068790866,0.02660630250477761,0.00026530305710437314
23.069155737705273,0.04334792358116317,0.008526148596577332,8.501794969789373e-05
23.089643442623306,0.0433094604723955,0.06950687082756063,0.0006930833518486578
23.110131147541342,0.043271065560629186,0.017250654808033235,0.00017201380976562434
23.130618852459374,0.04323273866464989,0.007039787499269054,7.01967943341942e-05
23.151106557377407,0.043194479603884714,0.1171633468701064,0.0011682868786310199
23.17159426229544,0.0431562881983994,0.03675972116385932,0.00036654722697093976
23.192081967213472,0.04311816426889552,0.030046961812374397,0.0002996113730605693
23.212569672131504,0.04308010763670762,0.027854501406797984,0.0002777493932505123
23.23305737704954,0.04304211812380046,0.050646162985995793,0.0005050150004262436
23.253545081967573,0.04300419555276627,0.054645625897876644,0.0005448953910632746
23.274032786885606,0.04296633974682194,0.1960013844854788,0.0019544153679884584
23.294520491803638,0.042928550529806264,0.020972625029183758,0.0002091271996455357
23.31500819672167,0.042890827726177264,0.12767340639433694,0.001273087270253516
23.335495901639703,0.04285317116100942,0.01292602259806878,0.0001288910141066038
23.35598360655774,0.042815580659990984,0.04191753855719088,0.0004179780758155418
23.376471311475772,0.042778056049421316,0.10861222249173892,0.0010830198845098618
23.396959016393804,0.04274059715620816,0.050242282491659664,0.0005009877317054975
23.417446721311837,0.04270320380786503,0.003174441454464574,3.165374152673319e-05
23.43793442622987,0.0426658758325085,0.02527196901762944,0.0002519978354083641
23.458422131147902,0.04262861305885566,0.09381272493670811,0.0009354476337526087
23.478909836065938,0.0425914153162214,0.009375091041289776,9.348312541509187e-05
23.49939754098397,0.04255428243451589,0.005008405874505589,4.9941001365643935e-05
23.519885245902003,0.042517214244241916,0.05131051574987234,0.0005116395518542572
23.540372950820036,0.042480210576492365,0.013729757062689413,0.00013690540131902127
23.560860655738068,0.042443271262947585,0.008994558432780192,8.968866865630829e-05
23.5813483606561,0.042406396135872916,0.016325020293293916,0.00016278390393870354
23.601836065574133,0.04236958502811608,0.06447918685948262,0.0006429501201962617
23.62232377049217,0.0423328377731047,0.16842018832026728,0.0016793912206116454
23.642811475410202,0.04229615420484378,0.05654190015370516,0.0005638039694758251
23.663299180328234,0.042259534157913184,0.023430873042799685,0.0002336394637234153
23.683786885246267,0.04222297746746516,0.02118516801025703,0.00021124655849424044
23.7042745901643,0.04218648396922189,0.025311863561347646,0.0002523956413195132
23.724762295082332,0.042150053499473,0.08595004123865119,0.0008570453821896701
23.745250000000368,0.0421136858950731,0.08225315896813438,0.000820182155217529
23.7657377049184,0.04207738099343942,0.03633344709735478,0.0003622966621663166
23.786225409836433,0.04204113863254929,0.0834283998577735,0.0008319009951728115
23.806713114754466,0.0420049586509378,0.03712795400222608,0.00037021903735223494
23.8272008196725,0.041968840887695376,0.05500456853763795,0.0005484745648186918
23.84768852459053,0.041932785182465404,0.019789418607902426,0.00019732893189694137
23.868176229508567,0.04189679137544182,0.004100547478220303,4.088834897589117e-05
23.8886639344266,0.04186085930736683,0.040135025304961366,0.0004002038580315926
23.909151639344632,0.041824988819528466,0.00017252761044770948,1.7203481197160169e-06
23.929639344262664,0.04178917975375833,0.08766594944630289,0.0008741554519980825
23.950127049180697,0.04175343195242919,0.0008366863241699753,8.342964588929844e-06
23.97061475409873,0.04171774525845276,0.011502074145410204,0.00011469220246858964
23.991102459016766,0.041682119515277304,0.020425444645292244,0.00020367102516928535
24.011590163934798,0.04164655456688543,0.005432194392343371,5.416678167945888e-05
24.03207786885283,0.04161105025779175,0.021898020713764864,0.00021835472399268902
24.052565573770863,0.04157560643304065,0.11364960691109069,0.001133249843596585
24.073053278688896,0.04154022293820402,0.07815233924966204,0.0007792910916152397
24.09354098360693,0.04150489961937902,0.1657509397703883,0.001652774978075609
24.114028688524964,0.04146963632318583,0.039239100231567556,0.00039127019801381464
24.134516393442997,0.04143443289676547,0.07891064693986724,0.0007868525086291622
24.15500409836103,0.04139928918777754,0.03574194126244869,0.0003563984992679776
24.175491803279062,0.04136420504439807,0.0963154962745287,0.0009604038593325357
24.195979508197095,0.04132918031531729,0.005988333308293079,5.9712285589657426e-05
24.216467213115127,0.0412942148497375,0.06710611486106303,0.0006691443660704195
24.23695491803316,0.04125930849737086,0.07238027958331954,0.0007217353649224933
24.257442622951196,0.04122446110843726,0.14132126797001227,0.001409176055920513
24.277930327869228,0.041189672533662215,0.002950795702837542,2.9423672105985883e-05
24.29841803278726,0.04115494262427464,0.05499272731765782,0.000548356490845053
24.318905737705293,0.041120271232004825,0.0014266606876777064,1.4225856517400613e-05
24.339393442623326,0.04108565820908226,0.0224173530615956,0.00022353321354447644
24.35988114754136,0.04105110340823358,0.347489414164954,0.003464968643155722
24.380368852459394,0.04101660668268044,0.013929637367569107,0.00013889849509558097
24.400856557377427,0.04098216788613747,0.04040578682965378,0.00040290373939369625
24.42134426229546,0.04094778687281017,0.02670046276739681,0.00026624197018807345
24.441831967213492,0.040913463497392895,0.000945102879672961,9.424033392477541e-06
24.462319672131525,0.040879197615066774,0.2064238477245159,0.0020583422988116338
24.482807377049557,0.04084498908149768,0.0951495703130271,0.0009487779025920908
24.503295081967593,0.040810837752834214,0.022963918097247606,0.00022898325211480387
24.523782786885626,0.0407767434857057,0.06514945392468556,0.0006496336457046553
24.54427049180366,0.040742706137220135,0.003578813725286147,3.56859139654979e-05
24.56475819672169,0.04070872556496224,0.05834920601896204,0.0005818254052273435
24.585245901639723,0.040674801626991434,0.010414667716046308,0.0001038491982603428
24.605733606557756,0.04064093418183991,0.0647573412179592,0.0006457237187313266
24.626221311475792,0.04060712308851058,0.005564772531237228,5.5488776178598046e-05
24.646709016393824,0.040573368206475245,0.04494245170915231,0.00044814080536229056
24.667196721311857,0.04053966939567253,0.16176280603854298,0.0016130075556384012
24.68768442622989,0.040506026516506,0.1888802514152706,0.001883407441455486
24.708172131147922,0.04047243942984222,0.02949076258030102,0.00029406526771197096
24.728659836065955,0.04043890799700889,0.0645442553239996,0.0006435989462612267
24.749147540983987,0.04040543207979282,0.03754243110921358,0.00037435196952361854
24.769635245902023,0.04037201154043815,0.07902324989018009,0.0007879753218029058
24.790122950820056,0.0403386462416444,0.0013671725130092844,1.3632673958559252e-05
24.81061065573809,0.0403053360465646,0.004832427376139407,4.818624293602744e-05
24.83109836065612,0.0402720808188034,0.16880908631715202,0.00168326909230978
24.851586065574153,0.040238880422415274,0.015868241768562226,0.00015822916586455055
24.872073770492186,0.04020573472190258,0.03291305905651792,0.0003281904798602892
24.892561475410222,0.040172643582213764,0.07057127622584186,0.0007036970027350108
24.913049180328255,0.040139606868741545,0.09753576287705806,0.0009725716703267643
24.933536885246287,0.040106624447321056,0.0006136915128121082,6.119385977770637e-06
24.95402459016432,0.040073696184228014,0.0772198801341221,0.0007699931347144954
24.974512295082352,0.04004082194617697,0.022556883599862798,0.00022492453345279736
24.995000000000385,0.04000800160031945,0.019272552443281483,0.000192175033734537
25.01548770491842,0.039975235014242196,0.06428623843159403,0.0006410261471912516
25.035975409836453,0.0399425220559654,0.061925288843020246,0.0006174840881845383
25.056463114754486,0.0399098625939409,0.02722345042069939,0.00027145690838642337
25.07695081967252,0.03987725649705043,0.003965080453924763,3.953754813928543e-05
25.09743852459055,0.03984470363460386,0.006835277129451603,6.815753215891175e-05
25.117926229508583,0.03981220387633746,0.047667899013486614,0.00047531743021224577
25.13841393442662,0.03977975709241216,0.007594578892965842,7.572886151175575e-05
25.158901639344652,0.039747363153411826,0.1246822574125986,0.001243261217987617
25.179389344262685,0.039715021930341515,0.05179639318613747,0.0005164844478782736
25.199877049180717,0.039682733294625794,0.006644856501361293,6.625876494918683e-05
25.22036475409875,0.03965049711810701,0.013655708086887791,0.0001361670266556463
25.240852459016782,0.03961831327304361,0.008282960915800856,8.259301917067988e-05
25.261340163934815,0.039586181632108454,0.3326788016593262,0.003317285560373898
25.28182786885285,0.03955410206838713,0.08904866344112632,0.0008879430968563555
25.302315573770883,0.039522074455376296,0.026238970152395395,0.0002616402258619319
25.322803278688916,0.03949009866698198,0.06836100389788523,0.0006816574124712078
25.34329098360695,0.03945817457751797,0.12340952766982465,0.0012305702741195255
25.36377868852498,0.03942630206170414,0.00413827885283431,4.126458498358329e-05
25.384266393443013,0.03939448099466483,0.02127098021867786,0.0002121022294852335
25.40475409836105,0.039362711251927196,0.06989763560732364,0.0006969798380538051
25.425241803279082,0.0393309927094196,0.14515501630897915,0.0014474040342092698
25.445729508197115,0.03929932524346999,0.08899965155252844,0.0008874543779192863
25.466217213115147,0.039267708730804284,0.19722240757032844,0.0019665907221981405
25.48670491803318,0.039236143048544794,0.005270671155602856,5.255616297387373e-05
25.507192622951212,0.03920462807420862,0.06256109719242142,0.0006238240107949172
25.52768032786925,0.03917316368570604,0.04269670217322395,0.0004257474563704292
25.54816803278728,0.03914174976133899,0.031509808017690974,0.0003141980511709279
25.568655737705313,0.03911038617979946,0.03091737457118554,0.0003082906386523884
25.589143442623346,0.03907907282016791,0.05689877972167317,0.0005673625714417691
25.60963114754138,0.039047809561911784,0.006680064096642938,6.660983525141453e-05
25.63011885245941,0.039016596284883874,0.06715378655192485,0.0006696197213108068
25.650606557377447,0.038985432869320866,0.1255117289114398,0.001251532240403603
25.67109426229548,0.03895431919584176,0.027562891609499946,0.0002748416246610639
25.691581967213512,0.03892325514544635,0.05133274861688368,0.0005118612454768583
25.712069672131545,0.038892240599513725,0.08617228937932084,0.0008592615154214422
25.732557377049577,0.03886127543980074,0.12266513042152623,0.0012231475641943795
25.75304508196761,0.03883035954844052,0.021549386239073993,0.00021487833745115976
25.773532786885642,0.03879949280794096,0.043479578797156276,0.00043355386094797246
25.79402049180368,0.03876867510118326,0.03445600309482837,0.00034357584842968083
25.81450819672171,0.03873790631142041,0.004222296184623936,4.2102358476143475e-05
25.834995901639743,0.03870718632227575,0.002521707219974933,2.514504352723895e-05
25.855483606557776,0.03867651501774146,0.04682795196698173,0.00046694195153746483
25.87597131147581,0.03864589228217714,0.0781682121487515,0.0007794493672212841
25.89645901639384,0.038615318000308325,0.019331979772354367,0.00019276760957538346
25.916946721311877,0.03858479205722508,0.0613549276712807,0.0006117967679532149
25.93743442622991,0.03855431433838051,0.014035491777009714,0.00013995401562225048
25.957922131147942,0.03852388472958936,0.006444899863250367,6.426491002065567e-05
25.978409836065975,0.038493503117026595,0.024007388484716907,0.00023938815086929182
25.998897540984007,0.038463169387225944,0.008799981405272642,8.774845617354165e-05
26.01938524590204,0.038432883427078526,0.00044901559014321564,4.477330464506611e-06
26.039872950820076,0.03840264512383141,0.0155778801076006,0.00015533384298737924
26.06036065573811,0.03837245436508626,0.1065828438028364,0.0010627840636891512
26.08084836065614,0.0383423110387979,0.0635904486993644,0.0006340881240281605
26.101336065574174,0.03831221503327294,0.041434603313507255,0.0004131625176781529
26.121823770492206,0.03828216623716841,0.02920720045971942,0.0002912377460202294
26.14231147541024,0.03825216453949038,0.033157778590708,0.000330630685166612
26.162799180328275,0.038222209829592575,0.013535341364532693,0.00013496679752163918
26.183286885246307,0.038192301997175056,0.0022234337836682656,2.2170828884261944e-05
26.20377459016434,0.03816244093228282,0.08077037320764409,0.0008053966510980343
26.224262295082372,0.03813262652530447,0.06769659815439642,0.0006750323327603524
26.244750000000405,0.0381028586669709,0.013869845655344597,0.00013830228583126028
26.265237704918437,0.03807313724835392,0.035554153243959184,0.00035452598295783303
26.28572540983647,0.038043462160864946,0.007378088128703954,7.357013759349513e-05
26.306213114754506,0.03801383329625368,0.030617588211111487,0.0003053013379860686
26.32670081967254,0.037984250546606785,0.012680309897070391,0.00012644090550047412
26.34718852459057,0.0379547138043466,0.007876055260718374,7.853558525151523e-05
26.367676229508604,0.037925222962229777,0.04972923374452209,0.0004958718986792915
26.388163934426636,0.037895777913346064,0.019729880706210706,0.00019673525348824268
26.40865163934467,0.037866378551116936,0.05767895675847564,0.0005751420572575512
26.429139344262705,0.03783702476929436,0.0939026896085187,0.0009363447107687953
26.449627049180737,0.037807716461959504,0.012265353022942146,0.00012230318936149053
26.47011475409877,0.03777845352352146,0.018963231342474504,0.0001890906580060326
26.490602459016802,0.03774923584871595,0.002974612484337858,2.9661159631405326e-05
26.511090163934835,0.037720063332604116,0.061660394020663346,0.0006148427062724975
26.531577868852867,0.03769093587057122,0.20232537505918644,0.0020174746387008244
26.552065573770903,0.0376618533583254,0.014409454809156041,0.00014368296426720505
26.572553278688936,0.03763281569189647,0.038153766357571346,0.0003804478601599012
26.59304098360697,0.03760382276763461,0.03554096405921821,0.00035439446783911755
26.613528688525,0.037574874482209177,0.004257045296676271,4.2448857041943495e-05
26.634016393443034,0.03754597073260748,0.05365488929922925,0.0005350163239377639
26.654504098361066,0.037517111416133536,0.02372707446014035,0.00023659301736075428
26.674991803279102,0.03748829643040685,0.0485905958834132,0.00048451804350032674
26.695479508197135,0.03745952567336126,0.01129628910090886,0.00011264022995558214
26.715967213115167,0.03743079904324365,0.04318173357516627,0.0004305839162168814
26.7364549180332,0.03740211643861282,0.14605887632210154,0.001456416816975034
26.756942622951232,0.03737347775833823,0.00815831133181695,8.135008375371316e-05
26.777430327869265,0.037344882901598875,0.015566162037678098,0.00015521699699672556
26.797918032787297,0.03731633176788206,0.011955898527877679,0.00011921748350061222
26.818405737705334,0.03728782425698222,0.011505734801620681,0.00011472870446970284
26.838893442623366,0.037259360268999786,0.09185782177550095,0.0009159544409304143
26.8593811475414,0.03723093970433999,0.07867098214583773,0.0007844627063435985
26.87986885245943,0.03720256246371168,0.010165619708178492,0.00010136583185340891
26.900356557377464,0.03717422844812622,0.006305979483714938,6.287967427141051e-05
26.920844262295496,0.037145937558896294,0.059320213589781984,0.0005915077456037925
26.941331967213532,0.03711768969763477,0.13225215273286148,0.001318743948820479
26.961819672131565,0.03708948476625359,0.08567671082898388,0.0008543198853540498
26.982307377049597,0.03706132266696258,0.08130348720848307,0.0008107125635282688
27.00279508196763,0.03703320330226838,0.06201219636278305,0.0006183506810030742
27.023282786885662,0.037005126574973256,0.02643078589337035,0.00026355290435125817
27.043770491803695,0.03697709238817404,0.06057214294849007,0.0006039912797620743
27.06425819672173,0.036949100645260954,0.030740275927191606,0.00030652471076172445
27.084745901639764,0.03692115124991658,0.04235591171207723,0.0004223492859122079
27.105233606557796,0.03689324410611468,0.01688280542760649,0.00016834582301084543
27.12572131147583,0.03686537911811913,0.05921150819931684,0.0005904237967007478
27.14620901639386,0.03683755619048281,0.18620571006933775,0.001856738422139457
27.166696721311894,0.03680977522804655,0.06752757311747926,0.0006733469103303378
27.18718442622993,0.036782036135937994,0.009542312656961998,9.515056514459983e-05
27.207672131147962,0.036754338819570576,0.044046166579706336,0.0004392035550684361
27.228159836065995,0.03672668318464238,0.015986694434676173,0.00015941030910820685
27.248647540984027,0.03669906913713513,0.03459846454312726,0.00034499639372139975
27.26913524590206,0.03667149658331309,0.07024307153029005,0.0007004243304397804
27.289622950820092,0.036643965429722015,0.003943667248811486,3.9324027723288676e-05
27.310110655738125,0.03661647558318809,0.02147238539958509,0.0002141105284663397
27.33059836065616,0.03658902695081688,0.031469097959331296,0.00031379211340728033
27.351086065574194,0.0365616194399923,0.011146592984785573,0.00011114754463273325
27.371573770492226,0.03653425295837554,0.019161909330749217,0.0001910717629588596
27.39206147541026,0.03650692741390406,0.012312199380294538,0.0001227703148411607
27.41254918032829,0.036479642714790525,0.1139400605680284,0.001136146083805794
27.433036885246324,0.036452398769521825,0.14610787687022306,0.0014569054228312627
27.45352459016436,0.036425195486858,0.07308246455758957,0.0007287371578357756
27.474012295082392,0.036398032775831264,0.10789581607569285,0.0010758762833923414
27.494500000000425,0.03637091054574495,0.090536680202382,0.0009027807615680452
27.514987704918457,0.036343828706172546,0.07920694945555926,0.0007898070703622964
27.53547540983649,0.03631678716695664,0.03859152836178045,0.00038481297620637024
27.555963114754523,0.03628978583820797,0.05929169590593089,0.0005912233833288814
27.57645081967256,0.0362628246303044,0.08947394431179068,0.0008921837580716824
27.59693852459059,0.03623590345388992,0.002725933144702478,2.718146937635707e-05
27.617426229508624,0.03620902221987368,0.00020075931977557552,2.00185881781546e-06
27.637913934426656,0.036182180839429,0.06429201844290214,0.0006410837822072356
27.65840163934469,0.03615537922399239,0.01066103241832492,0.00010630580825586502
27.67888934426272,0.036128617285262565,0.043383079995479086,0.0004325916292704491
27.699377049180757,0.0361018949351995,0.030195598396504902,0.0003010934933273855
27.71986475409879,0.03607521208602345,0.08388634528695611,0.00083646736896065
27.740352459016822,0.036048568650213976,0.07622112296734539,0.0007600340910028341
27.760840163934855,0.03602196454050902,0.015486016712929788,0.00015441783297667687
27.781327868852888,0.03599539966990393,0.002711913399961786,2.704167238130822e-05
27.80181557377092,0.0359688739516505,0.010840616035203995,0.00010809651489596743
27.822303278688953,0.03594238729925606,0.01322062451989588,0.0001318286184759264
27.84279098360699,0.035915939626482506,0.09669986051977296,0.0009642365230138798
27.86327868852502,0.035889530847345384,0.018245380114461036,0.0001819326500376611
27.883766393443054,0.03586316087611295,0.05924298153042509,0.000590737631024731
27.904254098361086,0.03583682962730523,0.11477025215328615,0.001144424286517789
27.92474180327912,0.035810537015693124,0.03759912235387857,0.0003749172626724119
27.94522950819715,0.03578428295629745,0.04068005543369509,0.0004056385913749831
27.965717213115187,0.03575806736438807,0.0055830410771070225,5.5670939824495016e-05
27.98620491803322,0.03573189015548296,0.025797254268897365,0.00025723568395902963
28.006692622951253,0.03570575124534727,0.0741137960874481,0.0007390210147418776
28.027180327869285,0.03567965054999249,0.10029221465554655,0.0010000574543233367
28.047668032787318,0.03565358798567547,0.13943887428506177,0.0013904058867396712
28.06815573770535,0.03562756346889761,0.08358660723892834,0.000833478550034834
28.088643442623386,0.03560157691640388,0.043496735063271945,0.00043372493356688165
28.10913114754142,0.03557562824518201,0.049835320440070295,0.000496929735432143
28.12961885245945,0.03554971737246156,0.022492293207143868,0.00022428047445043027
28.150106557377484,0.035523844215713044,0.23329745673460459,0.00232631078577159
28.170594262295516,0.035498008692647076,0.1444597874505618,0.001440471603763807
28.19108196721355,0.03547221072121346,0.10488115307426181,0.0010458157625711758
28.211569672131585,0.03544645021960038,0.009461038743007197,9.434014746889407e-05
28.232057377049617,0.03542072710623347,0.05728420735703177,0.0005712058386501601
28.25254508196765,0.035395041299775,0.09765417639387614,0.0009737524231957011
28.273032786885683,0.03536939271912299,0.16890438100713617,0.0016842193172639643
28.293520491803715,0.035343781283410376,0.09736446821668318,0.0009708636164904617
28.314008196721748,0.035318206912004144,0.47267334073014206,0.0047132322232646085
28.33449590163978,0.0352926695245045,0.20915391943004166,0.0020855650355846244
28.354983606557816,0.03526716904074402,0.04815656304544333,0.00048019011259837536
28.37547131147585,0.0352417053807868,0.01581547956466773,0.0001577030508964801
28.39595901639388,0.03521627846492765,0.08849657192606347,0.0008824379513472696
28.416446721311914,0.03519088821369122,0.004333745083579666,4.3213664100010675e-05
28.436934426229946,0.035165534547831216,0.026822907901053104,0.0002674629240684834
28.45742213114798,0.03514021738832954,0.026995638868099404,0.0002691852999456181
28.477909836066015,0.035114936656395486,0.0543318291373657,0.0005417663865780383
28.498397540984048,0.03508969227346494,0.03367347924507597,0.00033577296151748713
28.51888524590208,0.03506448416119951,0.014595135231786013,0.00014553446481897536
28.539372950820113,0.03503931224148581,0.053020252296135495,0.000528688081332761
28.559860655738145,0.03501417643643452,0.06762532780677677,0.000674321665011574
28.580348360656178,0.034989076668379734,0.20590569709554035,0.002053175592694424
28.600836065574214,0.034964012859878026,0.06496166073242617,0.0006477610778045925
28.621323770492246,0.03493898493370775,0.07987862652464937,0.0007965046556349782
28.64181147541028,0.03491399281286819,0.1667741342517188,0.0016629776969186562
28.66229918032831,0.034889036420578785,0.018547838953576385,0.00018494859915915712
28.682786885246344,0.034864115680278376,0.01538855413030647,0.00015344599101860655
28.703274590164376,0.03483923051562436,0.07413641896403421,0.0007392465973202052
28.723762295082413,0.034814380850491954,0.1167799251718939,0.0011644636134975927
28.744250000000445,0.03478956660897343,0.29011149692274096,0.002892828382331905
28.764737704918478,0.0347647877153773,0.03534151350612616,0.00035240565930523814
28.78522540983651,0.03474004409422756,0.09589182554638538,0.0009561792535511845
28.805713114754543,0.03471533567026296,0.04413943326105892,0.0004401335578632392
28.826200819672575,0.034690662368436195,0.04607490534572419,0.000459432994938709
28.84668852459061,0.03466602411391315,0.017073592515887356,0.0001702482443551065
28.867176229508644,0.034641420832072195,0.04119699392302476,0.00041079321071863114
28.887663934426676,0.03461685244850335,0.07229177719272194,0.0007208528689506321
28.90815163934471,0.0345923188890076,0.03063531645803834,0.00030547811407534106
28.92863934426274,0.03456782007959612,0.05851646886516392,0.0005834932560844617
28.949127049180774,0.034543355946489544,0.22002518337647892,0.002193967154182669
28.969614754098806,0.0345189264161172,0.024801601520604198,0.00024730759575928386
28.990102459016843,0.03449453141511641,0.005627592004061533,5.611517656561088e-05
29.010590163934875,0.034470170870331725,0.06242724952719181,0.0006224893572944796
29.031077868852908,0.034445844708814205,0.0058069846207345,5.7903978659278153e-05
29.05156557377094,0.034421552857820684,0.07320779648189316,0.0007299868971659415
29.072053278688973,0.03439729524481305,0.010404093625922574,0.00010374375939166045
29.092540983607005,0.034373071797457556,0.010524656202909072,0.00010494594147769648
29.11302868852504,0.03434888244362401,0.16538661196732451,0.0016491421065060409
29.133516393443074,0.03432472711138518,0.15144215175303286,0.0015100958063349603
29.154004098361106,0.03430060572901597,0.07455886313241734,0.0007434589725387398
29.17449180327914,0.03427651822499279,0.014507493110451342,0.00014466054696748038
29.19497950819717,0.03425246452799279,0.010726216587730257,0.00010695578806478209
29.215467213115204,0.03422844456689322,0.07971876781069799,0.0007949106346127613
29.23595491803324,0.034204458270770656,0.013172317505963111,0.00013134692815185202
29.256442622951273,0.034180505568900364,0.049532865490465434,0.0004939138250946541
29.276930327869305,0.034156586390755576,0.021781156215344342,0.00021718941706240939
29.297418032787338,0.0341327006660068,0.0343121604426091,0.0003421415305507151
29.31790573770537,0.03410884832452112,0.03985021547516934,0.00039736389488663357
29.338393442623403,0.03408502929636154,0.0603361612599295,0.00060163820332898
29.35888114754144,0.034061243511786264,0.1177125611458358,0.0011737633339306696
29.37936885245947,0.034037490901248066,0.08756456590807549,0.000873144512480013
29.399856557377504,0.034013771395393536,0.014695406765362172,0.00014653431605322792
29.420344262295536,0.03399008492506248,0.04743362689338866,0.0004729814006325945
29.44083196721357,0.03396643142128721,0.08051613092346413,0.0008028614902944605
29.4613196721316,0.03394281081529188,0.023419629642357272,0.00023352735086936183
29.481807377049634,0.03391922303849182,0.0789527458752134,0.0007872722954915484
29.50229508196767,0.033895668022492866,0.05225962329980143,0.0005211035175620746
29.522782786885703,0.033872145699090715,0.011987510086775576,0.00011953269615422845
29.543270491803735,0.03384865600027027,0.043072028370442536,0.0004294899977294012
29.563758196721768,0.03382519885820494,4.37425854788708e-05,4.361764153854111e-07
29.5842459016398,0.03380177420525604,0.009379776956540478,9.352985072166615e-05
29.604733606557833,0.03377838197397213,0.058339242477196095,0.0005817260544028681
29.62522131147587,0.033755022097088326,0.0055250211601700835,5.509239790445379e-05
29.6457090163939,0.03373169450752572,0.03255244168473748,0.0003245946066208147
29.666196721311934,0.033708399138390695,0.11556029743296109,0.0011523021728911775
29.686684426229967,0.03368513592297428,0.08588897177692893,0.0008564364319273131
29.707172131148,0.033661904794751535,0.0017675375715873424,1.762488873471828e-05
29.72765983606603,0.03363870568738093,0.0026034621849717393,2.5960257972884637e-05
29.748147540984068,0.033615538534703664,0.04902526835712639,0.0004888523524895041
29.7686352459021,0.0335924032707431,0.020329166111228064,0.00020271098987628786
29.789122950820133,0.03356929982970407,0.0336365128262002,0.000335404353217398
29.809610655738165,0.03354622814597232,0.0020271379299331544,2.0213477234836533e-05
29.830098360656198,0.03352318815411382,0.014213162410736323,0.00014172564707223782
29.85058606557423,0.033500179788874214,0.23415667457366254,0.002334878421931472
29.871073770492266,0.03347720298517814,0.24035141049019432,0.002396648838031756
29.8915614754103,0.033454257678128665,0.17226917503168535,0.001717771147364337
29.91204918032833,0.033431343803006656,0.008698210815230605,8.673365719286329e-05
29.932536885246364,0.03340846129527018,0.02470956085820256,0.0002463898181346522
29.953024590164397,0.033385610090553845,0.08741547301567111,0.0008716578421641992
29.97351229508243,0.0333627901246683,0.062180836701540364,0.000620032267439799
29.99400000000046,0.03334000133359954,0.005896418723323683,5.879576513814104e-05
30.014487704918498,0.03331724365350834,0.034294800960712676,0.00034196843157854325
30.03497540983653,0.03329451702072969,0.0036515506980766854,3.641120607410195e-05
30.055463114754563,0.033271821371772134,0.02897246059818393,0.0002888970523865146
30.075950819672595,0.03324915664331725,0.03997401974425042,0.0003985984012996868
30.096438524590628,0.03322652277221901,0.04336861426090117,0.0004324473851160389
30.11692622950866,0.033203919695503216,0.03330663655398445,0.00033211501290153424
30.137413934426696,0.03318134735036691,0.003782865786989368,3.7720606150501575e-05
30.15790163934473,0.0331588056741778,0.11654039148141215,0.0011620751185027363
30.17838934426276,0.033136294604473676,0.23129874775210846,0.0023063807859821425
30.198877049180794,0.03311381407896182,0.07483593551488114,0.0007462217822186507
30.219364754098827,0.03309136403551846,0.007835516625386568,7.813135682171232e-05
30.23985245901686,0.03306894441218816,0.0305921816232723,0.00030504799780762344
30.260340163934895,0.03304655514718329,0.01723485179227228,0.0001718562309967557
30.280827868852928,0.03302419617888344,0.019772936411491568,0.0001971645807213201
30.30131557377096,0.03300186744583484,0.07343679656034836,0.0007322703569168934
30.321803278688993,0.03297956888674981,0.16263843342875292,0.0016217388185963153
30.342290983607025,0.03295730044050623,0.10138198597726827,0.0010109240399056637
30.362778688525058,0.032935062046146914,0.08220047608435938,0.0008196568311849966
30.383266393443094,0.03291285364287911,0.03553819557879858,0.00035436686211228917
30.403754098361127,0.032890675170073935,0.060206104482190534,0.0006003413504226021
30.42424180327916,0.032868526567265806,0.01966688322888163,0.00019610707814060588
30.44472950819719,0.0328464077741519,0.003682818753639966,3.67229935060143e-05
30.465217213115224,0.03282431873059161,0.00022035900050827622,2.1972957905297805e-06
30.485704918033257,0.032802259376606,0.010495467637011096,0.00010465488954502621
30.50619262295129,0.03278022965237725,4.1463747351085136e-06,4.1345312559950497e-08
30.526680327869325,0.03275822949824814,0.012001305461702668,0.00011967025585991854
30.547168032787358,0.03273625885472148,0.047925539241657704,0.0004778864733987082
30.56765573770539,0.0327143176624596,0.09423116900359699,0.0009396201222129227
30.588143442623423,0.03269240586228381,0.029350698898765733,0.0002926686315993833
30.608631147541455,0.032670523395173845,0.0035039033574131425,3.493894998574338e-05
30.629118852459488,0.032648670202267374,0.01992044993416577,0.00019863550245208947
30.649606557377524,0.03262684622485944,0.002246311909944823,2.2398956668680714e-05
30.670094262295557,0.03260505140440195,0.0029666840779149,2.9582102029861518e-05
30.69058196721359,0.032583285682503155,0.02136864875605926,0.00021307612510810503
30.71106967213162,0.0325615490009271,0.004966924396920089,4.952737144413704e-05
30.731557377049654,0.03253984130159315,0.03625238103753066,0.0003614883170948853
30.752045081967687,0.03251816252657543,0.05167597015678817,0.0005152836572826468
30.772532786885723,0.032496512618102345,0.01917702949680243,0.00019122253273519825
30.793020491803755,0.03247489151855604,0.024836264560104,0.00024765323605808814
30.813508196721788,0.03245329917047189,0.016460640670156367,0.00016413623392069914
30.83399590163982,0.032431735516538024,0.03719163014991788,0.00037085398001832814
30.854483606557853,0.03241020049959477,0.05357416872056155,0.0005342114238097612
30.874971311475885,0.03238869406263419,0.02379209031426457,0.00023724131882452626
30.89545901639392,0.03236721614879955,0.04205694029738581,0.0004193681114220581
30.915946721311954,0.03234576670138484,0.01782927158512348,0.00017778345024183697
30.936434426229987,0.032324345663834256,0.011149505485848572,0.0001111765864522681
30.95692213114802,0.03230295297974171,0.02434603178978192,0.0002427649110968937
30.97740983606605,0.032281588592850345,0.0228962994877418,0.00022830899744090413
30.997897540984084,0.03226025244705203,0.028279212790055505,0.0002819843758582991
31.018385245902117,0.032238944486386874,0.0019135262655134526,1.9080605732385163e-05
31.038872950820153,0.03221766465504272,0.018492569949569024,0.00018439748779283202
31.059360655738185,0.0321964128973547,0.028417782775974114,0.0002833661176798286
31.079848360656218,0.03217518915780469,0.01380527189862255,0.00013765839271368045
31.10033606557425,0.0321539933810209,0.014980352168641117,0.0001493756310606089
31.120823770492283,0.032132825511777305,0.017857585805539717,0.00017806578369401827
31.141311475410316,0.03211168549499324,0.013889390546284167,0.00013849717647102913
31.16179918032835,0.032090573275732885,0.08817580726194496,0.0008792394668533638
31.182286885246384,0.032069488799204814,0.0361974194398127,0.00036094027101086834
31.202774590164417,0.03204843201076147,0.05497036615441299,0.0005481335179247008
31.22326229508245,0.03202740285589877,0.19391807110586445,0.0019336417408217794
31.24375000000048,0.03200640128025556,0.11074323739980177,0.0011042691644405304
31.264237704918514,0.031985427229613186,0.10076083653202539,0.0010047302876279082
31.28472540983655,0.03196448064989504,0.05117154097935064,0.0005102537737487439
31.305213114754583,0.031943561487166046,0.2392097793774548,0.002385265135834095
31.325700819672615,0.03192266968763226,0.01945105362597997,0.0001939549469508943
31.346188524590648,0.03190180519764034,0.03388456705205744,0.0003378778101900746
31.36667622950868,0.031880967963677155,0.24643569484553104,0.0024573178933983662
31.387163934426713,0.03186015793236927,0.031125949659273757,0.0003103704319079782
31.40765163934475,0.03183937505048253,0.003082594671684898,3.073789716044915e-05
31.42813934426278,0.03181861926492159,0.026434536403773197,0.00026359030232774884
31.448627049180814,0.03179789052272946,0.004812266233393345,4.798520738047486e-05
31.469114754098847,0.03177718877108706,0.014109909546489097,0.00014069606768838118
31.48960245901688,0.03175651395731277,0.031109683267340673,0.000310208232613013
31.510090163934912,0.031735866028861984,0.0021487009265201713,2.1425634941436795e-05
31.530577868852944,0.031715244933326656,0.02759676357689029,0.0002751793768345267
31.55106557377098,0.031694650618434884,0.041938908581872915,0.00041819116566060844
31.571553278689013,0.03167408303205044,0.04262765533463641,0.0004250589602008702
31.592040983607045,0.03165354212217233,0.10820670213177079,0.001078976263973025
31.612528688525078,0.03163302783693436,0.03695991916315316,0.00036854348861719064
31.63301639344311,0.031612540124604745,0.027724834420458096,0.0002764564271243358
31.653504098361143,0.031592078933585586,0.056156532062698654,0.0005599612960101624
31.67399180327918,0.0315716442124125,0.1579560068542748,0.0015750482991356448
31.69447950819721,0.031551235909754186,0.03957598765865156,0.00039462944961554935
31.714967213115244,0.031530853974411965,0.09642165590889537,0.0009614624233901871
31.735454918033277,0.03151049835531938,0.05585473920586616,0.0005569519876887395
31.75594262295131,0.03149016900154176,0.0008516499933505777,8.492173866633856e-06
31.776430327869342,0.03146986586227577,0.03040827518597069,0.00030321418643798533
31.796918032787378,0.031449588886849046,0.04841996527568724,0.000482816611222875
31.81740573770541,0.03142933802471972,2.679428533780754e-05,2.6717751599534553e-07
31.837893442623443,0.031409113225476015,0.011829764743454972,0.00011795974847315101
31.858381147541476,0.03138891443883583,0.03499839821267496,0.0003489843069292167
31.878868852459508,0.03136874161464635,0.04309389211952188,0.00042970801071596593
31.89935655737754,0.03134859470288358,0.06374653158811991,0.0006356444946490344
31.919844262295577,0.03132847365365194,0.00240416018393811,2.3972930716429287e-05
31.94033196721361,0.03130837841718392,0.0392846354886127,0.0003917242499399679
31.96081967213164,0.03128830894383956,0.054745172950572935,0.000545888018182406
31.981307377049674,0.031268265184106164,0.001985006885182379,1.979337019555985e-05
32.00179508196771,0.031248247088597775,0.011228349318307134,0.0001119627727245367
32.02228278688574,0.031228254608054846,0.1404614248264516,0.0014006021845764617
32.04277049180377,0.031208287693343814,0.07698679821636592,0.0007676689731619701
32.063258196721804,0.031188346295456696,0.049696776004939026,0.0004955482483886682
32.08374590163984,0.03116843036551068,0.030711327078663878,0.00030623604915560015
32.10423360655787,0.031148539854747755,0.2094194676998009,0.0020882129333059728
32.12472131147591,0.03112867471453426,0.06070361384453573,0.0006053022334594136
32.14520901639394,0.03110883489636056,0.026422396557305685,0.0002634692506190407
32.165696721311974,0.031089020351840586,0.05803743975653939,0.000578716647724948
32.18618442623001,0.03106923103271147,0.002631535217284404,2.624018643319596e-05
32.20667213114804,0.03104946689083316,0.10497737035784413,0.00104677518710888
32.22715983606607,0.031029727878188,0.012382883552494676,0.00012347513757893949
32.247647540984104,0.031010013946880383,0.004314232603613293,4.3019096644204415e-05
32.26813524590214,0.030990325049136333,0.10996796426073431,0.0010965385775298325
32.28862295082017,0.030970661137303127,0.026406485964727527,0.0002633105991547657
32.3091106557382,0.03095102216384891,0.01955228556046419,0.0001949643747618587
32.329598360656234,0.030931408081362313,0.07523357715621054,0.0007501868406125311
32.35008606557427,0.030911818842552077,0.00013363028686209084,1.3324859258395994e-06
32.37057377049231,0.030892254400246656,0.029814072465561038,0.0002972891317169805
32.39106147541034,0.03087271470739388,0.012255302536767626,0.0001222029715763621
32.41154918032837,0.030853199717060506,0.07073207670111216,0.000705300414470459
32.432036885246404,0.030833709382431917,0.006149414161868986,6.131849309958844e-05
32.45252459016444,0.030814243656811693,0.0048227647344303935,4.808989251737587e-05
32.47301229508247,0.030794802493621275,0.03240265535515996,0.0003231010217402314
32.4935000000005,0.030775385846399574,0.0390367499519559,0.0003892524750409492
32.513987704918534,0.0307559936688026,0.03306125404409391,0.00032966819677508394
32.53447540983657,0.0307366259146031,0.019063360051783787,0.00019008908507717103
32.5549631147546,0.0307172825376902,0.008182193142868013,8.158821971717138e-05
32.57545081967263,0.030697963492069012,0.10376244285677726,0.0010346606146260883
32.595938524590665,0.030678668731860294,0.2230301275715832,0.0022239307645432614
32.6164262295087,0.030659398211300082,0.01917691989750722,0.00019122143987278074
32.63691393442674,0.03064015188473931,0.0064224434611582955,6.404098743218169e-05
32.65740163934477,0.03062092970664349,0.03887814873501877,0.00038767099307041464
32.6778893442628,0.030601731631592303,0.03198906396135892,0.00031897692140168304
32.698377049180834,0.030582557614279273,0.03696369200926803,0.00036858110931281644
32.71886475409887,0.03056340760951141,0.031178560304160607,0.00031089503561502124
32.7393524590169,0.03054428157220884,0.030311241212078805,0.00030224661832468284
32.75984016393493,0.030525179457404454,0.01828247258256395,0.0001823025152296201
32.780327868852964,0.030506101220243578,0.014119369921144318,0.00014079040121394088
32.800815573771,0.03048704681598359,0.04527323175406383,0.0004514391575902407
32.82130327868903,0.030468016199993588,0.0010882579812464906,1.0851495403808301e-05
32.84179098360706,0.030449009327754042,0.05892154021219564,0.0005875323993172955
32.862278688525095,0.03043002615485644,0.0023470757332872965,2.3403716739099477e-05
32.882766393443134,0.03041106663700294,0.12694094505340422,0.0012657835784712654
32.90325409836117,0.030392130730006052,0.12016961932501885,0.0011982637336500034
32.9237418032792,0.03037321838978825,0.015441734923917535,0.0001539762799274739
32.94422950819723,0.03035432957238167,0.0097285465233531,9.700758432571508e-05
32.964717213115264,0.030335464233927734,0.013435792063158527,0.00013397414797995904
32.9852049180333,0.03031662233067685,0.012854961817191028,0.00012818243603929415
33.00569262295133,0.030297803818988035,0.030100189269797826,0.00030014212727468053
33.02618032786936,0.030279008655328614,0.00626406431569849,6.246171983329156e-05
33.046668032787395,0.030260236796273855,0.003164472086900184,3.155433261067824e-05
33.06715573770543,0.030241488198506646,0.020579475654114048,0.00020520693559960377
33.08764344262346,0.030222762818817167,0.005938130173859616,5.921168822033007e-05
33.10813114754149,0.030204060614102555,0.0018739833914438802,1.868630647282187e-05
33.128618852459525,0.03018538154136656,0.016566061940067295,0.00016518743542403365
33.149106557377564,0.030166725557719234,0.039219011703474034,0.00039106988653066205
33.1695942622956,0.030148092620376602,0.008335841399317116,8.312031355649325e-05
33.19008196721363,0.03012948268666032,0.013575090839583604,0.00013536315688977786
33.21056967213166,0.03011089571399736,0.008257829919070037,8.234242703148395e-05
33.231057377049694,0.03009233165991968,0.055093094591420956,0.0005493572967465047
33.25154508196773,0.03007379048206391,0.039256334217827045,0.0003914420456142062
33.27203278688576,0.030055272138171014,0.11980374490941911,0.0011946154401316742
33.29252049180379,0.030036776586085986,0.05795966500590907,0.0005779411217342904
33.313008196721825,0.03001830378375752,0.09859780051838264,0.0009831617112748717
33.33349590163986,0.029999853689237695,0.02621174578763365,0.00026136875983625175
33.35398360655789,0.029981426260681652,0.03151481899107359,0.00031424801777403777
33.37447131147592,0.029963021456347286,0.003280903624155656,3.271532229617444e-05
33.39495901639396,0.02994463923459492,0.038812580347939815,0.0003870171820593459
33.415446721311994,0.029926279553887013,0.011807377658037594,0.00011773651707150019
33.43593442623003,0.029907942372787818,0.03004611234720145,0.0002996029026725007
33.45642213114806,0.02988962764996309,0.019709854805768454,0.00019653556649274064
33.47690983606609,0.029871335344179756,0.03315387534453078,0.0003305917641950391
33.497397540984124,0.02985306541430564,0.023347334113025198,0.00023280646058619172
33.51788524590216,0.029834817819309124,0.0025712421839493163,2.563897827723283e-05
33.53837295082019,0.02981659251825884,0.025732037516377416,0.00025658537924965277
33.55886065573822,0.029798389470323396,0.04154834184772787,0.0004142966542547735
33.579348360656255,0.029780208634771037,0.03867622471903716,0.00038565752055828736
33.59983606557429,0.029762049970969345,0.04097106396342836,0.0004085403644630633
33.62032377049232,0.029743913438384964,0.028008584773827946,0.00027928582576738095
33.64081147541035,0.02972579899658327,0.021800149456761512,0.00021737880696397094
33.66129918032839,0.02970770660522807,0.014764019692773444,0.00014721848550502687
33.681786885246424,0.02968963622408134,0.004159302949309894,4.147422542749045e-05
33.70227459016446,0.02967158781300287,0.029998739452327162,0.00029913052685734274
33.72276229508249,0.029653561331950015,0.02216618557657614,0.00022102871290561785
33.74325000000052,0.029635556740977367,0.04795532746928711,0.00047818350482028147
33.763737704918555,0.02961757400023648,0.04068904931848086,0.00040572827332641093
33.78422540983659,0.029599613069975574,0.024283721137499163,0.00024214358438162334
33.80471311475462,0.029581673910539227,0.009902653938378445,9.874368536652936e-05
33.82520081967265,0.029563756482368097,0.06871110668146174,0.0006851484401616177
33.845688524590685,0.029545860745998624,0.02493143175110982,0.00024860218966430027
33.86617622950872,0.02952798666206275,0.002971360932878017,2.9628736992353052e-05
33.88666393442675,0.02951013419128762,0.13173778537809228,0.0013136149673819474
33.90715163934479,0.029492303294495297,0.06390313730932379,0.0006372060786604905
33.92763934426282,0.02947449393260249,0.0005668647502101118,5.6524558859106515e-06
33.948127049180854,0.02945670606662023,0.00527251849174167,5.2574583568957875e-05
33.96861475409889,0.029438939657653634,0.008724423122611234,8.699503155258847e-05
33.98910245901692,0.02942119466690158,0.016437419518243665,0.0001639046856779165
34.00959016393495,0.02940347105565646,0.0024122170574615936,2.4053269319514012e-05
34.030077868852985,0.029385768785303867,0.019634199735026052,0.00019578117675557956
34.05056557377102,0.02936808781732234,0.008729341423842915,8.704407408122584e-05
34.07105327868905,0.029350428113283058,0.03029052864777938,0.0003020400843041018
34.09154098360708,0.029332789634849595,0.04409134358277448,0.00043965403468779093
34.112028688525115,0.029315172343777614,0.054766575231979926,0.0005461014296733588
34.13251639344315,0.029297576201914602,0.04580760497907229,0.00045676762629437613
34.15300409836118,0.029280001171199596,0.023790481633679438,0.00023722527796815157
34.17349180327922,0.0292624472136629,0.034467107938565215,0.0003436865796743369
34.19397950819725,0.029244914291425835,0.02431606632238262,0.00024246611234020183
34.214467213115284,0.029227402366700433,0.018162012659303874,0.00018110135674870312
34.23495491803332,0.02920991140178918,0.032153434417812,0.0003206159309779597
34.25544262295135,0.02919244135908476,0.008374099731908075,8.350180409221405e-05
34.27593032786938,0.02917499220106977,0.007673512883362702,7.651594678818504e-05
34.296418032787415,0.029157563890316443,0.01976259562153377,0.00019706146819043816
34.31690573770545,0.029140156389486402,0.04291250097440728,0.000427899280422761
34.33739344262348,0.029122769661330386,0.06312185675979072,0.0006294155892375393
34.35788114754151,0.02910540366868797,0.10109943454227921,0.0010081065962011743
34.378368852459545,0.029088058374487323,0.0522532582425579,0.00052104004879767
34.39885655737758,0.029070733741744924,0.04652704897319076,0.00046394151642889357
34.41934426229562,0.029053429733565308,0.04331373009158453,0.00043190011110441244
34.43983196721365,0.02903614631314082,0.021357103228222242,0.00021296099960990794
34.46031967213168,0.02901888344375132,0.10229685562957613,0.0010200466045899414
34.480807377049715,0.029001641088763946,0.021822932247940057,0.00021760598412050942
34.50129508196775,0.02898441921163285,0.002557283381922573,2.5499788968588958e-05
34.52178278688578,0.028967217775898946,0.021995982495186858,0.0002193315436799033
34.54227049180381,0.028950036745189634,0.025915501513140083,0.00025841477885153215
34.562758196721845,0.028932876083218567,0.04549037381415661,0.00045360437586355065
34.58324590163988,0.028915735753785383,0.016658276525157615,0.0001661069473077191
34.60373360655791,0.028898615720775445,0.011595160667055304,0.00011562040881230173
34.62422131147594,0.028881515948159603,0.016332113474368776,0.0001628546331436886
34.644709016393975,0.028864436399993927,0.0051278626396402405,5.113215691896936e-05
34.66519672131201,0.028847377040419463,0.05991797435000276,0.000597468279092996
34.68568442623005,0.028830337833661974,0.001379430121447499,1.375489992328557e-05
34.70617213114808,0.028813318744031712,0.005536615036433817,5.520800550591987e-05
34.72665983606611,0.02879631973592314,0.007402480826092385,7.381336782764774e-05
34.747147540984145,0.028779340773814693,0.07046467571955982,0.000702634042551031
34.76763524590218,0.028762381822268545,0.008340996475241379,8.3171717068953e-05
34.78812295082021,0.028745442845930343,0.07376101156652791,0.0007355032462777168
34.80861065573824,0.028728523809528974,0.026225121257595015,0.0002615021324862215
34.829098360656275,0.02871162467787631,0.0054253424385564495,5.409845785706824e-05
34.84958606557431,0.028694745415866977,0.01961532427520859,0.0001955929613057656
34.87007377049234,0.0286778859884781,0.07289079144425736,0.0007268259015489384
34.89056147541037,0.02866104636076907,0.014183253029625774,0.0001414274075764152
34.911049180328405,0.028644226497881297,0.007964691655853857,7.941941744112265e-05
34.931536885246445,0.02862742636503796,0.09411329731147239,0.000938444772114535
34.95202459016448,0.0286106459275438,0.0333289892370161,0.00033233790126197877
34.97251229508251,0.02859388515078484,0.022111534385755416,0.00022048376202427956
34.99300000000054,0.028577144000228174,0.030067265031645828,0.000299813825323179
35.013487704918575,0.02856042244142172,0.04761380405930504,0.00047477802580925835
35.03397540983661,0.02854372043999399,0.018017405638888883,0.0001796594170207773
35.05446311475464,0.02852703796165384,0.036467502391832995,0.0003636333860286312
35.07495081967267,0.02851037497219026,0.037825228196258276,0.0003771718627319927
35.095438524590705,0.028493731437472112,0.10386871936533104,0.0010357203440872801
35.11592622950874,0.028477107323447916,0.015273043001738271,0.00015229417912993032
35.13641393442677,0.028460502596145614,0.0024413470000667404,2.4343736693739825e-05
35.1569016393448,0.028443917221672336,0.028440189905689375,0.0002835895489519239
35.177389344262835,0.02842735116621417,0.02228004758866968,0.0002221640807340129
35.197877049180875,0.028410804396035924,0.007688576389144435,7.666615158022202e-05
35.21836475409891,0.02839427687748093,0.01418284574090857,0.0001414233463228164
35.23885245901694,0.028377768576970767,0.03454661908976156,0.0003444794200730541
35.25934016393497,0.028361279461005067,0.05120954870603093,0.0005106327653835288
35.279827868853005,0.02834480949616128,0.014295563240735169,0.0001425473017197675
35.30031557377104,0.028328358649094443,0.027380561286705234,0.00027302352941721786
35.32080327868907,0.028311926886536963,0.142837503878722,0.0014242951060703746
35.3412909836071,0.02829551417529839,0.009184909145723076,9.158673871157718e-05
35.361778688525135,0.028279120482265194,0.016171518332357616,0.0001612532688758043
35.38226639344317,0.028262745774400536,0.01942186039774163,0.00019366384852799297
35.4027540983612,0.028246390018744055,0.09335975520870812,0.000930930874853376
35.42324180327923,0.028230053182411643,0.006143257346916205,6.125710080997189e-05
35.44372950819727,0.028213735232595214,0.03794431639994844,0.0003783593431982618
35.464217213115305,0.028197436136562518,0.026514173260486457,0.0002643843961910512
35.48470491803334,0.028181155861656884,0.0026452244183832324,2.637668743329485e-05
35.50519262295137,0.02816489437529701,0.005790985180939179,5.7744441260615044e-05
35.5256803278694,0.028148651644976774,0.04441057277669698,0.0004428372083380716
35.546168032787435,0.02813242763826497,0.037547475462894074,0.0003744022689762506
35.56665573770547,0.02811622232280514,0.04672124048002534,0.0004658778847167332
35.5871434426235,0.028100035666315328,0.01294169427204304,0.00012904728320918082
35.60763114754153,0.028083867636587875,0.03832085675324408,0.0003821139914375109
35.628118852459565,0.028067718201489206,0.10376823254164912,0.0010347183461013993
35.6486065573776,0.028051587328959612,0.004070672197047281,4.059044950543179e-05
35.66909426229563,0.028035474987013056,0.045229710232818146,0.00045100518550282874
35.68958196721366,0.028019381143736928,0.008366053590060317,8.342157249935283e-05
35.7100696721317,0.028003305767291865,0.04074798328626634,0.00040631592964648667
35.730557377049735,0.027987248825911536,0.01547409256554347,0.00015429893209766953
35.75104508196777,0.02797121028790242,0.051190353045217546,0.0005104413570698026
35.7715327868858,0.0279551901216436,0.05958892134805678,0.000594187147964386
35.79202049180383,0.027939188295586562,0.0660443973288217,0.0006585575170697229
35.812508196721865,0.027923204778254992,0.018853153709602537,0.00018799302587490496
35.8329959016399,0.027907239538244553,0.04032667890312713,0.000402114919724186
35.85348360655793,0.0278912925442227,0.02274825257632108,0.0002268327570580954
35.87397131147596,0.027875363764928458,0.11674592895788181,0.0011641246224068254
35.894459016393995,0.027859453169172217,0.007837090168637897,7.814704730839263e-05
35.91494672131203,0.027843560725835555,0.034158844807532736,0.0003406127534243047
35.93543442623006,0.027827686403870996,0.026267575014240842,0.00026192545742668175
35.9559221311481,0.027811830172301835,0.0016311058980730394,1.626446895964015e-05
35.97640983606613,0.027795992000221936,0.039690507023466735,0.00039577137219489546
35.996897540984165,0.027780171856795516,0.016870878659423102,0.0001682268959987264
36.0173852459022,0.027764369711256953,0.0011645992364898306,1.1612727386178137e-05
36.03787295082023,0.027748585532910586,0.03056074533907112,0.0003047345328945233
36.05836065573826,0.027732819291130525,0.01843277716519956,0.00018380126783768596
36.078848360656295,0.027717070955360433,0.04873492960757753,0.0004859572580720314
36.09933606557433,0.02770134049511335,0.028916185849542374,0.0002883359123013899
36.11982377049236,0.027685627879971485,0.03162274199609917,0.00031532416517031863
36.14031147541039,0.027669933079586012,0.03392865709867533,0.0003383174512921594
36.160799180328425,0.0276542560636769,0.020042873840434995,0.00019985624466495623
36.18128688524646,0.027638596802032688,0.024072978884368854,0.00024004218137733534
36.20177459016449,0.027622955264510318,0.07060176289585869,0.00070400099863053
36.22226229508253,0.02760733142103491,0.014467070912811495,0.0001442574795887342
36.24275000000056,0.027591725241599616,0.050904608470179684,0.0005075920731719396
36.263237704918595,0.02757613669626538,0.04322993275641497,0.0004310645312941892
36.28372540983663,0.02756056575516077,0.02765649741452005,0.0002757750090059983
36.30421311475466,0.027545012388481786,0.02066904632613557,0.00020610008387189513
36.32470081967269,0.027529476566491667,0.028553089068363107,0.00028471531578842763
36.345188524590725,0.0275139582595207,0.00227689952714941,2.2703959152677054e-05
36.36567622950876,0.027498457437966042,0.027052413142295215,0.0002697514210181093
36.38616393442679,0.027482974072291513,0.013117838919015823,0.00013080369837908498
36.40665163934482,0.02746750813302742,0.05949690780656833,0.0005932696407742192
36.427139344262855,0.027452059590770374,0.040533660244669964,0.00040417882103723076
36.44762704918089,0.027436628416183096,0.06583856381439793,0.0006565050612419596
36.46811475409893,0.027421214579994226,0.07544482016274912,0.0007522932368476539
36.48860245901696,0.02740581805299816,0.027432678929678732,0.0002735432171869657
36.50909016393499,0.027390438806054837,0.0281136240572516,0.0002803332183166968
36.529577868853025,0.02737507681008958,0.014559438337831434,0.0001451785155060793
36.55006557377106,0.027359732036092894,0.006119753868559572,6.102273736696881e-05
36.57055327868909,0.027344404455120295,0.009126539738883065,9.10047118751446e-05
36.59104098360712,0.027329094038292118,0.02988234454113293,0.0002979699023862921
36.611528688525155,0.027313800756793356,0.017632837961776525,0.0001758247248314693
36.63201639344319,0.02729852458187345,0.0958860707152773,0.0009561218696179673
36.65250409836122,0.02728326548484613,0.015485598236206311,0.00015441366016258345
36.67299180327925,0.027268023437089232,0.048261199007312135,0.0004812334834524001
36.693479508197285,0.027252798410044517,0.009213650114067244,9.187332745364228e-05
36.713967213115325,0.027237590375217478,0.08724822621473291,0.0008699901513014097
36.73445491803336,0.0272223993041772,0.058830271450898246,0.0005866223186555432
36.75494262295139,0.027207225168556143,0.032976621408370446,0.0003288242878183921
36.77543032786942,0.027192067940049983,0.004518584199355836,4.5056775613874034e-05
36.795918032787455,0.02717692759041744,0.013269734852112336,0.0001323183190372914
36.81640573770549,0.027161804091480092,0.049109961549043034,0.0004896968652784336
36.83689344262352,0.027146697415122205,0.2040798629545888,0.002034969403417541
36.85738114754155,0.027131607533290563,0.10997777290336011,0.0010966363837873613
36.877868852459585,0.027116534417994293,0.04194182077385066,0.0004182202043981193
36.89835655737762,0.02710147804130468,0.020022663966907297,0.00019965472319350683
36.91884426229565,0.02708643837535501,0.047845340259996635,0.0004770867743421588
36.93933196721368,0.027071415392340394,0.045088279107704965,0.00044959491401337615
36.959819672131715,0.02705640906451759,0.02021762042497223,0.00020159871914399936
36.980307377049755,0.02704141936420483,0.07683071941538888,0.0007661126433021198
37.00079508196779,0.027026446263781683,0.0496873630582319,0.0004954543877878833
37.02128278688582,0.027011489735688832,0.002012660597503387,2.0069117433182624e-05
37.04177049180385,0.026996549752427944,0.018025811666759223,0.00017974323719427586
37.062258196721885,0.026981626286561484,0.08544783644049325,0.000852037678912604
37.08274590163992,0.026966719310712553,0.019352542674904615,0.00019297265125332953
37.10323360655795,0.02695182879756473,0.03982413019609355,0.00039710378718158944
37.12372131147598,0.026936954719861878,0.004315933883060672,4.3036060844258044e-05
37.144209016394015,0.026922097050408014,0.0541126420409344,0.0005395807763546481
37.16469672131205,0.026907255762067105,0.03881470868889635,0.0003870384046761386
37.18518442623008,0.026892430827762936,0.08826111437518709,0.0008800901013198336
37.20567213114811,0.026877622220478924,0.018476812430267026,0.00018424036268901685
37.22615983606615,0.026862829913257964,0.0626620950441825,0.0006248311044648616
37.246647540984185,0.026848053879202267,0.027555294836750698,0.0002747658739236534
37.26713524590222,0.026833294091473184,0.005651027137992548,5.634885851651076e-05
37.28762295082025,0.026818550523291056,0.024762332017398664,0.0002469160223999444
37.30811065573828,0.026803823147935047,0.029108665031271293,0.0002902552062480952
37.328598360656315,0.026789111938742987,0.011138248485169845,0.00011106433798432123
37.34908606557435,0.026774416869111202,0.003286783205229598,3.277395016576021e-05
37.36957377049238,0.026759737912494367,0.05530386820735784,0.0005514590124830283
37.39006147541041,0.02674507504240533,0.026733035073906817,0.0002665667628755389
37.410549180328445,0.026730428232414966,0.035294282703419916,0.00035193470035311733
37.43103688524648,0.02671579745615201,0.05465816554574901,0.0005450204293663216
37.45152459016451,0.026701182687302913,0.07887154965318526,0.0007864626525159593
37.47201229508254,0.026686583899611663,0.05425711720637088,0.0005410214012990227
37.49250000000058,0.026672001066879628,0.027929593342004146,0.00027849816771740796
37.512987704918615,0.02665743416296544,0.03282007656544222,0.00032726331085079855
37.53347540983665,0.026642883161784783,0.18524451357102564,0.0018471539122499514
37.55396311475468,0.02662834803731027,0.10546982378363276,0.001051685655195146
37.57445081967271,0.026613828763571278,0.04913912198592612,0.0004899876367244169
37.594938524590745,0.0265993253146538,0.003118057503269082,3.109151253527142e-05
37.61542622950878,0.026584837664700284,0.018027152947323006,0.00017975661168830568
37.63591393442681,0.026570365787909486,0.09803579534834458,0.0009775577123842785
37.65640163934484,0.026555909658536304,0.062295647413060276,0.0006211770951643237
37.676889344262875,0.02654146925089164,0.02590537948143387,0.00025831384765467446
37.69737704918091,0.026527044539342244,0.013635317146729742,0.00013596369968978206
37.71786475409894,0.026512635498310552,0.019757157078812967,0.0001970072381068043
37.73835245901698,0.026498242102274548,0.0053807764352732795,5.365407078329783e-05
37.75884016393501,0.026483864325767617,0.0046163726703066415,4.60318671467224e-05
37.779327868853045,0.026469502143378374,0.05354797461607971,0.0005339502309590862
37.79981557377108,0.026455155529750526,0.04735364412618919,0.00047218385754482886
37.82030327868911,0.02644082445958273,0.06850987577572035,0.0006831418789542688
37.84079098360714,0.026426508907628436,0.14193062498779432,0.0014152522207561402
37.861278688525175,0.026412208848695738,0.024586133674722392,0.00024515907180674024
37.88176639344321,0.02639792425764723,0.003490107525413794,3.48013857223863e-05
37.90225409836124,0.026383655109399853,0.007347331170703189,7.326344653849533e-05
37.92274180327927,0.026369401378924757,0.03564451826992553,0.0003554270520800789
37.943229508197305,0.026355163041247152,0.009981810794984959,9.953299293922608e-05
37.96371721311534,0.026340940071446155,0.007734976215214599,7.712882450154641e-05
37.98420491803337,0.026326732444654655,0.039335378770082516,0.00039223023335119284
38.00469262295141,0.02631254013605915,0.024746549501335487,0.0002467586480425113
38.02518032786944,0.026298363120899636,0.009910609260345381,9.8823011354712e-05
38.045668032787475,0.026284201374469424,0.012514498285262297,0.00012478752553502452
38.06615573770551,0.026270054872115027,0.01471787338272195,0.0001467583405025956
38.08664344262354,0.026255923589236,0.07988699464975178,0.0007965880978634314
38.10713114754157,0.026241807501284797,0.06793930793189812,0.0006774524979053874
38.127618852459605,0.026227706583766643,0.03204289132858529,0.00031951365757832654
38.14810655737764,0.02621362081223938,0.027755183170899398,0.0002767590477635595
38.16859426229567,0.026199550162313325,0.07447980906795683,0.0007426706899514041
38.1890819672137,0.026185494609651142,0.014689580023462911,0.00014647621506611952
38.209569672131735,0.026171454129967683,0.005858793069020661,5.8420583313821344e-05
38.23005737704977,0.026157428699029865,0.002803073595316723,2.7950670484654368e-05
38.25054508196781,0.02614341829265652,0.08475476208654306,0.0008451267319717202
38.27103278688584,0.026129422886718264,0.05838128546936486,0.0005821452834314107
38.29152049180387,0.02611544245713736,0.039107753024870635,0.00038996047767696755
38.312008196721905,0.02610147697988755,0.029652121146517437,0.00029567424441587437
38.33249590163994,0.026087526430993973,0.015793008846387253,0.00015747898555504186
38.35298360655797,0.02607359078653297,0.037605766621287014,0.0003749835155632585
38.373471311476,0.026059670022631994,0.0007120348909962859,7.100010732884536e-06
38.393959016394035,0.02604576411546944,0.0235452900724582,0.00023478036587424046
38.41444672131207,0.02603187304127452,0.0050514690160714,5.037040274916486e-05
38.4349344262301,0.026017996776327146,0.025862825463156103,0.00025788952296171345
38.45542213114813,0.026004135296957765,0.051367923469802325,0.0005122119892906911
38.475909836066165,0.025990288579547247,0.03556058846966388,0.00035459015140259554
38.4963975409842,0.02597645660052673,0.04311661374757462,0.00042993457798827663
38.51688524590224,0.025962639336377512,0.08738260698396073,0.0008713301206145369
38.53737295082027,0.025948836763630898,0.08324434866492998,0.0008300657403824727
38.5578606557383,0.025935048858868076,0.02422703169190142,0.0002415783091721149
38.578348360656335,0.02592127559871998,0.015521527619990634,0.000154771927733064
38.59883606557437,0.025907516959867156,0.03845000976483087,0.0003834018324970516
38.6193237704924,0.025893772919039642,0.10403281429293197,0.0010373566062450914
38.63981147541043,0.02588004345301682,0.008058620015012456,8.035601811418118e-05
38.660299180328465,0.025866328538627307,0.0067819816259890465,6.762609942803928e-05
38.6807868852465,0.025852628152748795,0.025656358875497096,0.0002558307544843571
38.70127459016453,0.025838942272307954,0.008600056504328329,8.575491771015348e-05
38.72176229508256,0.025825270874280278,0.03818671929303176,0.00038077644826479257
38.742250000000595,0.025811613935689967,0.010971879803685422,0.00010940540323394337
38.762737704918635,0.02579797143360979,0.049672019798935395,0.0004953013934514258
38.78322540983667,0.025784343345160974,0.00255896050372309,2.5516512282199846e-05
38.8037131147547,0.025770729647513053,0.025343504394660255,0.00025271114588109814
38.82420081967273,0.025757130317883757,0.003937831525950102,3.9265837183086375e-05
38.844688524590765,0.025743545333538884,0.036835981604281656,0.0003673076531134502
38.8651762295088,0.02572997467179216,0.013796665909737028,0.00013757257864160767
38.88566393442683,0.025716418310005124,0.08271674327255753,0.0008248047566920096
38.90615163934486,0.025702876225587007,0.09958519235313441,0.0009930074262994417
38.926639344262895,0.025689348395994592,0.07194805735323909,0.0007174254883822179
38.94712704918093,0.025675834798732103,0.016740098185300378,0.0001669228267997805
38.96761475409896,0.025662335411351066,0.007303074991138248,7.282214885227115e-05
38.98810245901699,0.0256488502114502,0.001333532999661515,1.3297239685831426e-05
39.008590163935025,0.02563537917667528,0.05341548895477407,0.0005326291585943497
39.029077868853065,0.025621922284719014,0.046318236130777006,0.0004618593524211336
39.0495655737711,0.025608479513320945,0.07951202753824231,0.0007928491371048218
39.07005327868913,0.02559505084026729,0.002925177327826348,2.9168220105194127e-05
39.09054098360716,0.02558163624339084,0.057745492052413444,0.0005758055097190072
39.111028688525195,0.025568235700570836,0.0717763206654327,0.0007157130268974312
39.13151639344323,0.025554849189732838,0.0008472778833968538,8.448577649665673e-06
39.15200409836126,0.025541476688848624,0.028442186851927745,0.00028360946137462214
39.17249180327929,0.02552811817593605,0.035793973076728595,0.0003569173312023536
39.192979508197325,0.025514773629058927,0.14362527864162922,0.001432150352129891
39.21346721311536,0.025501443026326922,0.03417915990995597,0.0003408153241790086
39.23395491803339,0.02548812634589542,0.05129330492409634,0.0005114679351971572
39.25444262295142,0.02547482356596541,0.02445417316351842,0.00024384323594291873
39.27493032786946,0.025461534664783368,0.0013133449219832778,1.309593555031184e-05
39.295418032787495,0.025448259620641147,0.0054983207512824435,5.482615647152429e-05
39.31590573770553,0.025434998411875832,0.018972762528780537,0.00018918569762547496
39.33639344262356,0.025421751016869647,0.03500064145653963,0.0003490066752930666
39.35688114754159,0.02540851741404983,0.13670803941949106,0.0013631755401647188
39.377368852459625,0.025395297581888514,0.015676134696576433,0.00015631358238653631
39.39785655737766,0.025382091498902613,0.018820020176297837,0.0001876626369500693
39.41834426229569,0.025368899143653704,0.07636015659086255,0.0007614204559572573
39.43883196721372,0.02535572049474791,0.01934282485219226,0.00019287575060080467
39.459319672131755,0.025342555530835788,0.0431511972381976,0.00043027942507050347
39.47980737704979,0.02532940423061221,0.019201628541185164,0.00019146782054531064
39.50029508196782,0.02531626657281625,0.01366926516369907,0.00013630221018679593
39.52078278688585,0.025303142536231067,0.028400395880783847,0.00028319274535773683
39.54127049180389,0.025290032099683793,0.01730050033391995,0.00017251084126402013
39.561758196721925,0.02527693524204543,0.06599991471840091,0.0006581139615425881
39.58224590163996,0.025263851942230704,0.07665286509579648,0.0007643391802401777
39.60273360655799,0.025250782179197993,0.04339800548511229,0.0004327404578432189
39.62322131147602,0.025237725931949184,0.11604195649522367,0.0011571050056665075
39.643709016394055,0.025224683179529573,0.025952510696735105,0.00025878381357730563
39.66419672131209,0.02521165390102775,0.045602493142361415,0.0004547223666301324
39.68468442623012,0.02519863807557549,0.03767440756108683,0.00037566796433881225
39.70517213114815,0.025185635682347638,0.0009496231809412661,9.469107289735487e-06
39.725659836066185,0.025172646700562004,0.04733276476284048,0.00047197566029811216
39.74614754098422,0.02515967110947924,0.06964402888574535,0.0006944510147223837
39.76663524590225,0.025146708888402744,0.004294840404592198,4.282572856221146e-05
39.78712295082029,0.02513376001667854,0.022130557528657727,0.00022067345008660276
39.80761065573832,0.025120824473695173,0.03090517025584813,0.00030816894409643503
39.828098360656355,0.025107902238883602,0.06877518415155244,0.0006857873845885451
39.84858606557439,0.02509499329171708,0.03280942916255762,0.0003271571409485734
39.86907377049242,0.02508209761171106,0.03493091673735461,0.0003483114196801452
39.88956147541045,0.025069215178423074,0.04480638207049573,0.0004467839955948231
39.910049180328485,0.02505634597145263,0.04319248280774565,0.0004306911015074464
39.93053688524652,0.02504348997044111,0.008432055354043866,8.40797049007255e-05
39.95102459016455,0.025030647155071653,0.020627589692529934,0.00020568670168055698
39.97151229508258,0.025017817505069054,0.0402825416234391,0.0004016748076405395
39.992000000000616,0.025005001000199655,0.06830268132473724,0.0006810758526339634
40.01248770491865,0.024992197620271238,0.008032360403164766,8.009417206096446e-05
40.03297540983668,0.02497940734513292,0.037804690913786736,0.00037696707652303576
40.05346311475472,0.024966630154675047,0.07865838476308676,0.0007843370923408731
40.07395081967275,0.0249538660288291,0.07493093685542526,0.0007471690820575081
40.094438524590785,0.024941114947567563,0.08780893096593516,0.0008755811831481007
40.11492622950882,0.024928376890903842,0.01632582271738296,0.00016279190525958904
40.13541393442685,0.02491565183889215,0.001377303364067528,1.3733693097026104e-05
40.15590163934488,0.02490293977162741,0.005348210053907604,5.332933717803309e-05
40.176389344262915,0.024890240669245143,0.019320958653367328,0.0001926577131867572
40.19687704918095,0.02487755451192137,0.04845570259316721,0.0004831729636163894
40.21736475409898,0.024864881279872506,0.034559718262053986,0.0003446100376383507
40.23785245901701,0.024852220953355257,0.0006152496483744696,6.1349228276581135e-06
40.258340163935046,0.024839573512666527,0.016147698129238722,0.00016101574723193234
40.27882786885308,0.0248269389381433,0.007311650827502183,7.290766226038829e-05
40.29931557377112,0.024814317210162543,0.0010471554285843465,1.0441643908129704e-05
40.31980327868915,0.024801708309141118,0.0857512704727494,0.000855063352110622
40.34029098360718,0.024789112215535664,0.00863990261468735,8.615224067113493e-05
40.360778688525215,0.0247765289098425,0.11235431504493217,0.00112033392294686
40.38126639344325,0.024763958372597525,0.027937991571542822,0.00027858191013033716
40.40175409836128,0.024751400584376127,0.017981125784055967,0.00017929765475047508
40.42224180327931,0.02473885552579307,0.07548945550897407,0.0007527383153701681
40.442729508197345,0.024726323177502393,0.05429966985292938,0.0005414457123139721
40.46321721311538,0.02471380352019733,0.03094756430257076,0.0003085916736431851
40.48370491803341,0.024701296534610187,0.0562086275228468,0.0005604807625852749
40.50419262295144,0.024688802201512254,0.03528312196877615,0.00035182341179582945
40.524680327869476,0.024676320501713714,0.06952454394845407,0.0006932595782521861
40.54516803278751,0.02466385141606353,0.0012628182119642263,1.2592111667565506e-05
40.56565573770555,0.024651394925449353,0.04359428475506739,0.00043469764412853426
40.58614344262358,0.024638951010797435,0.0024644836980818705,2.4574442809841917e-05
40.60663114754161,0.024626519653072512,0.008942929405760929,8.917385308954266e-05
40.627118852459645,0.02461410083327772,0.06545014557587657,0.0006526319734239019
40.64760655737768,0.024601694532454497,0.012653496132238009,0.00012617353374593472
40.66809426229571,0.02458930073168248,0.0444120364669846,0.00044285180343289505
40.68858196721374,0.02457691941207942,0.07884371011662519,0.0007861850523437283
40.709069672131776,0.02456455055480107,0.0010549536769773676,1.0519403647137266e-05
40.72955737704981,0.02455219414104111,0.09529554007252315,0.00095023343078629
40.75004508196784,0.024539850152031036,0.10555892170885875,0.001052574089502764
40.77053278688587,0.024527518569040063,0.008570835922164028,8.546354652931516e-05
40.791020491803906,0.02451519937337505,0.05087472885252196,0.0005072941304604981
40.811508196721945,0.02450289254638038,0.0402845133805733,0.00040169446889168396
40.83199590163998,0.024490598069437892,0.06077955289356321,0.0006060594548680243
40.85248360655801,0.02447831592396676,0.00024293856666480058,2.422446501656991e-06
40.87297131147604,0.02446604609142342,0.00694019098314047,6.920367399358643e-05
40.893459016394075,0.024453788553301464,0.08748519537913585,0.0008723530742872053
40.91394672131211,0.02444154329113156,0.049742592808989294,0.0004960051077429172
40.93443442623014,0.024429310286481345,0.014998373750309843,0.00014955533211864617
40.95492213114817,0.02441708952095534,0.02640482000425691,0.00026329398713564764
40.975409836066206,0.02440488097619486,0.01832718840058955,0.00018274839617158804
40.99589754098424,0.024392684633877924,0.028004220004310534,0.0002792423027451077
41.01638524590227,0.024380500475719144,0.00874050230117087,8.715536406128007e-05
41.0368729508203,0.02436832848346966,0.0292480207409865,0.00029164478286460385
41.057360655738336,0.02435616863891703,0.1094736842374791,0.0010916098956428367
41.077848360656375,0.024344020923885146,0.024884831896373423,0.0002481375221698235
41.09833606557441,0.02433188532023416,0.011209708481630927,0.00011177689680448756
41.11882377049244,0.02431976180986035,0.023119875433533037,0.0002305383707971894
41.13931147541047,0.024307650374696076,0.003055851126696569,3.047122559862887e-05
41.159799180328505,0.02429555099670967,0.01971554858691662,0.0001965923416701566
41.18028688524654,0.024283463657905336,0.12420543485877254,0.0012385066121492578
41.20077459016457,0.024271388340323084,0.18776162690764875,0.0018722531481608557
41.2212622950826,0.02425932502603863,0.03627462293255064,0.0003617101007397017
41.241750000000636,0.024247273697163303,0.009708807007588527,9.681075299685377e-05
41.26223770491867,0.024235234335843955,0.0037586616764465584,3.747925639811315e-05
41.2827254098367,0.024223206924262893,0.04246370209579214,0.00042342411088350495
41.30321311475473,0.02421119144463776,0.020811601788542827,0.00020752156661932994
41.32370081967277,0.024199187879221477,0.04755963256659573,0.0004742378582071984
41.344188524590805,0.02418719621030214,0.06852780404046009,0.0006833206495084703
41.36467622950884,0.024175216420202934,0.03773566116539625,0.0003762787507672922
41.38516393442687,0.02416324849128204,0.0036094932698660744,3.599183309748413e-05
41.4056516393449,0.02415129240593257,0.03551493378639879,0.0003541349086254684
41.426139344262936,0.024139348146582456,0.012666104527197007,0.00012629925755619362
41.44662704918097,0.024127415695694376,0.0028880430209204683,2.8797937720266242e-05
41.467114754099,0.024115495035765676,0.01292286839452897,0.00012885956216615886
41.48760245901703,0.024103586149328258,0.020978885274594166,0.00020918962328539723
41.508090163935066,0.024091689018948533,0.006327375536376425,6.309302365282265e-05
41.5285778688531,0.024079803627227295,0.0229120372251194,0.00022846592529051542
41.54906557377113,0.02406792995679967,0.026238758098304883,0.0002616381113780244
41.56955327868916,0.024056067990335005,0.001598889324566334,1.5943223441243826e-05
41.5900409836072,0.02404421771053681,0.01385263586655522,0.0001381306795144065
41.610528688525235,0.02403237910014265,0.0801004478687491,0.0007987165330918361
41.63101639344327,0.024020552141924077,0.058560370404596905,0.000583931017499114
41.6515040983613,0.024008736818686535,0.08683822623505218,0.0008659018625208662
41.67199180327933,0.023996933113269284,0.07354811666710966,0.0007333803782975664
41.692479508197366,0.02398514100854532,0.020206370901936253,0.00020148654523889268
41.7129672131154,0.02397336048742128,0.011120716979213689,0.0001108895236851537
41.73345491803343,0.023961591532837372,0.012751950933237836,0.00012715526954658443
41.75394262295146,0.023949834127767286,0.015373873809057557,0.00015329960712682334
41.774430327869496,0.02393808825521811,0.061252685087723954,0.0006107772625191552
41.79491803278753,0.02392635389823026,0.11400476938084268,0.0011367913236266275
41.81540573770556,0.023914631039877378,0.04418086027671676,0.00044054664472109036
41.8358934426236,0.02390291966326627,0.01844691282429217,0.0001839422206653395
41.85638114754163,0.023891219751536817,0.010856591623041313,0.00010825581445634487
41.876868852459666,0.0238795312878619,0.041934771608879345,0.00041814991409691766
41.8973565573777,0.023867854255447296,0.011742601837384544,0.00011709060908625447
41.91784426229573,0.023856188637531636,0.01939342880994582,0.00019338034475443384
41.93833196721376,0.023844534417386282,0.04668045930441208,0.0004654712378119043
41.958819672131796,0.023832891578315293,8.324124136308879e-05,8.300347561193394e-07
41.97930737704983,0.023821260103655307,0.0034836505172702106,3.473700007541664e-05
41.99979508196786,0.023809639976775477,0.006183685469636074,6.166022727027754e-05
42.02028278688589,0.02379803118107739,0.012310613026359177,0.00012275449661355747
42.040770491803926,0.023786433699994995,0.011799484966097605,0.00011765781559465703
42.06125819672196,0.023774847516994508,0.03420468584919985,0.0003410698544624121
42.08174590163999,0.023763272615574357,0.13562632273867187,0.0013523892709230384
42.10223360655803,0.02375170897926507,0.1349695720417393,0.001345840523023162
42.12272131147606,0.02374015659162924,0.09763863995980876,0.0009735975026292738
42.143209016394096,0.02372861543626141,0.0744367342502151,0.0007422411721396359
42.16369672131213,0.02371708549678801,0.010654435828568709,0.00010624003077970229
42.18418442623016,0.023705566756867278,0.049202766254101596,0.000490622261505936
42.20467213114819,0.023694059200189185,0.01800870571366741,0.00017957266626849135
42.225159836066226,0.023682562810475365,0.01877678002373438,0.00018723147051261766
42.24564754098426,0.023671077571479012,0.09976389040697127,0.0009947893026038626
42.26613524590229,0.02365960346698484,0.12428712255537573,0.001239321155832385
42.28662295082032,0.023648140480808977,0.026513279653029395,0.00026437548564099765
42.307110655738356,0.023636688596798898,0.03630897387658323,0.00036205262899835885
42.32759836065639,0.023625247798833363,0.05343442491633625,0.000532817977333472
42.34808606557443,0.02361381807082231,0.05901037927916261,0.0005884182524362099
42.36857377049246,0.023602399396706827,0.018459399953738072,0.0001840667352842296
42.38906147541049,0.023590991760459024,0.04308697657499607,0.0004296390528025577
42.409549180328526,0.023579595146081992,0.0921063052597027,0.0009184321782254344
42.43003688524656,0.023568209537609717,0.003224433076301545,3.2152229811626306e-05
42.45052459016459,0.023556834919107008,0.035992891118951084,0.00035890082983788807
42.47101229508262,0.023545471274669428,0.06240505576694117,0.0006222680536224614
42.491500000000656,0.023534118588423202,0.033150154470495005,0.00033055466173570214
42.51198770491869,0.023522776844525167,0.06717636960145165,0.0006698449067561396
42.53247540983672,0.02351144602716268,0.07849939557373786,0.0007827517417280537
42.55296311475475,0.023500126120553553,0.04877218857174004,0.0004863287834688835
42.573450819672786,0.023488817108945972,0.09086044416741806,0.0009060091534007276
42.59393852459082,0.023477518976618435,0.0036671964209733566,3.656721640715553e-05
42.61442622950886,0.023466231707879672,0.04397129999624823,0.00043845702768219633
42.63491393442689,0.023454955287068584,0.039493367923211564,0.0003938056121663041
42.65540163934492,0.023443689698554142,0.09432338834764316,0.0009405396815502344
42.675889344262956,0.023432434926735343,0.22737705159806865,0.002267275841636178
42.69637704918099,0.023421190956041133,0.10147428452144809,0.0010118443889820825
42.71686475409902,0.02340995777093032,0.14235637324536304,0.0014194975424903255
42.73735245901705,0.023398735355891525,0.01697774696715696,0.00016929252654788944
42.757840163935086,0.02338752369544309,0.019337492798687052,0.00019282258236762677
42.77832786885312,0.02337632277413301,0.015273136516768445,0.00015229511160911964
42.79881557377115,0.023365132576538883,0.0014342842409904117,1.4301874295500208e-05
42.81930327868918,0.02335395308726781,0.02050821741328806,0.00020449638857295024
42.839790983607216,0.02334278429095635,0.03801913584690606,0.00037910540056587796
42.860278688525256,0.02333162617227042,0.02035071030384198,0.00020292581642583532
42.88076639344329,0.023320478715905264,0.023682217744570164,0.00023614573146786124
42.90125409836132,0.02330934190658535,0.016745028080907415,0.000166971984940996
42.92174180327935,0.023298215729064306,0.004398319497064637,4.385756376646033e-05
42.942229508197386,0.023287100168124866,0.028701448937815035,0.0002861946768123855
42.96271721311542,0.02327599520857879,0.04361959779666632,0.00043495005151658074
42.98320491803345,0.023264900835266788,0.09166572789616066,0.0009140389890020277
43.00369262295148,0.02325381703305847,0.007409985756774909,7.388820276771777e-05
43.024180327869516,0.02324274378685225,0.08545539492659204,0.000852113047877109
43.04466803278755,0.02323168108157531,0.07941754734973004,0.0007919070339003799
43.06515573770558,0.023220628902183505,0.05178529421248612,0.0005163737751668026
43.08564344262361,0.023209587233661306,0.0027778747341207213,2.7699401639250253e-05
43.106131147541646,0.023198556061021735,0.05895134707060951,0.0005878296165145538
43.126618852459686,0.023187535369306282,0.10440565973552669,0.0010410744109167495
43.14710655737772,0.023176525143584863,0.08860644922851815,0.0008835335858963534
43.16759426229575,0.02316552536895573,0.006662040612760519,6.643011522557408e-05
43.18808196721378,0.02315453603054541,0.002484141180748308,2.477045615087063e-05
43.208569672131816,0.023143557113508642,0.038669257964286365,0.00038558805200537025
43.22905737704985,0.023132588603028303,0.014917990298072418,0.00014875379362545035
43.24954508196788,0.02312163048431536,0.04843035644650095,0.00048292022612326466
43.27003278688591,0.02311068274260877,0.05475154633667692,0.0005459515699975142
43.290520491803946,0.02309974536317545,0.033721832261581694,0.0003362551105532986
43.31100819672198,0.02308881833131018,0.07219082668812259,0.0007198462473999063
43.33149590164001,0.023077901632335567,0.02179676250592362,0.00021734503419861229
43.35198360655804,0.02306699525160195,0.047924668684963825,0.00047787779269787704
43.37247131147608,0.02305609917448735,0.05082122172075899,0.0005067605874914572
43.392959016394116,0.023045213386397412,0.006051030694991263,6.033746860261071e-05
43.41344672131215,0.023034337872765324,0.04958186824590269,0.0004944024529609916
43.43393442623018,0.023023472619051757,0.043044179308225176,0.000429212302572683
43.45442213114821,0.0230126176107448,0.006768505818959122,6.74917262733574e-05
43.474909836066246,0.02300177283335991,0.03170773175130092,0.00031617163512122695
43.49539754098428,0.022990938272439813,0.01033135621612249,0.00010301846292544344
43.51588524590231,0.022980113913554485,0.019952938277467937,0.00019895945790575592
43.53637295082034,0.022969299742301046,0.0018255581777499633,1.820343752732966e-05
43.556860655738376,0.02295849574430373,0.009799189309606916,9.771199438615632e-05
43.57734836065641,0.022947701905213787,0.014102496029637795,0.00014062214427552845
43.59783606557444,0.022936918210709457,0.03182990326568003,0.00031738986062437716
43.618323770492474,0.02292614464649588,0.0013299660857475982,1.3261672430079887e-05
43.63881147541051,0.022915381198305034,0.059724069022628945,0.0005955347644254897
43.659299180328546,0.022904627851895693,0.01237236864184366,0.00012337028881461408
43.67978688524658,0.02289388459305334,0.04450965937751077,0.00044382524409047495
43.70027459016461,0.02288315140759012,0.014955042801532767,0.00014912326031251203
43.72076229508264,0.022872428281344764,0.010704739074268804,0.00010674162640217224
43.741250000000676,0.022861715200182542,0.0680442238711529,0.0006784986605361502
43.76173770491871,0.02285101214999519,0.007752489220064546,7.730345431810736e-05
43.78222540983674,0.022840319116700855,0.012934862681287533,0.00012897916243546578
43.80271311475477,0.022829636086244026,0.02230513161807468,0.0002224142045414998
43.823200819672806,0.022818963044595478,0.00372489169022359,3.714252112338953e-05
43.84368852459084,0.02280829997775221,0.015097700733673036,0.00015054576483038726
43.86417622950887,0.022797646871737378,0.016145526636987068,0.00016099409433473856
43.88466393442691,0.022787003712600243,0.11851783658422538,0.0011817930868652405
43.90515163934494,0.02277637048641611,0.029414738699025382,0.0002933072004039809
43.925639344262976,0.022765747179286252,0.024239208641784464,0.00024169973085517657
43.94612704918101,0.022755133777337865,0.0042355863225168044,4.223488024280697e-05
43.96661475409904,0.02274453026672401,0.02138446906401541,0.00021323387630500077
43.98710245901707,0.022733936633623532,0.047360561387677434,0.0004722528325788191
44.007590163935106,0.022723352864241025,0.003720631904178858,3.710004493715226e-05
44.02807786885314,0.02271277894480676,0.009513920333170486,9.486745288956805e-05
44.04856557377117,0.022702214861576617,0.12078209213740856,0.0012043709674338457
44.0690532786892,0.022691660600832043,0.016954377026387787,0.000169059494666466
44.089540983607236,0.022681116148879986,0.0025181299228653636,2.5109372736110832e-05
44.11002868852527,0.022670581492052824,0.0013948181479876921,1.3908340653472839e-05
44.1305163934433,0.022660056616708325,0.03294414376071989,0.000328500439015737
44.15100409836134,0.02264954150922957,0.005116037658713092,5.1014244872016954e-05
44.17149180327937,0.022639036156024916,0.011843296739323278,0.00011809468191126931
44.191979508197406,0.02262854054352792,0.055880671173881444,0.0005572105666622723
44.21246721311544,0.022618054658197276,0.005064918627496282,5.0504514696033335e-05
44.23295491803347,0.022607578486516778,0.010057431735440261,0.00010028704234839508
44.2534426229515,0.022597112014995244,0.010952047101417,0.00010920764270177215
44.273930327869536,0.022586655230166463,0.09693320904158759,0.0009665633429918564
44.29441803278757,0.022576208118589142,0.030349728088911055,0.00030263038777480323
44.3149057377056,0.022565770666846844,0.1975827774816831,0.001970184127901682
44.335393442623634,0.022555342861547933,0.07500982293025718,0.0007479556895469221
44.355881147541666,0.022544924689325507,0.021426006987612357,0.00021364806907432898
44.3763688524597,0.022534516136837362,0.01782689903799424,0.00017775979253868942
44.39685655737774,0.022524117190765906,0.03684408708196719,0.00036738847636985254
44.41734426229577,0.02251372783781814,0.022086522271832033,0.00022023435531745418
44.4378319672138,0.02250334806472555,0.08727877053975465,0.000870294722100152
44.458319672131836,0.022492977858244112,0.022568505277689766,0.00022504041827578708
44.47880737704987,0.022482617205154178,0.11595582818143119,0.0011562461826508596
44.4992950819679,0.02247226609226046,0.05387537602594232,0.0005372148933420398
44.51978278688593,0.022461924506391957,0.028547574848462567,0.00028466033109459814
44.540270491803966,0.022451592434401896,0.0678524293126433,0.0006765861932664332
44.560758196722,0.02244126986316769,0.044888814095269555,0.000447605961299072
44.58124590164003,0.022430956779590866,0.013351158079725258,0.00013313022558466433
44.601733606558064,0.022420653170597025,0.017135310327295775,0.00017086365959521755
44.622221311476096,0.02241035902313578,0.1220949255280742,0.0012174618022820832
44.64270901639413,0.02240007432418069,0.00974027456155657,9.71245297144499e-05
44.66319672131217,0.02238979906072923,0.019260241068315136,0.0001920522716402872
44.6836844262302,0.022379533219802714,0.12014508839179755,0.0011980191250060151
44.70417213114823,0.022369276788446253,0.050851004850963305,0.0005070575680843797
44.724659836066266,0.022359029753728686,0.020756217567841483,0.00020696930637705195
44.7451475409843,0.022348792102742546,0.03969836890291757,0.00039584976642695823
44.76563524590233,0.022338563822603994,0.053471737067096015,0.0005331900330771037
44.78612295082036,0.022328344900452757,0.112573177610553,0.001122516297131867
44.806610655738396,0.02231813532345209,0.025896392485387693,0.00025822423439387626
44.82709836065643,0.022307935078788723,0.00572303855206698,5.7066915762418e-05
44.84758606557446,0.022297744153672784,0.020587427181463298,0.00020528622374999696
44.868073770492494,0.022287562535337774,0.03572508345291163,0.00035623040268990326
44.888561475410526,0.022277390211040495,0.028114511883697534,0.0002803420712217648
44.909049180328566,0.022267227168061003,0.010904706200010108,0.00010873558590744419
44.9295368852466,0.022257073393702562,0.04173183589802923,0.00041612635353360686
44.95002459016463,0.022246928875291578,0.01634272179535145,0.00016296041334320873
44.97051229508266,0.02223679360017755,0.043447159752843974,0.00043323059650478605
44.991000000000696,0.022226667555733024,0.03130340437519831,0.0003121399103473036
45.01148770491873,0.022216550729353537,0.013688900167273822,0.00013649799937898833
45.03197540983676,0.02220644310845756,0.017655440886323235,0.00017605010845930203
45.052463114754794,0.02219634468048646,0.0011623500729105317,1.1590299994269446e-05
45.072950819672826,0.02218625543290442,0.02543540119123268,0.0002536274889567429
45.09343852459086,0.02217617535319842,0.005548121779222439,5.532274426146799e-05
45.11392622950889,0.022166104428878168,0.002933195362593681,2.9248171430086444e-05
45.134413934426924,0.022156042647476046,0.025477733314675566,0.0002540496010394384
45.154901639344956,0.022145989996547065,0.06407291944644955,0.0006388990504671927
45.175389344262996,0.02213594646366881,0.014414048799951154,0.00014372877295490354
45.19587704918103,0.022125912036441396,0.009243842401930016,9.217438793619261e-05
45.21636475409906,0.022115886702487413,0.048440319677438615,0.00048301957384833566
45.23685245901709,0.022105870449451868,0.09314885809344815,0.000928827927651189
45.257340163935126,0.02209586326500214,0.002305222749803095,2.298638237009786e-05
45.27782786885316,0.02208586513682793,0.03745365492801157,0.00037346674346611905
45.29831557377119,0.022075876052641216,0.028415366075654782,0.0002833420197059479
45.318803278689224,0.022065896000176187,0.037312302035727676,0.0003720572520703594
45.339290983607256,0.02205592496718921,0.06491248192342915,0.0006472706944313553
45.35977868852529,0.022045962941458774,0.012495881299959242,0.00012460188744742927
45.38026639344332,0.02203600991078543,0.00835963080095052,8.335752806530717e-05
45.400754098361354,0.022026065862991755,0.006314720275354698,6.296683252059316e-05
45.42124180327939,0.02201613078592229,0.010019505252630711,9.990886083171183e-05
45.441729508197426,0.02200620466744352,0.0005753561756396159,5.737127595751458e-06
45.46221721311546,0.02199628749544377,0.0010615867133500704,1.058554454842359e-05
45.48270491803349,0.02198637925783321,0.006626243899277865,6.607317056858794e-05
45.503192622951524,0.021976479942543776,0.020535211604135514,0.00020476555943404988
45.523680327869556,0.021966589537529127,0.026690155815139595,0.0002661391950676757
45.54416803278759,0.021956708030764608,0.04197050224235829,0.00041850619984134
45.56465573770562,0.021946835410247178,0.0014069478335811529,1.402929104367013e-05
45.585143442623654,0.021936971663995383,0.0237244972607301,0.000236567318980373
45.605631147541686,0.021927116780049292,0.006275085565489735,6.257161752622365e-05
45.62611885245972,0.021917270746470464,0.01608846953558738,0.0001604251530687309
45.64660655737775,0.02190743355134189,0.021254410670073137,0.0002119370072827541
45.667094262295784,0.021897605182767937,0.0062202876984853795,6.202520407262768e-05
45.68758196721382,0.021887785628874314,0.0010562123335894464,1.0531954261675651e-05
45.708069672131856,0.021877974877808033,0.013624190813590004,0.0001358527541649086
45.72855737704989,0.021868172917737332,0.03554618641361803,0.0003544465422146271
45.74904508196792,0.021858379736851646,0.01471622179189988,0.00014674187176951623
45.769532786885954,0.021848595323361558,0.013817903908243992,0.00013778435199604742
45.790020491803986,0.02183881966549876,0.02097633746768827,0.00020916421799050801
45.81050819672202,0.021829052751515976,0.0007211221528837632,7.190623788156792e-06
45.83099590164005,0.021819294569686957,0.016163330456960872,0.0001611716239958532
45.851483606558084,0.0218095451083064,0.0014722554352787896,1.4680501649857388e-05
45.871971311476116,0.021799804355689918,0.004179773248869864,4.167834372059515e-05
45.89245901639415,0.021790072300173987,0.02555704544036516,0.00025484045686794435
45.91294672131218,0.0217803489301159,0.01358573430196409,0.00013546928749951634
45.93343442623022,0.02177063423389372,0.043930909967465674,0.00043805428107316935
45.95392213114825,0.02176092819990625,0.016166695006847167,0.00016120517339154446
45.974409836066286,0.02175123081657296,0.07908100336790849,0.0007885512069412862
45.99489754098432,0.02174154207233395,0.051075484211009804,0.0005092959497785844
46.01538524590235,0.021731861955649922,0.006733960113258315,6.714725596108434e-05
46.035872950820384,0.0217221904550021,0.011784587679203,0.0001175092682437055
46.056360655738416,0.021712527558892226,0.014010786690956104,0.00013970767042434588
46.07684836065645,0.021702873255842473,0.0005638176148154472,5.622071568680916e-06
46.09733606557448,0.021693227534395433,0.0140164793696362,0.00013976443460857145
46.117823770492514,0.02168359038311405,0.007216610794756347,7.195997660469665e-05
46.138311475410546,0.021673961790581585,0.09681420983542707,0.0009653767499588069
46.15879918032858,0.021664341745401567,0.0315776399762865,0.0003148744332417376
46.17928688524661,0.02165473023619775,0.038308138399508786,0.0003819871711802917
46.19977459016465,0.021645127251614067,0.02722178680533854,0.0002714403197514185
46.220262295082684,0.021635532780314593,0.0003074506031427571,3.065724179739369e-06
46.240750000000716,0.021625946810983482,0.04765230650268895,0.00047516195048026084
46.26123770491875,0.021616369332324945,0.004959091707468636,4.944926827830081e-05
46.28172540983678,0.02160680033306318,0.02752241469754303,0.00027443801170197696
46.302213114754814,0.021597239801942357,0.0031894105807191543,3.180300521930409e-05
46.322700819672846,0.021587687727726547,0.02292549509693044,0.0002286001196053003
46.34318852459088,0.0215781440991997,0.05881703902018924,0.0005864903723124018
46.36367622950891,0.021568608905165588,0.014922020985393986,0.0001487939853683072
46.384163934426944,0.02155908213444776,0.004479428573791844,4.4666337778211e-05
46.404651639344976,0.021549563775889503,0.018106199492131988,0.00018054481929391324
46.42513934426301,0.02154005381835381,0.05484887370383613,0.0005469220636631643
46.44562704918105,0.0215305522507233,0.054901961809925674,0.0005474514283442923
46.46611475409908,0.02152105906190023,0.0220830867192198,0.00022020009792258675
46.486602459017114,0.0215115742408064,0.008025748490659715,8.002824179498399e-05
46.507090163935146,0.021502097776383136,0.00021705567227427603,2.164356862659511e-06
46.52757786885318,0.021492629657591248,0.0035568158112204954,3.5466563161285674e-05
46.54806557377121,0.02148316987341097,0.024901802529672935,0.00024830674376288587
46.568553278689244,0.021473718412841937,0.012059655263588157,0.00012025208720679115
46.589040983607276,0.021464275264903132,0.020041077685305508,0.00019983833441805887
46.60952868852531,0.021454840418632846,0.008603670415607124,8.579095359714664e-05
46.63001639344334,0.021445413863088632,0.03592313097112824,0.0003582052209505528
46.650504098361374,0.021435995587347267,0.037768592624341374,0.0003766071247204742
46.670991803279406,0.02142658558050471,0.0274799924712529,0.00027401500116445776
46.69147950819744,0.021417183831676054,0.01836935432064465,0.0001831688509677488
46.71196721311548,0.021407790329995492,0.03334078265548251,0.00033245549858585674
46.73245491803351,0.021398405064616273,0.0004419900879959373,4.4072761156533055e-06
46.752942622951544,0.021389028024710658,0.0072176554008102755,7.197039282767717e-05
46.773430327869576,0.021379659199469873,0.07245959335651427,0.0007225262371789922
46.79391803278761,0.02137029857810408,0.04257118496851413,0.0004244958695284495
46.81440573770564,0.02136094614984233,0.09335738654402848,0.0009309072558638282
46.834893442623674,0.021351601903932513,0.09970338646276064,0.0009941859913634875
46.855381147541706,0.02134226582964133,0.09008933952968762,0.0008983201324365966
46.87586885245974,0.02133293791625425,0.03697910936159079,0.00036873484246318364
46.89635655737777,0.021323618153075458,0.01165749533273127,0.00011624197497559868
46.916844262295804,0.02131430652942783,0.0012420029985384063,1.2384554087734247e-05
46.93733196721384,0.02130500303465287,0.024057828895408688,0.00023989111422377247
46.957819672131876,0.0212957076581107,0.02299326055727014,0.00022927583859297173
46.97830737704991,0.02128642038917999,0.09486636786784598,0.0009459539673807817
46.99879508196794,0.021277141217257944,0.05199185429001708,0.0005184334758724845
47.019282786885974,0.02126787013176023,0.026281893404009535,0.00026206823234167656
47.039770491804006,0.021258607122120958,0.06855083985193389,0.0006835503496408272
47.06025819672204,0.02124935217779265,0.01302808349693766,0.0001299087078833273
47.08074590164007,0.021240105288246183,0.03164487418867867,0.000315544854924211
47.101233606558104,0.021230866442970737,0.001380370646318758,1.3764278307357648e-05
47.121721311476136,0.021221635631473793,0.06538946676060764,0.0006520269184678656
47.14220901639417,0.021212412843281063,0.03485046619358773,0.0003475092121880208
47.1626967213122,0.021203198067936458,0.023382740621765128,0.00023315951434134654
47.183184426230234,0.021193991295002053,0.044259191936807316,0.0004413277238990916
47.20367213114827,0.02118479251405804,0.027877661657962217,0.0002779803342253461
47.224159836066306,0.0211756017147027,0.027539722997677867,0.0002746106003184609
47.24464754098434,0.02116641888655235,0.04650301096634426,0.00046370182296897266
47.26513524590237,0.02115724401924132,0.0029846850936197647,2.9761598015695206e-05
47.285622950820404,0.02114807710242189,0.023386343823488195,0.00023319544343868435
47.306110655738436,0.02113891812576428,0.0032370240009661397,3.2277779417953155e-05
47.32659836065647,0.021129767078956592,0.03554318282308374,0.00035441659210220947
47.3470860655745,0.021120623951704772,0.12085612576306641,0.0012051091890342362
47.367573770492534,0.02111148873373258,0.001052984340988674,1.0499766538291636e-05
47.38806147541057,0.02110236141478155,0.000324923081848702,3.2399498924270247e-06
47.4085491803286,0.021093241984610944,0.0052747923657816345,5.259725735965707e-05
47.42903688524663,0.02108413043299772,0.02662885070850449,0.00026552789508702327
47.449524590164664,0.0210750267497365,0.012179065749635088,0.00012144278129113004
47.470012295082704,0.0210659309246395,0.007204377054871886,7.183798864373949e-05
47.490500000000736,0.02105684294753655,0.02250761894664822,0.00022443329408939215
47.51098770491877,0.021047762808275,0.009666515904119044,9.638904994222015e-05
47.5314754098368,0.02103869049671971,0.027639716910850497,0.00027560768327847626
47.551963114754834,0.021029626002753005,0.055530300143997895,0.0005537168641708336
47.572450819672866,0.021020569316274645,0.002699466299397286,2.6917556907869006e-05
47.5929385245909,0.021011520427201776,0.09447323196678312,0.0009420338376900541
47.61342622950893,0.0210024793254689,0.09662176106360307,0.0009634577592425388
47.633913934426964,0.02099344600102784,0.024111163907361906,0.00024042294091105253
47.654401639345,0.020984420443847688,0.010887274552168315,0.00010856176733712748
47.67488934426303,0.020975402643914794,0.05628290785754005,0.0005612214442291567
47.69537704918106,0.020966392591232702,0.002883326393737505,2.8750906171608285e-05
47.7158647540991,0.02095739027582212,0.019141137660130914,0.00019086463956337045
47.736352459017134,0.02094839568772091,0.008830412909321825,8.805190198511515e-05
47.756840163935166,0.020939408816984008,0.14104800034633586,0.001406451185151417
47.7773278688532,0.020930429653683413,0.04272632615877718,0.00042604285006256197
47.79781557377123,0.020921458187908155,0.01087917260928065,0.00010848097932773772
47.818303278689264,0.020912494409764233,0.006953897149573847,6.934034416244222e-05
47.838790983607296,0.020903538309374615,0.03957378022267816,0.000394607438307815
47.85927868852533,0.020894589876879165,0.0034999314688297744,3.489934455077336e-05
47.87976639344336,0.02088564910243463,0.02383934680137226,0.00023771253388702628
47.900254098361394,0.020876715976214596,0.015101845704558362,0.0001505870961445482
47.92074180327943,0.02086779048840946,0.04623559875918248,0.00046103533911409243
47.94122950819746,0.02085887262922638,0.003590320157662784,3.580064962579261e-05
47.96171721311549,0.020849962388889247,0.002755081501693336,2.7472120368461503e-05
47.98220491803353,0.020841059757638652,0.04803725645768318,0.0004790004545292102
48.002692622951564,0.02083216472573185,0.005419826581185583,5.404345683530733e-05
48.023180327869596,0.020823277283442715,0.016372461755407536,0.0001632569634677375
48.04366803278763,0.020814397421061715,0.03686911567711941,0.0003676380474182055
48.06415573770566,0.020805525128895875,0.035585427063172775,0.0003548378278616187
48.084643442623694,0.020796660397268737,0.005162083845129043,5.1473391497969805e-05
48.10513114754173,0.020787803216520327,0.04734802893396445,0.0004721278660118759
48.12561885245976,0.02077895357700712,0.03907361269390612,0.00038962004953315414
48.14610655737779,0.02077011146910201,0.12416546415742183,0.0012381080468371088
48.166594262295824,0.02076127688319427,0.005969429480051809,5.9523787265905596e-05
48.18708196721386,0.02075244980968951,0.019778090523671337,0.00019721597462386278
48.20756967213189,0.02074363023900966,0.0064994481034375854,6.48088343362848e-05
48.22805737704993,0.020734818161592915,0.02435345884866514,0.00024283896954325836
48.24854508196796,0.020726013567893723,0.02187194491124644,0.00021809471078253532
48.269032786885994,0.020717216448382734,0.03756497767181503,0.0003745767911418906
48.289520491804026,0.020708426793546765,0.019513559129935684,0.0001945782166172571
48.31000819672206,0.02069964459388877,0.01800758267537474,0.00017956146796341922
48.33049590164009,0.02069086983992782,0.015056998816309524,0.00015013990824416638
48.350983606558124,0.020682102522199035,0.013468886444221175,0.00013430414650069753
48.37147131147616,0.02067334263125359,0.0038190309653319348,3.808122493145714e-05
48.39195901639419,0.020664590157658647,0.009976436933753266,9.947940782295646e-05
48.41244672131222,0.020655845091997346,0.05412505764063765,0.0005397045777192483
48.432934426230254,0.02064710742486875,0.09417082033033138,0.0009390183592469229
48.45342213114829,0.020638377146887835,0.11154960865371119,0.0011123098442300215
48.47390983606632,0.02062965424868543,0.007621514465633303,7.599744786539325e-05
48.49439754098436,0.020620938720908207,0.08542350822460075,0.0008517950916515963
48.51488524590239,0.02061223055421863,0.030646670038276334,0.00030559132558023467
48.535372950820424,0.020603529739294944,0.004015337249232876,4.003868058461927e-05
48.555860655738456,0.020594836266831108,0.10050644598403931,0.0010021936484211997
48.57634836065649,0.020586150127536788,0.1538763017047733,0.0015343677781180082
48.59683606557452,0.02057747131213732,0.03413720725825764,0.00034039699597473435
48.617323770492554,0.020568799811373672,0.0028698100625677834,2.86161289330379e-05
48.63781147541059,0.020560135616002412,0.029751706676086145,0.0002966672552046975
48.65829918032862,0.020551478716795673,0.011777777814369745,0.00011744136410864555
48.67878688524665,0.02054282910454113,0.00870269658868024,8.677838679816835e-05
48.699274590164684,0.020534186770041953,0.01346247507920168,0.0001342402159812434
48.71976229508272,0.02052555170411679,0.006097763782791823,6.0803464622132374e-05
48.740250000000756,0.020516923897599713,0.025498609909398593,0.00025425777067897976
48.76073770491879,0.02050830334134022,0.03192288629155739,0.0003183170349666086
48.78122540983682,0.02049969002620316,0.00885266254578089,8.827376282320007e-05
48.801713114754854,0.020491083943068734,0.0020911455854303105,2.0851725509974716e-05
48.82220081967289,0.020482485082832447,0.00968040023354123,9.652749665201339e-05
48.84268852459092,0.020473893436405086,0.011051923142152342,0.00011020355030425879
48.86317622950895,0.02046530899471267,0.07566938598667694,0.0007545324807109648
48.883663934426984,0.020456731748696447,0.16296455674295857,0.0016249907365295279
48.90415163934502,0.02044816168931283,0.017394212427804194,0.0001734452854616187
48.92463934426305,0.020439598807533387,0.00372014378275661,3.709517766536441e-05
48.94512704918108,0.0204310430943448,0.008928221133793903,8.902719048894741e-05
48.965614754099114,0.02042249454074884,0.002231253134314252,2.224879904304589e-05
48.98610245901715,0.020413953137762328,0.007328152915298601,7.307221178169844e-05
49.006590163935186,0.020405418876417107,0.02707401046374758,0.00026996677733849805
49.02707786885322,0.020396891747760017,0.015907865551863496,0.00015862427190538358
49.04756557377125,0.02038837174285285,0.026577431956012393,0.00026501517625936215
49.068053278689284,0.020379858852772326,0.020058937763145154,0.00020001642505091283
49.08854098360732,0.020371353068610067,0.0006611617440238651,6.592732376041087e-06
49.10902868852535,0.020362854381472558,0.010505190302401723,0.00010475183848601014
49.12951639344338,0.02035436278248112,0.023215115649945522,0.0002314880525716102
49.150004098361414,0.020345878262771875,0.026214744856029128,0.0002613986648564492
49.17049180327945,0.020337400813495717,0.02920836755337571,0.0002912493836205643
49.19097950819748,0.020328930425818296,0.01616410236696114,0.00016117932104743878
49.21146721311551,0.020320467090919954,0.00576331856795486,5.746856538484669e-05
49.231954918033544,0.020312010799995724,0.01784000217754217,0.00017789044966322248
49.252442622951584,0.02030356154425529,0.01084784981524913,0.0001081686460746628
49.27293032786962,0.02029511931492296,0.019873141252937092,0.00019816376693922402
49.29341803278765,0.020286684103237623,0.07326862518962554,0.0007305934467651657
49.31390573770568,0.02027825590045273,0.03207957007746001,0.0003198793973952545
49.334393442623714,0.020269834697836265,0.04056469003253594,0.0004044882325979189
49.35488114754175,0.020261420486670702,0.04619732593116147,0.00046065370403811074
49.37536885245978,0.020253013258253,0.003059077653560862,3.0503398706514587e-05
49.39585655737781,0.020244613003894536,0.01629590175917311,0.00016249355032345542
49.416344262295844,0.02023621971492111,0.0015408075057800437,1.536406427083982e-05
49.43683196721388,0.020227833382672908,0.035430939433788756,0.0003532973642683393
49.45731967213191,0.020219453998504444,0.0037797748780407686,3.768978534805646e-05
49.47780737704994,0.020211081553784566,0.010114653616292553,0.0001008576267022582
49.498295081967974,0.02020271603989641,0.011750475631963653,0.00011716912212926279
49.518782786886014,0.02019435744823737,0.01452515844573284,0.00014483669573727331
49.53927049180405,0.020186005770219076,0.0006438005517646052,6.419616349094789e-06
49.55975819672208,0.020177660997267352,0.02574312052210184,0.00025669589273795375
49.58024590164011,0.0201693231208222,0.015457278614398417,0.00015413127285076797
49.600733606558144,0.02016099213233776,0.04762260106114103,0.0004748657445548458
49.62122131147618,0.0201526680232823,0.008312862888557506,8.289118479457168e-05
49.64170901639421,0.020144350785138144,0.004858095664587073,4.844219264548367e-05
49.66219672131224,0.0201360404094017,0.03370291914319543,0.0003360665195934555
49.682684426230274,0.020127736887583392,0.014043739187625704,0.00014003625415386246
49.70317213114831,0.020119440211207637,0.002183641330995225,2.1774040967491357e-05
49.72365983606634,0.020111150371812825,0.030384027532317434,0.00030297240249823416
49.74414754098437,0.02010286736095129,0.016402537232766717,0.00016355685918176358
49.76463524590241,0.020094591170189264,0.046391104623930285,0.000462585955976689
49.785122950820444,0.020086321791106882,0.044351983446048175,0.000442252988545335
49.80561065573848,0.02007805921529812,0.005803011190136363,5.786435784820572e-05
49.82609836065651,0.020069803434370773,0.0035784236797203844,3.568202465088952e-05
49.84658606557454,0.020061554439946453,0.029645082067281503,0.00029560405468394307
49.867073770492574,0.020053312223660528,0.024534319249875588,0.0002446424075573018
49.88756147541061,0.020045076777162104,0.014204801722741026,0.00014164227900242618
49.90804918032864,0.020036848092114007,0.023925677466468436,0.0002385733746358585
49.92853688524667,0.02002862616019275,0.06509022228121664,0.0006490430211303914
49.949024590164704,0.020020410973088484,0.04929594399196078,0.0004915513774063386
49.96951229508274,0.02001220252250501,0.08168855905260769,0.0008145522829869472
49.99000000000077,0.020004000800159724,0.02729545496374562,0.00027217489711830887
50.0104877049188,0.019995805797783584,0.001957710396426101,1.9521184990044904e-05
50.03097540983684,0.019987617507121098,0.038233716683401524,0.0003812450797606115
50.051463114754874,0.0199794359199303,0.025768568261349593,0.0002569496432550582
50.07195081967291,0.0199712610279827,0.057976201811019264,0.0005781060174370918
50.09243852459094,0.019963092823063282,0.0011158476568243062,1.112660410310983e-05
50.11292622950897,0.01995493129697045,0.022946326500426845,0.00022880783862339307
50.133413934427004,0.019946776441516028,0.039684278810965985,0.0003957092679691599
50.15390163934504,0.019938628248525214,0.06355577684044339,0.0006337423957870574
50.17438934426307,0.019930486709836555,0.08181450586448309,0.0008158081536295175
50.1948770491811,0.01992235181730193,0.10138290525094111,0.0010109332063847592
50.215364754099134,0.019914223562786507,0.016833690870083778,0.0001678560803171072
50.23585245901717,0.01990610193816873,0.044196602318497306,0.0004407036154917825
50.2563401639352,0.019897986935340287,0.013858024362552304,0.00013818441056031054
50.27682786885324,0.01988987854620608,0.03092533450156628,0.0003083700105930769
50.29731557377127,0.019881776762684204,0.01527579972905264,0.00015232166766141546
50.317803278689304,0.019873681576705913,0.0021102440832703397,2.1042164969277682e-05
50.33829098360734,0.019865592980215598,0.017563052217501155,0.00017512886071073194
50.35877868852537,0.019857510965170758,0.02526719544147309,0.0002519502359966317
50.3792663934434,0.01984943552354198,0.02782885988304537,0.0002774937104235144
50.399754098361434,0.019841366647312897,0.04780916525392369,0.0004767260575646134
50.42024180327947,0.01983330432848018,0.021212827262938425,0.00021152236097721525
50.4407295081975,0.019825248559053505,0.03427110613622481,0.0003417321601397346
50.46121721311553,0.019817199331055513,0.06045536792464697,0.0006028268650218659
50.481704918033564,0.019809156636521805,0.07929671005851369,0.0007907021125188331
50.5021926229516,0.019801120467500904,0.08467465267633581,0.0008443279260712387
50.52268032786963,0.019793090816054227,0.014620675239060436,0.00014578913538085278
50.54316803278767,0.019785067674256068,0.0019696944747863115,1.9640683466955454e-05
50.5636557377057,0.019777051034193565,0.023343564206921345,0.00023276886920669927
50.584143442623734,0.019769040887966674,0.049196114194908165,0.0004905559309197998
50.60463114754177,0.019761037227688148,0.06449621956622287,0.0006431199607506994
50.6251188524598,0.0197530400454835,0.03870682574351371,0.0003859626567320453
50.64560655737783,0.01974504933349099,0.042101928126686505,0.00041981670470719494
50.666094262295864,0.019737065083861596,0.10873837233503494,0.0010842777796673591
50.6865819672139,0.019729087288758985,0.0214482617266383,0.00021386998079233574
50.70706967213193,0.019721115940359486,0.019195234957086086,0.00019140406732717617
50.72755737704996,0.01971315103085207,0.13714598060109653,0.001367542442867226
50.748045081967994,0.019705192552438324,0.036605113314304175,0.0003650055646098527
50.76853278688603,0.019697240497332416,0.0035085307688033185,3.4985091924784805e-05
50.78902049180407,0.01968929485776108,0.0007762958737094458,7.740785044282042e-06
50.8095081967221,0.019681355625963598,0.04316356972013328,0.0004304027964890204
50.82999590164013,0.019673422794191747,0.15159200012957005,0.0015115900099128647
50.850483606558164,0.0196654963547098,0.02883362821498871,0.000287512694087192
50.8709713114762,0.01965757629979449,0.030203202964742232,0.00030116932179701075
50.89145901639423,0.019649662621734995,0.011457776300485677,0.00011425048931887626
50.91194672131226,0.01964175531283289,0.09474691849278238,0.0009447628855170809
50.932434426230294,0.019633854365402142,0.06306673074482544,0.0006288659036773739
50.95292213114833,0.019625959771769088,0.012682498401590166,0.00012646272803441995
50.97340983606636,0.019618071524272397,0.022126025834578098,0.00022062826258664964
50.99389754098439,0.01961018961526305,0.06614541710262967,0.0006595648293339668
51.014385245902425,0.01960231403710431,0.017158117071987177,0.00017109107560268953
51.03487295082046,0.01959444478217171,0.10235169191222983,0.001020593401102747
51.0553606557385,0.01958658184285302,0.011691879232110236,0.00011658483184640104
51.07584836065653,0.019578725211548225,0.044589660738604354,0.00044462297258607584
51.09633606557456,0.019570874880669494,0.0014970478926494323,1.4927718065305578e-05
51.116823770492594,0.01956303084264117,4.6125639754885166e-05,4.599388898802693e-07
51.13731147541063,0.01955519308989973,0.06723636752611123,0.0006704431722546713
51.15779918032866,0.019547361614893764,0.0157691181800508,0.0001572407612916673
51.17828688524669,0.019539536410083956,0.0069305500578392765,6.910754011871741e-05
51.198774590164724,0.019531717467943067,0.035702714924280454,0.0003560073563260685
51.21926229508276,0.019523904780955892,0.00025274388588803875,2.520219620087943e-06
