control,replicate,base,angular_entropy,circular_resultant_R,largest_angular_gap,top_3_gap_sum,top_5_gap_sum,dbscan_cluster_count,average_nearest_neighbor_distance_3d,persistent_neighbor_stability,radial_spiral_fit_R2,fitted_k,golden_k,golden_spiral_error,golden_spiral_relative_error,family_compactness,interaction_compactness,geometry_coherence_score,observed_phi_score,empirical_p_value_score_ge_observed
observed,-1,1.618033988749895,3.272664841643534,0.26765931236540497,0.7648878165370321,2.0180872629360245,2.9932090062412104,3,0.7691987352791982,1.0,0.038160157608836065,-0.10969264305688184,0.30634896253003313,0.41604160558691494,1.3580643529880667,0.13521733345392856,0.1482855976155291,-1.1647578339532458,-1.1647578339532458,
shuffle_lifetimes,0,1.618033988749895,3.2486349791600855,0.24348532554267197,0.7401203616831233,1.9981792481503409,3.0196916625941848,3,0.9121224887120858,0.9310344827586207,0.030478465494685802,-0.04587014807060685,0.30634896253003313,0.35221911060064,1.1497316905916075,0.1266921809836476,0.11412097447882917,-1.0631328538707745,-1.1647578339532458,0.7128712871287128
shuffle_lifetimes,1,1.618033988749895,3.1247167707658337,0.25424538392283474,1.2827597914065105,2.868071544587403,3.451913530897076,3,0.8271606169289525,0.7241379310344828,0.05845625187929182,-0.11521167035137658,0.30634896253003313,0.4215606328814097,1.3760798450234077,0.12230541266567961,0.1090378188352683,-0.9719272479819605,-1.1647578339532458,0.7128712871287128
shuffle_lifetimes,2,1.618033988749895,3.4695443569727304,0.03429769302755425,0.6063090197882366,1.6048357988975834,2.5284093864085744,3,0.8926585256458153,1.0,0.40309833308238596,0.28273014088235054,0.30634896253003313,0.023618821647682586,0.07709776933018697,0.11948582430246403,0.10691990210917549,-0.8774358757661335,-1.1647578339532458,0.7128712871287128
shuffle_lifetimes,3,1.618033988749895,3.1473037373883717,0.026726150148879375,0.7837153068903895,1.9839589160277256,2.86110014292157,2,0.9658461869302288,0.8620689655172413,0.25360986224697313,0.1456229193763132,0.30634896253003313,0.16072604315371994,0.5246501957321401,0.10314732490443917,0.11447852219768524,-0.6273244968149834,-1.1647578339532458,0.7128712871287128
shuffle_lifetimes,4,1.618033988749895,3.4830050302680124,0.1419383411825813,0.5533395975888891,1.5371652337931654,2.417871622241564,4,0.80787041468825,0.9655172413793104,0.04756763087513127,-0.09580033088688551,0.30634896253003313,0.40214929341691863,1.3127163548905234,0.10866518601335143,0.11872752954358273,-1.4984708481242102,-1.1647578339532458,0.7128712871287128
shuffle_lifetimes,5,1.618033988749895,3.4526400467771077,0.10449630363380358,0.7126293868160847,1.6716682313012168,2.4729312881876147,2,0.8581991921878422,0.9310344827586207,0.003123063611941701,-0.017428564688495272,0.30634896253003313,0.3237775272185284,1.0568912149875052,0.09853049686098954,0.1168320476964691,-1.3515723524691232,-1.1647578339532458,0.7128712871287128
shuffle_lifetimes,6,1.618033988749895,3.112146840538238,0.14622325428620916,0.8188836930744348,2.2663464316314483,3.1008480895737343,3,1.003866287482953,0.896551724137931,0.1934719302874892,0.1813647685426996,0.30634896253003313,0.12498419398733354,0.40797981803212613,0.1282271916699274,0.10246665092142594,-0.5163461654035214,-1.1647578339532458,0.7128712871287128
shuffle_lifetimes,7,1.618033988749895,3.279552115444215,0.12038027916649374,0.5949073898654447,1.5762023663452418,2.310131301646801,4,0.7714431752391392,0.9655172413793104,0.16758300405501858,-0.16161711023041686,0.30634896253003313,0.46796607276045,1.5275588625979846,0.1138766863418318,0.11104219968269892,-1.2480658887948086,-1.1647578339532458,0.7128712871287128
shuffle_lifetimes,8,1.618033988749895,3.1516381173563985,0.01683322674769081,0.8274516545691437,1.909796768050074,2.711562630149747,3,0.8620886925044174,0.9310344827586207,0.7194153529314804,0.12745193901206928,0.30634896253003313,0.17889702351796385,0.5839648420563055,0.10323632705852437,0.1176654289902705,-0.5860808749550274,-1.1647578339532458,0.7128712871287128
shuffle_lifetimes,9,1.618033988749895,3.1072603077769867,0.07128999136015357,1.141422082248884,2.5274394501280324,3.4694327328688175,3,0.9537070166061853,0.8620689655172413,0.7706243810965945,0.15582264984310754,0.30634896253003313,0.1505263126869256,0.49135571226936553,0.10545924447714333,0.11798781820348102,-0.4957745232391979,-1.1647578339532458,0.7128712871287128
shuffle_lifetimes,10,1.618033988749895,3.0926896365099616,0.1544802974042177,1.0365949036771038,2.3914015123813597,3.3969595876997767,2,0.9780182600483076,0.9310344827586207,0.8863145885847712,-0.17709596865893712,0.30634896253003313,0.48344493118897025,1.5780857463866078,0.11285332172997777,0.11066753132717316,-0.8723912122003826,-1.1647578339532458,0.7128712871287128
shuffle_lifetimes,11,1.618033988749895,3.164208047583995,0.11287209091188524,0.7875736402369338,1.9757112346281407,2.9257812534656957,4,0.9273149848691544,0.9655172413793104,0.07604927273126239,0.06853343132204001,0.30634896253003313,0.23781553120799312,0.776289657532882,0.10658006170145304,0.1185839511799946,-0.7664086211917189,-1.1647578339532458,0.7128712871287128
shuffle_lifetimes,12,1.618033988749895,3.46610072007239,0.12320773066692046,0.5824890144811228,1.5423255807025138,2.31793726027357,3,0.8187964134867992,0.9655172413793104,0.012301721374455066,-0.06601993408604233,0.30634896253003313,0.3723688966160755,1.2155056558403394,0.11430952842348152,0.1124493121034834,-1.4377098505345587,-1.1647578339532458,0.7128712871287128
shuffle_lifetimes,13,1.618033988749895,3.414039513026634,0.19392296560117717,0.5639947808521586,1.5098711775120228,2.3295163977731934,2,0.9842914012432914,0.8275862068965517,0.559922038906679,0.17849182040757838,0.30634896253003313,0.12785714212245475,0.41735784272460263,0.10665444025364587,0.1118944964796658,-0.9853673736101223,-1.1647578339532458,0.7128712871287128
shuffle_lifetimes,14,1.618033988749895,3.2795521154442153,0.13625582347076798,0.7340457213224525,2.0895454724688847,2.839088617944869,3,0.8785016464969173,1.0,0.18679943491779294,-0.19734876413416494,0.30634896253003313,0.5036977266641981,1.6441959603986507,0.10720281113408717,0.11052263548872654,-1.2980478274556317,-1.1647578339532458,0.7128712871287128
shuffle_lifetimes,15,1.618033988749895,3.3485176326855943,0.10781420515488253,1.1246213143937882,2.21066764371829,3.2158412477308818,3,0.919945516322693,0.8620689655172413,0.6088166936641479,0.14228984163000952,0.30634896253003313,0.16405912090002361,0.5355301991073006,0.11891254921120259,0.10277734008694832,-0.9146390310455244,-1.1647578339532458,0.7128712871287128
shuffle_lifetimes,16,1.618033988749895,3.107812460570211,0.2501441913042908,1.4536682511826613,2.77017079710757,3.7764435817640183,3,0.884716022186769,0.9310344827586207,0.152661462174,0.1664436529705576,0.30634896253003313,0.13990530955947553,0.45668608897528035,0.11771371827171212,0.1193763717193785,-0.5207976720326883,-1.1647578339532458,0.7128712871287128
shuffle_lifetimes,17,1.618033988749895,3.3619783059808768,0.06527317468732706,0.8597967129355313,1.8791190707663237,2.7055596933582513,4,0.8764586021436366,0.8620689655172413,0.1311541219574779,-0.14123030827159327,0.30634896253003313,0.4475792708016264,1.4610112177473022,0.1034776109693951,0.115151884488846,-1.369917261570892,-1.1647578339532458,0.7128712871287128
shuffle_lifetimes,18,1.618033988749895,3.2197128915300914,0.24266079314245292,0.8241047316866457,2.335642475398336,3.0711349910208634,3,0.9769024693963467,0.9310344827586207,0.040682244529235745,0.08320030513610621,0.30634896253003313,0.22314865739392692,0.7284132955797112,0.11213060156052759,0.11871393896414181,-0.8392344534404418,-1.1647578339532458,0.7128712871287128
shuffle_lifetimes,19,1.618033988749895,3.341630358884914,0.18993325911393844,0.7702599809799142,1.9547518943585493,2.864156739280829,2,0.8926415074718896,0.896551724137931,0.3044767486101123,-0.1865606499911462,0.30634896253003313,0.4929096125211793,1.6089808447543106,0.10197870663147283,0.11331905936298207,-1.3843044824073183,-1.1647578339532458,0.7128712871287128
shuffle_lifetimes,20,1.618033988749895,3.391452546404096,0.14765055097020746,0.8303514811553798,1.6888012484101278,2.4425082003930667,4,0.8855068903880221,0.9310344827586207,0.5365254077875383,-0.13609933673847055,0.30634896253003313,0.4424482992685037,1.4442624372365158,0.11289473789680163,0.10756046386249271,-1.3472185243370824,-1.1647578339532458,0.7128712871287128
shuffle_lifetimes,21,1.618033988749895,3.1121468405382378,0.12782175853073136,0.7195576063329643,2.1135852463775375,3.054508013677414,5,0.8374969051149919,1.0,0.3477091295822199,0.28507476869307763,0.30634896253003313,0.0212741938369555,0.06944431494482332,0.12151253436775722,0.10711164741662893,-0.3199679484968132,-1.1647578339532458,0.7128712871287128
shuffle_lifetimes,22,1.618033988749895,3.430943823222256,0.07518227657211209,0.6413693780989718,1.706546346712054,2.5256884302759515,3,0.9516656209362692,0.7931034482758621,0.42521826047390443,-0.20613237499838705,0.30634896253003313,0.5124813375284202,1.6728678736040397,0.10679304746888708,0.10229175833200488,-1.5665168471668758,-1.1647578339532458,0.7128712871287128
shuffle_lifetimes,23,1.618033988749895,3.3836745295357282,0.18519500905479516,0.7633146146235985,1.9541364111544626,2.812126838921145,5,0.8984654582537307,0.8620689655172413,0.12973683495051624,0.18243163261122697,0.30634896253003313,0.12391732991880616,0.40449730560669955,0.11534317387883093,0.10858424060568214,-0.954280862381728,-1.1647578339532458,0.7128712871287128
shuffle_lifetimes,24,1.618033988749895,3.3542002891125096,0.13060136934937266,0.6196138464252039,1.734426430168556,2.6884486268112635,3,0.9808363770726198,0.9310344827586207,0.23368155580876693,0.15052373703346794,0.30634896253003313,0.1558252254965652,0.5086526953107888,0.10770149246867176,0.10063224996644732,-0.946508260536173,-1.1647578339532458,0.7128712871287128
shuffle_lifetimes,25,1.618033988749895,3.3485176326855943,0.18134010184400404,0.6702698768089892,1.993181459645741,3.054486179222768,3,0.9045494653820508,0.9655172413793104,0.5907596235734682,0.28140270435977444,0.30634896253003313,0.024946258170258695,0.0814308557281733,0.11182494295277835,0.10120923790563335,-0.7089289653005217,-1.1647578339532458,0.7128712871287128
shuffle_lifetimes,26,1.618033988749895,3.4140395130266334,0.10160448773526919,0.7527170760806343,1.7610184223933998,2.5986289782356318,3,0.9516919209158926,0.8620689655172413,0.09692268753153355,-0.134742367899488,0.30634896253003313,0.44109133042952114,1.43983294993623,0.1062944537389113,0.10876263796669705,-1.4461798938525696,-1.1647578339532458,0.7128712871287128
shuffle_lifetimes,27,1.618033988749895,3.331613322489972,0.2197271920915482,1.026932218765661,2.0771457694702615,2.8830431510242724,5,0.8522858323921444,0.9310344827586207,0.5986222915542689,-0.2764734668858792,0.30634896253003313,0.5828224294159123,1.9024788744266596,0.10759932002865304,0.12532163735101456,-1.4049582577335311,-1.1647578339532458,0.7128712871287128
shuffle_lifetimes,28,1.618033988749895,3.3971352028310107,0.18871714614146315,0.5541221588133807,1.5218598826538035,2.2853980626152426,5,0.8112836951035822,0.9310344827586207,0.19734699851118853,-0.22501742786218829,0.30634896253003313,0.5313663903922214,1.7345134320150621,0.12310576517299528,0.10685133701749877,-1.5167428141577193,-1.1647578339532458,0.7128712871287128
shuffle_lifetimes,29,1.618033988749895,3.0431813232968583,0.08913157626759421,0.9864939373594614,2.2795165798215926,3.258726654101018,2,0.9576752513989023,0.9310344827586207,0.12488435782702778,-0.1390408131200551,0.30634896253003313,0.4453897756500882,1.4538641553467775,0.13829811835658695,0.10115017312880273,-0.8537249971841256,-1.1647578339532458,0.7128712871287128
shuffle_lifetimes,30,1.618033988749895,3.388008909503755,0.03221515425270225,0.8160160569078425,1.9362387320743897,2.7764735492059742,2,0.949732831591859,0.896551724137931,0.8915825076722058,0.17374174259474282,0.30634896253003313,0.13260721993529032,0.4328632904127758,0.10625593749482344,0.11403615118327072,-0.8875627185534797,-1.1647578339532458,0.7128712871287128
shuffle_lifetimes,31,1.618033988749895,3.141621080961457,0.08728026901157278,0.8355514881068755,1.9062200041907444,2.8152097680771,2,0.9285548400635485,0.9655172413793104,0.3595822902171013,0.1855830197196605,0.30634896253003313,0.12076594281037262,0.3942103861328835,0.1195201880795097,0.1071058801158246,-0.5149670463679272,-1.1647578339532458,0.7128712871287128
shuffle_lifetimes,32,1.618033988749895,3.3880089095037556,0.11838750811971106,0.7289124643792131,1.9552780242949388,2.8145401341751652,3,0.8547596139508268,0.9310344827586207,0.6393047804990961,0.14255415813138012,0.30634896253003313,0.16379480439865302,0.5346674036233933,0.11091144830540754,0.11241355952481479,-0.9327553890440681,-1.1647578339532458,0.7128712871287128
shuffle_lifetimes,33,1.618033988749895,3.440070116549512,0.16577829672641317,0.683780494204854,1.8435210816672638,2.8027810108612385,2,0.9081983648176759,0.8275862068965517,0.5423566574321763,0.2194624966583155,0.30634896253003313,0.08688646587171764,0.28361925940323585,0.1196574650237289,0.11716767572091714,-0.942363079467291,-1.1647578339532458,0.7128712871287128
shuffle_lifetimes,34,1.618033988749895,3.236617201725714,0.22356745222871224,0.9859648661463207,2.3141658881329947,3.2208186092231585,5,0.8355894205599256,0.9655172413793104,0.0457180204503167,0.07678880973583112,0.30634896253003313,0.229560152794202,0.7493420277919072,0.12015156868994735,0.10457186238025434,-0.8745643350128461,-1.1647578339532458,0.7128712871287128
shuffle_lifetimes,35,1.618033988749895,3.4343874601225965,0.12008486651508474,0.9472171282641435,1.7876252081024866,2.466124556046841,4,0.841681297610355,0.9310344827586207,0.21626434863822053,0.17982098986767475,0.30634896253003313,0.12652797266235838,0.4130190995830584,0.10876934072065474,0.10803891354161498,-1.0250258741607179,-1.1647578339532458,0.7128712871287128
shuffle_lifetimes,36,1.618033988749895,3.374548236208473,0.21315109206975574,1.1996298284505027,2.088170708605797,2.84786725383115,3,0.9022175827447396,0.9655172413793104,0.5972532296327858,-0.18623479796686648,0.30634896253003313,0.4925837604968996,1.6079171818595888,0.12557071884538612,0.1141534994860206,-1.2923734876669926,-1.1647578339532458,0.7128712871287128
shuffle_lifetimes,37,1.618033988749895,3.276108478543875,0.23318173212667284,0.8354378644694864,2.3613177296780927,3.1546698181806243,4,0.9405816177280873,0.9310344827586207,0.6098232416301346,0.21324855889762037,0.30634896253003313,0.09310040363241276,0.303903113833087,0.11456209018869476,0.10767499484434373,-0.6685332529231807,-1.1647578339532458,0.7128712871287128
shuffle_lifetimes,38,1.618033988749895,3.1247167707658337,0.17492207882658456,0.9357306037991315,2.385280311089537,3.108114509732174,2,1.016811159883761,0.8275862068965517,0.057472038782993784,-0.10055335661888908,0.30634896253003313,0.4069023191489222,1.328231425327681,0.11850924478827066,0.09789862066460542,-0.9488795740154155,-1.1647578339532458,0.7128712871287128
shuffle_lifetimes,39,1.618033988749895,2.922154599009723,0.2344147486117817,0.6784766534798203,1.9533535553122383,2.9251758787928255,3,0.8188208987211222,0.896551724137931,0.21943062672821667,-0.2037398683711045,0.30634896253003313,0.5100888309011377,1.6650581307293664,0.1375741156105526,0.1058796988557739,-0.7340727668988893,-1.1647578339532458,0.7128712871287128
shuffle_lifetimes,40,1.618033988749895,3.1936822880072135,0.11069632992482648,0.9789850107720377,2.2529200876188877,2.9989625044004704,5,0.8301746106978857,0.896551724137931,0.03704230553342236,0.09704813481054253,0.30634896253003313,0.2093008277194906,0.6832104995262442,0.1058736105940047,0.12595191202458222,-0.781427497437218,-1.1647578339532458,0.7128712871287128
shuffle_lifetimes,41,1.618033988749895,3.1945730310749,0.3084451499144028,1.73691580626575,2.830815678386802,3.56173248660059,5,0.8238110023265398,0.9310344827586207,0.7620491451329502,0.20249921632062215,0.30634896253003313,0.10384974620941098,0.3389916693425394,0.09914573967337503,0.1056032356537776,-0.5915327304889435,-1.1647578339532458,0.7128712871287128
shuffle_lifetimes,42,1.618033988749895,2.8969201191525085,0.3583008788898143,1.213507136413269,2.6621614691898356,3.5786532308617707,3,0.9551277532075875,0.9310344827586207,0.6750287417293861,0.23135381212260397,0.30634896253003313,0.07499515040742916,0.24480301740887062,0.1221002182409959,0.10883546622244208,-0.009888619804957942,-1.1647578339532458,0.7128712871287128
shuffle_lifetimes,43,1.618033988749895,3.3006961862058426,0.09195805399959106,0.6842283890460192,1.8345165485953943,2.736886295951506,4,0.8864086636962254,0.896551724137931,0.008322517202473678,0.03498662326567072,0.30634896253003313,0.27136233926436243,0.885794869430182,0.12516805153975913,0.09917148824489877,-1.0399513003088392,-1.1647578339532458,0.7128712871287128
shuffle_lifetimes,44,1.618033988749895,3.3021390820667533,0.24706501941652237,1.0296532865083856,2.243598400663777,2.8858959438553753,4,0.9412548857207473,0.9655172413793104,0.04177870829011998,-0.07406667205581244,0.30634896253003313,0.3804156345858456,1.241772230740136,0.1158418971878645,0.10402427376562577,-1.1875510572150725,-1.1647578339532458,0.7128712871287128
shuffle_lifetimes,45,1.618033988749895,3.222604375637208,0.12231121010776035,1.1419842376276046,2.4231550597948486,3.2417250772986876,3,0.9147223645391548,0.896551724137931,0.004520707864464124,-0.03267339873810671,0.30634896253003313,0.33902236126813984,1.1066541843924265,0.10493180670166655,0.10810232036952683,-1.0112614097472323,-1.1647578339532458,0.7128712871287128
shuffle_lifetimes,46,1.618033988749895,3.2466342381206563,0.27214080836886007,0.9951201396825264,2.2377278190873047,3.114525436498287,3,0.8911929121494708,0.896551724137931,0.1916110777421589,-0.2556067333411459,0.30634896253003313,0.5619556958711791,1.8343646122714954,0.10985491152410422,0.10690128146413161,-1.3385026902492831,-1.1647578339532458,0.7128712871287128
shuffle_lifetimes,47,1.618033988749895,3.0340550299696036,0.32225085565560985,1.3348560411430377,2.629340014393277,3.529222591991076,4,0.873577026535218,0.8620689655172413,0.9099812622147379,-0.16450221176006835,0.30634896253003313,0.4708511742901015,1.536976559024388,0.10423141376644984,0.11452338667134272,-0.8228971483756631,-1.1647578339532458,0.7128712871287128
shuffle_lifetimes,48,1.618033988749895,3.041738427435948,0.14785245234096997,0.738337024753676,1.9274322413531044,2.819958118020369,3,1.054680579619176,0.7931034482758621,0.6454976258796559,0.1345739601125975,0.30634896253003313,0.17177500241743562,0.5607167754015017,0.10997035156984238,0.10234301233769652,-0.47586615708256597,-1.1647578339532458,0.7128712871287128
shuffle_lifetimes,49,1.618033988749895,3.151638117356399,0.08986653995446627,0.7334147632136059,1.978724893736823,2.9238770734279127,4,0.9021511394725118,0.9310344827586207,0.36484800653905536,0.16945630692586175,0.30634896253003313,0.13689265560417138,0.44685202937728574,0.10975145793452099,0.10282643163597834,-0.5853286683334584,-1.1647578339532458,0.7128712871287128
shuffle_lifetimes,50,1.618033988749895,3.1516381173563985,0.2120135944296662,0.780198940078646,1.8538137230905272,2.7640788359222808,4,0.8100026300278984,0.9655172413793104,0.1447350931090049,0.08960965342377013,0.30634896253003313,0.216739309106263,0.7074915720826533,0.1113220103969294,0.11117922669376319,-0.7064494459695934,-1.1647578339532458,0.7128712871287128
shuffle_lifetimes,51,1.618033988749895,3.2500778750209967,0.2051281633024238,1.3745546855181212,2.189743772250765,2.900508633336841,4,0.8857946353831314,0.9310344827586207,0.0197348817837828,0.08166533561331855,0.30634896253003313,0.22468362691671456,0.7334238218439781,0.10911489121872706,0.11135744811031603,-0.8941450969944299,-1.1647578339532458,0.7128712871287128
shuffle_lifetimes,52,1.618033988749895,3.236617201725714,0.299594161826412,0.7572215447609714,1.9161782574220294,2.781751707922295,5,0.8491643404091467,0.9655172413793104,0.2863142311844251,0.25377996133270425,0.30634896253003313,0.05256900119732888,0.17159843063668034,0.10288809598338754,0.1113428480064466,-0.603260589279965,-1.1647578339532458,0.7128712871287128
shuffle_lifetimes,53,1.618033988749895,3.1676516844843348,0.12676582803636996,0.9995739831905601,2.405809975933286,3.2237242578839727,5,0.9313757991411766,0.9310344827586207,0.00950956064591435,0.02929989247444145,0.30634896253003313,0.2770490700555917,0.9043577878231953,0.11720789483564843,0.1061987429391321,-0.8383309347591866,-1.1647578339532458,0.7128712871287128
shuffle_lifetimes,54,1.618033988749895,3.3224870291627164,0.14446692173089754,0.7056648817212245,1.752640039498219,2.7043708067222196,4,0.9021156173765111,0.9655172413793104,0.7447667635027531,0.2944808615609966,0.30634896253003313,0.01186810096903651,0.0387404640479989,0.11959027084072818,0.09994972982876596,-0.6173860293345865,-1.1647578339532458,0.7128712871287128
shuffle_lifetimes,55,1.618033988749895,3.1473037373883717,0.16616306003415046,1.5310214386339198,2.4663754229661876,3.089058677848681,4,0.8495258319562224,0.9310344827586207,0.34007034832440075,0.19742433444057375,0.30634896253003313,0.10892462808945938,0.35555735913021375,0.10041370341828809,0.11317947175623368,-0.5426000560504705,-1.1647578339532458,0.7128712871287128
shuffle_lifetimes,56,1.618033988749895,3.151638117356399,0.016788662375983178,0.973820792921368,2.216377167263225,3.181429238450515,3,0.9287116195864795,0.9655172413793104,0.1339151849128719,-0.1647848265810717,0.30634896253003313,0.4711337891111048,1.5378990848219924,0.12193328068888643,0.1165742205057709,-1.0451148418938003,-1.1647578339532458,0.7128712871287128
shuffle_lifetimes,57,1.618033988749895,2.944741565632261,0.16793148513198872,1.7701282664012625,3.2978589659215176,3.9905154514862744,2,0.9072896268060924,0.9655172413793104,0.06592206833198577,-0.11610567316230885,0.30634896253003313,0.422454635692342,1.378998094863554,0.10898265952551103,0.11760472741204915,-0.6777697207763103,-1.1647578339532458,0.7128712871287128
shuffle_lifetimes,58,1.618033988749895,3.233173564825374,0.1879264550130259,1.291711616025628,2.678290587766215,3.2738520637501187,4,0.8992196803091841,0.9310344827586207,0.5301394342056698,-0.23754213054085505,0.30634896253003313,0.5438910930708882,1.775397209049035,0.11096065211981823,0.11619362401575833,-1.2207144493000326,-1.1647578339532458,0.7128712871287128
shuffle_lifetimes,59,1.618033988749895,3.2466342381206563,0.06348109980164471,0.7374154838879785,2.058823841908648,3.0033901300605814,2,0.9112430549086694,0.7931034482758621,0.15270074570780534,0.16309842366275726,0.30634896253003313,0.14325053886727587,0.4676057581008854,0.11383635232970808,0.11419300237505894,-0.7699158634735551,-1.1647578339532458,0.7128712871287128
shuffle_lifetimes,60,1.618033988749895,3.1347338071607758,0.32243708465826965,1.0729967134360938,2.666120212711055,3.553255862255532,3,0.7909971362439565,1.0,0.0002849694033756345,-0.012622950683117749,0.30634896253003313,0.3189719132131509,1.0412044832104834,0.1232435576887015,0.10656395965908658,-0.845869880425008,-1.1647578339532458,0.7128712871287128
shuffle_lifetimes,61,1.618033988749895,3.0657682899193968,0.374872416023958,1.6538640483522027,2.726450912986939,3.5435682521164713,3,0.9076832551897825,0.9655172413793104,0.014777523473545884,-0.06489354366440157,0.30634896253003313,0.3712425061944347,1.2118288344392212,0.10988439954253656,0.10517821749218806,-0.8079383280894042,-1.1647578339532458,0.7128712871287128
shuffle_lifetimes,62,1.618033988749895,3.302139082066753,0.17884968987714728,0.7746058922517949,2.079165031997375,2.989300364554858,3,0.9711389701610026,0.9655172413793104,0.43436017574981045,-0.13245675452981398,0.30634896253003313,0.4388057170598471,1.432372133516948,0.12126465564776703,0.10288911543377376,-1.2034376081913927,-1.1647578339532458,0.7128712871287128
shuffle_lifetimes,63,1.618033988749895,3.3021390820667533,0.11773790243033155,0.7301743597964632,1.935678355801263,2.72954791454577,5,0.9162229760457745,0.9655172413793104,0.25688050632296633,-0.1605389743192919,0.30634896253003313,0.46688793684932506,1.5240395560456759,0.11754984564598786,0.11278910235615237,-1.256442309988455,-1.1647578339532458,0.7128712871287128
shuffle_lifetimes,64,1.618033988749895,3.3711045993081323,0.3007818792916597,0.7458891090832906,1.9721622508761476,2.7669928438795157,3,0.8582025499207738,0.8620689655172413,0.4744835072824798,0.3320164377227803,0.30634896253003313,0.025667475192747147,0.08378508933331484,0.10953638716287277,0.11735714432108175,-0.7589005168345182,-1.1647578339532458,0.7128712871287128
shuffle_lifetimes,65,1.618033988749895,3.1121468405382378,0.051008631509189044,0.9454863548656907,2.251873055773186,3.216312011451667,4,0.9265080152953824,0.896551724137931,0.7143723549486819,0.1869112011689816,0.30634896253003313,0.11943776136105153,0.3898748681067995,0.10749168818738024,0.09902029697869304,-0.4918142506338654,-1.1647578339532458,0.7128712871287128
shuffle_lifetimes,66,1.618033988749895,3.090355997581364,0.19832393835592324,1.2888406262702519,2.449302031139191,3.1931637080191,4,0.8913585961812701,0.9655172413793104,0.7395002028691442,-0.24979750481401908,0.30634896253003313,0.5561464673440522,1.815401830484508,0.11545313797678547,0.10835032574057535,-0.9732672187999188,-1.1647578339532458,0.7128712871287128
shuffle_lifetimes,67,1.618033988749895,3.3224870291627164,0.23549251099183094,1.2433778481830444,2.082002125328834,2.806148136762012,4,0.9089091187199914,0.9310344827586207,0.6200682343507959,0.20756168459816315,0.30634896253003313,0.09878727793186998,0.32246650067302024,0.1212687630986648,0.10283802524957905,-0.7500056648741841,-1.1647578339532458,0.7128712871287128
shuffle_lifetimes,68,1.618033988749895,3.2795521154442153,0.002642133332529123,0.8053880003283052,1.7761932225275914,2.590265223646937,3,0.9213746749013526,0.896551724137931,0.48395202825026007,0.11400872169924618,0.30634896253003313,0.19234024083078693,0.6278468816813138,0.119588146244663,0.10288991645538988,-0.8444335546157432,-1.1647578339532458,0.7128712871287128
shuffle_lifetimes,69,1.618033988749895,3.141621080961457,0.20505579236544463,0.7188928394205218,1.9149556441274038,2.93034767707088,2,0.9498652238832466,0.9310344827586207,0.33564086300804674,-0.30323768367687276,0.30634896253003313,0.609586646206906,1.9898440039507062,0.1140858740134284,0.11285540913987653,-1.2009076424266367,-1.1647578339532458,0.7128712871287128
shuffle_lifetimes,70,1.618033988749895,3.2500778750209967,0.26598380556563556,0.8780895163637901,2.126079690293447,3.061699475113242,3,0.9690927113350573,0.7931034482758621,0.3729027957708201,0.09268143363387585,0.30634896253003313,0.21366752889615728,0.6974645095304027,0.11567019940134138,0.10982020608512552,-0.8615713663603226,-1.1647578339532458,0.7128712871287128
shuffle_lifetimes,71,1.618033988749895,3.1247167707658337,0.17184089776488806,1.0785818398949614,2.3415414001159043,3.2180439120487696,3,0.892051321377033,0.8275862068965517,0.5426274537228639,0.30348032104880923,0.30634896253003313,0.002868641481223899,0.009363966691882202,0.12419177556287918,0.09996554805500416,-0.35861510508313993,-1.1647578339532458,0.7128712871287128
shuffle_lifetimes,72,1.618033988749895,3.1811123577796176,0.0361536589763394,0.7197583374237286,1.9642209403232376,2.8597474851723,3,0.896042781396467,0.9310344827586207,0.6660620341437056,0.24453510574745194,0.30634896253003313,0.061813856782581195,0.20177596252352653,0.11422823965722412,0.11498966183379984,-0.44106033302413306,-1.1647578339532458,0.7128712871287128
shuffle_lifetimes,73,1.618033988749895,2.875776048390881,0.3942971598981775,0.9325383208253442,2.145720772969389,2.9826517094267517,3,0.9066097604154477,0.9655172413793104,0.15972580197278163,0.19027891243423609,0.30634896253003313,0.11607005009579704,0.37888181222228895,0.10600613158968787,0.10531633587822244,-0.14130171347162168,-1.1647578339532458,0.7128712871287128
shuffle_lifetimes,74,1.618033988749895,3.410595876126293,0.12867597723769958,0.7987809864760147,2.245781205647008,3.103661395937304,3,0.8836821457485832,0.9655172413793104,0.3350933354197616,-0.19884657435686634,0.30634896253003313,0.5051955368868994,1.6490851893692058,0.10576923856777512,0.11315823456057987,-1.4870587346544564,-1.1647578339532458,0.7128712871287128
shuffle_lifetimes,75,1.618033988749895,3.069211926819737,0.13599926056778602,1.0246137839399294,2.3282906728535737,2.991472031152978,3,0.9360597515725924,0.896551724137931,0.7222784969595182,0.1067173089335881,0.30634896253003313,0.19963165359644502,0.6516478852996735,0.10108750277382232,0.11979390388000853,-0.5044251543624048,-1.1647578339532458,0.7128712871287128
shuffle_lifetimes,76,1.618033988749895,3.2592041683482527,0.10536811441965158,0.6304178470913586,1.5912915857256371,2.452089040760781,3,0.9156329588123365,0.9655172413793104,0.5764291704522839,0.21850583309847715,0.30634896253003313,0.08784312943155598,0.28674204967462297,0.11106758623439096,0.09833825135961059,-0.6688404352471785,-1.1647578339532458,0.7128712871287128
shuffle_lifetimes,77,1.618033988749895,3.1198302380045826,0.15115804619735027,1.2111153554130434,2.399039234333501,3.270671472205997,2,0.9123260632280981,0.9655172413793104,0.8549002117206215,0.1551649531207101,0.30634896253003313,0.15118400940932303,0.49350259965219107,0.11016036356299455,0.12135682117344529,-0.3994981948231536,-1.1647578339532458,0.7128712871287128
shuffle_lifetimes,78,1.618033988749895,3.2577612724873415,0.35142675183515226,0.8988807665980953,2.0172753418133365,2.9041053977159113,3,0.9731346749223182,0.9655172413793104,0.4093747089587061,0.17281367540787268,0.30634896253003313,0.13353528712216045,0.43589273493645087,0.11521216690631363,0.1175219230932721,-0.6852400018626217,-1.1647578339532458,0.7128712871287128
shuffle_lifetimes,79,1.618033988749895,3.443513753449852,0.06895644907524996,0.6843904996803025,1.6754184852930076,2.5748786009753433,4,0.8383488479163091,0.9655172413793104,0.7059476237963623,-0.2947987752457931,0.30634896253003313,0.6011477377758263,1.9622972861117243,0.11011537167677442,0.1091262430702947,-1.613344210400684,-1.1647578339532458,0.7128712871287128
shuffle_lifetimes,80,1.618033988749895,3.220603634597778,0.10256992547152338,0.8832610027622163,2.2375713307765133,3.2763854787903015,4,0.8727812282564934,0.896551724137931,0.03030894353996738,0.06504545317903661,0.30634896253003313,0.24130350935099654,0.7876752947297485,0.10719719764149047,0.11324237987650666,-0.8701011846672135,-1.1647578339532458,0.7128712871287128
shuffle_lifetimes,81,1.618033988749895,3.2197128915300914,0.05706775878974998,0.7096920411000056,1.9874470041373011,2.9913249904348134,4,0.8334858924720253,0.9310344827586207,0.7356626559245838,0.12537480030790604,0.30634896253003313,0.1809741622221271,0.590745144777127,0.12264387724008047,0.10602916364319293,-0.6651617504116539,-1.1647578339532458,0.7128712871287128
shuffle_lifetimes,82,1.618033988749895,3.107812460570211,0.12765531716835754,1.0177267951184534,2.7500677946617422,3.5440101815338045,3,1.007544964812065,0.8620689655172413,0.6661664561922956,0.09206349046375437,0.30634896253003313,0.21428547206627876,0.6994816313284271,0.10952658838134695,0.10238542467707726,-0.6169972045478812,-1.1647578339532458,0.7128712871287128
shuffle_lifetimes,83,1.618033988749895,3.4695443569727304,0.1742414919406259,0.7090408573843905,1.7637426769425943,2.6457332946226106,2,0.8523476636814814,0.8620689655172413,0.08672362675758272,-0.08695723563163495,0.30634896253003313,0.39330619816166806,1.283850269684233,0.10730009797292796,0.11320053552209161,-1.4666684088232205,-1.1647578339532458,0.7128712871287128
shuffle_lifetimes,84,1.618033988749895,2.94329866977135,0.08265616201362437,0.9633894815095736,2.2315846642478547,3.224318278332431,3,0.9017498766195423,0.9655172413793104,0.6393007950521509,0.12891025798761402,0.30634896253003313,0.1774387045424191,0.5792045224407241,0.09665310624409935,0.12678400364724743,-0.26765843539740314,-1.1647578339532458,0.7128712871287128
shuffle_lifetimes,85,1.618033988749895,3.361978305980877,0.1913292937385908,0.788220376954158,1.8344455272373437,2.5985969450505024,4,0.9405574129719024,0.9310344827586207,0.6364426273956234,-0.23164474772061824,0.30634896253003313,0.5379937102506513,1.7561466694959307,0.11884892468292547,0.10645671295128031,-1.4069312154327254,-1.1647578339532458,0.7128712871287128
shuffle_lifetimes,86,1.618033988749895,3.141621080961457,0.28155361905236387,1.0501818120253912,2.535571908458762,3.3758552939556346,4,0.7137298302532458,0.9310344827586207,0.30379471713970707,0.27407687627202965,0.30634896253003313,0.032272086258003485,0.10534419960648526,0.11631685169462469,0.12034105976951619,-0.3911242276852339,-1.1647578339532458,0.7128712871287128
shuffle_lifetimes,87,1.618033988749895,3.443513753449852,0.0853976551467892,0.6059854959290331,1.6425994166116198,2.4577918399774226,3,0.9610370259292192,0.9655172413793104,0.05568527342839269,0.06881326808495832,0.30634896253003313,0.23753569444507483,0.7753762000150004,0.11054076702703015,0.10407336824209197,-1.2114590599250006,-1.1647578339532458,0.7128712871287128
shuffle_lifetimes,88,1.618033988749895,3.3845652726034148,0.03849583624858175,0.5036239117000552,1.4663727469603378,2.355842002692144,4,0.8961006785940583,1.0,0.3251426166307858,-0.26895120240378045,0.30634896253003313,0.5753001649338136,1.8779243127921927,0.10243012656984521,0.11964066476124051,-1.5356244068076506,-1.1647578339532458,0.7128712871287128
shuffle_lifetimes,89,1.618033988749895,3.3485176326855943,0.05608342359378451,0.6687421696149656,1.7341525520227963,2.595672507440347,3,0.8386780417334033,1.0,0.29048690137561106,0.15144556735727782,0.30634896253003313,0.1549033951727553,0.5056436094754826,0.1041064934581684,0.10849655229257307,-0.9166784205483129,-1.1647578339532458,0.7128712871287128
shuffle_lifetimes,90,1.618033988749895,3.026277013101236,0.04327912537156832,1.1315377258337136,2.6775221175144877,3.508845567614601,4,0.9200641204477665,0.9310344827586207,0.5438283995524416,0.1793705244347314,0.30634896253003313,0.12697843809530174,0.41448953195933647,0.11514161022891953,0.10539080514562628,-0.3383284341973515,-1.1647578339532458,0.7128712871287128
shuffle_lifetimes,91,1.618033988749895,3.486448667168353,0.09007522069810334,0.5260853424033112,1.5443472691771902,2.339020539343346,3,0.8304065979571292,0.9310344827586207,0.3210977304438284,0.12974586537700664,0.30634896253003313,0.1766030971530265,0.5764768899314066,0.10750128944892672,0.1053968812808495,-1.1692230523761813,-1.1647578339532458,0.7128712871287128
shuffle_lifetimes,92,1.618033988749895,3.296456425639838,0.1752708541829587,0.6367623953458308,1.7194281403703022,2.6236660286147564,3,0.9448947944864705,0.896551724137931,0.7557337492879712,-0.19435008898233072,0.30634896253003313,0.5006990515123638,1.6344075311280921,0.11230511798833179,0.10263962808353605,-1.2842822698051817,-1.1647578339532458,0.7128712871287128
shuffle_lifetimes,93,1.618033988749895,3.503352977363976,0.07041230798120765,0.5716976729098686,1.4762136535914283,2.2812304809062987,2,0.9586163327580036,0.9655172413793104,0.8034756972815316,0.13741895204803875,0.30634896253003313,0.16893001048199438,0.5514300067702472,0.11445416952446544,0.10585259875595676,-1.0935989976758016,-1.1647578339532458,0.7128712871287128
shuffle_lifetimes,94,1.618033988749895,3.335947702457999,0.19589578694779505,1.1345400070268927,2.0610497251251956,2.706749476379426,3,0.8570716976663099,1.0,0.04421173911107379,0.08083549777157761,0.30634896253003313,0.22551346475845552,0.7361326210998581,0.11968261690358957,0.10278557799661094,-1.0249744193430543,-1.1647578339532458,0.7128712871287128
shuffle_lifetimes,95,1.618033988749895,3.328169685589631,0.06036523776455746,0.6843904996803025,1.9543330387838556,2.6948504489176264,2,0.8525721981701613,0.9655172413793104,0.007867440065428388,0.05082007158336513,0.30634896253003313,0.255528890946668,0.8341105151339203,0.10334701091045626,0.12241547772784335,-1.060743086461825,-1.1647578339532458,0.7128712871287128
shuffle_lifetimes,96,1.618033988749895,3.2197128915300914,0.3421841897775578,0.7102009306295325,1.9294570678331886,2.8369868197521626,3,0.8936640391083415,0.9310344827586207,0.43661158597296057,0.22410731865721875,0.30634896253003313,0.08224164387281438,0.2684573931428012,0.11650204151844798,0.10976690370613824,-0.5803069821423553,-1.1647578339532458,0.7128712871287128
shuffle_lifetimes,97,1.618033988749895,3.4400701165495113,0.022977732370208424,0.7878966115968175,1.9740070791552,2.800453131283506,3,0.9471747514752574,1.0,0.7242526139440839,-0.2555467435813535,0.30634896253003313,0.5618957061113866,1.834168790619948,0.10232146316158922,0.11978900627074086,-1.5347453607038728,-1.1647578339532458,0.7128712871287128
shuffle_lifetimes,98,1.618033988749895,3.443513753449852,0.1659348926910356,0.5751321803999341,1.5364761782407919,2.31788699932782,3,0.8825144101172464,0.9655172413793104,0.40730209606342005,0.325379666213453,0.30634896253003313,0.01903070368341986,0.06212099928869245,0.10110702267758685,0.10566728962986509,-0.8806341650992968,-1.1647578339532458,0.7128712871287128
shuffle_lifetimes,99,1.618033988749895,3.2886784087714704,0.10747051860206622,0.7168508940893203,1.6871149625246604,2.5147188660474145,4,0.9468711083075896,0.9310344827586207,0.515580662204304,-0.1585162662816777,0.30634896253003313,0.46486522881171083,1.5174369286990401,0.10315795168124645,0.11843213391624828,-1.2214889186850935,-1.1647578339532458,0.7128712871287128
shuffle_masses,0,1.618033988749895,3.110703944677327,0.2514027697129395,1.2477944405440313,2.4722837684710086,3.2166976915102503,4,0.9625962352318476,0.9655172413793104,0.6541867152767111,0.11994026911406111,0.30634896253003313,0.18640869341597202,0.608484820305854,0.13065159902026488,0.12669123970047555,-0.3326579062170468,-1.1647578339532458,0.7623762376237624
shuffle_masses,1,1.618033988749895,3.1642080475839944,0.2737769226212639,1.3205867763472225,2.76751704532685,3.5067700606308225,4,0.9342103046982314,0.7931034482758621,0.7250975160080888,0.19384496814404173,0.30634896253003313,0.1125039943859914,0.36724131022628154,0.12554220410122402,0.1318699275650315,-0.5145212562510293,-1.1647578339532458,0.7623762376237624
shuffle_masses,2,1.618033988749895,3.3190433922623757,0.14278857001115802,0.6577274825798394,1.9007406532735844,2.730864611214956,3,0.914658193645186,0.9310344827586207,0.5610261900588097,0.19853895417343093,0.30634896253003313,0.1078100083566022,0.35191896021529034,0.12604520401155342,0.13317430523193713,-0.6207164894852486,-1.1647578339532458,0.7623762376237624
shuffle_masses,3,1.618033988749895,3.4231658063538895,0.018290757892991182,0.5949657031158653,1.5418301403902963,2.3662620528494456,3,0.9277929604654291,0.8620689655172413,0.04405449700551023,-0.05347815787408572,0.30634896253003313,0.35982712040411885,1.1745661465030846,0.12451509187239221,0.1275728592587983,-1.3453847894093238,-1.1647578339532458,0.7623762376237624
shuffle_masses,4,1.618033988749895,3.236617201725714,0.169414555269263,1.2267190231917862,2.298012122077025,2.991156363756069,3,0.8372590877660452,0.9310344827586207,0.37299007364512926,0.20030280081022564,0.30634896253003313,0.10604616171980749,0.3461613215334822,0.1276241463299817,0.12436688190457218,-0.5850951730187138,-1.1647578339532458,0.7623762376237624
shuffle_masses,5,1.618033988749895,3.414039513026634,0.23202329974712826,0.6262024514008864,1.6113985097235377,2.4233008019930997,4,0.9036938442636081,0.9655172413793104,0.6416550142153827,0.16840204961921773,0.30634896253003313,0.1379469129108154,0.45029339016381253,0.12932212476751104,0.1313998629964802,-0.7256795411752851,-1.1647578339532458,0.7623762376237624
shuffle_masses,6,1.618033988749895,3.2466342381206563,0.20486857562052505,0.9645670822581129,2.0752459293558663,2.7938944648529622,3,0.8239545664516644,0.896551724137931,0.21733843423964827,-0.16520399619304252,0.30634896253003313,0.4715529587230757,1.539267359773894,0.13453697206801518,0.13081131997288173,-1.1503547111094918,-1.1647578339532458,0.7623762376237624
shuffle_masses,7,1.618033988749895,3.3190433922623757,0.14358227203947044,1.189209002296611,2.1068066470397016,2.8014618559065005,3,0.8602063325674955,0.9310344827586207,0.7065987476187722,-0.179796289850073,0.30634896253003313,0.48614525238010614,1.5869002733523099,0.1310574227553395,0.13396983898093748,-1.0478627939136744,-1.1647578339532458,0.7623762376237624
shuffle_masses,8,1.618033988749895,3.1902386511068723,0.22340055809183457,1.107261491917928,2.038027706119168,2.8545131563306914,5,0.7974284523409353,0.8620689655172413,0.3222564524475624,0.3053063184489051,0.30634896253003313,0.0010426440811280302,0.0034034523000084057,0.14248850908242722,0.13254552782928294,-0.3773766151555815,-1.1647578339532458,0.7623762376237624
shuffle_masses,9,1.618033988749895,3.319043392262376,0.13188246932579087,0.7255729570221963,1.6655797140997182,2.4339740451620435,3,0.8890255751842062,0.9310344827586207,0.09292991859012456,-0.09426302132149299,0.30634896253003313,0.40061198385152613,1.3076981901391354,0.13322318322191612,0.12546862810258477,-1.2117235089481508,-1.1647578339532458,0.7623762376237624
shuffle_masses,10,1.618033988749895,3.262647805248593,0.1814338298715712,1.0107615703727353,1.9582115497216357,2.6684509545195096,5,0.866561100864628,0.8620689655172413,0.13472886287034347,-0.07530870304558526,0.30634896253003313,0.3816576655756184,1.2458265320164168,0.1299808655534372,0.12929063425253487,-1.0974913018203103,-1.1647578339532458,0.7623762376237624
shuffle_masses,11,1.618033988749895,3.4049132196993783,0.13583188573133,0.7509631490731261,1.776513496047076,2.63124546537286,2,0.8799120550218622,0.9310344827586207,0.31652153198005106,-0.21078050296345635,0.30634896253003313,0.5171294654934895,1.6880405313688385,0.131810741198255,0.13452549345194303,-1.3975452041825442,-1.1647578339532458,0.7623762376237624
shuffle_masses,12,1.618033988749895,3.3542002891125096,0.17534267132246414,0.5816382934114368,1.6999148921399456,2.551497044876376,3,0.8395900626700613,0.896551724137931,0.535326123749179,0.14315544863567659,0.30634896253003313,0.16319351389435655,0.5327046403114806,0.1316040388212306,0.1284175107726124,-0.7942071739337309,-1.1647578339532458,0.7623762376237624
shuffle_masses,13,1.618033988749895,3.2930127887394978,0.06583260088647855,0.6530372586240283,1.8581397421160175,2.7060924986898116,4,0.8370298312616693,0.9310344827586207,0.5002444855061001,-0.35359742614388734,0.30634896253003313,0.6599463886739205,2.154230858899097,0.12975697001484887,0.13015231911850603,-1.362630446679142,-1.1647578339532458,0.7623762376237624
shuffle_masses,14,1.618033988749895,3.4864486671683528,0.10597708540701142,0.7073561015997876,1.6693232954859085,2.3971213385683994,3,0.8450574857086685,0.896551724137931,0.26066561629492235,-0.14869792323503503,0.30634896253003313,0.45504688576506813,1.4853873896193048,0.12448386696383945,0.12895946636707178,-1.5101102512687208,-1.1647578339532458,0.7623762376237624
shuffle_masses,15,1.618033988749895,3.3485176326855943,0.07869464147122392,0.6406812862226685,1.62058397110854,2.4486841821352634,4,0.8031419104395343,0.9310344827586207,0.5209906948382876,0.1921177728280645,0.30634896253003313,0.11423118970196863,0.3728793097863679,0.12942140572055022,0.13075009407748495,-0.6863426082925177,-1.1647578339532458,0.7623762376237624
shuffle_masses,16,1.618033988749895,3.365421942881217,0.13361977262794875,0.8562947083042873,2.1158120593895413,2.881689307702973,2,0.9367596017369084,0.9310344827586207,0.29535480827781735,0.2376704665322375,0.30634896253003313,0.06867849599779563,0.22418387002391982,0.13383575652441146,0.1289193993300437,-0.7356030861094646,-1.1647578339532458,0.7623762376237624
shuffle_masses,17,1.618033988749895,3.1087032036378974,0.20886434025758466,1.0715828040449078,2.4656138531789145,3.2955996040071334,4,0.8463233208020469,1.0,0.05263093136448305,0.08834886345061879,0.30634896253003313,0.21800009907941434,0.7116071073948637,0.12784745295450947,0.1292172878315425,-0.6387968082570868,-1.1647578339532458,0.7623762376237624
shuffle_masses,18,1.618033988749895,2.9742158060554793,0.1477916819920122,0.9879317188814223,2.312958330831302,3.354173732014903,3,0.948374202405428,0.896551724137931,0.40994405280701873,0.20023083254963972,0.30634896253003313,0.10611812998039341,0.34639624402184827,0.13733522459743253,0.13253620040092307,-0.13057334873561538,-1.1647578339532458,0.7623762376237624
shuffle_masses,19,1.618033988749895,3.3416303588849137,0.19836931445233108,0.7429335140019078,1.8413078568766867,2.803728818329156,4,0.9702116439238909,0.8620689655172413,0.4330568141672386,0.20550411037901664,0.30634896253003313,0.10084485215101649,0.3291829399981405,0.1360216726000848,0.1323006982354543,-0.730673340637184,-1.1647578339532458,0.7623762376237624
shuffle_masses,20,1.618033988749895,3.276108478543875,0.08933259346654986,0.7433541592162705,1.9508244202092233,2.936538212913756,3,0.8869315873970272,0.9310344827586207,0.7298825182323188,-0.17598484867567435,0.30634896253003313,0.4823338112057075,1.574458771533857,0.1326411637377883,0.1267323498419254,-1.0020833272278795,-1.1647578339532458,0.7623762376237624
shuffle_masses,21,1.618033988749895,3.279552115444215,0.13972413810287387,0.998546236448909,2.2949202861496945,3.3315174854187584,2,0.979804319757116,0.9655172413793104,0.04260725720916769,-0.09293073549921763,0.30634896253003313,0.3992796980292508,1.303349274408289,0.12883828355872584,0.12761339572059416,-1.1656266451649033,-1.1647578339532458,0.7623762376237624
shuffle_masses,22,1.618033988749895,3.400578839731351,0.2128434692787538,0.8264419338780917,2.0798198407132444,2.8366041915639615,3,0.8750588054778691,0.9310344827586207,0.009470086496688901,-0.07596728771245204,0.30634896253003313,0.38231625024248517,1.2479763178731331,0.12865476076185256,0.13075524915371697,-1.347181687389205,-1.1647578339532458,0.7623762376237624
shuffle_masses,23,1.618033988749895,3.2331735648253734,0.1843744815880128,0.8704935552085109,2.0794014455106673,2.850006533438528,5,0.7387906027347739,0.9310344827586207,0.741956436498594,-0.28209240414603814,0.30634896253003313,0.5884413666760713,1.920820497697566,0.12743850790397007,0.12837097303558945,-1.0975305576644345,-1.1647578339532458,0.7623762376237624
shuffle_masses,24,1.618033988749895,3.1811123577796176,0.06003179735207835,0.7816618108712143,1.760591803489835,2.556255237317012,4,0.8354323703586026,0.9310344827586207,0.48560012545503306,0.13220584436119678,0.30634896253003313,0.17414311816883635,0.5684469003278054,0.13696177011010605,0.13376404487950247,-0.4739208372520737,-1.1647578339532458,0.7623762376237624
shuffle_masses,25,1.618033988749895,3.2964564256398377,0.27075263930340804,0.6930382523024652,1.6766649262051705,2.5588960292472067,3,0.8158535873626438,0.9655172413793104,0.3193474764858669,-0.23356459554304776,0.30634896253003313,0.539913558073081,1.7624135352511603,0.13089418430705133,0.13341281891137347,-1.2396309853086491,-1.1647578339532458,0.7623762376237624
shuffle_masses,26,1.618033988749895,3.216269254629751,0.19720582048530486,1.2265918496317796,2.438210406590299,3.3061214909113383,3,0.8016816149217677,0.9310344827586207,0.01341802155907812,0.06476155811536297,0.30634896253003313,0.24158740441467016,0.7886019995611573,0.13552927588242775,0.13451491265210208,-0.8604094629744449,-1.1647578339532458,0.7623762376237624
shuffle_masses,27,1.618033988749895,3.3914525464040954,0.1316829159605956,0.7500158696701869,1.82157429983842,2.7341197577205048,3,0.8796719334572078,0.9310344827586207,0.15783835508435407,-0.18546222335095447,0.30634896253003313,0.4918111858809876,1.605395304163214,0.12615075279346605,0.13053847784577022,-1.4283317434185183,-1.1647578339532458,0.7623762376237624
shuffle_masses,28,1.618033988749895,3.1290511507338605,0.3609342593361181,0.7997049389755979,2.1376838845008423,3.0723546622145497,3,0.8588350172285713,1.0,0.31091440414909755,-0.3656650417208851,0.30634896253003313,0.6720140042509182,2.193622588766028,0.12918775874508517,0.12729521271293207,-1.1686659939098685,-1.1647578339532458,0.7623762376237624
shuffle_masses,29,1.618033988749895,3.259204168348252,0.08832415663234769,1.1566331445155118,2.1197801555414877,2.8119215095515804,4,0.8874308490658674,0.8620689655172413,0.004059829748067512,-0.030965325376834805,0.30634896253003313,0.33731428790686796,1.1010786036978961,0.13199518288888942,0.13400227316543056,-1.0655241152893051,-1.1647578339532458,0.7623762376237624
shuffle_masses,30,1.618033988749895,3.314709012294349,0.24568640825279195,1.171564427616886,2.12439895940701,2.9978005638716203,3,0.8635463074364931,1.0,0.7504185438242532,0.19634128749997057,0.30634896253003313,0.11000767503006256,0.3590926965168941,0.131373276050098,0.1306389223177574,-0.41562540952055693,-1.1647578339532458,0.7623762376237624
shuffle_masses,31,1.618033988749895,3.2895691518391574,0.07897102561787905,1.0450931344768577,2.368626513392406,3.2217248442074244,3,0.7588225421618036,0.896551724137931,0.7008068512991009,0.11379505057336223,0.30634896253003313,0.1925539119566709,0.6285443579323163,0.1300049499571045,0.13491986240535217,-0.652199048362861,-1.1647578339532458,0.7623762376237624
shuffle_masses,32,1.618033988749895,3.041738427435948,0.3306235708196106,1.0577056326571843,2.4835262030938243,3.1589061927263353,4,0.7352129255712512,1.0,0.08594791609878871,-0.22642595111727512,0.30634896253003313,0.5327749136473082,1.739111205885273,0.13201422283177244,0.1324527200885502,-0.944134588534737,-1.1647578339532458,0.7623762376237624
shuffle_masses,33,1.618033988749895,3.1473037373883717,0.09716927237155533,1.1778845819682173,2.5400548847318523,3.407301137778399,3,0.8883264874239303,0.9655172413793104,0.37851350167844733,0.12630980612345466,0.30634896253003313,0.18003915640657847,0.5876930508257497,0.13761602747525004,0.13063840267626792,-0.46232056694707957,-1.1647578339532458,0.7623762376237624
shuffle_masses,34,1.618033988749895,3.314709012294349,0.040942114110372144,0.9112866583640367,1.9957418604816237,2.703741498484149,4,0.8240660342168714,0.9655172413793104,0.12179864683148311,0.12536152498381894,0.30634896253003313,0.18098743754621419,0.5907884787710713,0.12750673541167235,0.13262318258866823,-0.8802287644311014,-1.1647578339532458,0.7623762376237624
shuffle_masses,35,1.618033988749895,3.4266094432542293,0.2426156366222634,0.8517772195646129,1.9867171525026586,3.054336747646573,2,0.8526229663229976,0.9655172413793104,0.07850077803683153,0.12851512464139214,0.30634896253003313,0.177833837888641,0.580494336980844,0.135704060514915,0.1327311670215393,-1.0652025312602333,-1.1647578339532458,0.7623762376237624
shuffle_masses,36,1.618033988749895,3.2895691518391574,0.15802596467358876,1.173628582910911,2.2672118857147705,2.9909710086201526,5,0.8926798007781114,0.9310344827586207,0.37847649644007364,0.1673235570163334,0.30634896253003313,0.13902540551369974,0.4538138610476616,0.12874846743569993,0.12918871185702208,-0.6933561028266415,-1.1647578339532458,0.7623762376237624
shuffle_masses,37,1.618033988749895,3.279552115444216,0.09426781417281005,0.8009201985127605,2.184513310450071,3.133655979112481,4,0.8710572103307292,0.9310344827586207,0.5816703941230443,-0.21148928988590782,0.30634896253003313,0.517838252415941,1.6903541900037422,0.13707246011007196,0.13170373383142378,-1.0662385978122677,-1.1647578339532458,0.7623762376237624
shuffle_masses,38,1.618033988749895,3.107812460570211,0.06932540069959044,0.9632807233276625,2.1567396986815384,3.0314967495359855,2,0.9895838067379831,0.8620689655172413,0.686102053661174,-0.13294618005238537,0.30634896253003313,0.43929514258241853,1.4339697414165453,0.12957893846370988,0.1253867104875512,-0.8036988567049079,-1.1647578339532458,0.7623762376237624
shuffle_masses,39,1.618033988749895,3.456974426745135,0.15716421288439522,0.6717430496567254,1.8348677843823407,2.6373062212054186,4,0.8412147572848209,0.896551724137931,0.2826559752165966,0.26060522393507096,0.30634896253003313,0.04574373859496217,0.14931905829606865,0.1305456168016532,0.12414569364287001,-0.8897857340048742,-1.1647578339532458,0.7623762376237624
shuffle_masses,40,1.618033988749895,3.2240472714981183,0.1643601384119419,0.9980003601277536,2.2902809482700923,3.2703049424785213,5,0.8639663939578108,0.9655172413793104,0.5192551354974448,-0.20970801843862494,0.30634896253003313,0.516056980968658,1.6845396723616,0.1415479518483543,0.12877070960448683,-0.9597586540204598,-1.1647578339532458,0.7623762376237624
shuffle_masses,41,1.618033988749895,3.341630358884914,0.20500152633005767,0.6826933685257961,1.6191910061907961,2.4194812666614185,4,0.8883415234200713,0.896551724137931,0.5343477793944607,0.0818945097162927,0.30634896253003313,0.22445445281374043,0.7326757399798143,0.12791349964069343,0.1335072570380219,-0.8544281730887644,-1.1647578339532458,0.7623762376237624
shuffle_masses,42,1.618033988749895,3.259204168348252,0.12972619899878368,0.7736127070611545,2.1118876734224896,2.9954490515968235,3,0.9001721180809356,0.9655172413793104,0.6193991427466454,0.11422982623681976,0.30634896253003313,0.19211913629321337,0.6271251409065204,0.12917517602220055,0.1325329280786928,-0.5620360309273278,-1.1647578339532458,0.7623762376237624
shuffle_masses,43,1.618033988749895,2.9052502888141003,0.20733055473194298,1.3970879959372078,2.570555204056038,3.2701765467207187,3,0.8529573962357226,0.8275862068965517,0.2572283326698287,-0.19052547345567905,0.30634896253003313,0.4968744359857122,1.6219230249131356,0.12758034720098158,0.12760509313513652,-0.6842189647129909,-1.1647578339532458,0.7623762376237624
shuffle_masses,44,1.618033988749895,3.5124792706912316,0.11370933281171013,0.6644397176575785,1.812624219332296,2.8268675213670806,4,0.9135600383943795,0.9655172413793104,0.16099212389292628,0.21683284554713428,0.30634896253003313,0.08951611698289885,0.2922031014683886,0.13877608738277838,0.12592993669603436,-1.03947194542043,-1.1647578339532458,0.7623762376237624
shuffle_masses,45,1.618033988749895,3.319043392262376,0.18636873609816962,1.112508440709604,2.020470291994438,2.853507200333362,6,0.7934047497167953,0.8275862068965517,0.14815138436735076,0.09248798359317435,0.30634896253003313,0.2138609789368588,0.6980959790777577,0.1327814631498801,0.12947714548986056,-0.9586621304649382,-1.1647578339532458,0.7623762376237624
shuffle_masses,46,1.618033988749895,3.3576439260128503,0.013840063792671867,0.7038714656210829,1.8648958348836313,2.700252794457234,3,0.8281465849787751,0.896551724137931,0.024995431131532908,-0.08512897319640121,0.30634896253003313,0.39147793572643436,1.27788236164846,0.12953622773910942,0.13661324566616426,-1.2866414008693514,-1.1647578339532458,0.7623762376237624
shuffle_masses,47,1.618033988749895,3.1911293941745593,0.24970861545373027,1.0592730683140297,2.227143283925651,3.139943021577997,4,0.9259399208317495,0.9310344827586207,0.008219920732737585,-0.02662416003767618,0.30634896253003313,0.33297312256770933,1.0869079490845872,0.12442426140169187,0.12892972543655473,-0.9509761842850049,-1.1647578339532458,0.7623762376237624
shuffle_masses,48,1.618033988749895,3.388008909503755,0.24951205399681825,0.6260692997070221,1.5929474220296318,2.4103448141509323,2,1.0146372759180422,0.9310344827586207,0.1935822983327734,-0.2480508854687718,0.30634896253003313,0.5543998479988049,1.8097004260115748,0.1316786434172355,0.1311844129087783,-1.4854169825692705,-1.1647578339532458,0.7623762376237624
shuffle_masses,49,1.618033988749895,3.319043392262376,0.2301198734384491,0.8626570836238177,2.1162557042033363,2.996344397948897,3,0.9381507206289039,0.9310344827586207,0.17154422913016243,0.14334058813611852,0.30634896253003313,0.1630083743939146,0.5321002984559935,0.13127168293811767,0.1257644380563403,-0.8547847959545969,-1.1647578339532458,0.7623762376237624
shuffle_masses,50,1.618033988749895,3.2071429613024955,0.16736334551927606,0.9654314947766349,2.2099831279798234,3.1124747332335465,3,0.8507617045555835,0.8275862068965517,0.07714947146398332,0.12255350984222302,0.30634896253003313,0.1837954526878101,0.5999545458548488,0.12782572462782957,0.12911266293239135,-0.7582424270529701,-1.1647578339532458,0.7623762376237624
shuffle_masses,51,1.618033988749895,3.2071429613024955,0.12508259021960802,1.3947928425275564,2.319262543142816,3.019758175924303,2,0.9549784794701174,0.896551724137931,0.507054931052016,0.22832164156449103,0.30634896253003313,0.0780273209655421,0.25470078410300684,0.1286775042704293,0.12570763468642146,-0.4751115298904186,-1.1647578339532458,0.7623762376237624
shuffle_masses,52,1.618033988749895,3.2036993244021548,0.055039192517532275,0.8812784497564081,2.254186324859761,3.31041920945605,3,0.8970397411616702,0.9655172413793104,0.3947857017095232,-0.3332619119023305,0.30634896253003313,0.6396108744323636,2.087850630046312,0.1350250449592754,0.1309568479423479,-1.1857568861972143,-1.1647578339532458,0.7623762376237624
shuffle_masses,53,1.618033988749895,3.3485176326855948,0.18936057451855973,0.8192763606033369,1.8234299730363261,2.746990580492243,5,0.7945404709587559,0.8620689655172413,0.5798863171997797,-0.3987453661287718,0.30634896253003313,0.705094328658805,2.30160508080611,0.13412477116258922,0.13162677500836703,-1.5382753716583815,-1.1647578339532458,0.7623762376237624
shuffle_masses,54,1.618033988749895,3.3745482362084727,0.24678195982554324,0.7959714413761576,1.9281481558637608,2.676192418867216,4,0.817544735395018,1.0,0.2592930631167534,0.25074217654756603,0.30634896253003313,0.0556067859824671,0.18151452357869713,0.12569910295282857,0.13006313927064614,-0.7309012105395994,-1.1647578339532458,0.7623762376237624
shuffle_masses,55,1.618033988749895,3.262647805248593,0.15694724742221647,0.88224465022767,1.8368861801851324,2.5567823315462617,4,0.8564134422134364,0.8620689655172413,0.5100989215782727,0.23883530599522662,0.30634896253003313,0.06751365653480651,0.2203815412894952,0.13094914778079628,0.13286758436008014,-0.5498170443517243,-1.1647578339532458,0.7623762376237624
shuffle_masses,56,1.618033988749895,3.4266094432542293,0.07789544739439427,0.5178093298195137,1.4546902174605254,2.2731920297435355,4,0.9650120655117039,0.9310344827586207,0.15581636177804026,-0.11511928578562657,0.30634896253003313,0.4214682483156597,1.3757782785843147,0.12611461283615544,0.12425930471344493,-1.3949451889890192,-1.1647578339532458,0.7623762376237624
shuffle_masses,57,1.618033988749895,3.300696186205842,0.26927774882280037,0.603218908708544,1.7236270173999566,2.7479595766869056,4,0.8175028361473834,0.8620689655172413,0.0183327193908015,0.05387908914665792,0.30634896253003313,0.25246987338337523,0.8241251130681541,0.13777186700225746,0.13562727127931348,-1.0082412593647467,-1.1647578339532458,0.7623762376237624
shuffle_masses,58,1.618033988749895,3.2240472714981183,0.1905520121969528,0.8974604314923957,2.069881399002248,3.116566122808941,6,0.7281273492574258,1.0,0.3730296162484439,0.26589307890828,0.30634896253003313,0.04045588362175312,0.13205817081161814,0.12816866210315997,0.12673470748041754,-0.42063910630293544,-1.1647578339532458,0.7623762376237624
shuffle_masses,59,1.618033988749895,3.220603634597778,0.3166799737593222,0.8045816194895026,2.324130014987691,3.1936827852481935,3,0.9251262504011599,0.896551724137931,0.6088344987859722,-0.17286071434643213,0.30634896253003313,0.47920967687646526,1.5642608119800165,0.1309390275706048,0.1315065041868146,-0.985066511419292,-1.1647578339532458,0.7623762376237624
shuffle_masses,60,1.618033988749895,3.2761084785438754,0.20330532122195613,0.657859501810198,1.9170631442221704,2.9678569446290437,3,0.9328384673473533,0.9310344827586207,0.14934813077261266,0.10361967906589487,0.30634896253003313,0.20272928346413827,0.6617593276303769,0.13016305811732246,0.12869812016049748,-0.8481578137323547,-1.1647578339532458,0.7623762376237624
shuffle_masses,61,1.618033988749895,3.003690046478698,0.2553288460708781,0.7625266209817951,2.115975226818798,3.2287288069912305,4,0.8218718268620598,0.896551724137931,0.17059085229255577,0.19032313662739178,0.30634896253003313,0.11602582590264135,0.3787374533421724,0.13075122598835534,0.13577885972828543,-0.2938228033642136,-1.1647578339532458,0.7623762376237624
shuffle_masses,62,1.618033988749895,3.026277013101236,0.08352969987648308,0.7879222223807072,2.0843067465603795,3.283693770342941,4,0.8919486986481581,0.9655172413793104,0.048694460773394344,0.11862171140629443,0.30634896253003313,0.1877272511237387,0.6127889240210328,0.1316994535912118,0.12949479031036043,-0.4706124693398207,-1.1647578339532458,0.7623762376237624
shuffle_masses,63,1.618033988749895,3.404913219699378,0.1502406591839951,0.7255414966749751,1.872475319675234,2.725335042426186,4,0.89644426751788,0.896551724137931,0.5820027282606088,-0.15564878900041018,0.30634896253003313,0.4619977515304433,1.5080767622483822,0.1268415013417097,0.12535925219899327,-1.3021198548021407,-1.1647578339532458,0.7623762376237624
shuffle_masses,64,1.618033988749895,3.3485176326855948,0.14848684557798575,0.7237624050717857,1.7499937226054125,2.6749803403153836,2,1.019772139758961,0.8620689655172413,0.7532166066937753,0.1409079854644866,0.30634896253003313,0.16544097706554653,0.540040924895665,0.1340018509653303,0.129926405891464,-0.7484502205973329,-1.1647578339532458,0.7623762376237624
shuffle_masses,65,1.618033988749895,3.3316133224899716,0.0754395339392561,0.9267734264684558,1.9112245646536055,2.622049553105837,5,0.9049654677437511,0.896551724137931,0.4179221617328792,0.1470944144615126,0.30634896253003313,0.15925454806852052,0.5198468659834548,0.13267611163079893,0.13769579613316413,-0.760375663387524,-1.1647578339532458,0.7623762376237624
shuffle_masses,66,1.618033988749895,3.331613322489972,0.06846659915580766,0.8461544114650801,1.752872363460905,2.589337856352249,3,0.9699251475726337,0.896551724137931,0.028016158347905495,0.036816729152032546,0.30634896253003313,0.2695322333780006,0.8798209439066627,0.1335931963487543,0.1325860717069157,-1.0760759820742736,-1.1647578339532458,0.7623762376237624
shuffle_masses,67,1.618033988749895,3.486448667168353,0.048653605043881325,0.690047029541053,1.6993904664466548,2.581678500273256,3,0.9809483549759842,1.0,0.49531200588624635,0.11466558348625787,0.30634896253003313,0.19168337904377525,0.6257027197374088,0.12755586175821973,0.13134401013156713,-0.9607124555286686,-1.1647578339532458,0.7623762376237624
shuffle_masses,68,1.618033988749895,3.443513753449852,0.11774834673073613,0.6815557745366998,1.779105755514546,2.57780423305342,3,0.8288562770923863,0.9310344827586207,0.16942154500409756,-0.17637254585629752,0.30634896253003313,0.48272150838633066,1.5757243125607345,0.13353293335096741,0.13295935823666674,-1.4784163857760537,-1.1647578339532458,0.7623762376237624
shuffle_masses,69,1.618033988749895,3.2500778750209967,0.21005254413080263,0.876479103227731,2.049128541169524,2.9306379013759707,3,0.8858424350535379,0.9655172413793104,0.5501281209100248,0.21270192556378775,0.30634896253003313,0.09364703696624538,0.30568746240511463,0.13626210275004216,0.12440974742818849,-0.4553245782323818,-1.1647578339532458,0.7623762376237624
shuffle_masses,70,1.618033988749895,3.4005788397313514,0.05411071813445928,0.9829506135436368,2.021525497303542,2.89648440260308,3,0.9526881761430069,0.9310344827586207,0.1154207905220942,0.11321686308339789,0.30634896253003313,0.19313209944663523,0.6304317071996005,0.13619053046014343,0.13244094862252687,-1.0337703582423898,-1.1647578339532458,0.7623762376237624
shuffle_masses,71,1.618033988749895,3.3485176326855948,0.23291145446258973,0.562739125037804,1.6155404661838302,2.5143548243208973,3,1.042373945249586,0.8275862068965517,0.06633003011769079,-0.0861077072308135,0.30634896253003313,0.39245666976084664,1.2810771954952251,0.1350569618875308,0.1282072501325104,-1.2688594051565802,-1.1647578339532458,0.7623762376237624
shuffle_masses,72,1.618033988749895,3.1762258250183666,0.3796379127866057,1.0178838137260295,2.268216677467373,3.1459637224896966,4,0.9448386066095059,0.8620689655172413,0.10148508959964164,0.13556912662318213,0.30634896253003313,0.170779835906851,0.5574683018229856,0.13102042923367013,0.12847165024279972,-0.679191264099724,-1.1647578339532458,0.7623762376237624
shuffle_masses,73,1.618033988749895,3.272664841643534,0.18774454950213282,0.8946591921064289,2.0114251622430177,2.950280310099206,3,0.9685222844809572,0.9310344827586207,0.23833111491906134,0.25139696397646216,0.30634896253003313,0.05495199855357097,0.17937713286097293,0.13339614575101372,0.1265068923180669,-0.6016687692408496,-1.1647578339532458,0.7623762376237624
shuffle_masses,74,1.618033988749895,3.3155997553620358,0.10373715964719019,0.6618670741708472,1.7125244714066954,2.4145993922583604,4,0.8762547468340742,0.9310344827586207,0.27255210794863016,0.20302116330251896,0.30634896253003313,0.10332779922751417,0.33728790322697555,0.1363755499300137,0.13072846301445315,-0.7043249906472537,-1.1647578339532458,0.7623762376237624
shuffle_masses,75,1.618033988749895,3.2886784087714713,0.14763953586874923,0.624592189098605,1.7168715817255413,2.567331444239769,3,0.8876673144433721,0.896551724137931,0.350292110405406,-0.23772491343364813,0.30634896253003313,0.5440738759636813,1.7759938583449344,0.13195582071009385,0.1271452842639864,-1.2826072061089508,-1.1647578339532458,0.7623762376237624
shuffle_masses,76,1.618033988749895,3.478670650299986,0.14000690200181554,0.7289302983859103,1.751426832985862,2.653345600096591,6,0.7483012596783304,0.9310344827586207,0.7001804938750846,-0.19278847653143044,0.30634896253003313,0.4991374390614636,1.6293100356510275,0.1235330002302455,0.1296361014334282,-1.3914525599045837,-1.1647578339532458,0.7623762376237624
shuffle_masses,77,1.618033988749895,3.2761084785438745,0.18471767606098577,0.8930847772221582,1.8941748207200337,2.666660176137542,4,0.8892319833332019,1.0,0.36014037381554076,0.2048217266674778,0.30634896253003313,0.10152723586255533,0.3314104119174291,0.13278839603334375,0.13267388537635366,-0.5490450381241075,-1.1647578339532458,0.7623762376237624
shuffle_masses,78,1.618033988749895,3.2886784087714704,0.23700705359117888,0.6745865103165007,1.800475400723509,2.8659841002829314,3,0.8960665984936064,0.9310344827586207,0.005971405248224926,0.056492026654051064,0.30634896253003313,0.24985693587598207,0.8155958284059381,0.12340854072869809,0.13112537947055042,-0.990102258954163,-1.1647578339532458,0.7623762376237624
shuffle_masses,79,1.618033988749895,3.0937996344817043,0.4582239847676524,0.7250351319244164,1.9493131186428228,2.980800302922516,5,0.7198068105370319,0.9655172413793104,0.5636191662745618,-0.4185474023476392,0.30634896253003313,0.7248963648776723,2.366243903328403,0.12803100753307706,0.1283546738451372,-1.0952951585040434,-1.1647578339532458,0.7623762376237624
shuffle_masses,80,1.618033988749895,3.288678408771471,0.24221492567466185,0.8069477951514434,1.987379785112203,2.8563833289413845,4,0.8518586574639964,0.9310344827586207,0.6732849174861608,0.1494604480009463,0.30634896253003313,0.15688851452908684,0.5121235379202767,0.12866468022235183,0.12963631049593619,-0.5999467120523891,-1.1647578339532458,0.7623762376237624
shuffle_masses,81,1.618033988749895,3.2761084785438745,0.20254857336012722,1.0932357403902149,2.200714013040199,3.088742941411617,2,0.8967148399419272,0.9655172413793104,0.29915696288295446,-0.1809089001236065,0.30634896253003313,0.48725786265363963,1.5905321128870185,0.13620848651415743,0.1300176255483535,-1.1397940655865568,-1.1647578339532458,0.7623762376237624
shuffle_masses,82,1.618033988749895,3.233173564825374,0.06573140169498741,1.0105495570135261,2.4523732673674994,3.264022942142063,4,0.8502711937703182,0.8620689655172413,0.6887669569282452,0.16713611937346634,0.30634896253003313,0.1392128431565668,0.45442570461755344,0.12917487807037706,0.1332182307860034,-0.5562734895492889,-1.1647578339532458,0.7623762376237624
shuffle_masses,83,1.618033988749895,3.3711045993081328,0.1793925439016973,0.7107677894596001,1.8971975939486652,2.913722479705189,4,0.9508548561901633,0.8275862068965517,0.007406874504093608,0.037145883294936045,0.30634896253003313,0.26920307923509706,0.8787465020669216,0.13084562145784104,0.13278362138482644,-1.1467991136250437,-1.1647578339532458,0.7623762376237624
shuffle_masses,84,1.618033988749895,3.1367345482002054,0.056704325967189155,1.5452808932803324,2.6411860578475324,3.343280756181361,2,0.8620775023633709,0.9655172413793104,0.6600764459831598,0.1342944880833867,0.30634896253003313,0.17205447444664643,0.5616290423369035,0.1345652398847362,0.13648967304949974,-0.25525303750689543,-1.1647578339532458,0.7623762376237624
shuffle_masses,85,1.618033988749895,3.2466342381206563,0.22064337047539984,0.7492940937703012,2.0827814547406187,3.0470169009882424,4,0.8034969040136867,0.9655172413793104,0.8520020077391119,-0.1646551750797741,0.30634896253003313,0.4710041376098072,1.5374758697399928,0.12467343863504009,0.13149218270603094,-0.8620682211177941,-1.1647578339532458,0.7623762376237624
shuffle_masses,86,1.618033988749895,3.1887957552459616,0.09203842866719184,0.8505346044337228,2.1336735941158484,3.1932805310033454,3,0.8136310694095319,0.9655172413793104,0.17011629560337882,-0.1522307675219243,0.30634896253003313,0.4585797300519574,1.496919481184795,0.12886108802063614,0.12327015859735825,-1.056263617104955,-1.1647578339532458,0.7623762376237624
shuffle_masses,87,1.618033988749895,3.219712891530092,0.22834071801860265,1.3104134376202672,2.1607450824449965,2.9021422738910276,3,0.7661577359087633,0.9655172413793104,0.0005337105785483409,-0.011395737371092228,0.30634896253003313,0.31774469990112536,1.0371985505580912,0.13294075738116615,0.13191200164096545,-0.9774308070095454,-1.1647578339532458,0.7623762376237624
shuffle_masses,88,1.618033988749895,3.3745482362084727,0.14649390220407404,1.0199655188184233,2.2025815302491787,3.1310228635584587,3,0.9254834541244541,0.8620689655172413,0.5854465650228489,0.15493109641490627,0.30634896253003313,0.15141786611512686,0.4942659667087415,0.1363179029881754,0.13390552239128867,-0.7961780485603364,-1.1647578339532458,0.7623762376237624
shuffle_masses,89,1.618033988749895,3.2626478052485925,0.07784239835865465,0.872868021705866,2.094125091351624,2.8312219885960763,2,0.9438581858968182,0.9310344827586207,0.586345383546732,-0.31577642268390255,0.30634896253003313,0.6221253852139357,2.030773599087822,0.1304588386329665,0.1309437512739288,-1.2201353275459013,-1.1647578339532458,0.7623762376237624
shuffle_masses,90,1.618033988749895,3.124716770765834,0.3561888812100453,1.1820461750728137,2.4403320605493515,3.347296911711923,3,0.8327187609082579,0.9655172413793104,0.2208784272045775,-0.17680450299598965,0.30634896253003313,0.4831534655260228,1.5771343292166575,0.13516644434787678,0.1259115959129773,-0.9508711799420324,-1.1647578339532458,0.7623762376237624
shuffle_masses,91,1.618033988749895,3.262647805248593,0.2253853086080822,1.0398912115234769,2.2623715310685637,3.2212087203864876,3,0.8131829368372526,0.9655172413793104,0.6495280770861538,0.25622054787221016,0.30634896253003313,0.05012841465782297,0.1636317428459011,0.12879260685727117,0.13123389210916497,-0.3674277845667384,-1.1647578339532458,0.7623762376237624
shuffle_masses,92,1.618033988749895,3.3190433922623757,0.1615899911753987,0.8532105267849994,2.238407296341595,3.2003111392902595,3,0.8817698080352017,0.9655172413793104,0.6001975080159452,0.10215207958364078,0.30634896253003313,0.20419688294639235,0.6665499411520734,0.13048522154965245,0.1276479490451371,-0.7036625861909953,-1.1647578339532458,0.7623762376237624
shuffle_masses,93,1.618033988749895,3.331613322489972,0.1420900326670908,0.7881129574315366,2.00557957129967,2.835491731985064,4,0.9875507673862378,0.8275862068965517,0.17187737615452203,-0.1814556183425541,0.30634896253003313,0.48780458087258727,1.5923167385453934,0.12888170680761354,0.12973891925177505,-1.3544808944428466,-1.1647578339532458,0.7623762376237624
shuffle_masses,94,1.618033988749895,3.279552115444215,0.2380663177013383,1.4468654774268035,2.374628378696772,3.1327694252231826,4,0.8448572477934057,1.0,0.7527760634878771,0.15591444601706675,0.30634896253003313,0.15043451651296638,0.4910560664889421,0.13378189276110908,0.13573612982889038,-0.34592792894300345,-1.1647578339532458,0.7623762376237624
shuffle_masses,95,1.618033988749895,3.276108478543875,0.10932625884864643,0.7469338367312606,1.8465470369120238,2.7089974815430153,3,0.8813228652442391,0.9655172413793104,0.1442927937531695,0.16677556921336,0.30634896253003313,0.13957339331667312,0.4556026309473464,0.13406407920076074,0.13221317338104654,-0.742294834230341,-1.1647578339532458,0.7623762376237624
shuffle_masses,96,1.618033988749895,3.3055827189670937,0.06954894105380587,0.6968543250463304,1.96301613867512,2.9694092876625238,3,0.9494308696745907,0.9655172413793104,0.3658578877640488,0.14804456314011538,0.30634896253003313,0.15830439938991775,0.5167453419216272,0.13511760100490128,0.13507733405606792,-0.6791307812219625,-1.1647578339532458,0.7623762376237624
shuffle_masses,97,1.618033988749895,3.3055827189670937,0.07370789633417214,0.7629023556928103,1.8662311990920504,2.782562305894377,3,0.8595670750526928,0.9655172413793104,0.03499020943308484,-0.08785646723968496,0.30634896253003313,0.39420542976971806,1.2867855876321823,0.13251438520456701,0.1360973685910729,-1.1984579081464655,-1.1647578339532458,0.7623762376237624
shuffle_masses,98,1.618033988749895,3.341630358884913,0.21165174138659862,0.8055711671234456,1.776945340444233,2.488524912116392,4,0.8286374994455536,0.9655172413793104,0.36652609429154215,-0.20568592299444569,0.30634896253003313,0.5120348855244788,1.6714105420686096,0.12794605544084375,0.12589878768992926,-1.2858785505023012,-1.1647578339532458,0.7623762376237624
shuffle_masses,99,1.618033988749895,3.1767779778115908,0.20025764782908972,0.8258518507225099,2.3325131597491073,3.129180207714506,2,0.8753862332727074,0.896551724137931,0.13362455900632697,0.10173534863703902,0.30634896253003313,0.2046136138929941,0.6679102556873672,0.13950047907997765,0.1373642715029634,-0.6910479057217968,-1.1647578339532458,0.7623762376237624
shuffle_N_values,0,1.618033988749895,3.272664841643534,0.26765931236540497,0.7648878165370321,2.0180872629360245,2.9932090062412104,3,0.7691987352791981,1.0,0.038160157608836065,-0.10969264305688184,0.30634896253003313,0.41604160558691494,1.3580643529880667,0.1196326961368483,0.12597856124436474,-1.1819299837965145,-1.1647578339532458,0.009900990099009901
shuffle_N_values,1,1.618033988749895,3.272664841643534,0.26765931236540497,0.7648878165370321,2.0180872629360245,2.9932090062412104,3,0.7691987352791981,1.0,0.038160157608836065,-0.10969264305688184,0.30634896253003313,0.41604160558691494,1.3580643529880667,0.13063751457578823,0.11103233348333652,-1.1841682715640522,-1.1647578339532458,0.009900990099009901
shuffle_N_values,2,1.618033988749895,3.272664841643534,0.2676593123654049,0.7648878165370321,2.0180872629360245,2.9932090062412104,3,0.7691987352791979,1.0,0.038160157608836065,-0.10969264305688184,0.30634896253003313,0.41604160558691494,1.3580643529880667,0.11959206394643968,0.10883133984810649,-1.1878200754013108,-1.1647578339532458,0.009900990099009901
shuffle_N_values,3,1.618033988749895,3.272664841643534,0.2676593123654049,0.7648878165370321,2.0180872629360245,2.9932090062412104,3,0.7691987352791979,1.0,0.038160157608836065,-0.10969264305688184,0.30634896253003313,0.41604160558691494,1.3580643529880667,0.12567003394346352,0.13036370890604218,-1.1777499513105547,-1.1647578339532458,0.009900990099009901
shuffle_N_values,4,1.618033988749895,3.272664841643534,0.2676593123654049,0.7648878165370321,2.0180872629360245,2.9932090062412104,3,0.769198735279198,1.0,0.038160157608836065,-0.10969264305688184,0.30634896253003313,0.41604160558691494,1.3580643529880667,0.1253320505954325,0.1130456830187305,-1.1847623720085259,-1.1647578339532458,0.009900990099009901
shuffle_N_values,5,1.618033988749895,3.272664841643534,0.26765931236540497,0.7648878165370321,2.0180872629360245,2.9932090062412104,3,0.7691987352791981,1.0,0.038160157608836065,-0.10969264305688184,0.30634896253003313,0.41604160558691494,1.3580643529880667,0.12743033857552644,0.11293819928400842,-1.1842170352217753,-1.1647578339532458,0.009900990099009901
shuffle_N_values,6,1.618033988749895,3.272664841643534,0.26765931236540497,0.7648878165370321,2.0180872629360245,2.9932090062412104,3,0.7691987352791979,1.0,0.038160157608836065,-0.10969264305688184,0.30634896253003313,0.41604160558691494,1.3580643529880667,0.12394914653720364,0.11571328400893262,-1.1841286837147225,-1.1647578339532458,0.009900990099009901
shuffle_N_values,7,1.618033988749895,3.272664841643534,0.26765931236540497,0.7648878165370321,2.0180872629360245,2.9932090062412104,3,0.7691987352791979,1.0,0.038160157608836065,-0.10969264305688184,0.30634896253003313,0.41604160558691494,1.3580643529880667,0.10796105142648012,0.117681649064775,-1.188563719084855,-1.1647578339532458,0.009900990099009901
shuffle_N_values,8,1.618033988749895,3.272664841643534,0.26765931236540497,0.7648878165370321,2.0180872629360245,2.9932090062412104,3,0.769198735279198,1.0,0.038160157608836065,-0.10969264305688184,0.30634896253003313,0.41604160558691494,1.3580643529880667,0.11142783141968353,0.12662635216471238,-1.1850579119756937,-1.1647578339532458,0.009900990099009901
shuffle_N_values,9,1.618033988749895,3.272664841643534,0.2676593123654049,0.7648878165370321,2.0180872629360245,2.9932090062412104,3,0.7691987352791982,1.0,0.038160157608836065,-0.10969264305688184,0.30634896253003313,0.41604160558691494,1.3580643529880667,0.1344880704138245,0.11573138240274797,-1.1808932901542837,-1.1647578339532458,0.009900990099009901
shuffle_N_values,10,1.618033988749895,3.272664841643534,0.26765931236540497,0.7648878165370321,2.0180872629360245,2.9932090062412104,3,0.7691987352791979,1.0,0.038160157608836065,-0.10969264305688184,0.30634896253003313,0.41604160558691494,1.3580643529880667,0.12324836958847249,0.12398663972319086,-1.181226104760689,-1.1647578339532458,0.009900990099009901
shuffle_N_values,11,1.618033988749895,3.272664841643534,0.26765931236540497,0.7648878165370321,2.0180872629360245,2.9932090062412104,3,0.769198735279198,1.0,0.038160157608836065,-0.10969264305688184,0.30634896253003313,0.41604160558691494,1.3580643529880667,0.12321923257735057,0.12585222111588434,-1.1805348994675224,-1.1647578339532458,0.009900990099009901
shuffle_N_values,12,1.618033988749895,3.272664841643534,0.26765931236540497,0.7648878165370321,2.0180872629360245,2.9932090062412104,3,0.7691987352791979,1.0,0.038160157608836065,-0.10969264305688184,0.30634896253003313,0.41604160558691494,1.3580643529880667,0.13433960214298604,0.11069176305827141,-1.1833606692993555,-1.1647578339532458,0.009900990099009901
shuffle_N_values,13,1.618033988749895,3.272664841643534,0.26765931236540497,0.7648878165370321,2.0180872629360245,2.9932090062412104,3,0.769198735279198,1.0,0.038160157608836065,-0.10969264305688184,0.30634896253003313,0.41604160558691494,1.3580643529880667,0.10935945749442624,0.1400554521201982,-1.1825884000513947,-1.1647578339532458,0.009900990099009901
shuffle_N_values,14,1.618033988749895,3.272664841643534,0.26765931236540497,0.7648878165370321,2.0180872629360245,2.9932090062412104,3,0.769198735279198,1.0,0.038160157608836065,-0.10969264305688184,0.30634896253003313,0.41604160558691494,1.3580643529880667,0.10930882633785584,0.13240643340233005,-1.1844994382685912,-1.1647578339532458,0.009900990099009901
shuffle_N_values,15,1.618033988749895,3.272664841643534,0.26765931236540497,0.7648878165370321,2.0180872629360245,2.9932090062412104,3,0.769198735279198,1.0,0.038160157608836065,-0.10969264305688184,0.30634896253003313,0.41604160558691494,1.3580643529880667,0.11581339816319033,0.13431323564828143,-1.180905988703917,-1.1647578339532458,0.009900990099009901
shuffle_N_values,16,1.618033988749895,3.272664841643534,0.26765931236540497,0.7648878165370321,2.0180872629360245,2.9932090062412104,3,0.769198735279198,1.0,0.038160157608836065,-0.10969264305688184,0.30634896253003313,0.41604160558691494,1.3580643529880667,0.12167407658349161,0.11219641386410881,-1.1860984610065515,-1.1647578339532458,0.009900990099009901
shuffle_N_values,17,1.618033988749895,3.272664841643534,0.26765931236540497,0.7648878165370321,2.0180872629360245,2.9932090062412104,3,0.7691987352791979,1.0,0.038160157608836065,-0.10969264305688184,0.30634896253003313,0.41604160558691494,1.3580643529880667,0.1086629841765006,0.11916880789725394,-1.1879785718267484,-1.1647578339532458,0.009900990099009901
shuffle_N_values,18,1.618033988749895,3.272664841643534,0.26765931236540497,0.7648878165370321,2.0180872629360245,2.9932090062412104,3,0.769198735279198,1.0,0.038160157608836065,-0.10969264305688184,0.30634896253003313,0.41604160558691494,1.3580643529880667,0.10981069532877377,0.12946986200849797,-1.1850044635447994,-1.1647578339532458,0.009900990099009901
shuffle_N_values,19,1.618033988749895,3.272664841643534,0.26765931236540497,0.7648878165370321,2.0180872629360245,2.9932090062412104,3,0.7691987352791981,1.0,0.038160157608836065,-0.10969264305688184,0.30634896253003313,0.41604160558691494,1.3580643529880667,0.11178681143497543,0.11848851426562954,-1.1871044704489875,-1.1647578339532458,0.009900990099009901
shuffle_N_values,20,1.618033988749895,3.272664841643534,0.26765931236540497,0.7648878165370321,2.0180872629360245,2.9932090062412104,3,0.769198735279198,1.0,0.038160157608836065,-0.10969264305688184,0.30634896253003313,0.41604160558691494,1.3580643529880667,0.12602398841817766,0.13946116524126045,-1.1739290944843668,-1.1647578339532458,0.009900990099009901
shuffle_N_values,21,1.618033988749895,3.272664841643534,0.26765931236540497,0.7648878165370321,2.0180872629360245,2.9932090062412104,3,0.769198735279198,1.0,0.038160157608836065,-0.10969264305688184,0.30634896253003313,0.41604160558691494,1.3580643529880667,0.12189370213091827,0.13110723583446723,-1.1791532196653713,-1.1647578339532458,0.009900990099009901
shuffle_N_values,22,1.618033988749895,3.272664841643534,0.26765931236540497,0.7648878165370321,2.0180872629360245,2.9932090062412104,3,0.769198735279198,1.0,0.038160157608836065,-0.10969264305688184,0.30634896253003313,0.41604160558691494,1.3580643529880667,0.11826900550354377,0.12231058119296134,-1.1836895559071463,-1.1647578339532458,0.009900990099009901
shuffle_N_values,23,1.618033988749895,3.272664841643534,0.26765931236540497,0.7648878165370321,2.0180872629360245,2.9932090062412104,3,0.7691987352791979,1.0,0.038160157608836065,-0.10969264305688184,0.30634896253003313,0.41604160558691494,1.3580643529880667,0.12195404023243211,0.13761621042280744,-1.176752529258181,-1.1647578339532458,0.009900990099009901
shuffle_N_values,24,1.618033988749895,3.272664841643534,0.26765931236540497,0.7648878165370321,2.0180872629360245,2.9932090062412104,3,0.7691987352791981,1.0,0.038160157608836065,-0.10969264305688184,0.30634896253003313,0.41604160558691494,1.3580643529880667,0.13843196670259741,0.11646943098261472,-1.179302178137787,-1.1647578339532458,0.009900990099009901
shuffle_N_values,25,1.618033988749895,3.272664841643534,0.26765931236540497,0.7648878165370321,2.0180872629360245,2.9932090062412104,3,0.769198735279198,1.0,0.038160157608836065,-0.10969264305688184,0.30634896253003313,0.41604160558691494,1.3580643529880667,0.11387494472354431,0.1118445232588189,-1.1883313026508764,-1.1647578339532458,0.009900990099009901
shuffle_N_values,26,1.618033988749895,3.272664841643534,0.26765931236540497,0.7648878165370321,2.0180872629360245,2.9932090062412104,3,0.7691987352791979,1.0,0.038160157608836065,-0.10969264305688184,0.30634896253003313,0.41604160558691494,1.3580643529880667,0.11727224066338875,0.12200398904392476,-1.184154643352906,-1.1647578339532458,0.009900990099009901
shuffle_N_values,27,1.618033988749895,3.272664841643534,0.26765931236540497,0.7648878165370321,2.0180872629360245,2.9932090062412104,3,0.769198735279198,1.0,0.038160157608836065,-0.10969264305688184,0.30634896253003313,0.41604160558691494,1.3580643529880667,0.12443628361012113,0.11286589501038229,-1.1850839994817217,-1.1647578339532458,0.009900990099009901
shuffle_N_values,28,1.618033988749895,3.272664841643534,0.26765931236540497,0.7648878165370321,2.0180872629360245,2.9932090062412104,3,0.7691987352791981,1.0,0.038160157608836065,-0.10969264305688184,0.30634896253003313,0.41604160558691494,1.3580643529880667,0.12910775405632302,0.12735305288490917,-1.1775254910972022,-1.1647578339532458,0.009900990099009901
shuffle_N_values,29,1.618033988749895,3.272664841643534,0.26765931236540497,0.7648878165370321,2.0180872629360245,2.9932090062412104,3,0.769198735279198,1.0,0.038160157608836065,-0.10969264305688184,0.30634896253003313,0.41604160558691494,1.3580643529880667,0.11964891402544393,0.1281416807609394,-1.1811813369553021,-1.1647578339532458,0.009900990099009901
shuffle_N_values,30,1.618033988749895,3.272664841643534,0.2676593123654049,0.7648878165370321,2.0180872629360245,2.9932090062412104,3,0.7691987352791979,1.0,0.038160157608836065,-0.10969264305688184,0.30634896253003313,0.41604160558691494,1.3580643529880667,0.11631656589072596,0.11975092238738479,-1.1852062194129847,-1.1647578339532458,0.009900990099009901
shuffle_N_values,31,1.618033988749895,3.272664841643534,0.26765931236540497,0.7648878165370321,2.0180872629360245,2.9932090062412104,3,0.769198735279198,1.0,0.038160157608836065,-0.10969264305688184,0.30634896253003313,0.41604160558691494,1.3580643529880667,0.12055630514421764,0.11106098756480204,-1.186803079293167,-1.1647578339532458,0.009900990099009901
shuffle_N_values,32,1.618033988749895,3.272664841643534,0.2676593123654049,0.7648878165370321,2.0180872629360245,2.9932090062412104,3,0.769198735279198,1.0,0.038160157608836065,-0.10969264305688184,0.30634896253003313,0.41604160558691494,1.3580643529880667,0.11184109432789673,0.12204817108852109,-1.1861253119736905,-1.1647578339532458,0.009900990099009901
shuffle_N_values,33,1.618033988749895,3.272664841643534,0.2676593123654049,0.7648878165370321,2.0180872629360245,2.9932090062412104,3,0.7691987352791981,1.0,0.038160157608836065,-0.10969264305688184,0.30634896253003313,0.41604160558691494,1.3580643529880667,0.1122692176964407,0.11316856140321359,-1.1884019794716716,-1.1647578339532458,0.009900990099009901
shuffle_N_values,34,1.618033988749895,3.272664841643534,0.26765931236540497,0.7648878165370321,2.0180872629360245,2.9932090062412104,3,0.7691987352791979,1.0,0.038160157608836065,-0.10969264305688184,0.30634896253003313,0.41604160558691494,1.3580643529880667,0.10950529019219912,0.1318331383229136,-1.1845508537888974,-1.1647578339532458,0.009900990099009901
shuffle_N_values,35,1.618033988749895,3.272664841643534,0.26765931236540497,0.7648878165370321,2.0180872629360245,2.9932090062412104,3,0.769198735279198,1.0,0.038160157608836065,-0.10969264305688184,0.30634896253003313,0.41604160558691494,1.3580643529880667,0.1270551071036329,0.11462116995794322,-1.1836281238136563,-1.1647578339532458,0.009900990099009901
shuffle_N_values,36,1.618033988749895,3.272664841643534,0.26765931236540497,0.7648878165370321,2.0180872629360245,2.9932090062412104,3,0.769198735279198,1.0,0.038160157608836065,-0.10969264305688184,0.30634896253003313,0.41604160558691494,1.3580643529880667,0.12600646613668792,0.11513199557486298,-1.1837328160188205,-1.1647578339532458,0.009900990099009901
shuffle_N_values,37,1.618033988749895,3.272664841643534,0.26765931236540497,0.7648878165370321,2.0180872629360245,2.9932090062412104,3,0.7691987352791981,1.0,0.038160157608836065,-0.10969264305688184,0.30634896253003313,0.41604160558691494,1.3580643529880667,0.13154366791556468,0.1232012966480645,-1.1784009074090984,-1.1647578339532458,0.009900990099009901
shuffle_N_values,38,1.618033988749895,3.272664841643534,0.26765931236540497,0.7648878165370321,2.0180872629360245,2.9932090062412104,3,0.7691987352791979,1.0,0.038160157608836065,-0.10969264305688184,0.30634896253003313,0.41604160558691494,1.3580643529880667,0.1262529859756643,0.11400024771713876,-1.1841169123196886,-1.1647578339532458,0.009900990099009901
shuffle_N_values,39,1.618033988749895,3.272664841643534,0.26765931236540497,0.7648878165370321,2.0180872629360245,2.9932090062412104,3,0.769198735279198,1.0,0.038160157608836065,-0.10969264305688184,0.30634896253003313,0.41604160558691494,1.3580643529880667,0.11496021039321258,0.13498244820624167,-1.1811155012303163,-1.1647578339532458,0.009900990099009901
shuffle_N_values,40,1.618033988749895,3.272664841643534,0.26765931236540497,0.7648878165370321,2.0180872629360245,2.9932090062412104,3,0.7691987352791979,1.0,0.038160157608836065,-0.10969264305688184,0.30634896253003313,0.41604160558691494,1.3580643529880667,0.14203057484824871,0.11231488824778074,-1.1804705375163587,-1.1647578339532458,0.009900990099009901
shuffle_N_values,41,1.618033988749895,3.272664841643534,0.26765931236540497,0.7648878165370321,2.0180872629360245,2.9932090062412104,3,0.769198735279198,1.0,0.038160157608836065,-0.10969264305688184,0.30634896253003313,0.41604160558691494,1.3580643529880667,0.12356698861242915,0.11915614742902786,-1.1829382613471762,-1.1647578339532458,0.009900990099009901
shuffle_N_values,42,1.618033988749895,3.272664841643534,0.26765931236540497,0.7648878165370321,2.0180872629360245,2.9932090062412104,3,0.7691987352791981,1.0,0.038160157608836065,-0.10969264305688184,0.30634896253003313,0.41604160558691494,1.3580643529880667,0.12423353069356674,0.11629685007814204,-1.1838163651818365,-1.1647578339532458,0.009900990099009901
shuffle_N_values,43,1.618033988749895,3.272664841643534,0.26765931236540497,0.7648878165370321,2.0180872629360245,2.9932090062412104,3,0.7691987352791979,1.0,0.038160157608836065,-0.10969264305688184,0.30634896253003313,0.41604160558691494,1.3580643529880667,0.11786335682127883,0.13274065027369233,-1.1804347480925692,-1.1647578339532458,0.009900990099009901
shuffle_N_values,44,1.618033988749895,3.272664841643534,0.26765931236540497,0.7648878165370321,2.0180872629360245,2.9932090062412104,3,0.7691987352791981,1.0,0.038160157608836065,-0.10969264305688184,0.30634896253003313,0.41604160558691494,1.3580643529880667,0.12640078371727792,0.10973509763447689,-1.1858068399611563,-1.1647578339532458,0.009900990099009901
shuffle_N_values,45,1.618033988749895,3.272664841643534,0.2676593123654049,0.7648878165370321,2.0180872629360245,2.9932090062412104,3,0.7691987352791979,1.0,0.038160157608836065,-0.10969264305688184,0.30634896253003313,0.41604160558691494,1.3580643529880667,0.12191317951042731,0.11509146328450548,-1.1849785412883564,-1.1647578339532458,0.009900990099009901
shuffle_N_values,46,1.618033988749895,3.272664841643534,0.26765931236540497,0.7648878165370321,2.0180872629360245,2.9932090062412104,3,0.769198735279198,1.0,0.038160157608836065,-0.10969264305688184,0.30634896253003313,0.41604160558691494,1.3580643529880667,0.12558021841010772,0.11235852370166066,-1.1849664830771491,-1.1647578339532458,0.009900990099009901
shuffle_N_values,47,1.618033988749895,3.272664841643534,0.26765931236540497,0.7648878165370321,2.0180872629360245,2.9932090062412104,3,0.7691987352791981,1.0,0.038160157608836065,-0.10969264305688184,0.30634896253003313,0.41604160558691494,1.3580643529880667,0.13860730422719858,0.10923178514324698,-1.183014546369183,-1.1647578339532458,0.009900990099009901
shuffle_N_values,48,1.618033988749895,3.272664841643534,0.26765931236540497,0.7648878165370321,2.0180872629360245,2.9932090062412104,3,0.769198735279198,1.0,0.038160157608836065,-0.10969264305688184,0.30634896253003313,0.41604160558691494,1.3580643529880667,0.1196107533089217,0.1187369812881447,-1.1844206660339571,-1.1647578339532458,0.009900990099009901
shuffle_N_values,49,1.618033988749895,3.272664841643534,0.26765931236540497,0.7648878165370321,2.0180872629360245,2.9932090062412104,3,0.769198735279198,1.0,0.038160157608836065,-0.10969264305688184,0.30634896253003313,0.41604160558691494,1.3580643529880667,0.10548888894506493,0.12004116743101968,-1.1888693472403993,-1.1647578339532458,0.009900990099009901
shuffle_N_values,50,1.618033988749895,3.272664841643534,0.26765931236540497,0.7648878165370321,2.0180872629360245,2.9932090062412104,3,0.7691987352791979,1.0,0.038160157608836065,-0.10969264305688184,0.30634896253003313,0.41604160558691494,1.3580643529880667,0.1097293199007516,0.12676129421344834,-1.1857176518436812,-1.1647578339532458,0.009900990099009901
shuffle_N_values,51,1.618033988749895,3.272664841643534,0.26765931236540497,0.7648878165370321,2.0180872629360245,2.9932090062412104,3,0.7691987352791981,1.0,0.038160157608836065,-0.10969264305688184,0.30634896253003313,0.41604160558691494,1.3580643529880667,0.11249705023731918,0.1089705820025374,-1.1894969026977502,-1.1647578339532458,0.009900990099009901
shuffle_N_values,52,1.618033988749895,3.272664841643534,0.26765931236540497,0.7648878165370321,2.0180872629360245,2.9932090062412104,3,0.7691987352791982,1.0,0.038160157608836065,-0.10969264305688184,0.30634896253003313,0.41604160558691494,1.3580643529880667,0.13509618739494367,0.11334221345833244,-1.1818720861037715,-1.1647578339532458,0.009900990099009901
shuffle_N_values,53,1.618033988749895,3.272664841643534,0.2676593123654049,0.7648878165370321,2.0180872629360245,2.9932090062412104,3,0.769198735279198,1.0,0.038160157608836065,-0.10969264305688184,0.30634896253003313,0.41604160558691494,1.3580643529880667,0.11119216953805963,0.11666648713932018,-1.1877828677588207,-1.1647578339532458,0.009900990099009901
shuffle_N_values,54,1.618033988749895,3.272664841643534,0.2676593123654049,0.7648878165370321,2.0180872629360245,2.9932090062412104,3,0.769198735279198,1.0,0.038160157608836065,-0.10969264305688184,0.30634896253003313,0.41604160558691494,1.3580643529880667,0.10600121676054015,0.11643967387094527,-1.1894673196045298,-1.1647578339532458,0.009900990099009901
shuffle_N_values,55,1.618033988749895,3.272664841643534,0.26765931236540497,0.7648878165370321,2.0180872629360245,2.9932090062412104,3,0.7691987352791979,1.0,0.038160157608836065,-0.10969264305688184,0.30634896253003313,0.41604160558691494,1.3580643529880667,0.10993894126453965,0.13260736347794183,-1.1841573980306062,-1.1647578339532458,0.009900990099009901
shuffle_N_values,56,1.618033988749895,3.272664841643534,0.26765931236540497,0.7648878165370321,2.0180872629360245,2.9932090062412104,3,0.769198735279198,1.0,0.038160157608836065,-0.10969264305688184,0.30634896253003313,0.41604160558691494,1.3580643529880667,0.10915443053107086,0.1260362203609782,-1.186130649720929,-1.1647578339532458,0.009900990099009901
shuffle_N_values,57,1.618033988749895,3.272664841643534,0.26765931236540497,0.7648878165370321,2.0180872629360245,2.9932090062412104,3,0.7691987352791979,1.0,0.038160157608836065,-0.10969264305688184,0.30634896253003313,0.41604160558691494,1.3580643529880667,0.11306140444074707,0.1289324793179877,-1.1837419120103105,-1.1647578339532458,0.009900990099009901
shuffle_N_values,58,1.618033988749895,3.272664841643534,0.26765931236540497,0.7648878165370321,2.0180872629360245,2.9932090062412104,3,0.769198735279198,1.0,0.038160157608836065,-0.10969264305688184,0.30634896253003313,0.41604160558691494,1.3580643529880667,0.10973517996616618,0.11518768588185978,-1.1886120868313794,-1.1647578339532458,0.009900990099009901
shuffle_N_values,59,1.618033988749895,3.272664841643534,0.26765931236540497,0.7648878165370321,2.0180872629360245,2.9932090062412104,3,0.7691987352791979,1.0,0.038160157608836065,-0.10969264305688184,0.30634896253003313,0.41604160558691494,1.3580643529880667,0.11151016642197993,0.11701255182803975,-1.1875903029789505,-1.1647578339532458,0.009900990099009901
shuffle_N_values,60,1.618033988749895,3.272664841643534,0.26765931236540497,0.7648878165370321,2.0180872629360245,2.9932090062412104,3,0.769198735279198,1.0,0.038160157608836065,-0.10969264305688184,0.30634896253003313,0.41604160558691494,1.3580643529880667,0.10757734744284932,0.12562859156396897,-1.186859663612538,-1.1647578339532458,0.009900990099009901
shuffle_N_values,61,1.618033988749895,3.272664841643534,0.26765931236540497,0.7648878165370321,2.0180872629360245,2.9932090062412104,3,0.7691987352791979,1.0,0.038160157608836065,-0.10969264305688184,0.30634896253003313,0.41604160558691494,1.3580643529880667,0.116443787707717,0.11121628253180926,-1.1878345120705498,-1.1647578339532458,0.009900990099009901
shuffle_N_values,62,1.618033988749895,3.272664841643534,0.26765931236540497,0.7648878165370321,2.0180872629360245,2.9932090062412104,3,0.769198735279198,1.0,0.038160157608836065,-0.10969264305688184,0.30634896253003313,0.41604160558691494,1.3580643529880667,0.11062447178982183,0.13444613125392726,-1.1833635784225587,-1.1647578339532458,0.009900990099009901
shuffle_N_values,63,1.618033988749895,3.272664841643534,0.26765931236540497,0.7648878165370321,2.0180872629360245,2.9932090062412104,3,0.7691987352791981,1.0,0.038160157608836065,-0.10969264305688184,0.30634896253003313,0.41604160558691494,1.3580643529880667,0.10769285377983707,0.11695677670728208,-1.1888183507879717,-1.1647578339532458,0.009900990099009901
shuffle_N_values,64,1.618033988749895,3.272664841643534,0.26765931236540497,0.7648878165370321,2.0180872629360245,2.9932090062412104,3,0.7691987352791979,1.0,0.038160157608836065,-0.10969264305688184,0.30634896253003313,0.41604160558691494,1.3580643529880667,0.1490413856944351,0.11376199583806966,-1.1776524895634886,-1.1647578339532458,0.009900990099009901
shuffle_N_values,65,1.618033988749895,3.272664841643534,0.26765931236540497,0.7648878165370321,2.0180872629360245,2.9932090062412104,3,0.769198735279198,1.0,0.038160157608836065,-0.10969264305688184,0.30634896253003313,0.41604160558691494,1.3580643529880667,0.11266754186787836,0.11903264036941956,-1.1866608180292988,-1.1647578339532458,0.009900990099009901
shuffle_N_values,66,1.618033988749895,3.272664841643534,0.26765931236540497,0.7648878165370321,2.0180872629360245,2.9932090062412104,3,0.7691987352791979,1.0,0.038160157608836065,-0.10969264305688184,0.30634896253003313,0.41604160558691494,1.3580643529880667,0.12437373078791039,0.11500127459953942,-1.1842744513529282,-1.1647578339532458,0.009900990099009901
shuffle_N_values,67,1.618033988749895,3.272664841643534,0.26765931236540497,0.7648878165370321,2.0180872629360245,2.9932090062412104,3,0.769198735279198,1.0,0.038160157608836065,-0.10969264305688184,0.30634896253003313,0.41604160558691494,1.3580643529880667,0.10866982570157484,0.12300733796974926,-1.1870537578124103,-1.1647578339532458,0.009900990099009901
shuffle_N_values,68,1.618033988749895,3.272664841643534,0.26765931236540497,0.7648878165370321,2.0180872629360245,2.9932090062412104,3,0.769198735279198,1.0,0.038160157608836065,-0.10969264305688184,0.30634896253003313,0.41604160558691494,1.3580643529880667,0.1277986815786966,0.11372553472474602,-1.183783654756114,-1.1647578339532458,0.009900990099009901
shuffle_N_values,69,1.618033988749895,3.272664841643534,0.26765931236540497,0.7648878165370321,2.0180872629360245,2.9932090062412104,3,0.7691987352791979,1.0,0.038160157608836065,-0.10969264305688184,0.30634896253003313,0.41604160558691494,1.3580643529880667,0.11146922742843442,0.11578623508149506,-1.1879301799268225,-1.1647578339532458,0.009900990099009901
shuffle_N_values,70,1.618033988749895,3.272664841643534,0.26765931236540497,0.7648878165370321,2.0180872629360245,2.9932090062412104,3,0.7691987352791981,1.0,0.038160157608836065,-0.10969264305688184,0.30634896253003313,0.41604160558691494,1.3580643529880667,0.11127411813094379,0.11265459711356206,-1.1888189927416226,-1.1647578339532458,0.009900990099009901
shuffle_N_values,71,1.618033988749895,3.272664841643534,0.26765931236540497,0.7648878165370321,2.0180872629360245,2.9932090062412104,3,0.769198735279198,1.0,0.038160157608836065,-0.10969264305688184,0.30634896253003313,0.41604160558691494,1.3580643529880667,0.12285159396231744,0.12552124502960735,-1.1808058160124735,-1.1647578339532458,0.009900990099009901
shuffle_N_values,72,1.618033988749895,3.272664841643534,0.26765931236540497,0.7648878165370321,2.0180872629360245,2.9932090062412104,3,0.7691987352791981,1.0,0.038160157608836065,-0.10969264305688184,0.30634896253003313,0.41604160558691494,1.3580643529880667,0.10943679622394684,0.12598183107082975,-1.1860303799530518,-1.1647578339532458,0.009900990099009901
shuffle_N_values,73,1.618033988749895,3.272664841643534,0.26765931236540497,0.7648878165370321,2.0180872629360245,2.9932090062412104,3,0.769198735279198,1.0,0.038160157608836065,-0.10969264305688184,0.30634896253003313,0.41604160558691494,1.3580643529880667,0.12154433610511454,0.1222399672629829,-1.1825100023349167,-1.1647578339532458,0.009900990099009901
shuffle_N_values,74,1.618033988749895,3.272664841643534,0.2676593123654049,0.7648878165370321,2.0180872629360245,2.9932090062412104,3,0.769198735279198,1.0,0.038160157608836065,-0.10969264305688184,0.30634896253003313,0.41604160558691494,1.3580643529880667,0.10843266338151981,0.11529102275331574,-1.1889798620526544,-1.1647578339532458,0.009900990099009901
shuffle_N_values,75,1.618033988749895,3.272664841643534,0.26765931236540497,0.7648878165370321,2.0180872629360245,2.9932090062412104,3,0.769198735279198,1.0,0.038160157608836065,-0.10969264305688184,0.30634896253003313,0.41604160558691494,1.3580643529880667,0.12470268691471874,0.13247862777845934,-1.177353138891999,-1.1647578339532458,0.009900990099009901
shuffle_N_values,76,1.618033988749895,3.272664841643534,0.26765931236540497,0.7648878165370321,2.0180872629360245,2.9932090062412104,3,0.7691987352791979,1.0,0.038160157608836065,-0.10969264305688184,0.30634896253003313,0.41604160558691494,1.3580643529880667,0.11454989997477488,0.1309197197192154,-1.1825150802929478,-1.1647578339532458,0.009900990099009901
shuffle_N_values,77,1.618033988749895,3.272664841643534,0.2676593123654049,0.7648878165370321,2.0180872629360245,2.9932090062412104,3,0.7691987352791979,1.0,0.038160157608836065,-0.10969264305688184,0.30634896253003313,0.41604160558691494,1.3580643529880667,0.12524561087227412,0.11284245712205081,-1.184867046657158,-1.1647578339532458,0.009900990099009901
shuffle_N_values,78,1.618033988749895,3.272664841643534,0.26765931236540497,0.7648878165370321,2.0180872629360245,2.9932090062412104,3,0.7691987352791981,1.0,0.038160157608836065,-0.10969264305688184,0.30634896253003313,0.41604160558691494,1.3580643529880667,0.12979898866822848,0.11355215273006386,-1.1832843938874653,-1.1647578339532458,0.009900990099009901
shuffle_N_values,79,1.618033988749895,3.272664841643534,0.26765931236540497,0.7648878165370321,2.0180872629360245,2.9932090062412104,3,0.7691987352791981,1.0,0.038160157608836065,-0.10969264305688184,0.30634896253003313,0.41604160558691494,1.3580643529880667,0.1136162495899736,0.13183617641023002,-1.182671134131934,-1.1647578339532458,0.009900990099009901
shuffle_N_values,80,1.618033988749895,3.272664841643534,0.267659312365405,0.7648878165370321,2.0180872629360245,2.9932090062412104,3,0.769198735279198,1.0,0.038160157608836065,-0.10969264305688184,0.30634896253003313,0.41604160558691494,1.3580643529880667,0.1274977000737756,0.12533848881098528,-1.1790329737192002,-1.1647578339532458,0.009900990099009901
shuffle_N_values,81,1.618033988749895,3.272664841643534,0.26765931236540497,0.7648878165370321,2.0180872629360245,2.9932090062412104,3,0.7691987352791979,1.0,0.038160157608836065,-0.10969264305688184,0.30634896253003313,0.41604160558691494,1.3580643529880667,0.12335992144320027,0.11501120352816856,-1.1845743392834784,-1.1647578339532458,0.009900990099009901
shuffle_N_values,82,1.618033988749895,3.272664841643534,0.26765931236540497,0.7648878165370321,2.0180872629360245,2.9932090062412104,3,0.769198735279198,1.0,0.038160157608836065,-0.10969264305688184,0.30634896253003313,0.41604160558691494,1.3580643529880667,0.11364092719988383,0.11764509934295084,-1.1867305775479036,-1.1647578339532458,0.009900990099009901
shuffle_N_values,83,1.618033988749895,3.272664841643534,0.26765931236540497,0.7648878165370321,2.0180872629360245,2.9932090062412104,3,0.769198735279198,1.0,0.038160157608836065,-0.10969264305688184,0.30634896253003313,0.41604160558691494,1.3580643529880667,0.12961609121697026,0.1115220337564452,-1.1842225622349896,-1.1647578339532458,0.009900990099009901
shuffle_N_values,84,1.618033988749895,3.272664841643534,0.26765931236540497,0.7648878165370321,2.0180872629360245,2.9932090062412104,3,0.769198735279198,1.0,0.038160157608836065,-0.10969264305688184,0.30634896253003313,0.41604160558691494,1.3580643529880667,0.1068871177954567,0.11565355584023286,-1.1893658717702995,-1.1647578339532458,0.009900990099009901
shuffle_N_values,85,1.618033988749895,3.272664841643534,0.26765931236540497,0.7648878165370321,2.0180872629360245,2.9932090062412104,3,0.769198735279198,1.0,0.038160157608836065,-0.10969264305688184,0.30634896253003313,0.41604160558691494,1.3580643529880667,0.11140710369706966,0.12014066918754404,-1.1867912056271703,-1.1647578339532458,0.009900990099009901
shuffle_N_values,86,1.618033988749895,3.272664841643534,0.26765931236540497,0.7648878165370321,2.0180872629360245,2.9932090062412104,3,0.769198735279198,1.0,0.038160157608836065,-0.10969264305688184,0.30634896253003313,0.41604160558691494,1.3580643529880667,0.12581171522683665,0.12608546726139694,-1.1794016876366908,-1.1647578339532458,0.009900990099009901
shuffle_N_values,87,1.618033988749895,3.272664841643534,0.26765931236540497,0.7648878165370321,2.0180872629360245,2.9932090062412104,3,0.769198735279198,1.0,0.038160157608836065,-0.10969264305688184,0.30634896253003313,0.41604160558691494,1.3580643529880667,0.11203754535159535,0.11995240869860796,-1.1866232396346748,-1.1647578339532458,0.009900990099009901
shuffle_N_values,88,1.618033988749895,3.272664841643534,0.26765931236540497,0.7648878165370321,2.0180872629360245,2.9932090062412104,3,0.769198735279198,1.0,0.038160157608836065,-0.10969264305688184,0.30634896253003313,0.41604160558691494,1.3580643529880667,0.11163589303863276,0.12083999325765402,-1.186524199007843,-1.1647578339532458,0.009900990099009901
shuffle_N_values,89,1.618033988749895,3.272664841643534,0.26765931236540497,0.7648878165370321,2.0180872629360245,2.9932090062412104,3,0.7691987352791981,1.0,0.038160157608836065,-0.10969264305688184,0.30634896253003313,0.41604160558691494,1.3580643529880667,0.10875049042427978,0.11372299317872442,-1.1892618318068493,-1.1647578339532458,0.009900990099009901
shuffle_N_values,90,1.618033988749895,3.272664841643534,0.26765931236540497,0.7648878165370321,2.0180872629360245,2.9932090062412104,3,0.7691987352791979,1.0,0.038160157608836065,-0.10969264305688184,0.30634896253003313,0.41604160558691494,1.3580643529880667,0.1414467924185194,0.11096180460831506,-1.1813709611120466,-1.1647578339532458,0.009900990099009901
shuffle_N_values,91,1.618033988749895,3.272664841643534,0.267659312365405,0.7648878165370321,2.0180872629360245,2.9932090062412104,3,0.769198735279198,1.0,0.038160157608836065,-0.10969264305688184,0.30634896253003313,0.41604160558691494,1.3580643529880667,0.11810084969392577,0.11342056358083966,-1.1866726081185264,-1.1647578339532458,0.009900990099009901
shuffle_N_values,92,1.618033988749895,3.272664841643534,0.26765931236540497,0.7648878165370321,2.0180872629360245,2.9932090062412104,3,0.769198735279198,1.0,0.038160157608836065,-0.10969264305688184,0.30634896253003313,0.41604160558691494,1.3580643529880667,0.11409552638716156,0.11434007630872663,-1.187545285461355,-1.1647578339532458,0.009900990099009901
shuffle_N_values,93,1.618033988749895,3.272664841643534,0.26765931236540497,0.7648878165370321,2.0180872629360245,2.9932090062412104,3,0.769198735279198,1.0,0.038160157608836065,-0.10969264305688184,0.30634896253003313,0.41604160558691494,1.3580643529880667,0.11330795963639786,0.11878002172420501,-1.1865165245655698,-1.1647578339532458,0.009900990099009901
shuffle_N_values,94,1.618033988749895,3.272664841643534,0.26765931236540497,0.7648878165370321,2.0180872629360245,2.9932090062412104,3,0.7691987352791981,1.0,0.038160157608836065,-0.10969264305688184,0.30634896253003313,0.41604160558691494,1.3580643529880667,0.11035996555319894,0.12017658605562168,-1.187145994413577,-1.1647578339532458,0.009900990099009901
shuffle_N_values,95,1.618033988749895,3.272664841643534,0.26765931236540497,0.7648878165370321,2.0180872629360245,2.9932090062412104,3,0.7691987352791979,1.0,0.038160157608836065,-0.10969264305688184,0.30634896253003313,0.41604160558691494,1.3580643529880667,0.12274272420149632,0.11088232029507446,-1.1862953398801972,-1.1647578339532458,0.009900990099009901
shuffle_N_values,96,1.618033988749895,3.272664841643534,0.2676593123654049,0.7648878165370321,2.0180872629360245,2.9932090062412104,3,0.7691987352791979,1.0,0.038160157608836065,-0.10969264305688184,0.30634896253003313,0.41604160558691494,1.3580643529880667,0.11198384759244047,0.12389716517448054,-1.1855714320249102,-1.1647578339532458,0.009900990099009901
shuffle_N_values,97,1.618033988749895,3.272664841643534,0.26765931236540497,0.7648878165370321,2.0180872629360245,2.9932090062412104,3,0.7691987352791979,1.0,0.038160157608836065,-0.10969264305688184,0.30634896253003313,0.41604160558691494,1.3580643529880667,0.1296152979555809,0.11114406369509364,-1.1843877036489552,-1.1647578339532458,0.009900990099009901
shuffle_N_values,98,1.618033988749895,3.272664841643534,0.26765931236540497,0.7648878165370321,2.0180872629360245,2.9932090062412104,3,0.769198735279198,1.0,0.038160157608836065,-0.10969264305688184,0.30634896253003313,0.41604160558691494,1.3580643529880667,0.12186423640741889,0.13484210413434772,-1.1778076906689692,-1.1647578339532458,0.009900990099009901
shuffle_N_values,99,1.618033988749895,3.272664841643534,0.26765931236540497,0.7648878165370321,2.0180872629360245,2.9932090062412104,3,0.7691987352791981,1.0,0.038160157608836065,-0.10969264305688184,0.30634896253003313,0.41604160558691494,1.3580643529880667,0.11258061736704969,0.12426326199049097,-1.1852416298065942,-1.1647578339532458,0.009900990099009901
random_logN_distribution,0,1.618033988749895,3.2197128915300914,0.15875804272893254,0.8165461020457023,2.1370727861148846,2.990812763727588,4,0.887837483444491,0.896551724137931,0.5046299986074585,-0.1777010096335889,0.30634896253003313,0.484049972163622,1.580060752176263,0.09432425175930186,0.0988191654379946,-1.1935855112485778,-1.1647578339532458,0.7425742574257426
random_logN_distribution,1,1.618033988749895,2.915267325209042,0.1740821662338727,1.3338361037657842,2.779883216865467,3.4444856970470425,6,0.7241288922970692,0.896551724137931,0.7912138479192649,0.23155945074875509,0.30634896253003313,0.07478951178127805,0.24413176125558447,0.09713040884932367,0.09810316178639762,-0.13800085707513443,-1.1647578339532458,0.7425742574257426
random_logN_distribution,2,1.618033988749895,3.4526400467771072,0.08746692370369875,0.580060375319547,1.7281137925326862,2.502194517502816,6,0.8687649911641934,0.8620689655172413,0.05836444981787081,0.04827747677917045,0.30634896253003313,0.2580714857508627,0.8424101835355897,0.10582109096245568,0.10781231295798636,-1.2570464885471766,-1.1647578339532458,0.7425742574257426
random_logN_distribution,3,1.618033988749895,3.483005030268013,0.12785106498197216,0.4710784363968026,1.3886771849336599,2.2003715711190255,4,0.6955942836118647,0.8620689655172413,0.23526007227845824,-0.1615669325727388,0.30634896253003313,0.46791589510277193,1.5273950701135457,0.09544692579534464,0.09739757367448391,-1.5935163295412176,-1.1647578339532458,0.7425742574257426
random_logN_distribution,4,1.618033988749895,3.1550817542567393,0.20999451049045,0.9805430820511125,2.18628957909095,3.1669017837666766,4,0.6440827304666754,0.9655172413793104,0.031958199298076195,-0.060416316766528186,0.30634896253003313,0.36676527929656133,1.1972140407056389,0.08299148448707798,0.08976250851367056,-0.94391871645396,-1.1647578339532458,0.7425742574257426
random_logN_distribution,5,1.618033988749895,3.456974426745134,0.03630773399320503,0.6664432422534909,1.76234317471983,2.6385115836430395,5,0.7504461931770576,0.896551724137931,0.7474179366437909,0.18375827487471882,0.30634896253003313,0.1225906876553143,0.4001668118699636,0.11443574433196838,0.10114282571930622,-1.015367974219808,-1.1647578339532458,0.7425742574257426
random_logN_distribution,6,1.618033988749895,3.452640046777108,0.11636861880911259,0.5074695591306355,1.4930899088733631,2.391356148698054,5,0.7793230962350708,0.8620689655172413,0.1779021509805968,0.2204885131033415,0.30634896253003313,0.08586044942669163,0.2802700838860332,0.1097478315055466,0.1159249565597585,-1.0039701115373303,-1.1647578339532458,0.7425742574257426
random_logN_distribution,7,1.618033988749895,3.3485176326855948,0.15465084153369762,0.7127235044903912,1.986639660569958,2.9389715334626234,5,0.7531087927251086,0.896551724137931,0.5424216003810531,0.18050301076328656,0.30634896253003313,0.12584595176674657,0.4107928119861322,0.09271150435107765,0.08758141800695339,-0.9111950738794283,-1.1647578339532458,0.7425742574257426
random_logN_distribution,8,1.618033988749895,3.388008909503755,0.09326119322498574,0.9130628939795722,2.3147671667979743,3.049595358717832,5,0.8606956261374484,0.896551724137931,0.6838990513420983,0.18596806188905282,0.30634896253003313,0.12038090064098031,0.3929535117298747,0.08683807065365091,0.09662447335751226,-0.9638779583611816,-1.1647578339532458,0.7425742574257426
random_logN_distribution,9,1.618033988749895,3.2366172017257138,0.07162001254432238,1.1619692910402755,2.2709919796811007,2.932502870611803,6,0.961695620142983,0.8275862068965517,0.35760275427536237,0.11467892156342273,0.30634896253003313,0.1916700409666104,0.6256591809016486,0.0944805699869803,0.10259493963276733,-0.8226785325660662,-1.1647578339532458,0.7425742574257426
random_logN_distribution,10,1.618033988749895,3.3971352028310107,0.1642171054608917,0.659130614515155,1.619238852084624,2.483862624620179,7,0.5615821193227112,0.9310344827586207,0.21525711055595476,0.1525115788761749,0.30634896253003313,0.15383738365385824,0.5021638799862973,0.10186426080468197,0.11305039631753903,-1.0074667513066284,-1.1647578339532458,0.7425742574257426
random_logN_distribution,11,1.618033988749895,3.233173564825374,0.10607210338231422,0.9615814491853594,2.3689579225327795,3.2467886925827933,8,0.7530107054406322,1.0,0.148339592158228,0.09410253746635752,0.30634896253003313,0.2122464250636756,0.6928256694940427,0.1264205350489657,0.1046562923506132,-0.8188788516677341,-1.1647578339532458,0.7425742574257426
random_logN_distribution,12,1.618033988749895,3.2071429613024955,0.10284520680952199,1.4890429791617148,2.4531439734243876,3.2141524739879297,5,0.8957808167465686,0.8620689655172413,0.5982697876289822,0.11819920749071457,0.30634896253003313,0.18814975503931858,0.6141680829778334,0.11058205553855709,0.09440803335164992,-0.7558320788828233,-1.1647578339532458,0.7425742574257426
random_logN_distribution,13,1.618033988749895,2.9842328424504214,0.18149545202635778,1.0106058078759865,2.506160109857464,3.3584932806219747,4,0.7327874547790612,0.9310344827586207,0.39278328482954017,0.18671236379093548,0.30634896253003313,0.11963659873909765,0.3905239232770994,0.1041132628307799,0.1152201012312327,-0.2849984204695605,-1.1647578339532458,0.7425742574257426
random_logN_distribution,14,1.618033988749895,3.2071429613024955,0.20713141264330442,1.0809261398755416,2.183221482678624,3.113886851454325,6,0.9055609942491762,0.9310344827586207,0.7461466980725744,-0.1822688918899394,0.30634896253003313,0.4886178544199725,1.5949714677818454,0.09915911829267404,0.08980744863086068,-1.1789151573217471,-1.1647578339532458,0.7425742574257426
random_logN_distribution,15,1.618033988749895,3.3190433922623765,0.17944644741942084,0.8349965321040793,2.0275569123652066,2.91236064019382,8,0.8064192934018347,0.9655172413793104,0.1371921737152414,0.13359138475745416,0.30634896253003313,0.17275757777257897,0.5639241482844668,0.09419922037362147,0.10201016953744635,-0.9271408051019024,-1.1647578339532458,0.7425742574257426
random_logN_distribution,16,1.618033988749895,3.2592041683482518,0.12441530973722582,1.0697393565769184,2.190752175405663,3.119441376022491,4,0.8478014075680421,0.9310344827586207,0.6879211938146097,-0.24604450888622792,0.30634896253003313,0.552393471416261,1.8031511086384266,0.0978659363459762,0.09945894518107933,-1.3329109870965867,-1.1647578339532458,0.7425742574257426
random_logN_distribution,17,1.618033988749895,3.3745482362084727,0.2177673234822559,0.7802271613291718,1.9816464179927031,2.723396455379968,4,1.0144028990128084,0.8275862068965517,0.8283074143966102,0.050544701091523384,0.30634896253003313,0.25580426143850976,0.8350093936206224,0.13182048301057553,0.11112592300303524,-1.0306716342937348,-1.1647578339532458,0.7425742574257426
random_logN_distribution,18,1.618033988749895,3.4864486671683528,0.12048070702840843,0.6560597553374174,1.797319206609828,2.511893368881518,6,0.9158219513226625,0.9655172413793104,0.46535737334726035,0.13922446251465243,0.30634896253003313,0.1671245000153807,0.5455363668776797,0.1016342846675225,0.10114402716727532,-1.154770297121125,-1.1647578339532458,0.7425742574257426
random_logN_distribution,19,1.618033988749895,3.319043392262376,0.3164581429787628,0.862398723493599,1.9118023993191726,2.8980710039032003,5,0.963538425860429,0.7586206896551724,0.6994220689607756,0.12410043644118655,0.30634896253003313,0.18224852608884656,0.5949049886890989,0.09219137373990015,0.09059634763315473,-0.9450275552287095,-1.1647578339532458,0.7425742574257426
random_logN_distribution,20,1.618033988749895,3.141621080961457,0.3309183529441724,1.0813174473867222,2.5666470209701755,3.2567944073897235,6,0.7222768666033929,0.8620689655172413,0.6853101974515605,0.2320485111161896,0.30634896253003313,0.07430045141384353,0.2425353453141185,0.10340992244918355,0.09785269479006187,-0.49324692422607275,-1.1647578339532458,0.7425742574257426
random_logN_distribution,21,1.618033988749895,3.28523477187113,0.1745404746515458,0.7341270908007189,2.0552789458570326,3.057023019913846,5,0.7960881100045378,0.9655172413793104,0.15938226941483213,-0.09120568637086789,0.30634896253003313,0.39755464890090103,1.2977182805439613,0.116058436690749,0.11896598621572162,-1.1501861715396,-1.1647578339532458,0.7425742574257426
random_logN_distribution,22,1.618033988749895,3.141621080961457,0.24112662358199385,1.0622124744974473,2.1927883538708928,2.9290276973913976,4,0.8907495258303432,0.8275862068965517,0.7598284222310434,-0.12492634109002543,0.30634896253003313,0.43127530362005856,1.4077909716367267,0.10491050882998885,0.1032260416444142,-0.980909431656387,-1.1647578339532458,0.7425742574257426
random_logN_distribution,23,1.618033988749895,3.4174831499269738,0.060920021668855885,0.6295201679922782,1.784615596624731,2.7291562386301513,6,0.873904101573277,0.8275862068965517,0.826211330005296,-0.1408701254610414,0.30634896253003313,0.44721908799107457,1.4598354905387712,0.12412327656930079,0.1052329139112077,-1.3976853543841767,-1.1647578339532458,0.7425742574257426
random_logN_distribution,24,1.618033988749895,3.276108478543875,0.14810755310552834,0.5761162645750746,1.5322456002660585,2.37576193737576,4,0.952238506426167,0.7586206896551724,0.6105118260093632,0.1201947734657526,0.30634896253003313,0.18615418906428055,0.6076540541443185,0.11082908234679757,0.10886356968153126,-0.8710103728726629,-1.1647578339532458,0.7425742574257426
random_logN_distribution,25,1.618033988749895,3.276108478543875,0.22102194691703814,0.7797231352010838,2.190832044627872,2.8708358045308406,5,0.6698418327196236,1.0,0.5903582013740629,-0.13225261583856007,0.30634896253003313,0.4386015783685932,1.4317057735281038,0.11479050133607718,0.09929631255953149,-1.1581960084607341,-1.1647578339532458,0.7425742574257426
random_logN_distribution,26,1.618033988749895,3.167651684484335,0.33264215842702566,0.9163477044091288,2.2319207578448017,3.0561680841186556,6,0.8586988027261881,0.8275862068965517,0.19768324448521524,0.1188739974436161,0.30634896253003313,0.18747496508641703,0.6119653989950685,0.09733948753692569,0.09310910514198381,-0.7133347144733239,-1.1647578339532458,0.7425742574257426
random_logN_distribution,27,1.618033988749895,3.3711045993081323,0.09079067879592255,0.4862630674950261,1.3847751952498601,2.2411671720062487,5,0.7592729534006452,0.9655172413793104,0.7863196191035946,0.20279834826009469,0.30634896253003313,0.10355061426993845,0.338015227519456,0.08770757471094114,0.08443414781618863,-0.9184308895755695,-1.1647578339532458,0.7425742574257426
random_logN_distribution,28,1.618033988749895,3.400578839731351,0.28249260544408744,0.9206980851113087,2.1755495956875865,3.109845756834583,4,0.787774514242136,0.9655172413793104,0.2364830897568131,0.21362973230690843,0.30634896253003313,0.0927192302231247,0.302658868035288,0.09830621397543948,0.11212379674487191,-0.928261122978303,-1.1647578339532458,0.7425742574257426
random_logN_distribution,29,1.618033988749895,3.4526400467771077,0.08605745588625403,0.5452923844249566,1.4423541010428718,2.2906221881895625,9,0.7485043696007403,0.896551724137931,0.6526962878478584,-0.18728054427091503,0.30634896253003313,0.4936295068009482,1.6113307605948066,0.09079721552999703,0.08988882534307956,-1.5811420801544005,-1.1647578339532458,0.7425742574257426
random_logN_distribution,30,1.618033988749895,3.150747374288712,0.2957090183178221,0.8148153236392011,2.053279676985642,2.931592803939632,5,0.9278524955762594,0.8275862068965517,0.3341788870849213,-0.11198026579417428,0.30634896253003313,0.4183292283242074,1.3655317284882145,0.10591178279095771,0.09615859601868891,-0.9990749215008492,-1.1647578339532458,0.7425742574257426
random_logN_distribution,31,1.618033988749895,3.259204168348252,0.17669847872032388,0.7428097806325479,1.7733961409212307,2.6854323463446113,3,0.8716563485895229,0.9310344827586207,0.7532513406100627,0.0851899677685996,0.30634896253003313,0.22115899476143352,0.7219185367397876,0.10642420960771265,0.12415621102597271,-0.7726453091733104,-1.1647578339532458,0.7425742574257426
random_logN_distribution,32,1.618033988749895,3.2071429613024955,0.07472444113413561,0.9008110908242843,2.1347478166557385,3.0247988583605023,6,0.7860547351987207,0.8620689655172413,0.021279416655053174,-0.05882569162116837,0.30634896253003313,0.3651746541512015,1.1920218405028917,0.11358387143176926,0.10120084363791722,-1.0220353970575757,-1.1647578339532458,0.7425742574257426
random_logN_distribution,33,1.618033988749895,3.374548236208473,0.2367860402066874,0.5720683020547588,1.6569996631864319,2.5287091459178024,3,0.8367223569469616,0.9310344827586207,0.9382072343745744,-0.13903969168021554,0.30634896253003313,0.44538865421024865,1.4538604946853204,0.10811420085483388,0.11443843677541349,-1.2608934368626428,-1.1647578339532458,0.7425742574257426
random_logN_distribution,34,1.618033988749895,3.236617201725714,0.05624562171809524,1.0079090545633105,2.234821833401233,3.1051660416564553,6,0.6300530220402935,0.9310344827586207,0.031784010191806655,0.09512853590937854,0.30634896253003313,0.2112204266206546,0.6894765527399084,0.0956373486677326,0.10627552500858316,-0.8553723709322603,-1.1647578339532458,0.7425742574257426
random_logN_distribution,35,1.618033988749895,3.4005788397313514,0.029023027328777217,0.7957097390841232,1.9550963617420205,2.6826181265911186,5,0.6334837961307415,0.7931034482758621,0.22391021883732132,0.27614891500310207,0.30634896253003313,0.030200047526931062,0.09858054447946883,0.09257989129628051,0.10470333265114513,-0.8616734960391291,-1.1647578339532458,0.7425742574257426
random_logN_distribution,36,1.618033988749895,3.112146840538238,0.18712537752696118,0.9500038206782726,2.243776780821987,2.9126015288289695,7,0.7639331438104913,0.896551724137931,0.0386383804197733,-0.08318357851023978,0.30634896253003313,0.3895325410402729,1.2715321045100154,0.09454752133183669,0.0829999486353887,-0.9079383999772612,-1.1647578339532458,0.7425742574257426
random_logN_distribution,37,1.618033988749895,3.168542427552021,0.05633588748220958,1.013016164783477,2.3443820409020875,3.1218017273497463,6,0.9461372962297344,0.9310344827586207,0.21024243324111536,-0.15822201264610447,0.30634896253003313,0.4645709751761376,1.5164764108858149,0.09643358926336217,0.11417052355049405,-1.0839711050542482,-1.1647578339532458,0.7425742574257426
random_logN_distribution,38,1.618033988749895,3.3585346690805364,0.1624275049417189,0.8783285100969912,1.8555385478410855,2.6269823349202372,6,0.9943588001604037,0.9310344827586207,0.3625347872822564,0.1188084990795916,0.30634896253003313,0.18754046345044154,0.6121792021151561,0.10242512219551164,0.10057752217352635,-0.9930774583699621,-1.1647578339532458,0.7425742574257426
random_logN_distribution,39,1.618033988749895,3.4005788397313514,0.11931797163739809,0.6849002428141491,1.9644869595927128,2.9699705063414314,5,0.7585931225685918,0.896551724137931,0.14552616617331338,0.1971410294625552,0.30634896253003313,0.10920793306747792,0.35648213777375415,0.11749365856940691,0.11210667426299607,-0.9512743442996827,-1.1647578339532458,0.7425742574257426
random_logN_distribution,40,1.618033988749895,3.134733807160776,0.04575314303410928,0.97340954461377,2.160029938848271,3.083831165265628,6,0.7085453860937534,1.0,0.6792661946359677,0.26314588279339,0.30634896253003313,0.04320307973664311,0.14102570930824573,0.10440844424034755,0.09860301122200749,-0.409277663495856,-1.1647578339532458,0.7425742574257426
random_logN_distribution,41,1.618033988749895,3.443513753449852,0.0337708699760325,0.6555166841196192,1.6880411718951183,2.580351402750651,5,0.7975400296932678,0.8620689655172413,0.053942283811778236,0.09651037444550592,0.30634896253003313,0.2098385880845272,0.6849658844983212,0.10763328985433131,0.12702089459017535,-1.17295786154888,-1.1647578339532458,0.7425742574257426
random_logN_distribution,42,1.618033988749895,3.095242530342615,0.27535581561505146,0.677556844105565,1.8446568794723373,2.8338062918124547,7,0.7969237049331767,0.7931034482758621,0.45700396372677665,-0.24163483755586168,0.30634896253003313,0.5479838000858948,1.7887568332540795,0.09947907162223849,0.10378380665858863,-1.0906840782260172,-1.1647578339532458,0.7425742574257426
random_logN_distribution,43,1.618033988749895,3.1507473742887124,0.3868394810484989,0.8856550352352786,2.260912943760259,3.310599850381746,6,0.6308710574121786,0.9310344827586207,0.3561580306957367,0.45621221692970876,0.30634896253003313,0.14986325439967563,0.48919132339148585,0.11899785118179698,0.09455022962468024,-0.610210837643621,-1.1647578339532458,0.7425742574257426
random_logN_distribution,44,1.618033988749895,3.2071429613024955,0.1721361053018744,1.3121278527769151,2.4465250572505637,3.322234729379395,4,0.7244107452972028,0.896551724137931,0.622137008383105,-0.14376716115587293,0.30634896253003313,0.45011612368590603,1.4692921430794093,0.09940280453822306,0.10831640258527443,-1.1012037983131964,-1.1647578339532458,0.7425742574257426
random_logN_distribution,45,1.618033988749895,3.069211926819737,0.27903147097265096,1.031332336632675,2.404536078504274,3.5441805175770424,6,0.7503926837419752,0.9655172413793104,0.1519519288873763,-0.1218999634966017,0.30634896253003313,0.42824892602663484,1.3979121146351234,0.09386773407243777,0.10984680007000297,-0.884468467212873,-1.1647578339532458,0.7425742574257426
random_logN_distribution,46,1.618033988749895,3.388008909503755,0.1048818580781446,0.6088550123210426,1.7685722968710962,2.6896062582927573,4,0.9871377213475733,0.7931034482758621,0.07626249072015301,-0.10052959999946258,0.30634896253003313,0.4068785625294957,1.3281538777517718,0.10739796695815546,0.11703435720751258,-1.361283553745802,-1.1647578339532458,0.7425742574257426
random_logN_distribution,47,1.618033988749895,3.486448667168353,0.14179291358245336,0.5672457734556122,1.5419772917013195,2.414347614136995,5,0.8595612867301922,0.8275862068965517,0.03453201272043882,0.05962938435706583,0.30634896253003313,0.2467195781729673,0.8053547044370355,0.09987031406257547,0.10323790620077329,-1.2974330748101985,-1.1647578339532458,0.7425742574257426
random_logN_distribution,48,1.618033988749895,3.1507473742887124,0.2878947324724436,1.0763647222571353,2.4898606123007556,3.324370625029529,5,0.7214292069038485,0.896551724137931,0.10013525807101775,0.2128184656805002,0.30634896253003313,0.09353049684953293,0.3053070461773266,0.10040167384742296,0.11134302122200788,-0.5520634582934909,-1.1647578339532458,0.7425742574257426
random_logN_distribution,49,1.618033988749895,3.1845559946799575,0.18094206239782756,1.1392205920065868,2.0411686022768167,2.7816187615064605,5,0.7674538852299072,0.896551724137931,0.1981198031832817,-0.10095757270143163,0.30634896253003313,0.40730653523146476,1.3295508882016671,0.12420272501227611,0.1038156818001214,-1.0201615126206947,-1.1647578339532458,0.7425742574257426
random_logN_distribution,50,1.618033988749895,3.3450739957852544,0.045348974719113755,1.1553516488787379,2.240482158997716,3.0396487271023296,5,0.637124785788911,0.9655172413793104,0.07225578097502416,0.08399279311854939,0.30634896253003313,0.22235616941148373,0.7258264156506973,0.11718468717766083,0.09952539673571599,-1.0340554868644478,-1.1647578339532458,0.7425742574257426
random_logN_distribution,51,1.618033988749895,3.1796694619187065,0.33591039601253886,0.6387675681122271,1.8356711272468211,2.802484541960572,3,0.9011473107684637,0.8620689655172413,0.2653332713918469,-0.08126567541648827,0.30634896253003313,0.3876146379465214,1.2652715868379065,0.12422821033959486,0.13819505178734115,-0.9372670103397767,-1.1647578339532458,0.7425742574257426
random_logN_distribution,52,1.618033988749895,3.345073995785254,0.050894356474862984,0.7586709358676145,1.9144395053369423,2.873732492924031,4,0.7851998151492686,0.8275862068965517,0.3715129794033367,0.17122781803835782,0.30634896253003313,0.1351211444916753,0.44106937192068546,0.115821201845394,0.10181464718562952,-0.9011938721398103,-1.1647578339532458,0.7425742574257426
random_logN_distribution,53,1.618033988749895,3.0002464095783576,0.31107220864484797,1.0248020964521265,2.211535864221478,3.254503868972974,4,0.7058931086560475,0.9310344827586207,0.7047503574433817,-0.16974752965086104,0.30634896253003313,0.47609649218089417,1.5540985947821506,0.09439763480300241,0.1034659450367233,-0.8215081023102189,-1.1647578339532458,0.7425742574257426
random_logN_distribution,54,1.618033988749895,3.440070116549512,0.16930319862820337,0.6764898346674268,1.852903696574792,2.83385394343314,6,0.675744925517891,0.9655172413793104,0.011532827199353335,0.0976002925823643,0.30634896253003313,0.20874866994766883,0.6814081178003141,0.10268298182802654,0.09907292775325004,-1.1724367150487716,-1.1647578339532458,0.7425742574257426
random_logN_distribution,55,1.618033988749895,3.3155997553620358,0.14491637820732478,0.8055653899660626,2.10478977827247,3.146098682864446,7,0.6377174274829034,0.9655172413793104,0.07735235533613005,-0.2483384261041747,0.30634896253003313,0.5546873886342079,1.8106390309052498,0.0941221008762702,0.1301285970997574,-1.4469313048665815,-1.1647578339532458,0.7425742574257426
random_logN_distribution,56,1.618033988749895,3.4140395130266334,0.20657525444723682,0.4844943639829211,1.391702545999704,2.133464899581763,6,0.802616165968704,0.8620689655172413,0.47012901053826783,-0.15078702328349963,0.30634896253003313,0.45713598581353276,1.4922067371738434,0.0880935223858647,0.09119354822141112,-1.473071367054183,-1.1647578339532458,0.7425742574257426
random_logN_distribution,57,1.618033988749895,3.319043392262376,0.1074440018001303,0.6314063705542481,1.5857773436361329,2.4819626428864714,6,0.8323901284048921,0.8620689655172413,0.0012933047781943374,-0.009274927972124652,0.30634896253003313,0.3156238905021578,1.0302756957148675,0.09678628294094867,0.09262902761010965,-1.1307628184999214,-1.1647578339532458,0.7425742574257426
random_logN_distribution,58,1.618033988749895,3.4140395130266334,0.21711053563724467,0.6442316930567493,1.6601230096073736,2.468600581934567,4,0.9038376235551414,0.9310344827586207,0.013290652534697633,0.07004700249829436,0.30634896253003313,0.23630196003173876,0.7713489808491606,0.09695830899047933,0.11230734778930777,-1.1694006546768367,-1.1647578339532458,0.7425742574257426
random_logN_distribution,59,1.618033988749895,3.345073995785254,0.17055962307327102,0.8080202138666532,2.0419274674555266,2.6881083905169474,5,0.8780223998484504,0.9310344827586207,0.12146181222203611,0.10990271608988687,0.30634896253003313,0.19644624644014624,0.6412499158402977,0.08940698217945871,0.09352864388148958,-1.0055145167311987,-1.1647578339532458,0.7425742574257426
random_logN_distribution,60,1.618033988749895,3.0382947905356072,0.28224144797723505,1.0445433632341676,2.3944764371624334,3.4452376774027775,7,0.7367968092784192,0.8275862068965517,0.027039627611722628,-0.10032173024321332,0.30634896253003313,0.40667069277324647,1.3274753386291565,0.09112792877637955,0.09055627954990683,-0.8154704562235975,-1.1647578339532458,0.7425742574257426
random_logN_distribution,61,1.618033988749895,3.276108478543875,0.15646625476170062,1.047487934170369,1.96272674158737,2.62040834485527,5,0.945491802175824,0.9655172413793104,0.3128664191164634,-0.18733813288424014,0.30634896253003313,0.49368709541427325,1.6115187443008698,0.08791628455853286,0.08635701514635408,-1.3082336714573843,-1.1647578339532458,0.7425742574257426
random_logN_distribution,62,1.618033988749895,3.4435137534498517,0.11435782726675102,0.6347106734368828,1.6986651477995456,2.4899055611491723,2,0.7906611056193139,0.896551724137931,0.6850405098571872,0.19895167710005318,0.30634896253003313,0.10739728542997995,0.3505717288644357,0.11466088456256801,0.12296248525813384,-0.9056867533589521,-1.1647578339532458,0.7425742574257426
random_logN_distribution,63,1.618033988749895,3.1902386511068728,0.12725982869470556,1.4750720135790045,2.6174389121918717,3.4009890111821175,5,0.7516707900500514,0.9310344827586207,0.5693121464275621,0.1644860586247519,0.30634896253003313,0.14186290390528122,0.4630761688686104,0.08917875933791157,0.08952741200982363,-0.6842040793158187,-1.1647578339532458,0.7425742574257426
random_logN_distribution,64,1.618033988749895,3.2466342381206563,0.056007541808962606,0.9907629560923432,2.0553483184238655,2.92821671378409,8,0.7955672929681121,0.9310344827586207,0.05743771443047463,0.09608791303984947,0.30634896253003313,0.21026104949018365,0.6863449046920489,0.10073574687662326,0.10162858825759835,-0.8680077816718148,-1.1647578339532458,0.7425742574257426
random_logN_distribution,65,1.618033988749895,3.193682288007213,0.2380232732225218,1.0171850685051398,2.1806223986835302,3.058384781474069,5,0.7657693332744545,0.896551724137931,0.026384645487904534,-0.05483499303974914,0.30634896253003313,0.3611839555697823,1.1789951974600643,0.09630251107378791,0.08925088101235389,-0.9964972919331145,-1.1647578339532458,0.7425742574257426
random_logN_distribution,66,1.618033988749895,3.236617201725714,0.18645286901219066,1.1250705348622756,2.1324118347566876,2.8786969411527012,4,0.929402921991458,0.896551724137931,0.6497158674324561,0.1649202580501336,0.30634896253003313,0.14142870447989953,0.4616588328287042,0.11330156830436272,0.1126158115493956,-0.6712567362934648,-1.1647578339532458,0.7425742574257426
random_logN_distribution,67,1.618033988749895,3.245191342259745,0.1662328980159127,0.7959186243754699,1.958074623583291,3.0240864306883988,7,0.7741067568852563,0.8275862068965517,0.0025041848917112253,-0.021287454380592808,0.30634896253003313,0.32763641691062595,1.0694876006916652,0.09776600874333863,0.10006919573925027,-1.0313297699960895,-1.1647578339532458,0.7425742574257426
random_logN_distribution,68,1.618033988749895,3.443513753449852,0.1922796164749996,0.5958363921743626,1.6143282996632056,2.350326878262262,6,0.9303912260129863,0.8275862068965517,0.3846676942934808,-0.24292434309396935,0.30634896253003313,0.5492733056240025,1.7929661033866047,0.09322497894071648,0.10015264848913834,-1.6428497510464002,-1.1647578339532458,0.7425742574257426
random_logN_distribution,69,1.618033988749895,3.3485176326855948,0.18959113741358363,0.7920620926807351,2.0383518748092575,2.9379287028301846,5,0.8699591571713677,0.9655172413793104,0.29061526941784555,0.1010130318566719,0.30634896253003313,0.20533593067336123,0.6702680791785968,0.1092092632440408,0.10040330032246253,-0.9962514932112978,-1.1647578339532458,0.7425742574257426
random_logN_distribution,70,1.618033988749895,3.1767779778115908,0.23009763833037045,0.8088749605015311,2.311983840511396,3.1267867364767072,5,0.9265293393877168,0.896551724137931,0.30170151667012435,-0.18863763880330522,0.30634896253003313,0.4949866013333384,1.6157606581899622,0.10113053353210828,0.0961265857114988,-1.1441178898023925,-1.1647578339532458,0.7425742574257426
random_logN_distribution,71,1.618033988749895,3.2240472714981183,0.12334212833351865,0.7485455460492405,1.986918755624378,2.827599493307722,4,0.8174868505567233,0.896551724137931,0.551738091299969,0.20897379938645166,0.30634896253003313,0.09737516314358147,0.31785700313587717,0.0946001110236071,0.10271067054609792,-0.6607184446221519,-1.1647578339532458,0.7425742574257426
random_logN_distribution,72,1.618033988749895,3.082672600115019,0.20931447479059279,1.0845173914088813,2.663271379392352,3.4360995614010714,6,0.6923375550571651,1.0,0.6690857970695401,-0.12347984202297443,0.30634896253003313,0.42982880455300754,1.403069235172843,0.09530398501581382,0.09086756540214243,-0.9014158166713231,-1.1647578339532458,0.7425742574257426
random_logN_distribution,73,1.618033988749895,3.2535215119213374,0.12084025831060935,0.728287870728229,1.7977073710656903,2.6457845032954914,6,0.6597226955741731,0.8620689655172413,0.783323559366061,0.3109130341819963,0.30634896253003313,0.004564071651963153,0.01489827683524703,0.09182147333505813,0.10040188076299864,-0.5833848257440791,-1.1647578339532458,0.7425742574257426
random_logN_distribution,74,1.618033988749895,3.3711045993081328,0.15898748422587292,0.6401381252920042,1.7365646177724954,2.6446820298446805,4,0.8289293366413185,0.8275862068965517,0.7398980567049108,0.09869927609218739,0.30634896253003313,0.20764968643784576,0.6778207594467981,0.12183361004897543,0.11932401823509664,-0.9673522108684995,-1.1647578339532458,0.7425742574257426
random_logN_distribution,75,1.618033988749895,3.3914525464040954,0.20648394769971185,0.5340039190729877,1.556558009434037,2.4867888671203953,4,0.8638214840423757,0.7586206896551724,0.07881897458804332,-0.17493159219378573,0.30634896253003313,0.48128055472381887,1.5710206776908415,0.08334326038166445,0.09979779277520416,-1.4733483784642147,-1.1647578339532458,0.7425742574257426
random_logN_distribution,76,1.618033988749895,3.276108478543875,0.0882015020131505,0.961574342812922,2.41702878466102,3.1221645525864488,4,0.823612960743042,0.8275862068965517,0.5081650015375775,0.2641309886306376,0.30634896253003313,0.04221797389939552,0.13781007629577546,0.10769141046207158,0.11724653688458608,-0.6460992391523372,-1.1647578339532458,0.7425742574257426
random_logN_distribution,77,1.618033988749895,3.4864486671683537,0.0632229424199315,0.6122426759654742,1.5977527333237465,2.2881213585805624,4,0.834738954598181,0.8620689655172413,0.519107677868208,-0.2043160278082298,0.30634896253003313,0.510664990338263,1.666938859922529,0.09164460438640151,0.0982901447306276,-1.654732890064579,-1.1647578339532458,0.7425742574257426
random_logN_distribution,78,1.618033988749895,3.2457434950529698,0.2550659302099299,0.959532244746006,2.185097904051974,3.2294610641055463,5,0.8280428605757233,0.896551724137931,0.4634565326556488,-0.14436102834796205,0.30634896253003313,0.4507099908779952,1.4712306748347794,0.10264063827569554,0.11097553863884155,-1.1632208102674548,-1.1647578339532458,0.7425742574257426
random_logN_distribution,79,1.618033988749895,3.1072603077769867,0.08747522295685299,0.8582903013044376,2.101689266295787,3.0536190383038457,6,0.7463450106220656,0.8620689655172413,0.582589768748172,-0.14115243827864768,0.30634896253003313,0.44750140080868084,1.4607570305213935,0.09651370913110886,0.09836396833987837,-0.965501562972205,-1.1647578339532458,0.7425742574257426
random_logN_distribution,80,1.618033988749895,3.3055827189670937,0.2600115496207898,0.7967863196984855,2.013775278066248,3.0486846391710154,6,0.7005150725499965,0.9310344827586207,0.010543048939563926,-0.06719777821541593,0.30634896253003313,0.3735467407454491,1.21935043507395,0.09610803445864843,0.10428211750795321,-1.189121611978607,-1.1647578339532458,0.7425742574257426
random_logN_distribution,81,1.618033988749895,3.3450739957852544,0.245655804659911,0.7682277155739294,1.8985929428749855,2.72526588524889,5,0.6627128430078695,0.9310344827586207,0.38537369731294935,-0.297402884554427,0.30634896253003313,0.6037518470844601,1.9707977533146397,0.09514168623225072,0.1067366453727408,-1.5492659286066703,-1.1647578339532458,0.7425742574257426
random_logN_distribution,82,1.618033988749895,3.296456425639838,0.20034267390939414,1.1655210289146822,2.1994352497178378,2.8254017622499408,7,0.737314287392581,0.9310344827586207,0.47498850191881525,0.16064072702594215,0.30634896253003313,0.14570823550409098,0.47562829754909447,0.11981471484873207,0.11039310024295461,-0.7724210975642771,-1.1647578339532458,0.7425742574257426
random_logN_distribution,83,1.618033988749895,3.3485176326855943,0.11430486166709061,0.9144278127453122,2.1145278031296795,3.0130449928051837,7,0.6727736530662284,0.9310344827586207,0.4763692484755192,0.25910942505375845,0.30634896253003313,0.047239537476274684,0.15420172174287525,0.1051472843802414,0.11099382742593687,-0.7519452759292119,-1.1647578339532458,0.7425742574257426
random_logN_distribution,84,1.618033988749895,3.3745482362084727,0.09885245536678647,0.8999117784704687,1.9817481228109635,2.7635045966545,6,0.6429685564514663,0.9310344827586207,0.05005658391720125,0.10777286809411352,0.30634896253003313,0.19857609443591961,0.6482022749349186,0.10480568439823537,0.09951926391767936,-1.0529400403179339,-1.1647578339532458,0.7425742574257426
random_logN_distribution,85,1.618033988749895,3.2930127887394978,0.143074889958941,0.6583213327030006,1.8530178188445863,2.9072317135241503,6,0.80414962521596,0.9655172413793104,0.05221202916704282,0.11059991464424997,0.30634896253003313,0.19574904788578318,0.6389740845510218,0.09553725987309565,0.09499385805577544,-0.922607768347127,-1.1647578339532458,0.7425742574257426
random_logN_distribution,86,1.618033988749895,3.134733807160776,0.147084983167792,0.959461106100095,2.389857586762893,3.3759742174191762,4,0.851528205214314,0.9310344827586207,0.7338996002812066,0.1279581383321547,0.30634896253003313,0.17839082419787844,0.582312480266323,0.11677867531711511,0.10847100330658993,-0.5355197886318457,-1.1647578339532458,0.7425742574257426
random_logN_distribution,87,1.618033988749895,3.2071429613024955,0.26091415932588213,0.7563156648763476,1.9904964479671474,2.842740404577846,6,0.8722108303911769,0.8620689655172413,0.005162685118530352,-0.03708525635700974,0.30634896253003313,0.34343421888704284,1.1210555963719773,0.08994792349939305,0.0928434380400799,-0.993410529306475,-1.1647578339532458,0.7425742574257426
random_logN_distribution,88,1.618033988749895,3.276108478543875,0.2229990293245425,0.6019948965837041,1.6625503150727043,2.5180775486212603,7,0.8337270712351605,0.9310344827586207,0.0667215571389127,-0.07437848871280058,0.30634896253003313,0.3807274512428337,1.2427900786688932,0.08716549396315167,0.09774910349376517,-1.1525351601936524,-1.1647578339532458,0.7425742574257426
random_logN_distribution,89,1.618033988749895,3.2669821852166194,0.29988291513103693,0.6637303893258486,1.8848259493260349,2.848169880018279,6,0.9375832455119614,0.8620689655172413,0.5555212617766554,0.20454071246944058,0.30634896253003313,0.10180825006059255,0.3323277128794314,0.09417661642956303,0.09739151294816324,-0.7426635430136301,-1.1647578339532458,0.7425742574257426
random_logN_distribution,90,1.618033988749895,3.253521511921337,0.14626689862346878,0.9547478510236562,2.0602806013755024,2.959563502282471,5,0.8831393905573701,0.9655172413793104,0.23157201098329117,0.09660780220950141,0.30634896253003313,0.20974116032053172,0.684647855792786,0.11065550147552279,0.11058489269524009,-0.8436688217344939,-1.1647578339532458,0.7425742574257426
random_logN_distribution,91,1.618033988749895,3.331613322489972,0.1930249440918552,0.7903344759655733,1.97802502516427,2.7921260802447563,5,0.7576433431315114,0.9310344827586207,0.42549273853018765,-0.1740867335294539,0.30634896253003313,0.480435696059487,1.5682628466952524,0.10750931118823531,0.11699171859328725,-1.3129711619779387,-1.1647578339532458,0.7425742574257426
random_logN_distribution,92,1.618033988749895,3.279552115444215,0.12978579378734278,0.9351233564840848,1.9166223460112928,2.762798786645795,4,0.7474755309076141,0.8620689655172413,0.07269515080357092,-0.22265714378131035,0.30634896253003313,0.5290061063113435,1.726808871629464,0.09934357390839256,0.09318524161179845,-1.362060616235072,-1.1647578339532458,0.7425742574257426
random_logN_distribution,93,1.618033988749895,3.440070116549512,0.03602905408511456,0.5836480694522566,1.5409554782670472,2.3970039835730117,6,0.7586997774838112,0.9310344827586207,0.07123454040075927,-0.12754182935198866,0.30634896253003313,0.4338907918820218,1.4163285826028706,0.09441531986371496,0.1040418654257978,-1.48110218883095,-1.1647578339532458,0.7425742574257426
random_logN_distribution,94,1.618033988749895,3.276108478543875,0.22312636081769294,1.0176562942492535,1.9247972321712217,2.677717200834073,5,0.926966152101791,0.8275862068965517,0.6582135713564564,0.1084056813157427,0.30634896253003313,0.19794328121429045,0.64613661355189,0.0970996799031923,0.09186367552928379,-0.8932035838238843,-1.1647578339532458,0.7425742574257426
random_logN_distribution,95,1.618033988749895,3.236617201725714,0.1655107141946675,0.9721108178721458,2.1983879721562207,3.0895611963242646,2,0.8561188581855788,0.8620689655172413,0.46594850181894276,-0.34479090408087876,0.30634896253003313,0.6511398666109118,2.1254841577832235,0.14667774190446142,0.14753560645817482,-1.2299473831333274,-1.1647578339532458,0.7425742574257426
random_logN_distribution,96,1.618033988749895,3.067769030958826,0.13619834100391007,0.9439597097924852,2.2188016205052508,3.101454487116102,6,0.8470624598274296,0.8620689655172413,0.19381411442554353,0.05014267540717376,0.30634896253003313,0.25620628712285937,0.836321706484454,0.10413263881795576,0.12048394557590443,-0.6352115929824823,-1.1647578339532458,0.7425742574257426
random_logN_distribution,97,1.618033988749895,3.141621080961457,0.26251272788729346,1.008801559812013,2.198690088708857,3.0394956787131693,4,0.93516265911064,0.896551724137931,0.4516724714103393,0.12893598861340158,0.30634896253003313,0.17741297391663155,0.5791205312119794,0.10509356506723573,0.111281324359925,-0.6179018672860866,-1.1647578339532458,0.7425742574257426
random_logN_distribution,98,1.618033988749895,3.2057000654415844,0.336421537588261,1.0915277452817023,2.3018279297790247,3.039793236617963,7,0.9356499730346758,0.7241379310344828,0.05530874882328818,0.10622509068823334,0.30634896253003313,0.2001238718417998,0.6532546093482544,0.12903499301715005,0.10705770889967235,-0.7932051495162973,-1.1647578339532458,0.7425742574257426
random_logN_distribution,99,1.618033988749895,3.331613322489972,0.1849825366061066,0.7880909954886421,2.0055600307340695,2.8364703911363565,5,0.7982419674469817,0.9310344827586207,0.5936434408194103,-0.23785350499633534,0.30634896253003313,0.5442024675263685,1.776413613520944,0.09019167695601828,0.08751750982184234,-1.4627533821881977,-1.1647578339532458,0.7425742574257426
random_angular_phase,0,1.618033988749895,3.177668720879277,0.04224743838188984,0.8898797961422247,2.1190716562331606,2.9672635361853836,3,0.8482627834637692,1.0,0.49509444166713423,-0.11457764798043707,0.30634896253003313,0.4209266105104702,1.3740102366731677,0.13492363609147343,0.1479522428739403,-0.6445470191696617,-1.1647578339532458,0.8712871287128713
random_angular_phase,1,1.618033988749895,3.3055827189670937,0.23657888897607512,1.0819509984113425,2.3214955461930975,3.093097720947888,3,0.8405148450899234,1.0,0.596758126946214,-0.13682209617586347,0.30634896253003313,0.44317105870589657,1.4466217056715183,0.13484145857420293,0.14812800459009956,-0.7915014092546542,-1.1647578339532458,0.8712871287128713
random_angular_phase,2,1.618033988749895,3.24574349505297,0.09683917765230145,0.9661373558752571,2.3706102396431437,3.2798625863908866,3,0.8222722494073667,1.0,0.06096953292309781,-0.06310222046495927,0.30634896253003313,0.3694511829949924,1.2059815053519987,0.13502883994109227,0.14820741583077396,-1.039277573048488,-1.1647578339532458,0.8712871287128713
random_angular_phase,3,1.618033988749895,3.296456425639838,0.1334000054765313,0.8102015228818082,2.1914400991162752,3.147176215275481,3,0.7508699231588093,1.0,0.01280465556320265,0.052492608582689254,0.30634896253003313,0.25385635394734385,0.8286509340551688,0.13530279072430826,0.1482931389365359,-0.999255814963596,-1.1647578339532458,0.8712871287128713
random_angular_phase,4,1.618033988749895,3.388008909503755,0.040598336645183954,0.5832399117272358,1.6216368465758033,2.5693333710564077,3,0.8315679041858625,1.0,0.6688124489969013,-0.13588920135273386,0.30634896253003313,0.442238163882767,1.4435765025298948,0.13495629320245045,0.1480051362359718,-0.8598011354940137,-1.1647578339532458,0.8712871287128713
random_angular_phase,5,1.618033988749895,3.276108478543875,0.0714933678009772,0.6550158708095322,1.8157616013889122,2.8417862766879094,3,0.8441182109186133,1.0,0.7885356476662319,0.2603674165658923,0.30634896253003313,0.045981545964140835,0.15009532131068667,0.13491116113518414,0.14802294199975327,-0.03780292711854971,-1.1647578339532458,0.8712871287128713
random_angular_phase,6,1.618033988749895,3.4604180636454753,0.017367112556560003,0.559165642513519,1.5705113990978135,2.5265895925863755,3,0.8048360576845804,1.0,0.07891230513028069,-0.14943335703401156,0.30634896253003313,0.4557823195640447,1.487788030355617,0.1349389551427164,0.14811791467348154,-1.48097715345045,-1.1647578339532458,0.8712871287128713
random_angular_phase,7,1.618033988749895,3.3914525464040954,0.11182276910733639,0.9392556054797145,1.8881518582699273,2.565915757349646,3,0.7615632905989803,1.0,0.658197958495832,-0.19020123685296453,0.30634896253003313,0.49655019938299766,1.6208646351603624,0.13506816829298307,0.14815616281092736,-0.946593210325675,-1.1647578339532458,0.8712871287128713
random_angular_phase,8,1.618033988749895,3.2761084785438745,0.10293047207152466,0.6262431773562298,1.769290131127926,2.793814912359403,3,0.7640575093180094,1.0,0.6659202631017997,-0.25166013249950764,0.30634896253003313,0.5580090950295408,1.8214819153331911,0.13507638116195222,0.14829625215876682,-0.8426327869826102,-1.1647578339532458,0.8712871287128713
random_angular_phase,9,1.618033988749895,2.996802772678017,0.44212990035654537,1.3557746269024018,2.558549734467886,3.327698039341448,3,0.7296450699573332,1.0,0.29506430292675834,-0.22274245445516266,0.30634896253003313,0.5290914169851958,1.7270873471077153,0.13512044208656548,0.14832078497934223,-0.6731135510893668,-1.1647578339532458,0.8712871287128713
random_angular_phase,10,1.618033988749895,3.319043392262376,0.09861782073887093,0.6994684711832905,1.9715552822548608,2.9907793071289586,3,0.8397720190062062,1.0,0.26585315251974684,0.12121694610966802,0.30634896253003313,0.18513201642036511,0.6043174257598981,0.13493318103566165,0.14806985710389053,-0.7300919688577271,-1.1647578339532458,0.8712871287128713
random_angular_phase,11,1.618033988749895,3.3485176326855948,0.2659583302908258,0.8465596347955997,1.8921010816479467,2.864727522048492,3,0.807888925151444,1.0,0.3042085303310761,0.1848693865065164,0.30634896253003313,0.12147957602351672,0.3965398642784938,0.13510979763225892,0.14814151606121215,-0.6555107419919973,-1.1647578339532458,0.8712871287128713
random_angular_phase,12,1.618033988749895,2.9945637531514424,0.26059966962121717,1.089957544869781,2.6100722575628192,3.330596518311367,3,0.7309919423872904,1.0,0.4960670744181629,-0.3458525366275704,0.30634896253003313,0.6522014991576035,2.1289495932066833,0.1351055147527316,0.14828905737373407,-0.6720907050353022,-1.1647578339532458,0.8712871287128713
random_angular_phase,13,1.618033988749895,3.2535215119213374,0.10551453866908683,1.0888165555428877,2.467759473677016,3.2052601455374297,3,0.7927186944067095,1.0,0.010002287001782628,-0.05140156162156293,0.30634896253003313,0.3577505241515961,1.167787614480737,0.1351830029363389,0.1481822039996063,-1.0777333267379796,-1.1647578339532458,0.8712871287128713
random_angular_phase,14,1.618033988749895,3.0692119268197366,0.2735485915784322,1.067396274483131,2.2268953092380963,3.2368682581526205,3,0.785728148296525,1.0,0.6637633361942565,0.2895421529987783,0.30634896253003313,0.01680680953125485,0.05486164990556214,0.13528567241505995,0.1485125670925969,0.2322525876864303,-1.1647578339532458,0.8712871287128713
random_angular_phase,15,1.618033988749895,3.124716770765834,0.2963312317929739,1.2095385288602944,2.1809234805923854,3.040774784327302,3,0.7202792873264265,1.0,0.021550658146722745,0.11687787482092746,0.30634896253003313,0.18947108770910567,0.6184812448664021,0.13539875057740244,0.148647015159337,-0.63311595904951,-1.1647578339532458,0.8712871287128713
random_angular_phase,16,1.618033988749895,3.440070116549512,0.11851205340101267,0.7683156206933592,2.2343557762229684,3.0131423965742994,3,0.77435611040676,1.0,0.004163967078442132,0.02835254973230651,0.30634896253003313,0.27799641279772663,0.9074501526032525,0.13499131079282445,0.14804048314100454,-1.2654375295454448,-1.1647578339532458,0.8712871287128713
random_angular_phase,17,1.618033988749895,3.0397376863965184,0.21522323311240057,1.0253451357408228,2.5713151798960876,3.4251418550326433,3,0.7883678210952711,1.0,0.03643455582108324,-0.08058725091616399,0.30634896253003313,0.3869362134461971,1.2630570387789826,0.13512565764110362,0.1483412156840257,-0.7601866325880988,-1.1647578339532458,0.8712871287128713
random_angular_phase,18,1.618033988749895,3.0917988934422747,0.21405735258898761,1.148127435988095,2.4660668581532414,3.4334677757422587,3,0.7456006289081537,1.0,0.30986856016992037,0.21136696472760677,0.30634896253003313,0.09498199780242636,0.31004511005358715,0.13530204259112136,0.1485174208389746,-0.20854384400669407,-1.1647578339532458,0.8712871287128713
random_angular_phase,19,1.618033988749895,3.4695443569727304,0.160389510594657,0.8307048205965879,2.2808047755340435,3.38269252038013,3,0.7669801336029148,1.0,0.2448222442595005,-0.2131596573985728,0.30634896253003313,0.5195086199286059,1.6958066893328405,0.13503440177638892,0.148103821063006,-1.4453423355771315,-1.1647578339532458,0.8712871287128713
random_angular_phase,20,1.618033988749895,3.150747374288712,0.32274735283302547,0.6713899430494275,1.8079688978034052,2.849908771066187,3,0.77902713240082,1.0,0.0019911582608506118,0.02797035839721299,0.30634896253003313,0.2783786041328201,0.9086977211666878,0.13539984635814517,0.14835803395966665,-0.8133397036846687,-1.1647578339532458,0.8712871287128713
random_angular_phase,21,1.618033988749895,3.400578839731351,0.05227186113716352,0.7261767107397779,1.7766832077480403,2.5231085737890178,3,0.7650403065709753,1.0,0.12350180219597284,0.18355526810128542,0.30634896253003313,0.12279369442874771,0.40082947699458765,0.1352131578638625,0.14822133073622049,-0.889266082079143,-1.1647578339532458,0.8712871287128713
random_angular_phase,22,1.618033988749895,3.374548236208473,0.0835748348416578,1.0309974676764821,2.1530921744679024,2.868356766791309,3,0.763500944436752,1.0,0.41413372592744113,0.19162480681413036,0.30634896253003313,0.11472415571590278,0.3744884747395079,0.13498759331420795,0.14810549468049924,-0.596508345588636,-1.1647578339532458,0.8712871287128713
random_angular_phase,23,1.618033988749895,3.400578839731351,0.017354627087194197,0.8215197607466829,1.938312691925582,2.652658485191199,3,0.7004351476705112,1.0,0.06624953405613021,0.09927016043892764,0.30634896253003313,0.2070788020911055,0.6759572494742964,0.13529802363379373,0.14841826434483327,-1.0532843660735356,-1.1647578339532458,0.8712871287128713
random_angular_phase,24,1.618033988749895,3.46610072007239,0.11352095555860113,0.6577428392746505,1.6792888696356223,2.4677265065153398,3,0.8239188489597356,1.0,0.09053966719290618,0.1113713288775132,0.30634896253003313,0.1949776336525199,0.6364559946352197,0.13491103517867134,0.14801850359734656,-1.1201083029733323,-1.1647578339532458,0.8712871287128713
random_angular_phase,25,1.618033988749895,3.253521511921337,0.15834597641730017,1.117797821229804,2.074986298306314,2.7526021443286766,3,0.7952395002080155,1.0,0.24904519957856808,0.1499660419641377,0.30634896253003313,0.15638292056589542,0.5104731521673239,0.13516050579916092,0.14817577319466957,-0.6001618418620911,-1.1647578339532458,0.8712871287128713
random_angular_phase,26,1.618033988749895,3.112146840538238,0.13218074219557746,0.7426673663848606,2.067126045553681,3.131857646158606,3,0.8315720355427518,1.0,0.6099310788752055,-0.2396500670761324,0.30634896253003313,0.5459990296061655,1.782278043630189,0.13488294074041499,0.14802673311945497,-0.6192187426958731,-1.1647578339532458,0.8712871287128713
random_angular_phase,27,1.618033988749895,3.440070116549512,0.17667047527596297,0.6615014386995623,1.7520924766647525,2.6296600678083495,3,0.8410255498506534,1.0,0.4246233653742293,-0.2220969197439477,0.30634896253003313,0.5284458822739808,1.7249801595857348,0.13503310499113774,0.14801351633135984,-1.2624495794583948,-1.1647578339532458,0.8712871287128713
random_angular_phase,28,1.618033988749895,2.965885636393888,0.2391732146668637,1.361185464432796,2.3223563615028144,2.955631603051318,3,0.8480718648292881,1.0,0.613918904190801,0.23219058054918756,0.30634896253003313,0.07415838198084557,0.24207159498239006,0.13494004879944999,0.1481363949216831,0.26706122950645184,-1.1647578339532458,0.8712871287128713
random_angular_phase,29,1.618033988749895,3.1902386511068728,0.12106242924350767,0.9837410328147609,2.239545465723156,2.9542287711390705,3,0.8567122478327766,1.0,0.7126051753762139,-0.12178543394486352,0.30634896253003313,0.42813439647489665,1.3975382613966718,0.1349174870215713,0.14804554514851084,-0.49348532983951576,-1.1647578339532458,0.8712871287128713
random_angular_phase,30,1.618033988749895,3.2071429613024955,0.16352575504738479,0.727727424072655,2.1021628291078813,3.1175452016667817,3,0.8040745776138074,1.0,0.04170792400203838,-0.12252270503457606,0.30634896253003313,0.4288716675646092,1.3999448995116621,0.13511668167124585,0.1481461699748093,-1.0767485822344738,-1.1647578339532458,0.8712871287128713
random_angular_phase,31,1.618033988749895,3.331613322489972,0.13648684702981298,0.9183668928285309,2.196241201188056,3.0138401121165512,3,0.7527596659474765,1.0,0.08667405604995859,-0.13538419350331404,0.30634896253003313,0.4417331560333472,1.4419280299995845,0.13515922405643147,0.14840728152685564,-1.2522020088616483,-1.1647578339532458,0.8712871287128713
random_angular_phase,32,1.618033988749895,3.361978305980877,0.09774166131082461,0.5851663698195226,1.565517829230397,2.366218023801239,3,0.8231684141681072,1.0,0.6320993930451514,-0.18664568298457188,0.30634896253003313,0.49299464551460503,1.6092584138138675,0.13497373153383796,0.14811670925823595,-0.9183853535457728,-1.1647578339532458,0.8712871287128713
random_angular_phase,33,1.618033988749895,3.0397376863965184,0.16527936575875674,0.8220463975846126,2.1058778956990594,3.0453503078128947,3,0.8058004458484022,1.0,0.26397283975652786,0.25353042742905274,0.30634896253003313,0.05281853510098039,0.17241297200672678,0.1350073564536907,0.14819457569902994,-0.10945312361233414,-1.1647578339532458,0.8712871287128713
random_angular_phase,34,1.618033988749895,3.3745482362084727,0.11196629410268913,1.0438233298898676,2.1041852037618805,2.7839561991574677,3,0.8636548275825523,1.0,0.6673736743253951,-0.14734059805951633,0.30634896253003313,0.45368956058954946,1.4809567391470166,0.13482463874125006,0.14800155145144336,-0.8571037625699447,-1.1647578339532458,0.8712871287128713
random_angular_phase,35,1.618033988749895,3.345073995785254,0.07149380066393088,0.9026021054663342,2.1774773212856444,2.9738222112673203,3,0.7734103819393847,1.0,0.4987751216709677,0.38015216175978367,0.30634896253003313,0.07380319922975054,0.2409121892244541,0.13506440968735395,0.14837370033319883,-0.42107335006919483,-1.1647578339532458,0.8712871287128713
random_angular_phase,36,1.618033988749895,3.397135202831011,0.12130359629589559,0.6393927948720427,1.5660956363662466,2.389905713940329,3,0.7639691664725811,1.0,0.25140149314699123,0.31336538393575997,0.30634896253003313,0.007016421405726836,0.022903362713490423,0.1352739678314683,0.14852473979940387,-0.615824503974546,-1.1647578339532458,0.8712871287128713
random_angular_phase,37,1.618033988749895,3.4174831499269738,0.002721352437944517,0.755917689261282,1.8954164705167573,2.8152321977751087,3,0.7868074563309309,1.0,0.37712212022898495,0.2593903062795492,0.30634896253003313,0.046958656250483954,0.15328485483570173,0.13495837989768375,0.14805609355314053,-0.6014734711738985,-1.1647578339532458,0.8712871287128713
random_angular_phase,38,1.618033988749895,3.1642080475839944,0.08584005320615623,0.8169909867562167,2.0401898601611452,2.922746529248186,3,0.8018737996191903,1.0,0.615377793167802,-0.23684038386817238,0.30634896253003313,0.5431893463982055,1.7731065315586096,0.1351642804063364,0.14830762946066564,-0.6876213112429478,-1.1647578339532458,0.8712871287128713
random_angular_phase,39,1.618033988749895,3.2746655826829643,0.08850957786965054,0.9533355712145299,2.125495984859909,3.0348638702514763,3,0.8004748395212608,1.0,0.08012794939384271,0.15032641309370182,0.30634896253003313,0.15602254943633131,0.5092968102382117,0.13517463534633808,0.14813484704628868,-0.77379180088698,-1.1647578339532458,0.8712871287128713
random_angular_phase,40,1.618033988749895,3.115590477438579,0.16021910715338372,0.6721183381580724,1.8538918256472734,2.8950527997811824,3,0.778534179667799,1.0,0.6822426101523498,-0.17066613250559362,0.30634896253003313,0.4770150950356268,1.557097145347317,0.1350020102438302,0.1480648425406636,-0.4678412555647033,-1.1647578339532458,0.8712871287128713
random_angular_phase,41,1.618033988749895,3.1072603077769867,0.30564824489837283,1.0635162494820476,2.5525752361157488,3.5857304408267887,3,0.7645174559320975,1.0,0.038901210298043054,-0.07704234054760013,0.30634896253003313,0.38339130307763325,1.2514855604906683,0.13504311484566597,0.14812123109289846,-0.8594391475187062,-1.1647578339532458,0.8712871287128713
random_angular_phase,42,1.618033988749895,3.4140395130266334,0.189149888899491,0.5153523986060389,1.5047831719011544,2.36431249520973,3,0.8386251464539246,1.0,0.3945286400370953,0.2752412386246052,0.30634896253003313,0.03110772390542793,0.10154342828034961,0.13496671027207577,0.1481883817875136,-0.5590129490626752,-1.1647578339532458,0.8712871287128713
random_angular_phase,43,1.618033988749895,3.293012788739498,0.17146671104501277,0.8824343809539013,1.8550273156275017,2.6440430856197414,3,0.7856263273183571,1.0,0.7134176227401154,-0.32311862229299526,0.30634896253003313,0.6294675848230284,2.05474038372602,0.1349589515808762,0.14813199062041096,-0.9311107348474954,-1.1647578339532458,0.8712871287128713
random_angular_phase,44,1.618033988749895,3.3316133224899716,0.02413876222839766,0.5867908975740099,1.596705452073844,2.4720885989177326,3,0.7929999565052187,1.0,0.003523236938320573,-0.034480318608723595,0.30634896253003313,0.3408292811387567,1.1125524249338474,0.13501752658185687,0.1480965376254131,-1.1824272072337427,-1.1647578339532458,0.8712871287128713
random_angular_phase,45,1.618033988749895,3.397135202831011,0.18409670421264993,0.6651591945215567,1.7600400942636623,2.634297201792611,3,0.828316866440771,1.0,0.24369613946387603,0.23743663305533233,0.30634896253003313,0.0689123294747008,0.22494716125550754,0.1350992596452228,0.1481191846601541,-0.7097565811212944,-1.1647578339532458,0.8712871287128713
random_angular_phase,46,1.618033988749895,3.440070116549512,0.04834945773635186,0.6520102890625041,1.7341773758531955,2.4799875948618384,3,0.8359710504953093,1.0,0.28289346348080135,0.27706898779271705,0.30634896253003313,0.029279974737316083,0.09557719567744774,0.1349376921797714,0.1481380417313722,-0.6904719376486419,-1.1647578339532458,0.8712871287128713
random_angular_phase,47,1.618033988749895,3.2964564256398377,0.16807364481616927,0.6482922387671395,1.8216890047982361,2.7777673008489323,3,0.8326996041782561,1.0,0.7866677814632712,-0.11575283083242534,0.30634896253003313,0.42210179336245846,1.3778463288286065,0.13498704092251085,0.1480954191622151,-0.5892368427426201,-1.1647578339532458,0.8712871287128713
random_angular_phase,48,1.618033988749895,3.1507473742887124,0.1582775446141988,0.9598713925060567,2.419110837431276,3.339302534094208,3,0.823141054610274,1.0,0.07485038744190187,-0.13301423884500774,0.30634896253003313,0.43936320137504087,1.4341919024190186,0.1349348617579593,0.1480593066052623,-0.9753598851090142,-1.1647578339532458,0.8712871287128713
random_angular_phase,49,1.618033988749895,3.4005788397313514,0.07052146514774008,0.9660952524677953,1.8467344740632279,2.5651965753686197,3,0.778509263876159,1.0,0.12465414776154748,0.20571799892126674,0.30634896253003313,0.10063096360876639,0.3284847540454816,0.13516537306166268,0.1485254991399908,-0.8572956115888815,-1.1647578339532458,0.8712871287128713
random_angular_phase,50,1.618033988749895,3.2366172017257138,0.11918722750960933,0.6191602489052981,1.7866804234978775,2.6717272915945496,3,0.8094852527281253,1.0,0.04305904646932568,0.08078390866025749,0.30634896253003313,0.22556505386977566,0.7363010209236868,0.1351551891244017,0.1481144532524078,-0.841039010876589,-1.1647578339532458,0.8712871287128713
random_angular_phase,51,1.618033988749895,3.253521511921337,0.1776964514299839,0.8869850996337401,2.245603492460458,3.3850108268475707,3,0.8454537841692907,1.0,0.2215718586962725,-0.15773078451557343,0.30634896253003313,0.46407974704560656,1.5148729188208372,0.1349576418771676,0.14808233366043624,-1.0491416421319322,-1.1647578339532458,0.8712871287128713
random_angular_phase,52,1.618033988749895,3.2746655826829643,0.2013869296851737,0.8043918927850315,2.128188070311526,3.087377470506468,3,0.7907251923649322,1.0,0.004298507275905861,-0.02649860263994609,0.30634896253003313,0.3328475651699792,1.0864980981854908,0.13508829002406855,0.14835277248857434,-1.0812959353152563,-1.1647578339532458,0.8712871287128713
random_angular_phase,53,1.618033988749895,3.2535215119213374,0.20041646188900963,1.1343728963735251,2.5368904285723186,3.340665564754949,3,0.8088279656586826,1.0,0.5144469537853327,-0.20739376211548274,0.30634896253003313,0.5137427246455158,1.6769853581441483,0.13510762077087116,0.1481900858460672,-0.8728195577291677,-1.1647578339532458,0.8712871287128713
random_angular_phase,54,1.618033988749895,3.4174831499269738,0.09385642936585026,1.0412584985839421,2.0651124617553966,2.7997843235642206,3,0.7850503550847919,1.0,0.6496265993659055,0.15925565692335836,0.30634896253003313,0.14709330560667477,0.4801495144356964,0.13530199490386194,0.148110092976291,-0.5097946067603112,-1.1647578339532458,0.8712871287128713
random_angular_phase,55,1.618033988749895,3.12560751383352,0.4233657403935088,1.332885010209611,2.650286980470158,3.5087216114898867,3,0.7029061101212479,1.0,0.03744598197364202,0.15860433273107527,0.30634896253003313,0.14774462979895786,0.4822756002787952,0.13528560061518652,0.14873138986688073,-0.5634825029404138,-1.1647578339532458,0.8712871287128713
random_angular_phase,56,1.618033988749895,3.4140395130266334,0.09806521715385894,0.9150453774765928,2.0707172865195926,2.990083248221868,3,0.7861875916340467,1.0,0.043612855602749745,0.1073000777216835,0.30634896253003313,0.19904888480834965,0.6497455815239973,0.13505478838898674,0.14826413866047897,-1.0825899687820617,-1.1647578339532458,0.8712871287128713
random_angular_phase,57,1.618033988749895,3.4695443569727304,0.11086130372219918,0.5340481250734901,1.3946258926220434,2.188336037090176,3,0.8202659005676008,1.0,0.03119592471044441,-0.05186674698107332,0.30634896253003313,0.35821570951110643,1.169306096396486,0.13506318138660864,0.14826993271371283,-1.3999970442217786,-1.1647578339532458,0.8712871287128713
random_angular_phase,58,1.618033988749895,3.276108478543875,0.08877007191613412,0.8038720703484916,2.0511012309227477,2.9861208077494803,3,0.7900897664635317,1.0,0.7504172550246477,-0.2645321185981035,0.30634896253003313,0.5708810811281366,1.8634993127230517,0.1350927689897786,0.1482027300617934,-0.7906193103952781,-1.1647578339532458,0.8712871287128713
random_angular_phase,59,1.618033988749895,3.3485176326855948,0.16938423887356105,0.8712179417551467,1.858382221508035,2.6621411470168654,3,0.8050456587798427,1.0,0.8383686743772427,-0.19441300072946854,0.30634896253003313,0.5007619632595017,1.634612890880638,0.13508682295728627,0.14812798831450413,-0.7350597256872319,-1.1647578339532458,0.8712871287128713
random_angular_phase,60,1.618033988749895,3.495574960495609,0.023010270580574792,0.8230870457072281,1.838410068611494,2.7368540993136827,3,0.7509150519729938,1.0,0.009244433156293974,-0.04719205051071876,0.30634896253003313,0.3535410130407519,1.154046712353701,0.13524660721382628,0.14848564564526076,-1.452671893579357,-1.1647578339532458,0.8712871287128713
random_angular_phase,61,1.618033988749895,3.374548236208473,0.18712266915656495,0.8122507545209334,1.9654092956199865,2.9183400561871173,3,0.7693296757635635,1.0,0.7396507013822569,-0.15311914983772582,0.30634896253003313,0.459468112367759,1.4998193843163896,0.13525761633398256,0.1486303974389063,-0.7942779484963101,-1.1647578339532458,0.8712871287128713
random_angular_phase,62,1.618033988749895,3.317600496401465,0.18702735342061122,0.811671335985686,2.054429110329006,3.0278273694339215,3,0.8077556490181813,1.0,0.4684412223426345,0.3681092794837351,0.30634896253003313,0.06176031695370199,0.20160119506736462,0.13504278137029097,0.14822562261584,-0.3876665883880471,-1.1647578339532458,0.8712871287128713
random_angular_phase,63,1.618033988749895,3.460418063645475,0.05639280219055,0.6925577932984623,1.7261301852770419,2.553741790414885,3,0.8677487304757261,1.0,0.037853461213650075,0.09564396062554231,0.30634896253003313,0.21070500190449082,0.6877940769387597,0.1348265972203132,0.14798859414517762,-1.176606125051482,-1.1647578339532458,0.8712871287128713
random_angular_phase,64,1.618033988749895,3.1072603077769867,0.07333772356861089,0.8130558627642408,1.9183597951290703,2.8272785863127385,3,0.800485314691607,1.0,0.07587509740587128,-0.1250927483849356,0.30634896253003313,0.43144171091496875,1.4083341668659055,0.13500402155825322,0.1481826772511951,-0.895063351529396,-1.1647578339532458,0.8712871287128713
random_angular_phase,65,1.618033988749895,3.1536388583958286,0.09580272205437397,1.016981041210352,2.5044600358982505,3.290191211127826,3,0.7981021998353445,1.0,0.012483987467458935,0.060865710996788606,0.30634896253003313,0.24548325153324452,0.8013190235928362,0.1350192023903667,0.14821501399155362,-0.763718302484292,-1.1647578339532458,0.8712871287128713
random_angular_phase,66,1.618033988749895,3.2071429613024955,0.18940394411583863,0.7799249837258619,2.21513229545109,2.940156879215063,3,0.7994260522749725,1.0,0.8386142330965738,0.25224136445464374,0.30634896253003313,0.054107598075389396,0.17662079750012186,0.1351737924154981,0.14817630891217468,0.10592092054487623,-1.1647578339532458,0.8712871287128713
random_angular_phase,67,1.618033988749895,3.164208047583994,0.11393935670794784,0.9943154275823733,2.4935046010256734,3.547373719583871,3,0.8122172398952648,1.0,0.0008345800060579611,-0.014648156367920174,0.30634896253003313,0.3209971188979533,1.0478152635052065,0.13503802841829965,0.14821783580670184,-0.8943362725399047,-1.1647578339532458,0.8712871287128713
random_angular_phase,68,1.618033988749895,3.35420028911251,0.2498909983201072,0.6095387397146439,1.5634931928699927,2.387620724635955,3,0.827661411774595,1.0,0.33754130183239706,-0.09345326710471105,0.30634896253003313,0.3998022296347442,1.3050549488821896,0.13505007308650135,0.1480521185246671,-1.02188309038337,-1.1647578339532458,0.8712871287128713
random_angular_phase,69,1.618033988749895,3.133290911299865,0.2953720242258741,0.9763807927280608,2.4869921686859544,3.533999497525706,3,0.8424825343794309,1.0,0.012956348998344969,-0.04184121288187756,0.30634896253003313,0.34819017541191066,1.1365802336535598,0.13494505069591178,0.14816872053975913,-0.8732788997234413,-1.1647578339532458,0.8712871287128713
random_angular_phase,70,1.618033988749895,3.1072603077769867,0.21994719829598977,1.0998379487804915,2.19508287737159,3.0399218548278144,3,0.7922553542565702,1.0,0.018023518750310386,0.046867633263466456,0.30634896253003313,0.2594813292665667,0.8470122670682401,0.1353266272836337,0.14847706793165485,-0.7054548251472261,-1.1647578339532458,0.8712871287128713
random_angular_phase,71,1.618033988749895,3.452640046777108,0.1345108790050715,0.6352323655714391,1.711614176718287,2.5022484263633022,3,0.8100189951267897,1.0,0.03650091328426541,0.09753114269620498,0.30634896253003313,0.20881781983382813,0.6816338404062868,0.13502253506746772,0.14806462399339018,-1.1627512387566954,-1.1647578339532458,0.8712871287128713
random_angular_phase,72,1.618033988749895,3.039737686396518,0.24400605967345132,0.7982868516875263,2.2749104986396693,3.251004001931306,3,0.7328602475163856,1.0,8.763061588479282e-06,-0.0013047463927174546,0.30634896253003313,0.30765370892275057,1.0042590201120383,0.13541156303136134,0.14878238488626172,-0.6810981103457326,-1.1647578339532458,0.8712871287128713
random_angular_phase,73,1.618033988749895,2.9693292732942282,0.15624761112470478,1.008527359081004,2.635428034040388,3.7409368831283207,3,0.7854255452209755,1.0,0.7276210333755408,-0.17032510581930943,0.30634896253003313,0.47667406834934256,1.5559839485423799,0.13509684759269466,0.14844240440065665,-0.19536946681525172,-1.1647578339532458,0.8712871287128713
random_angular_phase,74,1.618033988749895,3.3190433922623757,0.1214457409927436,0.5612175778961426,1.590297429077383,2.4320160482125304,3,0.7612258142585171,1.0,0.738893559761197,-0.32040932396068983,0.30634896253003313,0.626758286490723,2.0458965531155613,0.1351584842788536,0.1483070246094772,-0.9430871859604327,-1.1647578339532458,0.8712871287128713
random_angular_phase,75,1.618033988749895,3.3316133224899716,0.23741797011509266,0.5791603825294036,1.6097205693159156,2.53591334388381,3,0.8370723669833212,1.0,0.41122377277820865,-0.22690153803348753,0.30634896253003313,0.5332505005635206,1.740663641096036,0.13488801629983885,0.1480339169940233,-1.1107123321791428,-1.1647578339532458,0.8712871287128713
random_angular_phase,76,1.618033988749895,3.2930127887394973,0.16931195707724336,1.0016153580611298,1.9657309659577373,2.726447386244131,3,0.8194731139791497,1.0,0.21360810711321732,0.2500870145955433,0.30634896253003313,0.05626194793448985,0.18365313683402526,0.13488214645301447,0.14803249326431112,-0.5547684697986172,-1.1647578339532458,0.8712871287128713
random_angular_phase,77,1.618033988749895,3.3021390820667533,0.09136680829181285,0.7702868953152726,1.9195652335883322,2.854303763968156,3,0.8191590701488537,1.0,0.6079433856796952,0.23481713196295523,0.30634896253003313,0.0715318305670779,0.23349787110855721,0.13515842758137853,0.14810081990124654,-0.2605422321823843,-1.1647578339532458,0.8712871287128713
random_angular_phase,78,1.618033988749895,3.188795755245962,0.06652478434531904,0.8081728527825516,1.8460467404730874,2.8023952645307357,3,0.8891176055896183,1.0,0.04152704339300051,0.06968282755269785,0.30634896253003313,0.2366661349773353,0.7725377393897117,0.13483569273076057,0.14799102759456897,-0.7828207721922824,-1.1647578339532458,0.8712871287128713
random_angular_phase,79,1.618033988749895,3.3971352028310107,0.17857737561892162,0.6809006925289678,1.814458045418439,2.7069050196809785,3,0.780602129421898,1.0,0.03227902558787765,0.08741470990818224,0.30634896253003313,0.2189342526218509,0.7146564193126247,0.13511165090989716,0.14842975208363726,-1.0928613122577286,-1.1647578339532458,0.8712871287128713
random_angular_phase,80,1.618033988749895,3.2746655826829643,0.1401873354201325,0.9027481533363646,1.923271362379756,2.7344009304514367,3,0.7697666393266105,1.0,0.3247974211075968,0.16192598988037535,0.30634896253003313,0.14442297264965778,0.47143287660228056,0.13532996521911686,0.14822207612135677,-0.552589292736875,-1.1647578339532458,0.8712871287128713
random_angular_phase,81,1.618033988749895,3.250077875020996,0.2059772982063259,0.882155723540891,1.9618644291052345,2.8528524591761846,3,0.8111508827552016,1.0,0.1854497881803111,0.28319137776292036,0.30634896253003313,0.02315758476711277,0.07559217624196296,0.13502890311507879,0.14810811754918177,-0.46429902202076934,-1.1647578339532458,0.8712871287128713
random_angular_phase,82,1.618033988749895,3.345073995785254,0.10805141781234298,0.7983821678911411,1.9614956543643447,2.959051513547037,3,0.8075018755063386,1.0,0.7600674703343863,0.11623227120794095,0.30634896253003313,0.1901166913220922,0.6205886573010801,0.13492170264874342,0.14803025291368355,-0.36861947373575243,-1.1647578339532458,0.8712871287128713
random_angular_phase,83,1.618033988749895,3.0961332734103015,0.0213158333612833,1.2494740594954528,2.4939729785359406,3.3932186029706535,3,0.7893135732624682,1.0,0.6089135532115382,0.1299956481088622,0.30634896253003313,0.17635331442117094,0.575661536323571,0.135063421988556,0.14822523103559712,-0.08094970434019555,-1.1647578339532458,0.8712871287128713
random_angular_phase,84,1.618033988749895,3.3147090122943488,0.1711615310621502,0.7355978094485067,1.8834304771424168,2.679894585795222,3,0.8352614136529517,1.0,0.26816498520252774,0.16799474462413955,0.30634896253003313,0.13835421790589358,0.4516229360245669,0.13498033194621933,0.14799017485215843,-0.656815043800371,-1.1647578339532458,0.8712871287128713
random_angular_phase,85,1.618033988749895,3.3416303588849137,0.2400754657800053,0.7102232218750109,1.8666926749823234,2.73635182614373,3,0.7842242579280265,1.0,0.4659800649304564,-0.22497527822247224,0.30634896253003313,0.5313242407525054,1.7343758449987134,0.13502307101883076,0.14815670838740425,-1.076714327548605,-1.1647578339532458,0.8712871287128713
random_angular_phase,86,1.618033988749895,3.136734548200206,0.3520005015893278,1.4123044801731264,2.5718783652809427,3.3660080582472234,3,0.7618671498765075,1.0,0.2197565992527568,0.3318771958006084,0.30634896253003313,0.025528233270575296,0.08333056870748376,0.13532712313642856,0.14877605738303007,-0.25811320160104867,-1.1647578339532458,0.8712871287128713
random_angular_phase,87,1.618033988749895,3.3450739957852544,0.13086709592520043,1.0055425880513589,2.2567401174782873,3.0301372078933335,3,0.7836580846942917,1.0,0.1877240688405286,0.14414116602941024,0.30634896253003313,0.1622077965006229,0.5294870110249541,0.1353507014581448,0.1484211762443852,-0.801986263067977,-1.1647578339532458,0.8712871287128713
random_angular_phase,88,1.618033988749895,3.3576439260128503,0.2552913642749621,0.931167273577616,2.0127864095844004,2.7688939677413744,3,0.7892879661737712,1.0,0.22699671942756083,0.21180262865448068,0.30634896253003313,0.09454633387555245,0.3086229935127772,0.13517653411673328,0.14826383443168492,-0.696345356189503,-1.1647578339532458,0.8712871287128713
random_angular_phase,89,1.618033988749895,3.1381774440611165,0.25335276323646333,1.3741727652193851,2.409572588182007,3.3355931181412948,3,0.8392914130590797,1.0,0.5370309777824929,0.24364210264436784,0.30634896253003313,0.0627068598856653,0.20469094906602722,0.13508199224879822,0.14806432410714582,-0.05081822707005107,-1.1647578339532458,0.8712871287128713
random_angular_phase,90,1.618033988749895,3.331613322489972,0.08397897011211941,0.7576140536720635,1.8938791304386884,2.6250924320927025,3,0.8164424893460588,1.0,0.06675716999660031,-0.1314422810741045,0.30634896253003313,0.4377912436041376,1.4290606372176582,0.13522749416053087,0.14836634438712812,-1.2633896131019866,-1.1647578339532458,0.8712871287128713
random_angular_phase,91,1.618033988749895,3.164208047583995,0.1896345564448114,0.852101923251257,2.2920684131489453,3.195762703227083,3,0.7877907472562882,1.0,0.0010166566444311798,0.011833324366775855,0.30634896253003313,0.29451563816325727,0.9613730555212316,0.1351061537670644,0.14810531884318093,-0.8576009885876876,-1.1647578339532458,0.8712871287128713
random_angular_phase,92,1.618033988749895,3.3190433922623765,0.14796885016773034,1.0263759798583432,2.0730007021887333,2.958481669417578,3,0.7751320077558417,1.0,0.008097138646698032,-0.04068138082771759,0.30634896253003313,0.34703034335775074,1.1327942503599286,0.1351947830965582,0.14838499458936294,-1.1673989074512767,-1.1647578339532458,0.8712871287128713
random_angular_phase,93,1.618033988749895,3.3836745295357287,0.13922860788838476,0.7740473671111987,2.1296268111408057,2.970075012908191,3,0.780513907492534,1.0,0.2371612126621302,0.1939222434682656,0.30634896253003313,0.11242671906176754,0.36698906414852217,0.13518225378050433,0.1481853670333556,-0.7536546120642423,-1.1647578339532458,0.8712871287128713
random_angular_phase,94,1.618033988749895,3.2240472714981183,0.16402619053899076,0.8483062446878044,2.2567106270049635,3.094226758059961,3,0.7334356068957554,1.0,0.3233945226885755,-0.20715503998273865,0.30634896253003313,0.5135040025127717,1.67620610911137,0.13523112366526702,0.14828164490337367,-0.9844114612188208,-1.1647578339532458,0.8712871287128713
random_angular_phase,95,1.618033988749895,3.1087032036378974,0.07215037557427707,1.1188182790360006,2.2210904686562154,3.0342867980797674,3,0.8046438554672972,1.0,0.5823232164198278,0.15751405954940986,0.30634896253003313,0.14883490298062327,0.4858345259322761,0.135012970690499,0.14809688307934646,-0.08625398844485316,-1.1647578339532458,0.8712871287128713
random_angular_phase,96,1.618033988749895,3.3745482362084727,0.11270768553315516,0.572974055280473,1.6070139578491087,2.5975365356998945,3,0.8499569069167722,1.0,0.1378273873132465,-0.11803814189553108,0.30634896253003313,0.4243871044255642,1.3853061584432789,0.1350023852634013,0.14811946882242874,-1.253706705385762,-1.1647578339532458,0.8712871287128713
random_angular_phase,97,1.618033988749895,3.1685424275520213,0.17238387358692456,1.0982278353107227,2.331900274834279,3.2702570825843815,3,0.781204535830468,1.0,0.6519697812427456,0.2221130007221814,0.30634896253003313,0.08423596180785173,0.2749673480601182,0.13512436728018215,0.1484703424612952,-0.028861800499885182,-1.1647578339532458,0.8712871287128713
random_angular_phase,98,1.618033988749895,3.460418063645475,0.19123034510161377,0.7602346986521766,1.9962816112967197,2.948648976221414,3,0.7685249836354513,1.0,2.4907980830213283e-05,-0.00265326301908475,0.30634896253003313,0.3090022255491179,1.0086609172662846,0.13507930821929373,0.14824792121919952,-1.3436642009638469,-1.1647578339532458,0.8712871287128713
random_angular_phase,99,1.618033988749895,3.112146840538238,0.16069865826814173,0.8713281261838259,2.2543845831696414,3.283763105560203,3,0.7708475179045512,1.0,0.6286072339230975,0.19844257229957168,0.30634896253003313,0.10790639023046145,0.35223357487258594,0.13507321192741953,0.14815022707114006,0.0043632220609710615,-1.1647578339532458,0.8712871287128713
