record_type,members,member_count,persistence_neighbor_score
cluster,"[""B0"", ""B_plus"", ""Bs0""]",3,0.0548
cluster,"[""Upsilon_1S"", ""omega_782"", ""tau"", ""top""]",4,0.0512
cluster,"[""Delta_1232"", ""Higgs"", ""J_psi"", ""Lambda"", ""Xi_minus""]",5,0.0416
cluster,"[""K_long"", ""Upsilon_1S"", ""omega_782"", ""top""]",4,0.0406
cluster,"[""K_long"", ""W"", ""Z""]",3,0.036
cluster,"[""Ds_plus"", ""K_short"", ""eta"", ""neutron"", ""phi_1020"", ""pi0"", ""rho_770""]",7,0.0356
cluster,"[""Higgs"", ""J_psi"", ""K_plus"", ""Omega_minus"", ""muon""]",5,0.0318
cluster,"[""Omega_minus"", ""eta"", ""pi_plus""]",3,0.0306
cluster,"[""B0"", ""B_plus"", ""Bs0"", ""Higgs"", ""J_psi"", ""K_plus"", ""Lambda"", ""W"", ""Xi_minus"", ""Z"", ""muon"", ""pi0""]",12,0.0276
cluster,"[""D0"", ""Ds_plus"", ""K_short"", ""eta"", ""phi_1020"", ""pi0"", ""rho_770""]",7,0.0264
cluster,"[""D_plus"", ""omega_782"", ""top""]",3,0.0256
cluster,"[""Higgs"", ""J_psi"", ""W"", ""Z"", ""tau""]",5,0.025
cluster,"[""Delta_1232"", ""Ds_plus"", ""K_short""]",3,0.0248
cluster,"[""D0"", ""eta"", ""phi_1020"", ""pi0"", ""rho_770"", ""tau""]",6,0.0246
cluster,"[""K_plus"", ""Omega_minus"", ""W"", ""Z"", ""muon"", ""neutron""]",6,0.024
cluster,"[""D_plus"", ""W"", ""Z""]",3,0.0218
cluster,"[""B0"", ""B_plus"", ""Bs0"", ""Lambda""]",4,0.0218
cluster,"[""Higgs"", ""J_psi"", ""Xi_minus""]",3,0.0218
cluster,"[""B0"", ""B_plus"", ""Bs0"", ""Lambda"", ""Upsilon_1S"", ""omega_782"", ""top""]",7,0.0208
cluster,"[""Higgs"", ""J_psi"", ""K_short""]",3,0.0204
cluster,"[""B0"", ""B_plus"", ""Bs0"", ""Lambda"", ""W"", ""Z""]",6,0.0202
cluster,"[""D_plus"", ""K_plus"", ""Omega_minus"", ""Sigma_plus"", ""eta"", ""muon"", ""phi_1020"", ""pi0"", ""pi_plus"", ""rho_770""]",10,0.0202
cluster,"[""Ds_plus"", ""K_long"", ""omega_782"", ""top""]",4,0.02
cluster,"[""D0"", ""Ds_plus"", ""K_short"", ""Upsilon_1S"", ""neutron"", ""omega_782"", ""proton"", ""tau"", ""top""]",9,0.0192
cluster,"[""D0"", ""Ds_plus"", ""K_short"", ""eta"", ""phi_1020"", ""pi0"", ""proton"", ""rho_770""]",8,0.019
cluster,"[""D0"", ""omega_782"", ""top""]",3,0.0186
cluster,"[""D_plus"", ""Higgs"", ""J_psi""]",3,0.0184
cluster,"[""D0"", ""Ds_plus"", ""K_short"", ""Upsilon_1S"", ""omega_782"", ""top""]",6,0.0182
cluster,"[""D_plus"", ""K_long"", ""K_short""]",3,0.0178
cluster,"[""B0"", ""B_plus"", ""Bs0"", ""Lambda"", ""Upsilon_1S"", ""omega_782"", ""proton"", ""top""]",8,0.0174
cluster,"[""B0"", ""B_plus"", ""Bs0"", ""Delta_1232"", ""K_plus"", ""Lambda"", ""Xi_minus"", ""eta"", ""muon"", ""pi0""]",10,0.0172
cluster,"[""W"", ""Xi_minus"", ""Z""]",3,0.017
cluster,"[""Omega_minus"", ""Sigma_plus"", ""Upsilon_1S"", ""phi_1020"", ""pi_plus"", ""rho_770""]",6,0.017
cluster,"[""D0"", ""Delta_1232"", ""Ds_plus"", ""K_long"", ""K_short"", ""eta"", ""phi_1020"", ""pi0"", ""proton"", ""rho_770"", ""tau""]",11,0.017
cluster,"[""Higgs"", ""J_psi"", ""Sigma_plus"", ""pi0""]",4,0.0168
cluster,"[""B0"", ""B_plus"", ""Bs0"", ""Lambda"", ""W"", ""Xi_minus"", ""Z""]",7,0.0166
cluster,"[""K_plus"", ""Omega_minus"", ""muon""]",3,0.0164
cluster,"[""D_plus"", ""Higgs"", ""J_psi"", ""Sigma_plus"", ""electron"", ""pi_plus""]",6,0.0162
cluster,"[""B0"", ""B_plus"", ""Bs0"", ""Lambda"", ""W"", ""Z"", ""electron""]",7,0.0162
cluster,"[""D_plus"", ""Delta_1232"", ""Sigma_plus"", ""pi_plus""]",4,0.0162
cluster,"[""Delta_1232"", ""K_long"", ""eta"", ""pi0"", ""tau""]",5,0.0158
cluster,"[""D_plus"", ""Delta_1232"", ""Sigma_plus"", ""neutron"", ""pi_plus""]",5,0.0156
cluster,"[""D_plus"", ""Delta_1232"", ""K_long"", ""K_short"", ""Upsilon_1S"", ""phi_1020""]",6,0.0154
cluster,"[""D_plus"", ""Higgs"", ""J_psi"", ""Sigma_plus"", ""neutron"", ""pi_plus""]",6,0.015
cluster,"[""B0"", ""B_plus"", ""Bs0"", ""K_plus"", ""Lambda"", ""Xi_minus"", ""eta"", ""muon"", ""pi0""]",9,0.0146
cluster,"[""Sigma_plus"", ""omega_782"", ""pi_plus"", ""top""]",4,0.0144
cluster,"[""D0"", ""D_plus"", ""Ds_plus"", ""K_short"", ""Sigma_plus"", ""Upsilon_1S"", ""electron"", ""eta"", ""muon"", ""neutron"", ""omega_782"", ""phi_1020"", ""pi0"", ""pi_plus"", ""proton"", ""rho_770"", ""tau"", ""top""]",18,0.0142
cluster,"[""B0"", ""B_plus"", ""Bs0"", ""K_long"", ""W"", ""Z""]",6,0.014
cluster,"[""K_short"", ""neutron"", ""omega_782"", ""top""]",4,0.0138
cluster,"[""D_plus"", ""Sigma_plus"", ""W"", ""Z"", ""pi_plus""]",5,0.0138
cluster,"[""D_plus"", ""K_long"", ""K_short"", ""W"", ""Z"", ""eta""]",6,0.0136
cluster,"[""Omega_minus"", ""Sigma_plus"", ""Upsilon_1S"", ""pi_plus"", ""rho_770""]",5,0.0136
cluster,"[""K_long"", ""Upsilon_1S"", ""electron"", ""omega_782"", ""top""]",5,0.0136
cluster,"[""W"", ""Z"", ""electron""]",3,0.0136
cluster,"[""Higgs"", ""J_psi"", ""pi0""]",3,0.0134
cluster,"[""Delta_1232"", ""K_plus"", ""Lambda"", ""phi_1020"", ""tau""]",5,0.013
cluster,"[""D0"", ""Ds_plus"", ""Higgs"", ""J_psi"", ""K_long"", ""W"", ""Z"", ""neutron"", ""tau""]",9,0.013
cluster,"[""D0"", ""Ds_plus"", ""Higgs"", ""J_psi"", ""K_long"", ""K_short"", ""W"", ""Z""]",8,0.013
cluster,"[""W"", ""Z"", ""neutron"", ""proton"", ""tau""]",5,0.013
cluster,"[""D_plus"", ""Delta_1232"", ""K_short"", ""Upsilon_1S"", ""phi_1020""]",5,0.0128
cluster,"[""Delta_1232"", ""eta"", ""neutron"", ""pi0"", ""tau""]",5,0.0128
cluster,"[""D_plus"", ""Delta_1232"", ""Higgs"", ""J_psi"", ""K_plus"", ""Omega_minus"", ""Sigma_plus"", ""Xi_minus"", ""electron"", ""muon"", ""pi_plus""]",11,0.0128
cluster,"[""D0"", ""Delta_1232"", ""K_long"", ""eta"", ""phi_1020"", ""pi0"", ""tau""]",7,0.0126
cluster,"[""Ds_plus"", ""K_long"", ""rho_770""]",3,0.0124
cluster,"[""B0"", ""B_plus"", ""Bs0"", ""Lambda"", ""phi_1020""]",5,0.0124
cluster,"[""Omega_minus"", ""Sigma_plus"", ""electron"", ""omega_782"", ""pi_plus"", ""top""]",6,0.0124
cluster,"[""K_short"", ""Upsilon_1S"", ""W"", ""Z"", ""muon""]",5,0.0122
cluster,"[""D_plus"", ""K_short"", ""neutron"", ""rho_770""]",4,0.0122
cluster,"[""B0"", ""B_plus"", ""Bs0"", ""Delta_1232"", ""Higgs"", ""J_psi"", ""K_long"", ""Lambda"", ""Xi_minus"", ""electron""]",10,0.0122
cluster,"[""Delta_1232"", ""Ds_plus"", ""K_short"", ""electron""]",4,0.012
cluster,"[""D_plus"", ""Higgs"", ""J_psi"", ""K_plus"", ""Omega_minus"", ""Sigma_plus"", ""muon"", ""neutron"", ""pi_plus"", ""proton""]",10,0.012
cluster,"[""B0"", ""B_plus"", ""Bs0"", ""Lambda"", ""neutron"", ""phi_1020"", ""rho_770""]",7,0.0118
cluster,"[""Ds_plus"", ""W"", ""Z"", ""eta"", ""muon""]",5,0.0112
cluster,"[""neutron"", ""pi0"", ""tau""]",3,0.011
cluster,"[""D_plus"", ""Higgs"", ""J_psi"", ""Sigma_plus"", ""pi_plus""]",5,0.011
cluster,"[""Upsilon_1S"", ""omega_782"", ""proton"", ""tau"", ""top""]",5,0.011
cluster,"[""Sigma_plus"", ""omega_782"", ""top""]",3,0.0108
cluster,"[""B0"", ""B_plus"", ""Bs0"", ""K_plus"", ""Lambda"", ""Xi_minus"", ""electron"", ""eta"", ""muon"", ""pi0"", ""proton""]",11,0.0108
cluster,"[""Sigma_plus"", ""W"", ""Z"", ""pi_plus""]",4,0.0108
cluster,"[""B0"", ""B_plus"", ""Bs0"", ""K_long"", ""electron""]",5,0.0108
cluster,"[""D_plus"", ""Delta_1232"", ""Higgs"", ""J_psi"", ""K_plus"", ""Omega_minus"", ""Sigma_plus"", ""electron"", ""muon"", ""pi_plus""]",10,0.0106
cluster,"[""D0"", ""K_long"", ""eta"", ""phi_1020"", ""pi0"", ""proton"", ""rho_770"", ""tau""]",8,0.0104
cluster,"[""D_plus"", ""Delta_1232"", ""K_plus"", ""Omega_minus"", ""Sigma_plus"", ""muon"", ""phi_1020"", ""pi_plus"", ""proton"", ""rho_770""]",10,0.0104
cluster,"[""B0"", ""B_plus"", ""Bs0"", ""K_plus"", ""Lambda"", ""Xi_minus"", ""muon"", ""neutron"", ""omega_782"", ""rho_770"", ""tau"", ""top""]",12,0.0102
cluster,"[""D_plus"", ""Delta_1232"", ""Higgs"", ""J_psi"", ""K_plus"", ""Omega_minus"", ""Sigma_plus"", ""muon"", ""neutron"", ""pi_plus"", ""proton""]",11,0.0102
cluster,"[""D0"", ""K_plus"", ""Lambda"", ""W"", ""Z""]",5,0.01
cluster,"[""Ds_plus"", ""Higgs"", ""J_psi"", ""K_short""]",4,0.01
cluster,"[""Delta_1232"", ""K_long"", ""eta"", ""pi0"", ""proton"", ""tau""]",6,0.01
cluster,"[""D_plus"", ""Lambda"", ""pi_plus""]",3,0.0098
cluster,"[""Delta_1232"", ""Sigma_plus"", ""phi_1020""]",3,0.0098
cluster,"[""D0"", ""Ds_plus"", ""Higgs"", ""J_psi"", ""K_long"", ""W"", ""Z""]",7,0.0098
cluster,"[""K_plus"", ""Omega_minus"", ""W"", ""Z"", ""electron"", ""muon"", ""neutron""]",7,0.0098
cluster,"[""D0"", ""D_plus"", ""Delta_1232"", ""Ds_plus"", ""K_plus"", ""K_short"", ""Omega_minus"", ""Sigma_plus"", ""electron"", ""eta"", ""muon"", ""neutron"", ""phi_1020"", ""pi0"", ""pi_plus"", ""rho_770""]",16,0.0098
cluster,"[""B0"", ""B_plus"", ""Bs0"", ""K_plus"", ""Lambda"", ""Omega_minus"", ""Upsilon_1S"", ""Xi_minus"", ""muon"", ""neutron"", ""omega_782"", ""proton"", ""top""]",13,0.0096
cluster,"[""eta"", ""pi0"", ""pi_plus""]",3,0.0096
cluster,"[""Ds_plus"", ""Higgs"", ""J_psi"", ""K_short"", ""electron""]",5,0.0094
cluster,"[""B0"", ""B_plus"", ""Bs0"", ""Delta_1232"", ""K_plus"", ""Lambda"", ""Omega_minus"", ""Upsilon_1S"", ""Xi_minus"", ""electron"", ""phi_1020"", ""pi_plus"", ""tau""]",13,0.0092
cluster,"[""Delta_1232"", ""Ds_plus"", ""Upsilon_1S"", ""phi_1020""]",4,0.0092
cluster,"[""K_short"", ""W"", ""Z""]",3,0.009
cluster,"[""Higgs"", ""J_psi"", ""Omega_minus"", ""Sigma_plus"", ""W"", ""Z"", ""pi0"", ""pi_plus"", ""proton""]",9,0.009
cluster,"[""B0"", ""B_plus"", ""Bs0"", ""Lambda"", ""W"", ""Z"", ""proton""]",7,0.009
cluster,"[""D_plus"", ""K_plus"", ""Omega_minus"", ""Sigma_plus"", ""muon"", ""phi_1020"", ""rho_770""]",7,0.009
cluster,"[""D_plus"", ""Higgs"", ""J_psi"", ""K_long"", ""K_short"", ""neutron"", ""omega_782"", ""pi0"", ""rho_770"", ""top""]",10,0.0088
cluster,"[""D0"", ""Ds_plus"", ""Upsilon_1S"", ""muon"", ""neutron""]",5,0.0088
cluster,"[""Higgs"", ""J_psi"", ""Xi_minus"", ""proton""]",4,0.0088
cluster,"[""D0"", ""Ds_plus"", ""Higgs"", ""J_psi"", ""K_plus"", ""Lambda"", ""omega_782"", ""rho_770"", ""top""]",9,0.0086
cluster,"[""D_plus"", ""Higgs"", ""J_psi"", ""K_short"", ""muon"", ""omega_782"", ""pi0"", ""rho_770"", ""top""]",9,0.0086
cluster,"[""Sigma_plus"", ""Upsilon_1S"", ""phi_1020""]",3,0.0086
cluster,"[""D_plus"", ""Delta_1232"", ""K_plus"", ""Omega_minus"", ""Sigma_plus"", ""electron"", ""muon"", ""pi_plus""]",8,0.0086
cluster,"[""Xi_minus"", ""neutron"", ""omega_782"", ""top""]",4,0.0084
cluster,"[""D_plus"", ""K_short"", ""muon"", ""phi_1020""]",4,0.0084
cluster,"[""Delta_1232"", ""Omega_minus"", ""pi_plus""]",3,0.0084
cluster,"[""D0"", ""Ds_plus"", ""Higgs"", ""J_psi"", ""K_long""]",5,0.0084
cluster,"[""Delta_1232"", ""K_long"", ""phi_1020""]",3,0.0082
cluster,"[""B0"", ""B_plus"", ""Bs0"", ""Delta_1232"", ""K_plus"", ""Lambda"", ""Xi_minus"", ""eta"", ""muon"", ""phi_1020""]",10,0.0082
cluster,"[""D_plus"", ""Higgs"", ""J_psi"", ""proton""]",4,0.0082
cluster,"[""D_plus"", ""K_plus"", ""Upsilon_1S"", ""W"", ""Z""]",5,0.008
cluster,"[""D_plus"", ""Higgs"", ""J_psi"", ""K_short"", ""muon"", ""omega_782"", ""pi0"", ""proton"", ""rho_770"", ""top""]",10,0.008
cluster,"[""B0"", ""B_plus"", ""Bs0"", ""Delta_1232"", ""K_plus"", ""Lambda"", ""Upsilon_1S"", ""Xi_minus"", ""phi_1020"", ""pi_plus"", ""tau""]",11,0.008
cluster,"[""Delta_1232"", ""Omega_minus"", ""Sigma_plus"", ""Upsilon_1S"", ""electron"", ""phi_1020"", ""pi_plus"", ""proton""]",8,0.008
cluster,"[""Higgs"", ""J_psi"", ""Lambda"", ""Xi_minus""]",4,0.008
cluster,"[""B0"", ""B_plus"", ""Bs0"", ""Delta_1232"", ""K_plus"", ""Lambda"", ""Xi_minus"", ""eta"", ""muon"", ""phi_1020"", ""proton""]",11,0.0078
cluster,"[""Omega_minus"", ""Upsilon_1S"", ""rho_770""]",3,0.0078
cluster,"[""K_plus"", ""Omega_minus"", ""Upsilon_1S"", ""Xi_minus"", ""muon"", ""omega_782"", ""top""]",7,0.0078
cluster,"[""B0"", ""B_plus"", ""Bs0"", ""Upsilon_1S"", ""Xi_minus"", ""pi_plus"", ""tau""]",7,0.0076
cluster,"[""D_plus"", ""K_long"", ""K_short"", ""eta""]",4,0.0076
cluster,"[""D0"", ""Ds_plus"", ""rho_770""]",3,0.0076
cluster,"[""D_plus"", ""Upsilon_1S"", ""neutron"", ""phi_1020""]",4,0.0076
cluster,"[""Delta_1232"", ""K_long"", ""electron"", ""eta"", ""pi0"", ""tau""]",6,0.0076
cluster,"[""K_plus"", ""Upsilon_1S"", ""Xi_minus"", ""muon"", ""rho_770""]",5,0.0074
cluster,"[""B0"", ""B_plus"", ""Bs0"", ""Lambda"", ""Upsilon_1S""]",5,0.0074
cluster,"[""D0"", ""Ds_plus"", ""K_short"", ""Upsilon_1S"", ""electron"", ""eta"", ""neutron"", ""omega_782"", ""pi0"", ""tau"", ""top""]",11,0.0074
cluster,"[""Omega_minus"", ""omega_782"", ""pi_plus"", ""top""]",4,0.0072
cluster,"[""B0"", ""B_plus"", ""Bs0"", ""Upsilon_1S"", ""pi_plus""]",5,0.0072
cluster,"[""D_plus"", ""K_long"", ""K_short"", ""electron""]",4,0.0072
cluster,"[""Lambda"", ""muon"", ""omega_782"", ""proton"", ""tau"", ""top""]",6,0.0072
cluster,"[""Delta_1232"", ""Omega_minus"", ""Sigma_plus"", ""Upsilon_1S"", ""phi_1020"", ""pi_plus""]",6,0.0072
cluster,"[""D_plus"", ""K_short"", ""electron"", ""omega_782"", ""proton"", ""top""]",6,0.0072
cluster,"[""Sigma_plus"", ""omega_782"", ""pi_plus"", ""proton"", ""top""]",5,0.0072
cluster,"[""K_plus"", ""Omega_minus"", ""W"", ""Xi_minus"", ""Z"", ""muon"", ""proton""]",7,0.0072
cluster,"[""D0"", ""electron"", ""eta"", ""phi_1020"", ""pi0"", ""rho_770""]",6,0.0072
cluster,"[""Omega_minus"", ""omega_782"", ""top""]",3,0.007
cluster,"[""Lambda"", ""muon"", ""omega_782"", ""tau"", ""top""]",5,0.007
cluster,"[""K_long"", ""Sigma_plus"", ""Upsilon_1S"", ""W"", ""Z""]",5,0.007
cluster,"[""B0"", ""B_plus"", ""Bs0"", ""Omega_minus"", ""W"", ""Xi_minus"", ""Z"", ""eta"", ""neutron"", ""pi_plus"", ""tau""]",11,0.007
cluster,"[""D0"", ""Ds_plus"", ""K_long"", ""electron"", ""omega_782"", ""proton"", ""top""]",7,0.007
cluster,"[""W"", ""Z"", ""pi0""]",3,0.0068
cluster,"[""Delta_1232"", ""Higgs"", ""J_psi"", ""K_short"", ""eta""]",5,0.0068
cluster,"[""B0"", ""B_plus"", ""Bs0"", ""D0"", ""Higgs"", ""J_psi"", ""Omega_minus"", ""Xi_minus"", ""eta"", ""omega_782"", ""pi_plus"", ""rho_770"", ""tau"", ""top""]",14,0.0068
cluster,"[""B0"", ""B_plus"", ""Bs0"", ""Omega_minus"", ""Xi_minus"", ""omega_782"", ""pi_plus"", ""rho_770"", ""top""]",9,0.0068
cluster,"[""D_plus"", ""K_long"", ""K_short"", ""W"", ""Z"", ""eta"", ""proton""]",7,0.0068
cluster,"[""D0"", ""Ds_plus"", ""Higgs"", ""J_psi"", ""K_long"", ""W"", ""Z"", ""electron"", ""neutron""]",9,0.0068
cluster,"[""B0"", ""B_plus"", ""Bs0"", ""K_plus"", ""Lambda"", ""Omega_minus"", ""Upsilon_1S"", ""Xi_minus"", ""muon"", ""neutron"", ""omega_782"", ""proton"", ""rho_770"", ""top""]",14,0.0068
cluster,"[""D0"", ""Ds_plus"", ""K_short"", ""Upsilon_1S"", ""electron"", ""neutron"", ""omega_782"", ""tau"", ""top""]",9,0.0068
cluster,"[""D_plus"", ""Sigma_plus"", ""eta"", ""muon"", ""phi_1020"", ""pi0"", ""pi_plus"", ""proton"", ""rho_770""]",9,0.0068
cluster,"[""Lambda"", ""electron"", ""muon"", ""omega_782"", ""tau"", ""top""]",6,0.0066
cluster,"[""D0"", ""Ds_plus"", ""Lambda"", ""Xi_minus"", ""phi_1020"", ""pi0"", ""pi_plus""]",7,0.0066
cluster,"[""B0"", ""B_plus"", ""Bs0"", ""K_plus"", ""Lambda"", ""Xi_minus"", ""neutron"", ""omega_782"", ""proton"", ""rho_770"", ""tau"", ""top""]",12,0.0066
cluster,"[""B0"", ""B_plus"", ""Bs0"", ""Higgs"", ""J_psi"", ""K_plus"", ""Omega_minus"", ""W"", ""Xi_minus"", ""Z"", ""neutron"", ""pi0"", ""pi_plus""]",13,0.0066
cluster,"[""B0"", ""B_plus"", ""Bs0"", ""Higgs"", ""J_psi"", ""K_plus"", ""Omega_minus"", ""W"", ""Xi_minus"", ""Z"", ""electron"", ""neutron"", ""pi0"", ""pi_plus""]",14,0.0066
cluster,"[""B0"", ""B_plus"", ""Bs0"", ""Delta_1232"", ""K_plus"", ""Lambda"", ""Omega_minus"", ""Upsilon_1S"", ""Xi_minus"", ""electron"", ""eta"", ""muon"", ""phi_1020"", ""proton"", ""rho_770""]",15,0.0066
cluster,"[""B0"", ""B_plus"", ""Bs0"", ""K_plus"", ""Lambda"", ""Upsilon_1S"", ""Xi_minus"", ""muon"", ""phi_1020"", ""rho_770""]",10,0.0066
cluster,"[""B0"", ""B_plus"", ""Bs0"", ""Delta_1232"", ""Omega_minus"", ""tau""]",6,0.0064
cluster,"[""D0"", ""Ds_plus"", ""Higgs"", ""J_psi"", ""K_long"", ""W"", ""Z"", ""neutron"", ""proton"", ""tau""]",10,0.0064
cluster,"[""D_plus"", ""Ds_plus"", ""Higgs"", ""J_psi"", ""K_short"", ""W"", ""Z"", ""electron""]",8,0.0064
cluster,"[""Omega_minus"", ""Upsilon_1S"", ""pi0""]",3,0.0062
cluster,"[""D_plus"", ""K_long"", ""K_short"", ""W"", ""Z"", ""electron"", ""eta""]",7,0.0062
cluster,"[""Ds_plus"", ""Higgs"", ""J_psi"", ""K_short"", ""W"", ""Z"", ""proton""]",7,0.0062
cluster,"[""B0"", ""B_plus"", ""Bs0"", ""K_plus"", ""Lambda"", ""Omega_minus"", ""Upsilon_1S"", ""Xi_minus"", ""electron"", ""muon"", ""neutron"", ""omega_782"", ""top""]",13,0.0062
cluster,"[""D0"", ""Delta_1232"", ""Ds_plus"", ""Upsilon_1S"", ""muon"", ""phi_1020"", ""proton""]",7,0.006
cluster,"[""B0"", ""B_plus"", ""Bs0"", ""K_plus"", ""Lambda"", ""Omega_minus"", ""Xi_minus"", ""electron"", ""neutron"", ""omega_782"", ""pi_plus"", ""rho_770"", ""tau"", ""top""]",14,0.006
cluster,"[""Higgs"", ""J_psi"", ""Omega_minus"", ""W"", ""Z"", ""neutron"", ""pi0"", ""pi_plus""]",8,0.006
cluster,"[""B0"", ""B_plus"", ""Bs0"", ""Higgs"", ""J_psi"", ""K_plus"", ""Lambda"", ""W"", ""Xi_minus"", ""Z"", ""electron"", ""muon"", ""pi0"", ""proton"", ""tau""]",15,0.006
cluster,"[""neutron"", ""proton"", ""tau""]",3,0.0058
cluster,"[""D_plus"", ""Delta_1232"", ""Higgs"", ""J_psi"", ""K_plus"", ""eta""]",6,0.0058
cluster,"[""K_long"", ""Sigma_plus"", ""eta"", ""omega_782"", ""rho_770"", ""top""]",6,0.0058
cluster,"[""D_plus"", ""Delta_1232"", ""K_long"", ""K_short"", ""Upsilon_1S"", ""phi_1020"", ""proton""]",7,0.0058
cluster,"[""D0"", ""Ds_plus"", ""K_long""]",3,0.0058
cluster,"[""Delta_1232"", ""K_long"", ""eta"", ""neutron"", ""pi0"", ""tau""]",6,0.0058
cluster,"[""B0"", ""B_plus"", ""Bs0"", ""Lambda"", ""W"", ""Xi_minus"", ""Z"", ""electron""]",8,0.0058
cluster,"[""B0"", ""B_plus"", ""Bs0"", ""D0"", ""K_long"", ""Omega_minus"", ""Sigma_plus"", ""W"", ""Z"", ""electron"", ""neutron"", ""pi0"", ""tau""]",13,0.0056
cluster,"[""D0"", ""Delta_1232"", ""Ds_plus"", ""Upsilon_1S"", ""phi_1020""]",5,0.0056
cluster,"[""Delta_1232"", ""Ds_plus"", ""Upsilon_1S"", ""electron"", ""phi_1020""]",5,0.0056
cluster,"[""Upsilon_1S"", ""omega_782"", ""top""]",3,0.0054
cluster,"[""K_short"", ""pi_plus"", ""tau""]",3,0.0054
cluster,"[""K_short"", ""omega_782"", ""rho_770"", ""top""]",4,0.0054
cluster,"[""Sigma_plus"", ""neutron"", ""proton""]",3,0.0054
cluster,"[""D_plus"", ""Delta_1232"", ""K_short"", ""Upsilon_1S"", ""electron"", ""phi_1020""]",6,0.0054
cluster,"[""K_plus"", ""Upsilon_1S"", ""Xi_minus"", ""muon""]",4,0.0054
cluster,"[""B0"", ""B_plus"", ""Bs0"", ""Ds_plus""]",4,0.0052
cluster,"[""Ds_plus"", ""Omega_minus"", ""W"", ""Z"", ""muon"", ""neutron""]",6,0.0052
cluster,"[""D_plus"", ""Delta_1232"", ""Higgs"", ""J_psi"", ""Lambda"", ""eta"", ""neutron"", ""pi_plus""]",8,0.0052
cluster,"[""Ds_plus"", ""W"", ""Xi_minus"", ""Z"", ""pi_plus""]",5,0.0052
cluster,"[""B0"", ""B_plus"", ""Bs0"", ""K_plus"", ""Lambda"", ""Omega_minus"", ""Upsilon_1S"", ""Xi_minus"", ""electron"", ""muon"", ""phi_1020"", ""rho_770""]",12,0.0052
cluster,"[""D0"", ""Delta_1232"", ""K_long"", ""eta"", ""pi0"", ""tau""]",6,0.0052
cluster,"[""B0"", ""B_plus"", ""Bs0"", ""K_plus"", ""Lambda"", ""Omega_minus"", ""Sigma_plus"", ""Upsilon_1S"", ""W"", ""Xi_minus"", ""Z"", ""electron"", ""muon"", ""neutron"", ""omega_782"", ""pi_plus"", ""top""]",17,0.0052
cluster,"[""K_plus"", ""K_short"", ""Upsilon_1S"", ""omega_782"", ""top""]",5,0.005
cluster,"[""W"", ""Z"", ""eta"", ""neutron""]",4,0.005
cluster,"[""D_plus"", ""Higgs"", ""J_psi"", ""K_long"", ""K_short"", ""pi0""]",6,0.005
cluster,"[""B0"", ""B_plus"", ""Bs0"", ""Lambda"", ""Upsilon_1S"", ""Xi_minus"", ""electron"", ""neutron"", ""omega_782"", ""top""]",10,0.005
cluster,"[""K_long"", ""eta"", ""phi_1020"", ""pi0"", ""rho_770"", ""tau""]",6,0.005
cluster,"[""D_plus"", ""Sigma_plus"", ""eta"", ""muon"", ""pi0"", ""pi_plus""]",6,0.005
cluster,"[""K_plus"", ""Omega_minus"", ""phi_1020"", ""rho_770""]",4,0.005
cluster,"[""Delta_1232"", ""K_long"", ""Sigma_plus"", ""neutron"", ""phi_1020"", ""proton""]",6,0.0048
cluster,"[""B0"", ""B_plus"", ""Bs0"", ""Omega_minus"", ""Xi_minus"", ""pi_plus"", ""proton"", ""rho_770""]",8,0.0048
cluster,"[""D0"", ""electron"", ""rho_770""]",3,0.0048
cluster,"[""D_plus"", ""K_short"", ""Upsilon_1S"", ""neutron"", ""phi_1020"", ""rho_770""]",6,0.0048
cluster,"[""B0"", ""B_plus"", ""Bs0"", ""K_plus"", ""Lambda"", ""Upsilon_1S"", ""Xi_minus"", ""muon"", ""neutron"", ""phi_1020"", ""rho_770""]",11,0.0048
cluster,"[""Omega_minus"", ""Sigma_plus"", ""omega_782"", ""pi_plus"", ""top""]",5,0.0048
cluster,"[""Sigma_plus"", ""W"", ""Z"", ""pi_plus"", ""proton""]",5,0.0048
cluster,"[""B0"", ""B_plus"", ""Bs0"", ""Lambda"", ""Upsilon_1S"", ""electron""]",6,0.0048
cluster,"[""Delta_1232"", ""K_plus"", ""Omega_minus""]",3,0.0046
cluster,"[""B0"", ""B_plus"", ""Bs0"", ""D0"", ""Sigma_plus"", ""W"", ""Z""]",7,0.0046
cluster,"[""D_plus"", ""K_plus"", ""omega_782"", ""rho_770"", ""top""]",5,0.0046
cluster,"[""B0"", ""B_plus"", ""Bs0"", ""K_long"", ""Omega_minus"", ""Sigma_plus"", ""phi_1020"", ""pi0"", ""tau""]",9,0.0046
cluster,"[""Delta_1232"", ""Ds_plus"", ""K_plus"", ""Lambda"", ""neutron"", ""pi0""]",6,0.0046
cluster,"[""D_plus"", ""Delta_1232"", ""K_short"", ""muon"", ""phi_1020""]",5,0.0046
cluster,"[""B0"", ""B_plus"", ""Bs0"", ""Upsilon_1S"", ""Xi_minus"", ""pi_plus"", ""proton"", ""tau""]",8,0.0046
cluster,"[""K_short"", ""omega_782"", ""top""]",3,0.0046
cluster,"[""D_plus"", ""K_short"", ""electron"", ""omega_782"", ""top""]",5,0.0046
cluster,"[""B0"", ""B_plus"", ""Bs0"", ""Lambda"", ""omega_782"", ""top""]",6,0.0046
cluster,"[""K_plus"", ""Omega_minus"", ""muon"", ""proton""]",4,0.0046
cluster,"[""Ds_plus"", ""K_short"", ""eta"", ""phi_1020"", ""pi0"", ""rho_770""]",6,0.0046
cluster,"[""Ds_plus"", ""Upsilon_1S"", ""Xi_minus"", ""pi_plus""]",4,0.0044
cluster,"[""B0"", ""B_plus"", ""Bs0"", ""D0"", ""Ds_plus"", ""Higgs"", ""J_psi"", ""K_plus"", ""Lambda"", ""Omega_minus"", ""Xi_minus"", ""electron"", ""eta"", ""neutron"", ""omega_782"", ""pi_plus"", ""proton"", ""rho_770"", ""tau"", ""top""]",20,0.0044
cluster,"[""D_plus"", ""Higgs"", ""J_psi"", ""K_long"", ""K_short"", ""neutron"", ""omega_782"", ""pi0"", ""top""]",9,0.0044
cluster,"[""Higgs"", ""J_psi"", ""Omega_minus"", ""Sigma_plus"", ""W"", ""Z"", ""pi0"", ""pi_plus""]",8,0.0044
cluster,"[""K_short"", ""W"", ""Z"", ""proton""]",4,0.0044
cluster,"[""B0"", ""B_plus"", ""Bs0"", ""K_long"", ""Lambda"", ""W"", ""Z"", ""proton""]",8,0.0044
cluster,"[""Higgs"", ""J_psi"", ""Xi_minus"", ""eta""]",4,0.0042
cluster,"[""B0"", ""B_plus"", ""Bs0"", ""D0"", ""Ds_plus"", ""Higgs"", ""J_psi"", ""K_plus"", ""Lambda"", ""Omega_minus"", ""W"", ""Xi_minus"", ""Z"", ""eta"", ""neutron"", ""omega_782"", ""pi_plus"", ""rho_770"", ""tau"", ""top""]",20,0.0042
cluster,"[""D_plus"", ""muon"", ""pi0""]",3,0.0042
cluster,"[""D0"", ""K_plus"", ""Lambda"", ""eta""]",4,0.0042
cluster,"[""D0"", ""Delta_1232"", ""Ds_plus"", ""Upsilon_1S"", ""muon"", ""phi_1020""]",6,0.0042
cluster,"[""Higgs"", ""J_psi"", ""Omega_minus"", ""Sigma_plus"", ""W"", ""Z"", ""electron"", ""pi0"", ""pi_plus""]",9,0.0042
cluster,"[""K_long"", ""Lambda"", ""muon""]",3,0.004
cluster,"[""D_plus"", ""Lambda"", ""W"", ""Z"", ""pi_plus""]",5,0.004
cluster,"[""K_plus"", ""K_short"", ""pi0"", ""rho_770""]",4,0.004
cluster,"[""B0"", ""B_plus"", ""Bs0"", ""D0"", ""Delta_1232"", ""Ds_plus"", ""K_long"", ""Omega_minus"", ""Sigma_plus"", ""Upsilon_1S"", ""muon"", ""omega_782"", ""rho_770"", ""tau"", ""top""]",15,0.004
cluster,"[""B0"", ""B_plus"", ""Bs0"", ""Omega_minus"", ""Upsilon_1S"", ""Xi_minus"", ""pi_plus"", ""tau""]",8,0.004
cluster,"[""D_plus"", ""Higgs"", ""J_psi"", ""K_long"", ""K_short"", ""electron"", ""neutron"", ""omega_782"", ""pi0"", ""rho_770"", ""top""]",11,0.004
cluster,"[""B0"", ""B_plus"", ""Bs0"", ""K_plus"", ""Lambda"", ""Upsilon_1S"", ""Xi_minus"", ""muon"", ""neutron"", ""omega_782"", ""proton"", ""rho_770"", ""top""]",13,0.004
cluster,"[""Delta_1232"", ""Omega_minus"", ""phi_1020""]",3,0.0038
cluster,"[""B0"", ""B_plus"", ""Bs0"", ""D0"", ""Sigma_plus"", ""rho_770""]",6,0.0038
cluster,"[""B0"", ""B_plus"", ""Bs0"", ""D0"", ""Ds_plus"", ""K_long"", ""Lambda"", ""Omega_minus"", ""Sigma_plus"", ""Upsilon_1S"", ""W"", ""Xi_minus"", ""Z"", ""muon"", ""neutron"", ""omega_782"", ""pi0"", ""pi_plus"", ""proton"", ""rho_770"", ""tau"", ""top""]",22,0.0038
cluster,"[""D_plus"", ""K_plus"", ""electron"", ""omega_782"", ""rho_770"", ""top""]",6,0.0038
cluster,"[""Lambda"", ""W"", ""Z""]",3,0.0038
cluster,"[""Ds_plus"", ""Xi_minus"", ""pi_plus""]",3,0.0038
cluster,"[""D0"", ""Xi_minus"", ""phi_1020"", ""pi0"", ""pi_plus""]",5,0.0038
cluster,"[""B0"", ""B_plus"", ""Bs0"", ""Higgs"", ""J_psi"", ""Omega_minus"", ""tau""]",7,0.0038
cluster,"[""Delta_1232"", ""Ds_plus"", ""K_plus"", ""Lambda"", ""neutron"", ""phi_1020"", ""pi0""]",7,0.0038
cluster,"[""B0"", ""B_plus"", ""Bs0"", ""D0"", ""Delta_1232"", ""Ds_plus"", ""Higgs"", ""J_psi"", ""K_plus"", ""Lambda"", ""Omega_minus"", ""Xi_minus"", ""electron"", ""eta"", ""neutron"", ""omega_782"", ""pi0"", ""pi_plus"", ""proton"", ""rho_770"", ""tau"", ""top""]",22,0.0038
cluster,"[""Sigma_plus"", ""W"", ""Z""]",3,0.0038
cluster,"[""B0"", ""B_plus"", ""Bs0"", ""K_plus"", ""Xi_minus""]",5,0.0038
cluster,"[""D0"", ""Ds_plus"", ""Higgs"", ""J_psi"", ""K_long"", ""W"", ""Z"", ""electron"", ""neutron"", ""proton""]",10,0.0038
cluster,"[""Higgs"", ""J_psi"", ""Lambda"", ""Xi_minus"", ""proton""]",5,0.0038
cluster,"[""Delta_1232"", ""neutron"", ""tau""]",3,0.0036
cluster,"[""K_long"", ""Lambda"", ""muon"", ""neutron""]",4,0.0036
cluster,"[""Delta_1232"", ""K_plus"", ""K_short"", ""Upsilon_1S""]",4,0.0036
cluster,"[""Upsilon_1S"", ""neutron"", ""omega_782"", ""top""]",4,0.0036
cluster,"[""B0"", ""B_plus"", ""Bs0"", ""Higgs"", ""J_psi"", ""Omega_minus"", ""eta"", ""omega_782"", ""rho_770"", ""tau"", ""top""]",11,0.0036
cluster,"[""B0"", ""B_plus"", ""Bs0"", ""Omega_minus"", ""Upsilon_1S"", ""W"", ""Xi_minus"", ""Z"", ""electron"", ""pi_plus"", ""tau""]",11,0.0036
cluster,"[""Delta_1232"", ""K_long"", ""Sigma_plus"", ""electron"", ""neutron"", ""phi_1020""]",6,0.0036
cluster,"[""K_long"", ""electron"", ""neutron""]",3,0.0036
cluster,"[""D0"", ""K_plus"", ""Lambda""]",3,0.0036
cluster,"[""Ds_plus"", ""W"", ""Z"", ""electron"", ""eta"", ""muon""]",6,0.0036
cluster,"[""W"", ""Z"", ""eta"", ""neutron"", ""proton""]",5,0.0036
cluster,"[""Delta_1232"", ""Omega_minus"", ""phi_1020"", ""pi_plus""]",4,0.0036
cluster,"[""B0"", ""B_plus"", ""Bs0"", ""Delta_1232"", ""K_plus"", ""Lambda"", ""Omega_minus"", ""Sigma_plus"", ""Upsilon_1S"", ""Xi_minus"", ""eta"", ""muon"", ""phi_1020"", ""pi_plus"", ""rho_770""]",15,0.0036
cluster,"[""D0"", ""Ds_plus"", ""Higgs"", ""J_psi"", ""K_long"", ""W"", ""Z"", ""neutron""]",8,0.0036
cluster,"[""D_plus"", ""Sigma_plus"", ""omega_782"", ""pi_plus"", ""top""]",5,0.0036
cluster,"[""Ds_plus"", ""Higgs"", ""J_psi""]",3,0.0036
cluster,"[""B0"", ""B_plus"", ""Bs0"", ""K_plus"", ""Lambda"", ""Omega_minus"", ""Upsilon_1S"", ""Xi_minus"", ""muon"", ""neutron"", ""omega_782"", ""rho_770"", ""top""]",13,0.0036
cluster,"[""D0"", ""Ds_plus"", ""Higgs"", ""J_psi"", ""K_short"", ""electron""]",6,0.0036
cluster,"[""electron"", ""phi_1020"", ""rho_770""]",3,0.0036
cluster,"[""D0"", ""proton"", ""rho_770""]",3,0.0034
cluster,"[""Ds_plus"", ""K_short"", ""Lambda""]",3,0.0034
cluster,"[""B0"", ""B_plus"", ""Bs0"", ""D0"", ""Ds_plus"", ""Higgs"", ""J_psi"", ""K_plus"", ""Sigma_plus"", ""Upsilon_1S"", ""W"", ""Z"", ""phi_1020"", ""pi0""]",14,0.0034
cluster,"[""D_plus"", ""Lambda"", ""phi_1020"", ""pi_plus""]",4,0.0034
cluster,"[""Delta_1232"", ""Higgs"", ""J_psi"", ""K_short"", ""electron"", ""eta""]",6,0.0034
cluster,"[""D_plus"", ""K_plus"", ""Upsilon_1S""]",3,0.0034
cluster,"[""D_plus"", ""Higgs"", ""J_psi"", ""K_long"", ""K_short"", ""omega_782"", ""pi0"", ""proton"", ""top""]",9,0.0034
cluster,"[""B0"", ""B_plus"", ""Bs0"", ""Higgs"", ""J_psi"", ""K_plus"", ""Omega_minus"", ""Sigma_plus"", ""W"", ""Xi_minus"", ""Z"", ""electron"", ""eta"", ""neutron"", ""pi0"", ""pi_plus"", ""proton""]",17,0.0034
cluster,"[""K_plus"", ""Omega_minus"", ""Upsilon_1S"", ""Xi_minus"", ""electron"", ""muon"", ""rho_770""]",7,0.0034
cluster,"[""D0"", ""Delta_1232"", ""Ds_plus"", ""K_short"", ""electron"", ""eta"", ""phi_1020"", ""pi0"", ""rho_770""]",9,0.0034
cluster,"[""D_plus"", ""Sigma_plus"", ""eta"", ""muon"", ""phi_1020"", ""pi0"", ""pi_plus"", ""rho_770""]",8,0.0034
cluster,"[""D0"", ""W"", ""Z""]",3,0.0032
cluster,"[""W"", ""Z"", ""eta""]",3,0.0032
cluster,"[""B0"", ""B_plus"", ""Bs0"", ""D0"", ""Delta_1232"", ""Ds_plus"", ""Higgs"", ""J_psi"", ""K_long"", ""Omega_minus"", ""Sigma_plus"", ""Xi_minus"", ""electron"", ""eta"", ""muon"", ""phi_1020"", ""proton""]",17,0.0032
cluster,"[""D_plus"", ""Delta_1232"", ""Higgs"", ""J_psi"", ""K_plus"", ""electron"", ""eta""]",7,0.0032
cluster,"[""D0"", ""Xi_minus"", ""pi_plus""]",3,0.0032
cluster,"[""D_plus"", ""Delta_1232"", ""muon""]",3,0.0032
cluster,"[""D0"", ""Ds_plus"", ""K_plus"", ""Lambda"", ""W"", ""Z"", ""eta"", ""proton""]",8,0.0032
cluster,"[""D0"", ""K_plus"", ""Lambda"", ""electron""]",4,0.0032
cluster,"[""D_plus"", ""Higgs"", ""J_psi"", ""K_long"", ""K_short"", ""W"", ""Z"", ""electron"", ""eta"", ""pi0""]",10,0.0032
cluster,"[""B0"", ""B_plus"", ""Bs0"", ""Delta_1232"", ""K_plus"", ""Lambda"", ""Omega_minus"", ""Xi_minus"", ""phi_1020"", ""pi_plus"", ""proton"", ""rho_770"", ""tau""]",13,0.0032
cluster,"[""D0"", ""Ds_plus"", ""Upsilon_1S"", ""electron"", ""muon"", ""neutron""]",6,0.0032
cluster,"[""B0"", ""B_plus"", ""Bs0"", ""Delta_1232"", ""K_plus"", ""Lambda"", ""Omega_minus"", ""Sigma_plus"", ""Upsilon_1S"", ""Xi_minus"", ""electron"", ""eta"", ""muon"", ""omega_782"", ""phi_1020"", ""pi_plus"", ""proton"", ""rho_770"", ""top""]",19,0.0032
cluster,"[""D0"", ""Delta_1232"", ""K_long"", ""eta"", ""pi0"", ""proton"", ""tau""]",7,0.0032
cluster,"[""D_plus"", ""W"", ""Z"", ""electron""]",4,0.0032
cluster,"[""W"", ""Xi_minus"", ""Z"", ""proton""]",4,0.0032
cluster,"[""B0"", ""B_plus"", ""Bs0"", ""D0"", ""Ds_plus"", ""K_plus"", ""Sigma_plus"", ""Upsilon_1S"", ""phi_1020"", ""pi0""]",10,0.003
cluster,"[""B0"", ""B_plus"", ""Bs0"", ""D0"", ""Delta_1232"", ""Ds_plus"", ""Sigma_plus"", ""omega_782"", ""top""]",9,0.003
cluster,"[""Higgs"", ""J_psi"", ""K_plus"", ""K_short"", ""eta"", ""phi_1020"", ""tau""]",7,0.003
cluster,"[""K_long"", ""Xi_minus"", ""rho_770""]",3,0.003
cluster,"[""K_plus"", ""W"", ""Z""]",3,0.003
cluster,"[""D_plus"", ""neutron"", ""phi_1020""]",3,0.003
cluster,"[""B0"", ""B_plus"", ""Bs0"", ""K_long"", ""Omega_minus"", ""neutron"", ""pi0"", ""tau""]",8,0.003
cluster,"[""D0"", ""Ds_plus"", ""Lambda"", ""Upsilon_1S"", ""W"", ""Xi_minus"", ""Z"", ""pi_plus"", ""proton""]",9,0.003
cluster,"[""Delta_1232"", ""Higgs"", ""J_psi"", ""K_short"", ""eta"", ""muon""]",6,0.003
cluster,"[""Higgs"", ""J_psi"", ""eta"", ""muon"", ""neutron""]",5,0.003
cluster,"[""K_short"", ""muon"", ""proton""]",3,0.003
cluster,"[""D0"", ""Delta_1232"", ""Ds_plus"", ""K_plus"", ""Lambda"", ""Xi_minus"", ""neutron"", ""phi_1020"", ""pi0"", ""pi_plus""]",10,0.003
cluster,"[""K_short"", ""Upsilon_1S"", ""W"", ""Z"", ""electron"", ""muon""]",6,0.003
cluster,"[""Delta_1232"", ""Omega_minus"", ""Sigma_plus"", ""phi_1020""]",4,0.003
cluster,"[""D0"", ""Ds_plus"", ""K_plus"", ""Lambda"", ""W"", ""Z"", ""electron"", ""eta"", ""muon""]",9,0.003
cluster,"[""Sigma_plus"", ""electron"", ""omega_782"", ""rho_770"", ""top""]",5,0.003
cluster,"[""Higgs"", ""J_psi"", ""Sigma_plus"", ""pi0"", ""proton""]",5,0.003
cluster,"[""D0"", ""Delta_1232"", ""K_plus"", ""Lambda"", ""Upsilon_1S"", ""electron"", ""muon"", ""neutron"", ""phi_1020"", ""tau""]",10,0.003
cluster,"[""Higgs"", ""J_psi"", ""Sigma_plus"", ""electron"", ""pi0""]",5,0.003
cluster,"[""D0"", ""Ds_plus"", ""K_long"", ""K_short"", ""electron"", ""omega_782"", ""proton"", ""rho_770"", ""top""]",9,0.003
cluster,"[""Delta_1232"", ""Omega_minus"", ""Sigma_plus"", ""Upsilon_1S"", ""electron"", ""phi_1020"", ""pi_plus"", ""proton"", ""rho_770""]",9,0.003
cluster,"[""D0"", ""Ds_plus"", ""Higgs"", ""J_psi"", ""K_long"", ""W"", ""Z"", ""electron"", ""neutron"", ""tau""]",10,0.003
cluster,"[""D0"", ""Ds_plus"", ""Higgs"", ""J_psi"", ""K_short"", ""W"", ""Z"", ""proton""]",8,0.003
cluster,"[""D_plus"", ""Higgs"", ""J_psi"", ""Sigma_plus"", ""W"", ""Z"", ""pi_plus"", ""proton""]",8,0.003
cluster,"[""B0"", ""B_plus"", ""Bs0"", ""K_long"", ""Lambda"", ""Upsilon_1S"", ""omega_782"", ""top""]",8,0.003
cluster,"[""D_plus"", ""Delta_1232"", ""Ds_plus"", ""K_plus"", ""K_short"", ""Omega_minus"", ""Sigma_plus"", ""electron"", ""eta"", ""muon"", ""neutron"", ""phi_1020"", ""pi0"", ""pi_plus"", ""rho_770""]",15,0.003
cluster,"[""D0"", ""D_plus"", ""Delta_1232"", ""Ds_plus"", ""Higgs"", ""J_psi"", ""K_plus"", ""K_short"", ""Omega_minus"", ""Sigma_plus"", ""Xi_minus"", ""electron"", ""eta"", ""muon"", ""neutron"", ""phi_1020"", ""pi0"", ""pi_plus"", ""proton"", ""rho_770""]",20,0.003
cluster,"[""D0"", ""Ds_plus"", ""K_short"", ""electron"", ""eta"", ""neutron"", ""pi0""]",7,0.003
cluster,"[""Delta_1232"", ""Omega_minus"", ""phi_1020"", ""proton""]",4,0.0028
cluster,"[""B0"", ""B_plus"", ""Bs0"", ""Ds_plus"", ""K_long"", ""W"", ""Z"", ""muon"", ""phi_1020"", ""pi_plus"", ""rho_770""]",11,0.0028
cluster,"[""K_short"", ""Upsilon_1S"", ""phi_1020"", ""pi_plus"", ""tau""]",5,0.0028
cluster,"[""D_plus"", ""K_long"", ""Upsilon_1S"", ""Xi_minus"", ""muon"", ""pi0""]",6,0.0028
cluster,"[""B0"", ""B_plus"", ""Bs0"", ""D0"", ""Ds_plus"", ""Higgs"", ""J_psi"", ""Omega_minus"", ""Sigma_plus"", ""eta"", ""muon"", ""phi_1020""]",12,0.0028
cluster,"[""K_short"", ""neutron"", ""pi0""]",3,0.0028
cluster,"[""Delta_1232"", ""Higgs"", ""J_psi"", ""K_short"", ""eta"", ""proton""]",6,0.0028
cluster,"[""D_plus"", ""K_plus"", ""Lambda"", ""omega_782"", ""proton"", ""rho_770"", ""top""]",7,0.0028
cluster,"[""B0"", ""B_plus"", ""Bs0"", ""K_long"", ""Omega_minus"", ""Sigma_plus"", ""neutron"", ""phi_1020"", ""pi0"", ""proton"", ""tau""]",11,0.0028
cluster,"[""D0"", ""Ds_plus"", ""Lambda"", ""Xi_minus"", ""electron"", ""phi_1020"", ""pi0"", ""pi_plus""]",8,0.0028
cluster,"[""B0"", ""B_plus"", ""Bs0"", ""Higgs"", ""J_psi"", ""K_long"", ""Omega_minus"", ""Sigma_plus"", ""electron"", ""eta"", ""omega_782"", ""rho_770"", ""tau"", ""top""]",14,0.0028
cluster,"[""B0"", ""B_plus"", ""Bs0"", ""Higgs"", ""J_psi"", ""Omega_minus"", ""eta"", ""omega_782"", ""proton"", ""rho_770"", ""tau"", ""top""]",12,0.0028
cluster,"[""K_plus"", ""neutron"", ""phi_1020""]",3,0.0028
cluster,"[""K_long"", ""Sigma_plus"", ""proton""]",3,0.0028
cluster,"[""D_plus"", ""Delta_1232"", ""K_short"", ""electron"", ""muon"", ""phi_1020"", ""proton""]",7,0.0028
cluster,"[""B0"", ""B_plus"", ""Bs0"", ""Omega_minus"", ""Upsilon_1S"", ""W"", ""Xi_minus"", ""Z"", ""electron"", ""pi_plus"", ""proton"", ""tau""]",12,0.0028
cluster,"[""B0"", ""B_plus"", ""Bs0"", ""D0"", ""Ds_plus"", ""K_plus"", ""Lambda"", ""Omega_minus"", ""Upsilon_1S"", ""W"", ""Xi_minus"", ""Z"", ""electron"", ""eta"", ""pi_plus"", ""tau""]",16,0.0028
cluster,"[""D_plus"", ""Higgs"", ""J_psi"", ""K_long"", ""K_short"", ""omega_782"", ""pi0"", ""top""]",8,0.0028
cluster,"[""Sigma_plus"", ""electron"", ""rho_770""]",3,0.0028
cluster,"[""D0"", ""Delta_1232"", ""Ds_plus"", ""Upsilon_1S"", ""muon"", ""neutron"", ""phi_1020""]",7,0.0028
cluster,"[""B0"", ""B_plus"", ""Bs0"", ""D0"", ""Delta_1232"", ""Ds_plus"", ""K_plus"", ""Lambda"", ""Upsilon_1S"", ""Xi_minus"", ""electron"", ""muon"", ""neutron"", ""phi_1020"", ""rho_770"", ""tau""]",16,0.0028
cluster,"[""B0"", ""B_plus"", ""Bs0"", ""Higgs"", ""J_psi"", ""K_plus"", ""Lambda"", ""Omega_minus"", ""Sigma_plus"", ""W"", ""Xi_minus"", ""Z"", ""muon"", ""neutron"", ""omega_782"", ""pi0"", ""pi_plus"", ""rho_770"", ""tau"", ""top""]",20,0.0028
cluster,"[""D_plus"", ""K_short"", ""Upsilon_1S"", ""electron"", ""phi_1020""]",5,0.0028
cluster,"[""D_plus"", ""Delta_1232"", ""Sigma_plus"", ""Upsilon_1S"", ""neutron"", ""phi_1020""]",6,0.0028
cluster,"[""B0"", ""B_plus"", ""Bs0"", ""Delta_1232"", ""K_plus"", ""Lambda"", ""Xi_minus"", ""eta"", ""muon""]",9,0.0028
cluster,"[""K_plus"", ""Omega_minus"", ""Xi_minus"", ""muon"", ""neutron"", ""omega_782"", ""proton"", ""top""]",8,0.0028
cluster,"[""Ds_plus"", ""omega_782"", ""top""]",3,0.0026
cluster,"[""Ds_plus"", ""Lambda"", ""phi_1020"", ""pi0""]",4,0.0026
cluster,"[""Delta_1232"", ""K_long"", ""Lambda"", ""muon"", ""omega_782"", ""top""]",6,0.0026
cluster,"[""B0"", ""B_plus"", ""Bs0"", ""D0"", ""Higgs"", ""J_psi"", ""Sigma_plus"", ""eta"", ""phi_1020"", ""proton"", ""tau""]",11,0.0026
cluster,"[""D_plus"", ""Lambda"", ""pi_plus"", ""rho_770""]",4,0.0026
cluster,"[""Lambda"", ""omega_782"", ""pi_plus"", ""rho_770"", ""top""]",5,0.0026
cluster,"[""B0"", ""B_plus"", ""Bs0"", ""Omega_minus"", ""phi_1020"", ""tau""]",6,0.0026
cluster,"[""D_plus"", ""Upsilon_1S"", ""W"", ""Z"", ""electron""]",5,0.0026
cluster,"[""D0"", ""Delta_1232"", ""Ds_plus"", ""Lambda"", ""Xi_minus"", ""phi_1020"", ""pi0"", ""pi_plus"", ""proton""]",9,0.0026
cluster,"[""B0"", ""B_plus"", ""Bs0"", ""Omega_minus"", ""eta"", ""tau""]",6,0.0026
cluster,"[""D0"", ""Ds_plus"", ""Higgs"", ""J_psi"", ""K_plus"", ""Lambda"", ""electron"", ""eta"", ""omega_782"", ""proton"", ""rho_770"", ""top""]",12,0.0026
cluster,"[""B0"", ""B_plus"", ""Bs0"", ""Omega_minus"", ""Sigma_plus"", ""Upsilon_1S"", ""W"", ""Xi_minus"", ""Z"", ""neutron"", ""pi_plus"", ""proton"", ""tau""]",13,0.0026
cluster,"[""D0"", ""K_plus"", ""Lambda"", ""electron"", ""eta""]",5,0.0026
cluster,"[""D_plus"", ""Ds_plus"", ""Higgs"", ""J_psi"", ""K_short"", ""muon"", ""omega_782"", ""pi0"", ""rho_770"", ""top""]",10,0.0026
cluster,"[""B0"", ""B_plus"", ""Bs0"", ""D0"", ""Delta_1232"", ""K_plus"", ""Lambda"", ""Omega_minus"", ""Upsilon_1S"", ""Xi_minus"", ""phi_1020"", ""pi_plus"", ""proton"", ""tau""]",14,0.0026
cluster,"[""B0"", ""B_plus"", ""Bs0"", ""Higgs"", ""J_psi"", ""K_plus"", ""W"", ""Xi_minus"", ""Z"", ""pi0"", ""proton""]",11,0.0026
cluster,"[""Delta_1232"", ""Sigma_plus"", ""neutron"", ""proton""]",4,0.0026
cluster,"[""D0"", ""Ds_plus"", ""Higgs"", ""J_psi"", ""K_long"", ""W"", ""Z"", ""electron"", ""neutron"", ""proton"", ""tau""]",11,0.0026
cluster,"[""Higgs"", ""J_psi"", ""Xi_minus"", ""pi0""]",4,0.0024
cluster,"[""D_plus"", ""Delta_1232"", ""Higgs"", ""J_psi"", ""K_plus"", ""Omega_minus"", ""Sigma_plus"", ""omega_782"", ""pi0"", ""top""]",10,0.0024
cluster,"[""B0"", ""B_plus"", ""Bs0"", ""D0"", ""Ds_plus"", ""Higgs"", ""J_psi"", ""K_plus"", ""W"", ""Z"", ""pi0"", ""rho_770""]",12,0.0024
cluster,"[""B0"", ""B_plus"", ""Bs0"", ""D0"", ""Ds_plus"", ""K_plus"", ""Sigma_plus"", ""Upsilon_1S"", ""electron"", ""phi_1020"", ""pi0"", ""proton""]",12,0.0024
cluster,"[""B0"", ""B_plus"", ""Bs0"", ""D0"", ""Higgs"", ""J_psi"", ""Sigma_plus"", ""eta"", ""phi_1020"", ""tau""]",10,0.0024
cluster,"[""B0"", ""B_plus"", ""Bs0"", ""D0"", ""Delta_1232"", ""Ds_plus"", ""K_long"", ""Omega_minus"", ""Sigma_plus"", ""Upsilon_1S"", ""muon"", ""omega_782"", ""tau"", ""top""]",14,0.0024
cluster,"[""B0"", ""B_plus"", ""Bs0"", ""D0"", ""K_long"", ""Omega_minus"", ""Sigma_plus"", ""Upsilon_1S"", ""muon"", ""omega_782"", ""rho_770"", ""tau"", ""top""]",13,0.0024
cluster,"[""K_short"", ""electron"", ""phi_1020""]",3,0.0024
cluster,"[""K_long"", ""Sigma_plus"", ""electron""]",3,0.0024
cluster,"[""B0"", ""B_plus"", ""Bs0"", ""Omega_minus"", ""Sigma_plus"", ""Upsilon_1S"", ""W"", ""Xi_minus"", ""Z"", ""neutron"", ""pi_plus"", ""tau""]",12,0.0024
cluster,"[""Ds_plus"", ""muon"", ""proton""]",3,0.0024
cluster,"[""Sigma_plus"", ""omega_782"", ""rho_770"", ""top""]",4,0.0024
cluster,"[""B0"", ""B_plus"", ""Bs0"", ""Omega_minus"", ""Sigma_plus"", ""Xi_minus"", ""omega_782"", ""pi_plus"", ""proton"", ""rho_770"", ""top""]",11,0.0024
cluster,"[""B0"", ""B_plus"", ""Bs0"", ""K_plus"", ""Xi_minus"", ""neutron"", ""omega_782"", ""top""]",8,0.0024
cluster,"[""Lambda"", ""muon"", ""rho_770"", ""tau""]",4,0.0024
cluster,"[""B0"", ""B_plus"", ""Bs0"", ""Higgs"", ""J_psi"", ""K_plus"", ""Lambda"", ""Omega_minus"", ""W"", ""Xi_minus"", ""Z"", ""electron"", ""muon"", ""neutron"", ""omega_782"", ""pi0"", ""pi_plus"", ""tau"", ""top""]",19,0.0024
cluster,"[""Sigma_plus"", ""Upsilon_1S"", ""electron"", ""proton"", ""rho_770""]",5,0.0024
cluster,"[""B0"", ""B_plus"", ""Bs0"", ""Delta_1232"", ""K_plus"", ""Lambda"", ""Xi_minus"", ""electron"", ""eta"", ""muon"", ""phi_1020"", ""pi0"", ""proton""]",13,0.0024
cluster,"[""B0"", ""B_plus"", ""Bs0"", ""K_plus"", ""Lambda"", ""Omega_minus"", ""Upsilon_1S"", ""Xi_minus"", ""muon"", ""neutron"", ""omega_782"", ""phi_1020"", ""proton"", ""rho_770"", ""top""]",15,0.0024
cluster,"[""Delta_1232"", ""K_long"", ""electron"", ""eta"", ""phi_1020"", ""pi0"", ""tau""]",7,0.0024
cluster,"[""K_plus"", ""Omega_minus"", ""Sigma_plus"", ""W"", ""Z"", ""electron"", ""muon"", ""neutron"", ""pi_plus""]",9,0.0024
cluster,"[""D_plus"", ""Higgs"", ""J_psi"", ""K_plus"", ""Omega_minus"", ""Sigma_plus"", ""W"", ""Z"", ""electron"", ""muon"", ""neutron"", ""pi_plus""]",12,0.0024
cluster,"[""B0"", ""B_plus"", ""Bs0"", ""K_long""]",4,0.0024
cluster,"[""Upsilon_1S"", ""W"", ""Z""]",3,0.0022
cluster,"[""B0"", ""B_plus"", ""Bs0"", ""pi0""]",4,0.0022
cluster,"[""Ds_plus"", ""Upsilon_1S"", ""Xi_minus""]",3,0.0022
cluster,"[""Delta_1232"", ""Xi_minus"", ""neutron"", ""omega_782"", ""top""]",5,0.0022
cluster,"[""K_plus"", ""Sigma_plus"", ""neutron""]",3,0.0022
cluster,"[""D_plus"", ""Delta_1232"", ""Omega_minus"", ""omega_782"", ""top""]",5,0.0022
cluster,"[""Higgs"", ""J_psi"", ""Omega_minus"", ""W"", ""Z"", ""neutron""]",6,0.0022
cluster,"[""B0"", ""B_plus"", ""Bs0"", ""D0"", ""Ds_plus"", ""Sigma_plus"", ""Upsilon_1S"", ""neutron"", ""pi0""]",9,0.0022
cluster,"[""Higgs"", ""J_psi"", ""K_plus"", ""K_short"", ""eta"", ""phi_1020"", ""proton"", ""tau""]",8,0.0022
cluster,"[""Higgs"", ""J_psi"", ""eta"", ""phi_1020"", ""tau""]",5,0.0022
cluster,"[""D_plus"", ""Lambda"", ""omega_782"", ""pi0"", ""pi_plus"", ""top""]",6,0.0022
cluster,"[""B0"", ""B_plus"", ""Bs0"", ""D0"", ""Higgs"", ""J_psi"", ""Sigma_plus"", ""electron"", ""eta"", ""neutron"", ""phi_1020""]",11,0.0022
cluster,"[""B0"", ""B_plus"", ""Bs0"", ""D0"", ""Ds_plus"", ""Higgs"", ""J_psi"", ""Omega_minus"", ""Sigma_plus"", ""eta"", ""muon"", ""neutron"", ""phi_1020"", ""proton""]",14,0.0022
cluster,"[""electron"", ""muon"", ""phi_1020""]",3,0.0022
cluster,"[""K_short"", ""omega_782"", ""proton"", ""rho_770"", ""top""]",5,0.0022
cluster,"[""K_short"", ""electron"", ""neutron""]",3,0.0022
cluster,"[""Higgs"", ""J_psi"", ""K_long"", ""Sigma_plus"", ""eta"", ""omega_782"", ""rho_770"", ""top""]",8,0.0022
cluster,"[""B0"", ""B_plus"", ""Bs0"", ""Delta_1232"", ""Higgs"", ""J_psi"", ""K_long"", ""Omega_minus"", ""Sigma_plus"", ""eta"", ""omega_782"", ""rho_770"", ""tau"", ""top""]",14,0.0022
cluster,"[""K_long"", ""Sigma_plus"", ""Upsilon_1S"", ""W"", ""Z"", ""electron"", ""proton""]",7,0.0022
cluster,"[""D_plus"", ""electron"", ""muon"", ""pi0""]",4,0.0022
cluster,"[""D0"", ""Ds_plus"", ""K_plus"", ""Lambda"", ""eta""]",5,0.0022
cluster,"[""D_plus"", ""Higgs"", ""J_psi"", ""K_long"", ""K_short"", ""neutron"", ""omega_782"", ""pi0"", ""proton"", ""top""]",10,0.0022
cluster,"[""D0"", ""Delta_1232"", ""muon"", ""phi_1020""]",4,0.0022
cluster,"[""Ds_plus"", ""Upsilon_1S"", ""proton""]",3,0.0022
cluster,"[""D_plus"", ""Delta_1232"", ""Ds_plus"", ""K_long"", ""K_short"", ""Upsilon_1S"", ""phi_1020"", ""proton""]",8,0.0022
cluster,"[""Sigma_plus"", ""electron"", ""eta"", ""neutron""]",4,0.0022
cluster,"[""Omega_minus"", ""Sigma_plus"", ""eta"", ""neutron"", ""pi_plus"", ""proton""]",6,0.0022
cluster,"[""B0"", ""B_plus"", ""Bs0"", ""D0"", ""Higgs"", ""J_psi"", ""K_plus"", ""Lambda"", ""W"", ""Xi_minus"", ""Z"", ""electron"", ""muon"", ""pi0"", ""proton"", ""tau""]",16,0.0022
cluster,"[""Sigma_plus"", ""Upsilon_1S"", ""electron"", ""rho_770""]",4,0.0022
cluster,"[""B0"", ""B_plus"", ""Bs0"", ""Delta_1232"", ""K_plus"", ""Lambda"", ""Xi_minus"", ""eta"", ""muon"", ""phi_1020"", ""pi0"", ""proton""]",12,0.0022
cluster,"[""D0"", ""Delta_1232"", ""K_long"", ""electron"", ""eta"", ""pi0"", ""tau""]",7,0.0022
cluster,"[""D_plus"", ""Ds_plus"", ""Higgs"", ""J_psi"", ""K_short"", ""proton""]",6,0.0022
cluster,"[""D_plus"", ""Higgs"", ""J_psi"", ""K_plus"", ""Omega_minus"", ""Sigma_plus"", ""W"", ""Xi_minus"", ""Z"", ""muon"", ""neutron"", ""pi_plus""]",12,0.0022
cluster,"[""B0"", ""B_plus"", ""Bs0"", ""W"", ""Z"", ""proton""]",6,0.0022
cluster,"[""Higgs"", ""J_psi"", ""Lambda"", ""eta"", ""pi_plus""]",5,0.002
cluster,"[""W"", ""Xi_minus"", ""Z"", ""phi_1020"", ""rho_770"", ""tau""]",6,0.002
cluster,"[""K_plus"", ""Sigma_plus"", ""Upsilon_1S""]",3,0.002
cluster,"[""K_plus"", ""Sigma_plus"", ""phi_1020""]",3,0.002
cluster,"[""K_short"", ""W"", ""Z"", ""eta"", ""neutron""]",5,0.002
cluster,"[""D_plus"", ""Delta_1232"", ""K_long"", ""Upsilon_1S"", ""Xi_minus"", ""muon"", ""pi0""]",7,0.002
cluster,"[""muon"", ""omega_782"", ""top""]",3,0.002
cluster,"[""D_plus"", ""Delta_1232"", ""K_long"", ""Lambda"", ""Upsilon_1S"", ""Xi_minus"", ""electron"", ""muon"", ""neutron"", ""omega_782"", ""pi0"", ""pi_plus"", ""top""]",13,0.002
cluster,"[""D_plus"", ""Delta_1232"", ""K_long"", ""Lambda"", ""Upsilon_1S"", ""Xi_minus"", ""neutron"", ""omega_782"", ""pi0"", ""pi_plus"", ""proton"", ""top""]",12,0.002
cluster,"[""Higgs"", ""J_psi"", ""electron"", ""eta"", ""phi_1020"", ""tau""]",6,0.002
cluster,"[""K_long"", ""W"", ""Xi_minus"", ""Z"", ""proton""]",5,0.002
cluster,"[""K_short"", ""W"", ""Z"", ""pi0""]",4,0.002
cluster,"[""B0"", ""B_plus"", ""Bs0"", ""D0"", ""Ds_plus"", ""K_long"", ""Omega_minus"", ""Sigma_plus"", ""Upsilon_1S"", ""electron"", ""muon"", ""omega_782"", ""rho_770"", ""tau"", ""top""]",15,0.002
cluster,"[""B0"", ""B_plus"", ""Bs0"", ""D0"", ""K_long"", ""Omega_minus"", ""Sigma_plus"", ""W"", ""Z"", ""muon"", ""pi0"", ""proton"", ""tau""]",13,0.002
cluster,"[""Ds_plus"", ""Lambda"", ""W"", ""Xi_minus"", ""Z"", ""electron"", ""pi_plus""]",7,0.002
cluster,"[""Delta_1232"", ""Higgs"", ""J_psi"", ""eta"", ""muon"", ""neutron""]",6,0.002
cluster,"[""Delta_1232"", ""K_long"", ""Sigma_plus""]",3,0.002
cluster,"[""B0"", ""B_plus"", ""Bs0"", ""Higgs"", ""J_psi"", ""Omega_minus"", ""electron"", ""tau""]",8,0.002
cluster,"[""Upsilon_1S"", ""W"", ""Z"", ""proton""]",4,0.002
cluster,"[""K_long"", ""Sigma_plus"", ""W"", ""Z""]",4,0.002
cluster,"[""K_long"", ""Sigma_plus"", ""Upsilon_1S"", ""electron"", ""proton""]",5,0.002
cluster,"[""Ds_plus"", ""muon"", ""neutron""]",3,0.002
cluster,"[""B0"", ""B_plus"", ""Bs0"", ""K_plus"", ""Lambda"", ""Xi_minus"", ""muon"", ""omega_782"", ""tau"", ""top""]",10,0.002
cluster,"[""D0"", ""Lambda"", ""muon"", ""omega_782"", ""tau"", ""top""]",6,0.002
cluster,"[""Omega_minus"", ""eta"", ""pi_plus"", ""proton""]",4,0.002
cluster,"[""D0"", ""D_plus"", ""Ds_plus"", ""K_long"", ""K_short"", ""Upsilon_1S"", ""electron"", ""omega_782"", ""phi_1020"", ""proton"", ""rho_770"", ""top""]",12,0.002
cluster,"[""Delta_1232"", ""Sigma_plus"", ""Upsilon_1S"", ""phi_1020""]",4,0.002
cluster,"[""D0"", ""Ds_plus"", ""Higgs"", ""J_psi"", ""K_long"", ""W"", ""Z"", ""electron"", ""neutron"", ""pi0"", ""tau""]",11,0.002
cluster,"[""D0"", ""Delta_1232"", ""K_long"", ""eta"", ""phi_1020"", ""pi0"", ""rho_770"", ""tau""]",8,0.002
cluster,"[""Sigma_plus"", ""neutron"", ""phi_1020""]",3,0.0018
cluster,"[""Delta_1232"", ""Ds_plus"", ""Lambda"", ""pi0""]",4,0.0018
cluster,"[""omega_782"", ""pi0"", ""top""]",3,0.0018
cluster,"[""B0"", ""B_plus"", ""Bs0"", ""K_short"", ""Lambda"", ""omega_782"", ""top""]",7,0.0018
cluster,"[""B0"", ""B_plus"", ""Bs0"", ""Ds_plus"", ""K_short"", ""Lambda"", ""W"", ""Z"", ""eta"", ""neutron"", ""phi_1020"", ""pi0"", ""rho_770""]",13,0.0018
cluster,"[""K_long"", ""pi0"", ""pi_plus""]",3,0.0018
cluster,"[""D0"", ""K_short"", ""Lambda"", ""W"", ""Z"", ""phi_1020"", ""rho_770""]",7,0.0018
cluster,"[""D0"", ""Delta_1232"", ""K_long"", ""K_short"", ""Lambda"", ""eta"", ""muon"", ""omega_782"", ""pi_plus"", ""tau"", ""top""]",11,0.0018
cluster,"[""D0"", ""Delta_1232"", ""K_long"", ""K_short"", ""eta"", ""muon"", ""omega_782"", ""pi_plus"", ""top""]",9,0.0018
cluster,"[""Upsilon_1S"", ""W"", ""Xi_minus"", ""Z"", ""rho_770""]",5,0.0018
cluster,"[""Delta_1232"", ""K_long"", ""K_short"", ""Lambda"", ""muon"", ""omega_782"", ""pi_plus"", ""tau"", ""top""]",9,0.0018
cluster,"[""Delta_1232"", ""K_short"", ""electron"", ""omega_782"", ""pi_plus"", ""proton"", ""tau"", ""top""]",8,0.0018
cluster,"[""D_plus"", ""Higgs"", ""J_psi"", ""K_long"", ""Lambda"", ""W"", ""Xi_minus"", ""Z"", ""eta"", ""muon""]",10,0.0018
cluster,"[""B0"", ""B_plus"", ""Bs0"", ""D0"", ""Delta_1232"", ""Ds_plus"", ""Sigma_plus"", ""omega_782"", ""proton"", ""top""]",10,0.0018
cluster,"[""Higgs"", ""J_psi"", ""Lambda"", ""phi_1020"", ""pi_plus""]",5,0.0018
cluster,"[""Ds_plus"", ""Omega_minus"", ""electron"", ""rho_770""]",4,0.0018
cluster,"[""B0"", ""B_plus"", ""Bs0"", ""D0"", ""Delta_1232"", ""Ds_plus"", ""Higgs"", ""J_psi"", ""K_long"", ""Omega_minus"", ""Sigma_plus"", ""eta"", ""muon"", ""phi_1020"", ""tau""]",15,0.0018
cluster,"[""K_plus"", ""electron"", ""neutron""]",3,0.0018
cluster,"[""B0"", ""B_plus"", ""Bs0"", ""D0"", ""K_long"", ""Omega_minus"", ""Sigma_plus"", ""Upsilon_1S"", ""W"", ""Z"", ""muon"", ""pi0"", ""rho_770"", ""tau""]",14,0.0018
cluster,"[""Delta_1232"", ""Higgs"", ""J_psi"", ""eta"", ""muon"", ""neutron"", ""proton""]",7,0.0018
cluster,"[""D0"", ""Ds_plus"", ""Xi_minus"", ""pi0"", ""pi_plus""]",5,0.0018
cluster,"[""D_plus"", ""K_plus"", ""Lambda"", ""Upsilon_1S"", ""W"", ""Z"", ""proton""]",7,0.0018
cluster,"[""Higgs"", ""J_psi"", ""K_short"", ""eta"", ""muon"", ""neutron"", ""omega_782"", ""rho_770"", ""top""]",9,0.0018
cluster,"[""Delta_1232"", ""Higgs"", ""J_psi"", ""K_long"", ""K_short"", ""Sigma_plus"", ""electron"", ""eta"", ""muon"", ""neutron"", ""omega_782"", ""rho_770"", ""top""]",13,0.0018
cluster,"[""eta"", ""muon"", ""omega_782"", ""rho_770"", ""top""]",5,0.0018
cluster,"[""D0"", ""Delta_1232"", ""Ds_plus"", ""Lambda"", ""Xi_minus"", ""electron"", ""phi_1020"", ""pi0"", ""pi_plus""]",9,0.0018
cluster,"[""K_long"", ""Upsilon_1S"", ""W"", ""Z""]",4,0.0018
cluster,"[""D0"", ""Delta_1232"", ""Ds_plus"", ""Higgs"", ""J_psi"", ""K_plus"", ""Lambda"", ""Xi_minus"", ""electron"", ""neutron"", ""omega_782"", ""pi0"", ""pi_plus"", ""proton"", ""rho_770"", ""top""]",16,0.0018
cluster,"[""D_plus"", ""Higgs"", ""J_psi"", ""K_short"", ""electron"", ""omega_782"", ""pi0"", ""rho_770"", ""top""]",9,0.0018
cluster,"[""D0"", ""Upsilon_1S"", ""muon"", ""neutron""]",4,0.0018
cluster,"[""D0"", ""Upsilon_1S"", ""electron"", ""muon"", ""neutron""]",5,0.0018
cluster,"[""K_plus"", ""Lambda"", ""electron"", ""tau""]",4,0.0018
cluster,"[""B0"", ""B_plus"", ""Bs0"", ""K_plus"", ""Lambda"", ""Xi_minus"", ""electron"", ""neutron"", ""rho_770"", ""tau""]",10,0.0018
cluster,"[""B0"", ""B_plus"", ""Bs0"", ""Higgs"", ""J_psi"", ""K_plus"", ""Lambda"", ""Omega_minus"", ""Sigma_plus"", ""Xi_minus"", ""electron"", ""neutron"", ""omega_782"", ""pi0"", ""pi_plus"", ""rho_770"", ""tau"", ""top""]",18,0.0018
cluster,"[""B0"", ""B_plus"", ""Bs0"", ""Higgs"", ""J_psi"", ""K_plus"", ""Omega_minus"", ""Sigma_plus"", ""W"", ""Xi_minus"", ""Z"", ""electron"", ""eta"", ""neutron"", ""pi0"", ""pi_plus""]",16,0.0018
cluster,"[""B0"", ""B_plus"", ""Bs0"", ""Higgs"", ""J_psi"", ""K_plus"", ""Lambda"", ""Omega_minus"", ""Sigma_plus"", ""W"", ""Xi_minus"", ""Z"", ""electron"", ""eta"", ""muon"", ""neutron"", ""omega_782"", ""pi0"", ""pi_plus"", ""proton"", ""tau"", ""top""]",22,0.0018
cluster,"[""B0"", ""B_plus"", ""Bs0"", ""K_plus"", ""Lambda"", ""Xi_minus"", ""muon"", ""pi0""]",8,0.0018
cluster,"[""Higgs"", ""J_psi"", ""W"", ""Z"", ""electron"", ""proton"", ""tau""]",7,0.0018
cluster,"[""Ds_plus"", ""K_long"", ""K_short"", ""neutron"", ""omega_782"", ""top""]",6,0.0018
cluster,"[""K_long"", ""eta"", ""phi_1020"", ""pi0"", ""tau""]",5,0.0018
cluster,"[""D0"", ""electron"", ""eta"", ""phi_1020"", ""pi0"", ""rho_770"", ""tau""]",7,0.0018
cluster,"[""D0"", ""D_plus"", ""Delta_1232"", ""Ds_plus"", ""K_plus"", ""K_short"", ""Omega_minus"", ""Sigma_plus"", ""Upsilon_1S"", ""electron"", ""eta"", ""muon"", ""neutron"", ""omega_782"", ""phi_1020"", ""pi0"", ""pi_plus"", ""proton"", ""rho_770"", ""tau"", ""top""]",21,0.0018
cluster,"[""D_plus"", ""eta"", ""rho_770""]",3,0.0016
cluster,"[""D0"", ""Delta_1232"", ""Xi_minus"", ""pi_plus""]",4,0.0016
cluster,"[""Ds_plus"", ""Xi_minus"", ""neutron"", ""omega_782"", ""top""]",5,0.0016
cluster,"[""D_plus"", ""Higgs"", ""J_psi"", ""Upsilon_1S""]",4,0.0016
cluster,"[""D0"", ""K_plus"", ""Omega_minus"", ""W"", ""Z"", ""eta"", ""muon"", ""neutron"", ""phi_1020"", ""pi0"", ""rho_770"", ""tau""]",12,0.0016
cluster,"[""B0"", ""B_plus"", ""Bs0"", ""Delta_1232""]",4,0.0016
cluster,"[""Higgs"", ""J_psi"", ""K_plus"", ""Omega_minus"", ""muon"", ""tau""]",6,0.0016
cluster,"[""B0"", ""B_plus"", ""Bs0"", ""eta"", ""pi0""]",5,0.0016
cluster,"[""K_long"", ""eta"", ""pi_plus""]",3,0.0016
cluster,"[""D_plus"", ""Sigma_plus"", ""eta"", ""muon""]",4,0.0016
cluster,"[""K_plus"", ""Omega_minus"", ""W"", ""Z"", ""neutron"", ""phi_1020"", ""rho_770""]",7,0.0016
cluster,"[""D0"", ""K_long"", ""K_short""]",3,0.0016
cluster,"[""D_plus"", ""Omega_minus"", ""phi_1020""]",3,0.0016
cluster,"[""B0"", ""B_plus"", ""Bs0"", ""Delta_1232"", ""Ds_plus"", ""K_plus"", ""eta"", ""neutron"", ""omega_782"", ""top""]",10,0.0016
cluster,"[""B0"", ""B_plus"", ""Bs0"", ""D0"", ""Ds_plus"", ""Higgs"", ""J_psi"", ""K_long"", ""K_plus"", ""K_short"", ""Lambda"", ""Upsilon_1S"", ""W"", ""Z"", ""muon"", ""neutron"", ""phi_1020"", ""pi0"", ""pi_plus"", ""proton"", ""rho_770"", ""tau""]",22,0.0016
cluster,"[""D_plus"", ""Delta_1232"", ""Omega_minus"", ""electron"", ""omega_782"", ""top""]",6,0.0016
cluster,"[""Delta_1232"", ""K_plus"", ""omega_782"", ""tau"", ""top""]",5,0.0016
cluster,"[""D_plus"", ""Higgs"", ""J_psi"", ""K_long"", ""Lambda"", ""W"", ""Xi_minus"", ""Z"", ""eta"", ""muon"", ""phi_1020"", ""pi_plus"", ""proton""]",13,0.0016
cluster,"[""Higgs"", ""J_psi"", ""K_plus"", ""K_short"", ""W"", ""Z"", ""electron"", ""eta"", ""neutron"", ""phi_1020"", ""pi_plus"", ""tau""]",12,0.0016
cluster,"[""D_plus"", ""K_long"", ""Xi_minus"", ""neutron"", ""omega_782"", ""pi0"", ""top""]",7,0.0016
cluster,"[""B0"", ""B_plus"", ""Bs0"", ""D0"", ""Sigma_plus"", ""W"", ""Z"", ""electron""]",8,0.0016
cluster,"[""K_plus"", ""K_short"", ""electron""]",3,0.0016
cluster,"[""D_plus"", ""Lambda"", ""omega_782"", ""pi0"", ""pi_plus"", ""proton"", ""rho_770"", ""top""]",8,0.0016
cluster,"[""B0"", ""B_plus"", ""Bs0"", ""D0"", ""Higgs"", ""J_psi"", ""Sigma_plus"", ""eta"", ""neutron"", ""phi_1020""]",10,0.0016
cluster,"[""K_plus"", ""K_short"", ""Upsilon_1S"", ""electron"", ""omega_782"", ""pi0"", ""proton"", ""rho_770"", ""top""]",9,0.0016
cluster,"[""K_plus"", ""K_short"", ""W"", ""Z"", ""electron"", ""neutron"", ""pi0"", ""proton""]",8,0.0016
cluster,"[""B0"", ""B_plus"", ""Bs0"", ""D0"", ""K_long"", ""Omega_minus"", ""Sigma_plus"", ""Upsilon_1S"", ""muon"", ""omega_782"", ""proton"", ""rho_770"", ""tau"", ""top""]",14,0.0016
cluster,"[""B0"", ""B_plus"", ""Bs0"", ""D0"", ""Ds_plus"", ""K_long"", ""Omega_minus"", ""Sigma_plus"", ""Upsilon_1S"", ""electron"", ""muon"", ""omega_782"", ""proton"", ""rho_770"", ""tau"", ""top""]",16,0.0016
cluster,"[""W"", ""Z"", ""pi0"", ""proton""]",4,0.0016
cluster,"[""Ds_plus"", ""Xi_minus"", ""omega_782"", ""top""]",4,0.0016
cluster,"[""B0"", ""B_plus"", ""Bs0"", ""K_long"", ""Omega_minus"", ""pi0"", ""proton"", ""tau""]",8,0.0016
cluster,"[""Ds_plus"", ""Lambda"", ""Upsilon_1S"", ""W"", ""Xi_minus"", ""Z"", ""electron"", ""pi_plus""]",8,0.0016
cluster,"[""eta"", ""omega_782"", ""proton"", ""rho_770"", ""top""]",5,0.0016
cluster,"[""Higgs"", ""J_psi"", ""K_long"", ""Sigma_plus""]",4,0.0016
cluster,"[""D_plus"", ""Upsilon_1S"", ""W"", ""Z"", ""neutron""]",5,0.0016
cluster,"[""K_short"", ""electron"", ""muon""]",3,0.0016
cluster,"[""K_short"", ""phi_1020"", ""proton""]",3,0.0016
cluster,"[""D0"", ""Ds_plus"", ""Higgs"", ""J_psi"", ""K_plus"", ""Lambda"", ""electron"", ""eta"", ""omega_782"", ""rho_770"", ""top""]",11,0.0016
cluster,"[""D_plus"", ""Ds_plus"", ""Higgs"", ""J_psi"", ""muon"", ""omega_782"", ""pi0"", ""rho_770"", ""top""]",9,0.0016
cluster,"[""B0"", ""B_plus"", ""Bs0"", ""Omega_minus"", ""Upsilon_1S"", ""W"", ""Xi_minus"", ""Z"", ""pi_plus"", ""proton"", ""tau""]",11,0.0016
cluster,"[""D0"", ""Ds_plus"", ""K_plus"", ""Lambda"", ""W"", ""Z"", ""eta"", ""muon"", ""proton""]",9,0.0016
cluster,"[""B0"", ""B_plus"", ""Bs0"", ""Delta_1232"", ""Omega_minus"", ""Upsilon_1S"", ""Xi_minus"", ""phi_1020"", ""pi_plus"", ""tau""]",10,0.0016
cluster,"[""D0"", ""Ds_plus"", ""muon"", ""proton""]",4,0.0016
cluster,"[""B0"", ""B_plus"", ""Bs0"", ""Delta_1232"", ""K_plus"", ""Lambda"", ""Omega_minus"", ""Upsilon_1S"", ""Xi_minus"", ""phi_1020"", ""pi_plus"", ""tau""]",12,0.0016
cluster,"[""Sigma_plus"", ""omega_782"", ""proton"", ""top""]",4,0.0016
cluster,"[""B0"", ""B_plus"", ""Bs0"", ""Omega_minus"", ""Xi_minus"", ""pi_plus"", ""rho_770""]",7,0.0016
cluster,"[""B0"", ""B_plus"", ""Bs0"", ""Higgs"", ""J_psi"", ""Omega_minus"", ""Sigma_plus"", ""Xi_minus"", ""omega_782"", ""pi0"", ""pi_plus"", ""proton"", ""rho_770"", ""top""]",14,0.0016
cluster,"[""B0"", ""B_plus"", ""Bs0"", ""D0"", ""Delta_1232"", ""Ds_plus"", ""K_plus"", ""Lambda"", ""Omega_minus"", ""Upsilon_1S"", ""Xi_minus"", ""muon"", ""neutron"", ""omega_782"", ""phi_1020"", ""pi_plus"", ""proton"", ""rho_770"", ""tau"", ""top""]",20,0.0016
cluster,"[""D0"", ""Ds_plus"", ""proton"", ""rho_770""]",4,0.0016
cluster,"[""B0"", ""B_plus"", ""Bs0"", ""Higgs"", ""J_psi"", ""K_plus"", ""Lambda"", ""W"", ""Xi_minus"", ""Z"", ""muon""]",11,0.0016
cluster,"[""D_plus"", ""Upsilon_1S"", ""phi_1020"", ""proton""]",4,0.0016
cluster,"[""D_plus"", ""Delta_1232"", ""Upsilon_1S"", ""neutron"", ""phi_1020""]",5,0.0016
cluster,"[""D0"", ""Ds_plus"", ""K_long"", ""electron"", ""omega_782"", ""top""]",6,0.0016
cluster,"[""K_short"", ""proton"", ""rho_770""]",3,0.0016
cluster,"[""Omega_minus"", ""phi_1020"", ""pi_plus""]",3,0.0016
cluster,"[""B0"", ""B_plus"", ""Bs0"", ""K_plus"", ""Lambda"", ""Upsilon_1S"", ""Xi_minus"", ""electron"", ""muon"", ""phi_1020"", ""rho_770""]",11,0.0016
cluster,"[""K_plus"", ""Upsilon_1S"", ""Xi_minus"", ""electron"", ""muon"", ""rho_770""]",6,0.0016
cluster,"[""Ds_plus"", ""Higgs"", ""J_psi"", ""K_short"", ""W"", ""Z""]",6,0.0016
cluster,"[""D_plus"", ""Ds_plus"", ""Higgs"", ""J_psi"", ""K_short""]",5,0.0016
cluster,"[""K_plus"", ""Omega_minus"", ""Sigma_plus"", ""W"", ""Xi_minus"", ""Z"", ""electron"", ""muon"", ""neutron"", ""pi_plus""]",10,0.0016
cluster,"[""K_long"", ""Upsilon_1S"", ""omega_782"", ""proton"", ""tau"", ""top""]",6,0.0016
cluster,"[""D0"", ""D_plus"", ""Ds_plus"", ""K_short"", ""Sigma_plus"", ""Upsilon_1S"", ""eta"", ""muon"", ""neutron"", ""omega_782"", ""phi_1020"", ""pi0"", ""pi_plus"", ""proton"", ""rho_770"", ""tau"", ""top""]",17,0.0016
cluster,"[""K_plus"", ""neutron"", ""tau""]",3,0.0014
cluster,"[""K_plus"", ""rho_770"", ""tau""]",3,0.0014
cluster,"[""D_plus"", ""K_long"", ""Xi_minus"", ""electron"", ""muon"", ""phi_1020""]",6,0.0014
cluster,"[""Ds_plus"", ""K_short"", ""proton""]",3,0.0014
cluster,"[""D_plus"", ""Delta_1232"", ""K_long"", ""Sigma_plus"", ""pi_plus""]",5,0.0014
cluster,"[""Higgs"", ""J_psi"", ""Omega_minus"", ""pi0""]",4,0.0014
cluster,"[""Higgs"", ""J_psi"", ""Lambda"", ""pi0"", ""tau""]",5,0.0014
cluster,"[""D_plus"", ""Omega_minus"", ""proton""]",3,0.0014
cluster,"[""D0"", ""Higgs"", ""J_psi"", ""K_long"", ""K_short"", ""Lambda"", ""Upsilon_1S"", ""W"", ""Z"", ""electron"", ""muon"", ""neutron"", ""phi_1020"", ""pi0"", ""pi_plus"", ""rho_770"", ""tau""]",17,0.0014
cluster,"[""Delta_1232"", ""K_long"", ""Lambda"", ""Xi_minus"", ""electron"", ""muon"", ""neutron"", ""omega_782"", ""proton"", ""top""]",10,0.0014
cluster,"[""D_plus"", ""eta"", ""neutron"", ""rho_770""]",4,0.0014
cluster,"[""Delta_1232"", ""K_short"", ""omega_782"", ""pi_plus"", ""tau"", ""top""]",6,0.0014
cluster,"[""B0"", ""B_plus"", ""Bs0"", ""D0"", ""Ds_plus"", ""K_plus"", ""Sigma_plus"", ""Upsilon_1S"", ""pi0""]",9,0.0014
cluster,"[""D_plus"", ""Higgs"", ""J_psi"", ""K_long"", ""Lambda"", ""W"", ""Xi_minus"", ""Z"", ""electron"", ""eta"", ""muon"", ""proton"", ""rho_770""]",13,0.0014
cluster,"[""Delta_1232"", ""K_plus"", ""K_short"", ""omega_782"", ""tau"", ""top""]",6,0.0014
cluster,"[""Omega_minus"", ""Upsilon_1S"", ""pi0"", ""proton""]",4,0.0014
cluster,"[""K_plus"", ""neutron"", ""rho_770"", ""tau""]",4,0.0014
cluster,"[""Lambda"", ""neutron"", ""pi_plus""]",3,0.0014
cluster,"[""W"", ""Z"", ""tau""]",3,0.0014
cluster,"[""Lambda"", ""electron"", ""neutron"", ""pi_plus""]",4,0.0014
cluster,"[""Higgs"", ""J_psi"", ""K_plus"", ""K_short"", ""W"", ""Z"", ""eta"", ""phi_1020"", ""tau""]",9,0.0014
cluster,"[""B0"", ""B_plus"", ""Bs0"", ""D0"", ""Ds_plus"", ""Sigma_plus"", ""proton"", ""rho_770""]",8,0.0014
cluster,"[""Ds_plus"", ""Omega_minus"", ""rho_770""]",3,0.0014
cluster,"[""Delta_1232"", ""K_plus"", ""K_short"", ""Upsilon_1S"", ""proton""]",5,0.0014
cluster,"[""B0"", ""B_plus"", ""Bs0"", ""D0"", ""Higgs"", ""J_psi"", ""Sigma_plus"", ""eta"", ""phi_1020""]",9,0.0014
cluster,"[""Ds_plus"", ""Omega_minus"", ""muon""]",3,0.0014
cluster,"[""D_plus"", ""Lambda"", ""W"", ""Xi_minus"", ""Z"", ""pi_plus""]",6,0.0014
cluster,"[""K_plus"", ""K_short"", ""pi0"", ""proton"", ""rho_770""]",5,0.0014
cluster,"[""B0"", ""B_plus"", ""Bs0"", ""D0"", ""Delta_1232"", ""Ds_plus"", ""Higgs"", ""J_psi"", ""K_long"", ""Omega_minus"", ""Sigma_plus"", ""Upsilon_1S"", ""Xi_minus"", ""electron"", ""eta"", ""muon"", ""omega_782"", ""phi_1020"", ""proton"", ""tau"", ""top""]",21,0.0014
cluster,"[""K_plus"", ""K_short"", ""W"", ""Z"", ""electron"", ""neutron"", ""proton""]",7,0.0014
cluster,"[""D_plus"", ""Higgs"", ""J_psi"", ""Lambda"", ""Xi_minus"", ""electron"", ""eta"", ""phi_1020"", ""pi_plus"", ""proton""]",10,0.0014
cluster,"[""D_plus"", ""Delta_1232"", ""Higgs"", ""J_psi"", ""Lambda"", ""Xi_minus"", ""eta"", ""neutron"", ""pi_plus""]",9,0.0014
cluster,"[""B0"", ""B_plus"", ""Bs0"", ""D0"", ""Ds_plus"", ""K_long"", ""Lambda"", ""Omega_minus"", ""Sigma_plus"", ""Upsilon_1S"", ""W"", ""Xi_minus"", ""Z"", ""electron"", ""muon"", ""neutron"", ""omega_782"", ""pi0"", ""pi_plus"", ""proton"", ""rho_770"", ""tau"", ""top""]",23,0.0014
cluster,"[""D_plus"", ""K_plus"", ""Lambda"", ""omega_782"", ""rho_770"", ""top""]",6,0.0014
cluster,"[""Ds_plus"", ""Lambda"", ""Upsilon_1S"", ""Xi_minus"", ""pi_plus"", ""proton""]",6,0.0014
cluster,"[""B0"", ""B_plus"", ""Bs0"", ""K_long"", ""Omega_minus"", ""Sigma_plus"", ""neutron"", ""phi_1020"", ""pi0"", ""tau""]",10,0.0014
cluster,"[""B0"", ""B_plus"", ""Bs0"", ""D0"", ""Ds_plus"", ""Omega_minus"", ""Xi_minus"", ""phi_1020"", ""pi0"", ""pi_plus"", ""proton"", ""tau""]",12,0.0014
cluster,"[""B0"", ""B_plus"", ""Bs0"", ""Delta_1232"", ""Omega_minus"", ""proton"", ""tau""]",7,0.0014
cluster,"[""D_plus"", ""K_short"", ""Upsilon_1S"", ""W"", ""Z"", ""muon"", ""neutron"", ""proton""]",8,0.0014
cluster,"[""D0"", ""Delta_1232"", ""Xi_minus"", ""pi_plus"", ""proton""]",5,0.0014
cluster,"[""D_plus"", ""muon"", ""phi_1020""]",3,0.0014
cluster,"[""K_long"", ""electron"", ""proton""]",3,0.0014
cluster,"[""D_plus"", ""Delta_1232"", ""K_short"", ""electron"", ""muon"", ""phi_1020""]",6,0.0014
cluster,"[""Delta_1232"", ""Sigma_plus"", ""electron"", ""neutron"", ""phi_1020""]",5,0.0014
cluster,"[""D_plus"", ""Higgs"", ""J_psi"", ""K_long"", ""K_short"", ""neutron"", ""omega_782"", ""pi0"", ""proton"", ""rho_770"", ""top""]",11,0.0014
cluster,"[""D_plus"", ""Higgs"", ""J_psi"", ""K_long"", ""K_short"", ""Sigma_plus"", ""electron"", ""omega_782"", ""pi0"", ""rho_770"", ""top""]",11,0.0014
cluster,"[""B0"", ""B_plus"", ""Bs0"", ""D0"", ""Delta_1232"", ""Ds_plus"", ""K_plus"", ""Lambda"", ""Omega_minus"", ""Upsilon_1S"", ""Xi_minus"", ""muon"", ""neutron"", ""phi_1020"", ""pi_plus"", ""proton"", ""rho_770"", ""tau""]",18,0.0014
cluster,"[""D0"", ""Delta_1232"", ""Ds_plus"", ""K_plus"", ""Lambda"", ""Upsilon_1S"", ""electron"", ""muon"", ""neutron"", ""phi_1020"", ""tau""]",11,0.0014
cluster,"[""B0"", ""B_plus"", ""Bs0"", ""Xi_minus"", ""rho_770""]",5,0.0014
cluster,"[""B0"", ""B_plus"", ""Bs0"", ""Higgs"", ""J_psi"", ""K_plus"", ""Lambda"", ""Omega_minus"", ""Sigma_plus"", ""W"", ""Xi_minus"", ""Z"", ""electron"", ""eta"", ""muon"", ""neutron"", ""pi0"", ""pi_plus"", ""proton""]",19,0.0014
cluster,"[""Omega_minus"", ""Sigma_plus"", ""electron"", ""eta"", ""neutron"", ""pi_plus"", ""proton""]",7,0.0014
cluster,"[""B0"", ""B_plus"", ""Bs0"", ""Higgs"", ""J_psi"", ""K_plus"", ""Lambda"", ""W"", ""Xi_minus"", ""Z"", ""muon"", ""pi0"", ""tau""]",13,0.0014
cluster,"[""B0"", ""B_plus"", ""Bs0"", ""Higgs"", ""J_psi"", ""K_plus"", ""Lambda"", ""W"", ""Xi_minus"", ""Z"", ""electron"", ""eta"", ""muon"", ""pi0"", ""proton"", ""tau""]",16,0.0014
cluster,"[""B0"", ""B_plus"", ""Bs0"", ""Lambda"", ""neutron"", ""rho_770""]",6,0.0014
cluster,"[""Delta_1232"", ""K_long"", ""eta"", ""phi_1020"", ""pi0"", ""proton"", ""tau""]",7,0.0014
cluster,"[""K_plus"", ""Xi_minus"", ""muon"", ""omega_782"", ""proton"", ""top""]",6,0.0014
cluster,"[""D_plus"", ""K_plus"", ""Omega_minus"", ""Sigma_plus"", ""W"", ""Xi_minus"", ""Z"", ""muon"", ""neutron"", ""omega_782"", ""pi_plus"", ""proton"", ""top""]",13,0.0014
cluster,"[""K_plus"", ""Omega_minus"", ""W"", ""Xi_minus"", ""Z"", ""muon"", ""neutron""]",7,0.0014
cluster,"[""B0"", ""B_plus"", ""Bs0"", ""D_plus"", ""Higgs"", ""J_psi"", ""K_plus"", ""Lambda"", ""Omega_minus"", ""Sigma_plus"", ""Upsilon_1S"", ""W"", ""Xi_minus"", ""Z"", ""muon"", ""neutron"", ""omega_782"", ""pi_plus"", ""proton"", ""top""]",20,0.0014
cluster,"[""B0"", ""B_plus"", ""Bs0"", ""D_plus"", ""Higgs"", ""J_psi"", ""K_long"", ""K_plus"", ""Lambda"", ""Omega_minus"", ""Sigma_plus"", ""Upsilon_1S"", ""W"", ""Xi_minus"", ""Z"", ""muon"", ""neutron"", ""omega_782"", ""pi_plus"", ""proton"", ""top""]",21,0.0014
cluster,"[""D0"", ""D_plus"", ""Delta_1232"", ""Ds_plus"", ""K_plus"", ""K_short"", ""Omega_minus"", ""Sigma_plus"", ""electron"", ""eta"", ""muon"", ""neutron"", ""phi_1020"", ""pi0"", ""pi_plus"", ""proton"", ""rho_770""]",17,0.0014
cluster,"[""Xi_minus"", ""phi_1020"", ""tau""]",3,0.0012
cluster,"[""pi0"", ""proton"", ""tau""]",3,0.0012
cluster,"[""Ds_plus"", ""Omega_minus"", ""omega_782"", ""top""]",4,0.0012
cluster,"[""D_plus"", ""Delta_1232"", ""eta""]",3,0.0012
cluster,"[""D_plus"", ""W"", ""Z"", ""phi_1020""]",4,0.0012
cluster,"[""D0"", ""Delta_1232"", ""K_plus"", ""muon""]",4,0.0012
cluster,"[""D_plus"", ""Higgs"", ""J_psi"", ""K_long"", ""Sigma_plus"", ""Upsilon_1S"", ""pi_plus""]",7,0.0012
cluster,"[""D_plus"", ""Higgs"", ""J_psi"", ""K_long"", ""Sigma_plus"", ""Upsilon_1S"", ""neutron"", ""omega_782"", ""pi_plus"", ""top""]",10,0.0012
cluster,"[""D0"", ""W"", ""Xi_minus"", ""Z"", ""eta"", ""phi_1020"", ""pi0"", ""rho_770""]",8,0.0012
cluster,"[""B0"", ""B_plus"", ""Bs0"", ""Ds_plus"", ""K_short"", ""Lambda"", ""W"", ""Z"", ""eta"", ""neutron"", ""phi_1020"", ""pi0"", ""proton"", ""rho_770""]",14,0.0012
cluster,"[""D_plus"", ""K_long"", ""Sigma_plus"", ""W"", ""Z"", ""muon"", ""phi_1020"", ""pi_plus"", ""proton"", ""rho_770""]",10,0.0012
cluster,"[""D0"", ""Delta_1232"", ""Higgs"", ""J_psi"", ""Upsilon_1S"", ""Xi_minus"", ""electron"", ""neutron"", ""omega_782"", ""tau"", ""top""]",11,0.0012
cluster,"[""D_plus"", ""Sigma_plus"", ""W"", ""Z"", ""muon"", ""phi_1020"", ""rho_770""]",7,0.0012
cluster,"[""D0"", ""K_short"", ""Lambda"", ""Upsilon_1S""]",4,0.0012
cluster,"[""B0"", ""B_plus"", ""Bs0"", ""Delta_1232"", ""Ds_plus"", ""Higgs"", ""J_psi"", ""K_long"", ""omega_782"", ""pi_plus"", ""top""]",11,0.0012
cluster,"[""B0"", ""B_plus"", ""Bs0"", ""D_plus"", ""Delta_1232"", ""Ds_plus"", ""Higgs"", ""J_psi"", ""K_long"", ""K_plus"", ""Sigma_plus"", ""Upsilon_1S"", ""muon"", ""neutron"", ""omega_782"", ""pi0"", ""pi_plus"", ""top""]",18,0.0012
cluster,"[""D0"", ""Delta_1232"", ""K_long"", ""K_short"", ""eta"", ""muon"", ""omega_782"", ""pi_plus"", ""proton"", ""top""]",10,0.0012
cluster,"[""D_plus"", ""Omega_minus"", ""neutron"", ""phi_1020""]",4,0.0012
cluster,"[""Lambda"", ""Upsilon_1S"", ""phi_1020""]",3,0.0012
cluster,"[""Delta_1232"", ""Sigma_plus"", ""omega_782"", ""top""]",4,0.0012
cluster,"[""B0"", ""B_plus"", ""Bs0"", ""Ds_plus"", ""K_plus"", ""eta""]",6,0.0012
cluster,"[""B0"", ""B_plus"", ""Bs0"", ""D0"", ""Ds_plus"", ""Higgs"", ""J_psi"", ""K_plus"", ""Sigma_plus"", ""W"", ""Z"", ""electron"", ""pi0"", ""rho_770""]",14,0.0012
cluster,"[""D_plus"", ""Delta_1232"", ""omega_782"", ""top""]",4,0.0012
cluster,"[""K_short"", ""pi_plus"", ""proton"", ""tau""]",4,0.0012
cluster,"[""Delta_1232"", ""K_short"", ""omega_782"", ""tau"", ""top""]",5,0.0012
cluster,"[""B0"", ""B_plus"", ""Bs0"", ""D0"", ""Ds_plus"", ""Sigma_plus"", ""Upsilon_1S"", ""neutron"", ""pi0"", ""proton""]",10,0.0012
cluster,"[""Omega_minus"", ""electron"", ""phi_1020""]",3,0.0012
cluster,"[""D_plus"", ""Higgs"", ""J_psi"", ""K_long"", ""Lambda"", ""W"", ""Xi_minus"", ""Z"", ""eta"", ""muon"", ""phi_1020""]",11,0.0012
cluster,"[""B0"", ""B_plus"", ""Bs0"", ""D0"", ""Delta_1232"", ""Ds_plus"", ""K_plus"", ""Sigma_plus"", ""electron"", ""neutron"", ""omega_782"", ""tau"", ""top""]",13,0.0012
cluster,"[""B0"", ""B_plus"", ""Bs0"", ""D0"", ""Ds_plus"", ""Sigma_plus"", ""omega_782"", ""top""]",8,0.0012
cluster,"[""K_plus"", ""K_short"", ""W"", ""Z"", ""eta"", ""tau""]",6,0.0012
cluster,"[""B0"", ""B_plus"", ""Bs0"", ""D0"", ""Sigma_plus"", ""electron"", ""rho_770""]",7,0.0012
cluster,"[""D_plus"", ""Delta_1232"", ""K_long"", ""Upsilon_1S"", ""Xi_minus"", ""muon"", ""pi0"", ""proton""]",8,0.0012
cluster,"[""D_plus"", ""Delta_1232"", ""K_long"", ""Lambda"", ""Upsilon_1S"", ""Xi_minus"", ""electron"", ""neutron"", ""pi0"", ""pi_plus""]",10,0.0012
cluster,"[""Delta_1232"", ""Lambda"", ""Upsilon_1S"", ""pi_plus"", ""proton""]",5,0.0012
cluster,"[""Ds_plus"", ""Omega_minus"", ""muon"", ""rho_770""]",4,0.0012
cluster,"[""D_plus"", ""Lambda"", ""Xi_minus"", ""electron"", ""omega_782"", ""pi0"", ""pi_plus"", ""rho_770"", ""top""]",9,0.0012
cluster,"[""K_plus"", ""K_short"", ""Upsilon_1S"", ""electron"", ""omega_782"", ""top""]",6,0.0012
cluster,"[""B0"", ""B_plus"", ""Bs0"", ""D0"", ""Ds_plus"", ""Higgs"", ""J_psi"", ""K_long"", ""Omega_minus"", ""Sigma_plus"", ""eta"", ""muon"", ""phi_1020""]",13,0.0012
cluster,"[""D_plus"", ""Lambda"", ""W"", ""Z"", ""electron"", ""pi_plus""]",6,0.0012
cluster,"[""K_short"", ""neutron"", ""pi0"", ""rho_770""]",4,0.0012
cluster,"[""D_plus"", ""Delta_1232"", ""Ds_plus"", ""Higgs"", ""J_psi"", ""K_plus"", ""Lambda"", ""Xi_minus"", ""eta"", ""neutron"", ""omega_782"", ""pi_plus"", ""proton"", ""top""]",14,0.0012
cluster,"[""B0"", ""B_plus"", ""Bs0"", ""D0"", ""D_plus"", ""Delta_1232"", ""Ds_plus"", ""Higgs"", ""J_psi"", ""K_long"", ""K_plus"", ""Lambda"", ""Omega_minus"", ""Sigma_plus"", ""Upsilon_1S"", ""W"", ""Xi_minus"", ""Z"", ""eta"", ""muon"", ""neutron"", ""omega_782"", ""pi0"", ""pi_plus"", ""proton"", ""rho_770"", ""tau"", ""top""]",28,0.0012
cluster,"[""Ds_plus"", ""Lambda"", ""Upsilon_1S"", ""Xi_minus"", ""electron"", ""omega_782"", ""pi_plus"", ""rho_770"", ""top""]",9,0.0012
cluster,"[""B0"", ""B_plus"", ""Bs0"", ""D0"", ""K_long"", ""Omega_minus"", ""Sigma_plus"", ""W"", ""Z"", ""neutron"", ""pi0"", ""tau""]",12,0.0012
cluster,"[""B0"", ""B_plus"", ""Bs0"", ""K_long"", ""Omega_minus"", ""Sigma_plus"", ""neutron"", ""pi0"", ""tau""]",9,0.0012
cluster,"[""B0"", ""B_plus"", ""Bs0"", ""Delta_1232"", ""K_long"", ""Omega_minus"", ""Sigma_plus"", ""electron"", ""phi_1020"", ""tau""]",10,0.0012
cluster,"[""Delta_1232"", ""K_long"", ""Sigma_plus"", ""electron""]",4,0.0012
cluster,"[""B0"", ""B_plus"", ""Bs0"", ""D0"", ""Delta_1232"", ""Ds_plus"", ""Higgs"", ""J_psi"", ""K_long"", ""K_short"", ""Omega_minus"", ""Sigma_plus"", ""Xi_minus"", ""electron"", ""eta"", ""muon"", ""neutron"", ""omega_782"", ""phi_1020"", ""pi0"", ""pi_plus"", ""proton"", ""rho_770"", ""tau"", ""top""]",25,0.0012
cluster,"[""Higgs"", ""J_psi"", ""K_long"", ""Sigma_plus"", ""proton""]",5,0.0012
cluster,"[""D_plus"", ""Upsilon_1S"", ""W"", ""Z"", ""neutron"", ""proton""]",6,0.0012
cluster,"[""B0"", ""B_plus"", ""Bs0"", ""Higgs"", ""J_psi"", ""K_long"", ""Omega_minus"", ""Sigma_plus"", ""eta"", ""omega_782"", ""rho_770"", ""tau"", ""top""]",13,0.0012
cluster,"[""D0"", ""Delta_1232"", ""Ds_plus"", ""Lambda"", ""Xi_minus"", ""pi0"", ""pi_plus""]",7,0.0012
cluster,"[""B0"", ""B_plus"", ""Bs0"", ""D0"", ""Delta_1232"", ""Ds_plus"", ""Higgs"", ""J_psi"", ""K_plus"", ""Lambda"", ""Omega_minus"", ""Xi_minus"", ""electron"", ""eta"", ""neutron"", ""omega_782"", ""pi0"", ""pi_plus"", ""rho_770"", ""tau"", ""top""]",21,0.0012
cluster,"[""B0"", ""B_plus"", ""Bs0"", ""D0"", ""Ds_plus"", ""Higgs"", ""J_psi"", ""K_plus"", ""Lambda"", ""Omega_minus"", ""Sigma_plus"", ""W"", ""Xi_minus"", ""Z"", ""electron"", ""eta"", ""neutron"", ""omega_782"", ""pi_plus"", ""proton"", ""rho_770"", ""tau"", ""top""]",23,0.0012
cluster,"[""B0"", ""B_plus"", ""Bs0"", ""D0"", ""Ds_plus"", ""Higgs"", ""J_psi"", ""K_plus"", ""Lambda"", ""Omega_minus"", ""Xi_minus"", ""eta"", ""neutron"", ""omega_782"", ""pi_plus"", ""rho_770"", ""tau"", ""top""]",18,0.0012
cluster,"[""B0"", ""B_plus"", ""Bs0"", ""Omega_minus"", ""Xi_minus"", ""eta"", ""neutron"", ""pi_plus"", ""tau""]",9,0.0012
cluster,"[""D_plus"", ""Delta_1232"", ""K_short"", ""electron"", ""muon"", ""phi_1020"", ""pi0"", ""proton""]",8,0.0012
cluster,"[""B0"", ""B_plus"", ""Bs0"", ""D0"", ""Ds_plus"", ""Higgs"", ""J_psi"", ""K_plus"", ""Lambda"", ""Omega_minus"", ""W"", ""Xi_minus"", ""Z"", ""eta"", ""neutron"", ""omega_782"", ""pi_plus"", ""proton"", ""rho_770"", ""tau"", ""top""]",21,0.0012
cluster,"[""D0"", ""Ds_plus"", ""Higgs"", ""J_psi"", ""K_plus"", ""Lambda"", ""eta"", ""omega_782"", ""proton"", ""rho_770"", ""top""]",11,0.0012
cluster,"[""Ds_plus"", ""eta"", ""proton""]",3,0.0012
cluster,"[""B0"", ""B_plus"", ""Bs0"", ""D0"", ""Delta_1232"", ""Ds_plus"", ""K_plus"", ""Lambda"", ""Omega_minus"", ""Upsilon_1S"", ""Xi_minus"", ""muon"", ""neutron"", ""phi_1020"", ""pi_plus"", ""proton"", ""tau""]",17,0.0012
cluster,"[""D_plus"", ""Delta_1232"", ""Ds_plus"", ""K_long"", ""K_short"", ""Upsilon_1S"", ""electron"", ""phi_1020""]",8,0.0012
cluster,"[""Higgs"", ""J_psi"", ""Omega_minus"", ""Sigma_plus"", ""W"", ""Z"", ""eta"", ""pi0"", ""pi_plus"", ""proton""]",10,0.0012
cluster,"[""D_plus"", ""Delta_1232"", ""K_short"", ""Sigma_plus"", ""Upsilon_1S"", ""electron"", ""neutron"", ""phi_1020"", ""proton""]",9,0.0012
cluster,"[""Ds_plus"", ""K_long"", ""K_short"", ""electron"", ""rho_770""]",5,0.0012
cluster,"[""B0"", ""B_plus"", ""Bs0"", ""Delta_1232"", ""K_plus"", ""Lambda"", ""Omega_minus"", ""Sigma_plus"", ""Upsilon_1S"", ""Xi_minus"", ""electron"", ""eta"", ""muon"", ""phi_1020"", ""pi0"", ""pi_plus"", ""proton""]",17,0.0012
cluster,"[""D0"", ""Ds_plus"", ""K_long"", ""K_short"", ""neutron"", ""omega_782"", ""top""]",7,0.0012
cluster,"[""D0"", ""Delta_1232"", ""Ds_plus"", ""K_short"", ""electron"", ""eta"", ""phi_1020"", ""pi0"", ""rho_770"", ""tau""]",10,0.0012
cluster,"[""Upsilon_1S"", ""Xi_minus"", ""tau""]",3,0.001
cluster,"[""B0"", ""B_plus"", ""Bs0"", ""Ds_plus"", ""proton""]",5,0.001
cluster,"[""D0"", ""electron"", ""proton""]",3,0.001
cluster,"[""Delta_1232"", ""neutron"", ""proton"", ""tau""]",4,0.001
cluster,"[""B0"", ""B_plus"", ""Bs0"", ""K_plus"", ""K_short"", ""Xi_minus"", ""pi0"", ""rho_770""]",8,0.001
cluster,"[""Ds_plus"", ""K_long"", ""eta"", ""omega_782"", ""top""]",5,0.001
cluster,"[""D_plus"", ""omega_782"", ""pi0"", ""top""]",4,0.001
cluster,"[""D0"", ""Higgs"", ""J_psi"", ""K_long"", ""Omega_minus"", ""Upsilon_1S"", ""rho_770""]",7,0.001
cluster,"[""Delta_1232"", ""K_long"", ""Sigma_plus"", ""eta"", ""pi0"", ""pi_plus"", ""tau""]",7,0.001
cluster,"[""Delta_1232"", ""Ds_plus"", ""Xi_minus""]",3,0.001
cluster,"[""D0"", ""Ds_plus"", ""K_short"", ""Lambda"", ""W"", ""Xi_minus"", ""Z"", ""eta"", ""phi_1020"", ""pi0"", ""rho_770""]",11,0.001
cluster,"[""D0"", ""Higgs"", ""J_psi"", ""Upsilon_1S"", ""Xi_minus"", ""omega_782"", ""proton"", ""tau"", ""top""]",9,0.001
cluster,"[""D_plus"", ""K_long"", ""Sigma_plus"", ""W"", ""Z"", ""phi_1020"", ""pi_plus"", ""rho_770""]",8,0.001
cluster,"[""D_plus"", ""Sigma_plus"", ""muon""]",3,0.001
cluster,"[""D0"", ""K_short"", ""Lambda""]",3,0.001
cluster,"[""B0"", ""B_plus"", ""Bs0"", ""Ds_plus"", ""K_long"", ""Upsilon_1S"", ""muon"", ""neutron"", ""pi_plus""]",9,0.001
cluster,"[""Xi_minus"", ""eta"", ""tau""]",3,0.001
cluster,"[""D_plus"", ""K_plus"", ""Sigma_plus"", ""Upsilon_1S"", ""W"", ""Z"", ""rho_770""]",7,0.001
cluster,"[""D_plus"", ""Omega_minus"", ""Upsilon_1S"", ""W"", ""Z"", ""rho_770""]",6,0.001
cluster,"[""Higgs"", ""J_psi"", ""Xi_minus"", ""neutron"", ""pi0"", ""proton""]",6,0.001
cluster,"[""Higgs"", ""J_psi"", ""Xi_minus"", ""electron"", ""pi0""]",5,0.001
cluster,"[""K_plus"", ""Sigma_plus"", ""electron""]",3,0.001
cluster,"[""Higgs"", ""J_psi"", ""Lambda"", ""pi0"", ""proton"", ""tau""]",6,0.001
cluster,"[""Upsilon_1S"", ""W"", ""Xi_minus"", ""Z""]",4,0.001
cluster,"[""D_plus"", ""Omega_minus"", ""electron""]",3,0.001
cluster,"[""K_long"", ""K_short"", ""Lambda"", ""Upsilon_1S"", ""W"", ""Z"", ""electron"", ""muon"", ""neutron"", ""phi_1020"", ""pi0"", ""pi_plus"", ""tau""]",13,0.001
cluster,"[""D_plus"", ""Delta_1232"", ""Xi_minus"", ""omega_782"", ""top""]",5,0.001
cluster,"[""K_short"", ""electron"", ""pi_plus"", ""tau""]",4,0.001
cluster,"[""Omega_minus"", ""eta"", ""rho_770""]",3,0.001
cluster,"[""D_plus"", ""Xi_minus"", ""eta"", ""rho_770""]",4,0.001
cluster,"[""D_plus"", ""Higgs"", ""J_psi"", ""Omega_minus"", ""W"", ""Z""]",6,0.001
cluster,"[""K_long"", ""Lambda"", ""Xi_minus"", ""electron"", ""eta"", ""muon"", ""proton"", ""rho_770""]",8,0.001
cluster,"[""Omega_minus"", ""phi_1020"", ""proton""]",3,0.001
cluster,"[""D_plus"", ""Higgs"", ""J_psi"", ""K_long"", ""Lambda"", ""W"", ""Xi_minus"", ""Z"", ""electron"", ""eta"", ""muon"", ""rho_770""]",12,0.001
cluster,"[""D_plus"", ""Higgs"", ""J_psi"", ""K_long"", ""Lambda"", ""W"", ""Xi_minus"", ""Z"", ""eta"", ""muon"", ""rho_770""]",11,0.001
cluster,"[""B0"", ""B_plus"", ""Bs0"", ""D0"", ""Delta_1232"", ""Ds_plus"", ""Sigma_plus"", ""electron"", ""neutron""]",9,0.001
cluster,"[""K_plus"", ""K_short"", ""neutron"", ""rho_770"", ""tau""]",5,0.001
cluster,"[""W"", ""Z"", ""eta"", ""pi_plus""]",4,0.001
cluster,"[""D_plus"", ""K_long"", ""Xi_minus"", ""muon""]",4,0.001
cluster,"[""B0"", ""B_plus"", ""Bs0"", ""D0"", ""Ds_plus"", ""Sigma_plus"", ""electron"", ""omega_782"", ""top""]",9,0.001
cluster,"[""Higgs"", ""J_psi"", ""K_plus"", ""K_short"", ""Lambda"", ""W"", ""Z"", ""eta"", ""neutron"", ""phi_1020"", ""pi_plus"", ""proton"", ""tau""]",13,0.001
cluster,"[""Delta_1232"", ""Ds_plus"", ""Omega_minus"", ""omega_782"", ""top""]",5,0.001
cluster,"[""Higgs"", ""J_psi"", ""Lambda"", ""neutron"", ""phi_1020"", ""pi_plus"", ""proton""]",7,0.001
cluster,"[""Omega_minus"", ""omega_782"", ""proton"", ""top""]",4,0.001
cluster,"[""Higgs"", ""J_psi"", ""K_short"", ""electron"", ""phi_1020""]",5,0.001
cluster,"[""B0"", ""B_plus"", ""Bs0"", ""D0"", ""Sigma_plus""]",5,0.001
cluster,"[""Delta_1232"", ""Upsilon_1S"", ""electron""]",3,0.001
cluster,"[""D_plus"", ""Lambda"", ""pi_plus"", ""proton"", ""rho_770""]",5,0.001
cluster,"[""Ds_plus"", ""Omega_minus"", ""electron"", ""muon""]",4,0.001
cluster,"[""Ds_plus"", ""Omega_minus"", ""muon"", ""proton""]",4,0.001
cluster,"[""D_plus"", ""Lambda"", ""W"", ""Z"", ""pi_plus"", ""proton""]",6,0.001
cluster,"[""B0"", ""B_plus"", ""Bs0"", ""D0"", ""Delta_1232"", ""Ds_plus"", ""Higgs"", ""J_psi"", ""K_long"", ""Omega_minus"", ""Sigma_plus"", ""eta"", ""muon"", ""phi_1020""]",14,0.001
cluster,"[""K_plus"", ""K_short"", ""W"", ""Z"", ""neutron"", ""pi0""]",6,0.001
cluster,"[""B0"", ""B_plus"", ""Bs0"", ""D0"", ""K_long"", ""Omega_minus"", ""Sigma_plus"", ""Upsilon_1S"", ""electron"", ""muon"", ""rho_770"", ""tau""]",12,0.001
cluster,"[""B0"", ""B_plus"", ""Bs0"", ""D0"", ""K_long"", ""Omega_minus"", ""Sigma_plus"", ""Upsilon_1S"", ""W"", ""Z"", ""electron"", ""muon"", ""pi0"", ""rho_770"", ""tau""]",15,0.001
cluster,"[""K_plus"", ""phi_1020"", ""proton""]",3,0.001
cluster,"[""Ds_plus"", ""Upsilon_1S"", ""Xi_minus"", ""neutron"", ""rho_770""]",5,0.001
cluster,"[""Lambda"", ""electron"", ""omega_782"", ""pi_plus"", ""top""]",5,0.001
cluster,"[""D_plus"", ""K_plus"", ""Upsilon_1S"", ""proton""]",4,0.001
cluster,"[""B0"", ""B_plus"", ""Bs0"", ""Omega_minus"", ""electron"", ""phi_1020"", ""tau""]",7,0.001
cluster,"[""D0"", ""Ds_plus"", ""Xi_minus"", ""pi0"", ""pi_plus"", ""proton""]",6,0.001
cluster,"[""Delta_1232"", ""Higgs"", ""J_psi"", ""K_long"", ""Sigma_plus"", ""electron"", ""eta"", ""muon"", ""neutron"", ""omega_782"", ""rho_770"", ""top""]",12,0.001
cluster,"[""Higgs"", ""J_psi"", ""K_long"", ""K_short"", ""Sigma_plus"", ""electron"", ""eta"", ""muon"", ""neutron"", ""omega_782"", ""rho_770"", ""top""]",12,0.001
cluster,"[""Higgs"", ""J_psi"", ""K_long"", ""Sigma_plus"", ""eta"", ""omega_782"", ""proton"", ""rho_770"", ""top""]",9,0.001
cluster,"[""D_plus"", ""K_short"", ""Upsilon_1S"", ""W"", ""Z"", ""neutron""]",6,0.001
cluster,"[""B0"", ""B_plus"", ""Bs0"", ""Omega_minus"", ""W"", ""Xi_minus"", ""Z"", ""pi_plus"", ""tau""]",9,0.001
cluster,"[""D_plus"", ""Higgs"", ""J_psi"", ""K_short"", ""electron"", ""muon"", ""omega_782"", ""pi0"", ""rho_770"", ""top""]",10,0.001
cluster,"[""D_plus"", ""Higgs"", ""J_psi"", ""K_long"", ""K_short"", ""W"", ""Z"", ""eta"", ""neutron"", ""omega_782"", ""pi0"", ""proton"", ""top""]",13,0.001
cluster,"[""D_plus"", ""Higgs"", ""J_psi"", ""K_long"", ""K_short"", ""electron"", ""pi0""]",7,0.001
cluster,"[""B0"", ""B_plus"", ""Bs0"", ""K_plus"", ""Lambda"", ""Xi_minus"", ""electron"", ""rho_770"", ""tau""]",9,0.001
cluster,"[""Higgs"", ""J_psi"", ""Omega_minus"", ""Sigma_plus"", ""W"", ""Z"", ""electron"", ""eta"", ""pi0"", ""pi_plus""]",10,0.001
cluster,"[""B0"", ""B_plus"", ""Bs0"", ""K_plus"", ""Lambda"", ""Xi_minus"", ""muon"", ""neutron"", ""omega_782"", ""proton"", ""rho_770"", ""tau"", ""top""]",13,0.001
cluster,"[""D_plus"", ""Sigma_plus"", ""Upsilon_1S"", ""electron"", ""proton"", ""rho_770""]",6,0.001
cluster,"[""Omega_minus"", ""Sigma_plus"", ""Upsilon_1S"", ""electron"", ""phi_1020"", ""pi_plus"", ""rho_770""]",7,0.001
cluster,"[""B0"", ""B_plus"", ""Bs0"", ""Delta_1232"", ""K_long"", ""K_plus"", ""Lambda"", ""Upsilon_1S"", ""Xi_minus"", ""eta"", ""muon"", ""neutron"", ""phi_1020"", ""pi0"", ""rho_770"", ""tau""]",16,0.001
cluster,"[""D_plus"", ""Omega_minus"", ""Sigma_plus"", ""electron"", ""omega_782"", ""pi_plus"", ""top""]",7,0.001
cluster,"[""B0"", ""B_plus"", ""Bs0"", ""Lambda"", ""Upsilon_1S"", ""neutron""]",6,0.001
cluster,"[""B0"", ""B_plus"", ""Bs0"", ""K_long"", ""Lambda"", ""Upsilon_1S"", ""omega_782"", ""proton"", ""top""]",9,0.001
cluster,"[""D0"", ""Ds_plus"", ""K_short"", ""electron"", ""eta"", ""phi_1020"", ""pi0"", ""rho_770"", ""tau""]",9,0.001
cluster,"[""K_long"", ""Upsilon_1S"", ""electron"", ""omega_782"", ""tau"", ""top""]",6,0.001
cluster,"[""B0"", ""B_plus"", ""Bs0"", ""K_long"", ""W"", ""Z"", ""electron""]",7,0.001
cluster,"[""D0"", ""K_long"", ""Omega_minus""]",3,0.0008
cluster,"[""D0"", ""Higgs"", ""J_psi"", ""rho_770""]",4,0.0008
cluster,"[""Sigma_plus"", ""W"", ""Z"", ""pi0""]",4,0.0008
cluster,"[""Omega_minus"", ""muon"", ""pi0""]",3,0.0008
cluster,"[""Higgs"", ""J_psi"", ""K_long"", ""K_plus"", ""Lambda"", ""Upsilon_1S"", ""pi0"", ""tau""]",8,0.0008
cluster,"[""B0"", ""B_plus"", ""Bs0"", ""D_plus"", ""K_long"", ""K_short"", ""W"", ""Xi_minus"", ""Z"", ""eta""]",10,0.0008
cluster,"[""D0"", ""Sigma_plus"", ""W"", ""Z""]",4,0.0008
cluster,"[""Delta_1232"", ""Ds_plus"", ""Higgs"", ""J_psi"", ""Omega_minus"", ""Upsilon_1S"", ""phi_1020"", ""pi0"", ""pi_plus""]",9,0.0008
cluster,"[""eta"", ""muon"", ""rho_770"", ""tau""]",4,0.0008
cluster,"[""K_long"", ""pi0"", ""rho_770""]",3,0.0008
cluster,"[""D0"", ""Delta_1232"", ""pi_plus""]",3,0.0008
cluster,"[""Higgs"", ""J_psi"", ""Sigma_plus"", ""Upsilon_1S"", ""W"", ""Z"", ""phi_1020"", ""tau""]",8,0.0008
cluster,"[""B0"", ""B_plus"", ""Bs0"", ""D_plus"", ""K_plus"", ""K_short"", ""Lambda"", ""Xi_minus"", ""eta"", ""muon"", ""neutron"", ""omega_782"", ""pi0"", ""top""]",14,0.0008
cluster,"[""B0"", ""B_plus"", ""Bs0"", ""K_plus"", ""K_short"", ""Xi_minus"", ""eta"", ""muon"", ""neutron"", ""omega_782"", ""top""]",11,0.0008
cluster,"[""D0"", ""Higgs"", ""J_psi"", ""K_long"", ""Omega_minus"", ""Sigma_plus"", ""Upsilon_1S"", ""W"", ""Z"", ""phi_1020"", ""pi_plus"", ""rho_770"", ""tau""]",13,0.0008
cluster,"[""B0"", ""B_plus"", ""Bs0"", ""Delta_1232"", ""K_short"", ""Lambda"", ""Xi_minus"", ""eta"", ""muon""]",9,0.0008
cluster,"[""Ds_plus"", ""K_plus"", ""W"", ""Z"", ""phi_1020""]",5,0.0008
cluster,"[""B0"", ""B_plus"", ""Bs0"", ""K_short"", ""Lambda"", ""W"", ""Z"", ""phi_1020""]",8,0.0008
cluster,"[""Ds_plus"", ""Higgs"", ""J_psi"", ""K_plus"", ""Upsilon_1S"", ""Xi_minus"", ""muon"", ""rho_770""]",8,0.0008
cluster,"[""K_long"", ""Omega_minus"", ""Sigma_plus"", ""electron"", ""omega_782"", ""pi0"", ""pi_plus"", ""tau"", ""top""]",9,0.0008
cluster,"[""D0"", ""K_plus"", ""Omega_minus"", ""muon"", ""omega_782"", ""top""]",6,0.0008
cluster,"[""Delta_1232"", ""K_long"", ""Omega_minus"", ""Sigma_plus"", ""electron"", ""eta"", ""pi0"", ""pi_plus"", ""tau""]",9,0.0008
cluster,"[""B0"", ""B_plus"", ""Bs0"", ""Higgs"", ""J_psi"", ""K_short"", ""Lambda"", ""Upsilon_1S"", ""neutron""]",9,0.0008
cluster,"[""B0"", ""B_plus"", ""Bs0"", ""Higgs"", ""J_psi"", ""K_short"", ""Lambda"", ""Upsilon_1S""]",8,0.0008
cluster,"[""D_plus"", ""Higgs"", ""J_psi"", ""K_long"", ""Sigma_plus"", ""Upsilon_1S"", ""electron"", ""pi_plus"", ""proton""]",9,0.0008
cluster,"[""K_plus"", ""Omega_minus"", ""muon"", ""tau""]",4,0.0008
cluster,"[""B0"", ""B_plus"", ""Bs0"", ""electron""]",4,0.0008
cluster,"[""B0"", ""B_plus"", ""Bs0"", ""Ds_plus"", ""K_short"", ""Lambda"", ""W"", ""Z"", ""electron"", ""eta"", ""phi_1020"", ""pi0"", ""rho_770""]",13,0.0008
cluster,"[""Higgs"", ""J_psi"", ""K_plus"", ""Omega_minus"", ""Upsilon_1S"", ""omega_782"", ""tau"", ""top""]",8,0.0008
cluster,"[""K_plus"", ""Omega_minus"", ""electron""]",3,0.0008
cluster,"[""B0"", ""B_plus"", ""Bs0"", ""D0"", ""Delta_1232"", ""Ds_plus"", ""Higgs"", ""J_psi"", ""K_short"", ""Lambda"", ""Upsilon_1S"", ""omega_782"", ""proton"", ""top""]",14,0.0008
cluster,"[""D_plus"", ""Sigma_plus"", ""eta"", ""muon"", ""pi0""]",5,0.0008
cluster,"[""W"", ""Xi_minus"", ""Z"", ""phi_1020"", ""proton"", ""rho_770"", ""tau""]",7,0.0008
cluster,"[""D_plus"", ""K_plus"", ""Sigma_plus"", ""electron"", ""eta"", ""muon"", ""neutron"", ""pi0""]",8,0.0008
cluster,"[""B0"", ""B_plus"", ""Bs0"", ""Ds_plus"", ""K_long"", ""Upsilon_1S"", ""neutron"", ""pi_plus""]",8,0.0008
cluster,"[""D_plus"", ""Delta_1232"", ""Higgs"", ""J_psi"", ""Omega_minus"", ""electron"", ""omega_782"", ""pi0"", ""proton"", ""top""]",10,0.0008
cluster,"[""Delta_1232"", ""Xi_minus"", ""eta"", ""neutron"", ""omega_782"", ""tau"", ""top""]",7,0.0008
cluster,"[""B0"", ""B_plus"", ""Bs0"", ""Ds_plus"", ""muon"", ""phi_1020"", ""pi_plus"", ""proton""]",8,0.0008
cluster,"[""Delta_1232"", ""Lambda"", ""Xi_minus"", ""eta"", ""neutron"", ""omega_782"", ""tau"", ""top""]",8,0.0008
cluster,"[""Delta_1232"", ""Lambda"", ""electron"", ""eta"", ""omega_782"", ""tau"", ""top""]",7,0.0008
cluster,"[""D_plus"", ""Omega_minus"", ""Upsilon_1S"", ""W"", ""Z"", ""electron"", ""neutron"", ""rho_770""]",8,0.0008
cluster,"[""D_plus"", ""Omega_minus"", ""Upsilon_1S"", ""W"", ""Z"", ""electron"", ""neutron"", ""phi_1020"", ""rho_770""]",9,0.0008
cluster,"[""Upsilon_1S"", ""W"", ""Z"", ""rho_770""]",4,0.0008
cluster,"[""B0"", ""B_plus"", ""Bs0"", ""Ds_plus"", ""electron""]",5,0.0008
cluster,"[""Upsilon_1S"", ""W"", ""Xi_minus"", ""Z"", ""proton"", ""rho_770""]",6,0.0008
cluster,"[""D0"", ""Delta_1232"", ""K_long"", ""K_short"", ""electron"", ""eta"", ""muon"", ""omega_782"", ""pi_plus"", ""top""]",10,0.0008
cluster,"[""B0"", ""B_plus"", ""Bs0"", ""D0"", ""Delta_1232"", ""Ds_plus"", ""Higgs"", ""J_psi"", ""K_long"", ""K_short"", ""Lambda"", ""electron"", ""eta"", ""muon"", ""omega_782"", ""pi0"", ""pi_plus"", ""rho_770"", ""tau"", ""top""]",20,0.0008
cluster,"[""K_plus"", ""Sigma_plus"", ""neutron"", ""proton""]",4,0.0008
cluster,"[""D0"", ""Higgs"", ""J_psi"", ""K_long"", ""K_short"", ""Lambda"", ""Upsilon_1S"", ""W"", ""Xi_minus"", ""Z"", ""muon"", ""phi_1020"", ""pi0"", ""pi_plus"", ""proton"", ""rho_770"", ""tau""]",17,0.0008
cluster,"[""Delta_1232"", ""omega_782"", ""top""]",3,0.0008
cluster,"[""K_long"", ""K_short"", ""Lambda"", ""Upsilon_1S"", ""muon"", ""neutron"", ""phi_1020"", ""pi_plus"", ""proton"", ""tau""]",10,0.0008
cluster,"[""B0"", ""B_plus"", ""Bs0"", ""Ds_plus"", ""Higgs"", ""J_psi"", ""K_plus"", ""Sigma_plus"", ""W"", ""Z"", ""proton"", ""rho_770""]",12,0.0008
cluster,"[""B0"", ""B_plus"", ""Bs0"", ""D0"", ""Ds_plus"", ""Higgs"", ""J_psi"", ""K_plus"", ""Sigma_plus"", ""Upsilon_1S"", ""W"", ""Z"", ""phi_1020"", ""pi0"", ""proton"", ""rho_770""]",16,0.0008
cluster,"[""K_long"", ""Lambda"", ""electron"", ""muon""]",4,0.0008
cluster,"[""D_plus"", ""Higgs"", ""J_psi"", ""Omega_minus"", ""W"", ""Xi_minus"", ""Z"", ""eta"", ""neutron"", ""rho_770""]",10,0.0008
cluster,"[""B0"", ""B_plus"", ""Bs0"", ""D0"", ""Delta_1232"", ""Ds_plus"", ""K_plus"", ""Sigma_plus"", ""electron"", ""neutron"", ""omega_782"", ""top""]",12,0.0008
cluster,"[""K_short"", ""pi_plus"", ""proton"", ""rho_770""]",4,0.0008
cluster,"[""K_short"", ""electron"", ""rho_770""]",3,0.0008
cluster,"[""Delta_1232"", ""Omega_minus"", ""Upsilon_1S"", ""electron"", ""pi0""]",5,0.0008
cluster,"[""K_plus"", ""proton"", ""rho_770"", ""tau""]",4,0.0008
cluster,"[""D_plus"", ""Delta_1232"", ""K_long"", ""Upsilon_1S"", ""Xi_minus"", ""pi0""]",6,0.0008
cluster,"[""D_plus"", ""Delta_1232"", ""K_long"", ""Lambda"", ""Upsilon_1S"", ""Xi_minus"", ""muon"", ""neutron"", ""omega_782"", ""pi0"", ""pi_plus"", ""proton"", ""rho_770"", ""top""]",14,0.0008
cluster,"[""D_plus"", ""Delta_1232"", ""Lambda"", ""Upsilon_1S"", ""omega_782"", ""pi0"", ""pi_plus"", ""top""]",8,0.0008
cluster,"[""B0"", ""B_plus"", ""Bs0"", ""D0"", ""Ds_plus"", ""K_long"", ""Omega_minus"", ""Sigma_plus"", ""W"", ""Xi_minus"", ""Z"", ""muon"", ""neutron"", ""proton"", ""rho_770""]",15,0.0008
cluster,"[""Lambda"", ""omega_782"", ""pi0"", ""pi_plus"", ""top""]",5,0.0008
cluster,"[""D_plus"", ""Lambda"", ""electron"", ""omega_782"", ""pi0"", ""pi_plus"", ""top""]",7,0.0008
cluster,"[""D_plus"", ""K_long"", ""Lambda"", ""Xi_minus"", ""electron"", ""omega_782"", ""pi0"", ""pi_plus"", ""rho_770"", ""top""]",10,0.0008
cluster,"[""Ds_plus"", ""K_long"", ""Omega_minus"", ""W"", ""Xi_minus"", ""Z"", ""electron"", ""muon"", ""neutron""]",9,0.0008
cluster,"[""K_long"", ""W"", ""Xi_minus"", ""Z""]",4,0.0008
cluster,"[""B0"", ""B_plus"", ""Bs0"", ""D0"", ""Delta_1232"", ""Ds_plus"", ""Higgs"", ""J_psi"", ""Omega_minus"", ""Sigma_plus"", ""eta"", ""muon"", ""neutron"", ""phi_1020"", ""proton"", ""tau""]",16,0.0008
cluster,"[""D_plus"", ""Lambda"", ""W"", ""Z"", ""electron"", ""pi_plus"", ""proton""]",7,0.0008
cluster,"[""K_plus"", ""K_short"", ""pi0""]",3,0.0008
cluster,"[""electron"", ""proton"", ""rho_770""]",3,0.0008
cluster,"[""D_plus"", ""Lambda"", ""phi_1020"", ""pi_plus"", ""proton""]",5,0.0008
cluster,"[""D_plus"", ""Higgs"", ""J_psi"", ""Lambda"", ""Xi_minus"", ""eta"", ""phi_1020"", ""pi_plus"", ""proton""]",9,0.0008
cluster,"[""Delta_1232"", ""Higgs"", ""J_psi"", ""Lambda"", ""Xi_minus"", ""electron"", ""eta"", ""pi_plus""]",8,0.0008
cluster,"[""D_plus"", ""Higgs"", ""J_psi"", ""Lambda"", ""eta"", ""neutron"", ""phi_1020"", ""pi_plus""]",8,0.0008
cluster,"[""D0"", ""K_long"", ""Omega_minus"", ""Upsilon_1S"", ""rho_770""]",5,0.0008
cluster,"[""D_plus"", ""Delta_1232"", ""Higgs"", ""J_psi"", ""K_plus"", ""K_short"", ""eta""]",7,0.0008
cluster,"[""Lambda"", ""Upsilon_1S"", ""electron""]",3,0.0008
cluster,"[""D0"", ""Ds_plus"", ""Lambda"", ""Xi_minus"", ""pi0"", ""pi_plus"", ""proton""]",7,0.0008
cluster,"[""D_plus"", ""K_short"", ""Upsilon_1S"", ""W"", ""Z"", ""neutron"", ""proton""]",7,0.0008
cluster,"[""Ds_plus"", ""Lambda"", ""electron""]",3,0.0008
cluster,"[""B0"", ""B_plus"", ""Bs0"", ""Higgs"", ""J_psi"", ""K_long"", ""Omega_minus"", ""Sigma_plus"", ""electron"", ""eta"", ""omega_782"", ""proton"", ""rho_770"", ""tau"", ""top""]",15,0.0008
cluster,"[""B0"", ""B_plus"", ""Bs0"", ""Higgs"", ""J_psi"", ""K_long"", ""Omega_minus"", ""Sigma_plus"", ""eta"", ""omega_782"", ""proton"", ""rho_770"", ""tau"", ""top""]",14,0.0008
cluster,"[""D0"", ""Higgs"", ""J_psi"", ""Xi_minus"", ""electron"", ""neutron"", ""omega_782"", ""pi_plus"", ""proton"", ""rho_770"", ""top""]",11,0.0008
cluster,"[""Delta_1232"", ""Ds_plus"", ""K_plus"", ""Lambda"", ""pi0""]",5,0.0008
cluster,"[""D0"", ""D_plus"", ""Ds_plus"", ""Higgs"", ""J_psi"", ""K_plus"", ""Lambda"", ""electron"", ""eta"", ""muon"", ""omega_782"", ""pi0"", ""proton"", ""rho_770"", ""top""]",15,0.0008
cluster,"[""B0"", ""B_plus"", ""Bs0"", ""Omega_minus"", ""Upsilon_1S"", ""W"", ""Xi_minus"", ""Z"", ""neutron"", ""pi_plus"", ""tau""]",11,0.0008
cluster,"[""B0"", ""B_plus"", ""Bs0"", ""D0"", ""Ds_plus"", ""K_plus"", ""Lambda"", ""Omega_minus"", ""Upsilon_1S"", ""W"", ""Xi_minus"", ""Z"", ""eta"", ""pi_plus"", ""tau""]",15,0.0008
cluster,"[""Delta_1232"", ""K_long"", ""Sigma_plus"", ""electron"", ""neutron"", ""phi_1020"", ""proton""]",7,0.0008
cluster,"[""B0"", ""B_plus"", ""Bs0"", ""D0"", ""Ds_plus"", ""K_plus"", ""Lambda"", ""Upsilon_1S"", ""W"", ""Xi_minus"", ""Z"", ""eta"", ""muon"", ""pi_plus"", ""proton"", ""tau""]",16,0.0008
cluster,"[""B0"", ""B_plus"", ""Bs0"", ""Delta_1232"", ""Omega_minus"", ""Upsilon_1S"", ""Xi_minus"", ""phi_1020"", ""pi_plus"", ""proton"", ""tau""]",11,0.0008
cluster,"[""B0"", ""B_plus"", ""Bs0"", ""K_plus"", ""Lambda"", ""Omega_minus"", ""Xi_minus"", ""neutron"", ""omega_782"", ""pi_plus"", ""proton"", ""rho_770"", ""tau"", ""top""]",14,0.0008
cluster,"[""B0"", ""B_plus"", ""Bs0"", ""Higgs"", ""J_psi"", ""K_plus"", ""Lambda"", ""Omega_minus"", ""Sigma_plus"", ""W"", ""Xi_minus"", ""Z"", ""muon"", ""neutron"", ""omega_782"", ""pi0"", ""pi_plus"", ""proton"", ""rho_770"", ""tau"", ""top""]",21,0.0008
cluster,"[""D0"", ""D_plus"", ""Delta_1232"", ""Ds_plus"", ""K_long"", ""K_short"", ""Upsilon_1S"", ""electron"", ""phi_1020"", ""proton""]",10,0.0008
cluster,"[""D0"", ""Lambda"", ""electron"", ""muon"", ""omega_782"", ""rho_770"", ""tau"", ""top""]",8,0.0008
cluster,"[""Sigma_plus"", ""eta"", ""neutron""]",3,0.0008
cluster,"[""D0"", ""omega_782"", ""tau"", ""top""]",4,0.0008
cluster,"[""Sigma_plus"", ""electron"", ""neutron""]",3,0.0008
cluster,"[""D_plus"", ""Delta_1232"", ""Sigma_plus"", ""Upsilon_1S"", ""neutron"", ""phi_1020"", ""proton""]",7,0.0008
cluster,"[""D0"", ""D_plus"", ""Delta_1232"", ""Ds_plus"", ""K_long"", ""K_short"", ""Upsilon_1S"", ""electron"", ""neutron"", ""omega_782"", ""phi_1020"", ""proton"", ""rho_770"", ""top""]",14,0.0008
cluster,"[""D_plus"", ""K_short"", ""omega_782"", ""proton"", ""top""]",5,0.0008
cluster,"[""B0"", ""B_plus"", ""Bs0"", ""Delta_1232"", ""Lambda"", ""electron"", ""eta"", ""pi0""]",8,0.0008
cluster,"[""K_plus"", ""Xi_minus"", ""muon"", ""phi_1020"", ""proton""]",5,0.0008
cluster,"[""D_plus"", ""K_short"", ""W"", ""Z"", ""proton""]",5,0.0008
cluster,"[""D0"", ""Delta_1232"", ""K_long"", ""electron"", ""eta"", ""phi_1020"", ""pi0"", ""tau""]",8,0.0008
cluster,"[""D_plus"", ""Sigma_plus"", ""W"", ""Z"", ""pi_plus"", ""proton""]",6,0.0008
cluster,"[""D_plus"", ""Delta_1232"", ""Higgs"", ""J_psi"", ""K_plus"", ""Omega_minus"", ""Sigma_plus"", ""muon"", ""neutron"", ""pi_plus""]",10,0.0008
cluster,"[""D0"", ""Ds_plus"", ""K_short"", ""Upsilon_1S"", ""omega_782"", ""proton"", ""top""]",7,0.0008
cluster,"[""Higgs"", ""J_psi"", ""W"", ""Z""]",4,0.0006
cluster,"[""omega_782"", ""tau"", ""top""]",3,0.0006
cluster,"[""D_plus"", ""K_long"", ""Xi_minus"", ""muon"", ""phi_1020""]",5,0.0006
cluster,"[""B0"", ""B_plus"", ""Bs0"", ""D0"", ""Delta_1232"", ""Lambda"", ""Sigma_plus"", ""Upsilon_1S"", ""W"", ""Z"", ""pi_plus""]",11,0.0006
cluster,"[""Delta_1232"", ""W"", ""Xi_minus"", ""Z""]",4,0.0006
cluster,"[""Xi_minus"", ""phi_1020"", ""rho_770""]",3,0.0006
cluster,"[""Higgs"", ""J_psi"", ""Xi_minus"", ""eta"", ""pi0""]",5,0.0006
cluster,"[""Delta_1232"", ""Ds_plus"", ""K_short"", ""W"", ""Z""]",5,0.0006
cluster,"[""omega_782"", ""pi_plus"", ""top""]",3,0.0006
cluster,"[""Lambda"", ""muon"", ""rho_770""]",3,0.0006
cluster,"[""D0"", ""Delta_1232"", ""Higgs"", ""J_psi"", ""K_short"", ""W"", ""Z"", ""eta""]",8,0.0006
cluster,"[""Higgs"", ""J_psi"", ""Lambda"", ""electron""]",4,0.0006
cluster,"[""D0"", ""Xi_minus"", ""muon"", ""phi_1020"", ""pi0"", ""pi_plus""]",6,0.0006
cluster,"[""K_long"", ""K_plus"", ""Sigma_plus"", ""eta"", ""omega_782"", ""rho_770"", ""top""]",7,0.0006
cluster,"[""K_short"", ""Upsilon_1S"", ""W"", ""Z"", ""muon"", ""proton""]",6,0.0006
cluster,"[""B0"", ""B_plus"", ""Bs0"", ""D_plus"", ""Higgs"", ""Omega_minus"", ""eta"", ""omega_782"", ""rho_770"", ""tau"", ""top""]",11,0.0006
cluster,"[""W"", ""Z"", ""proton""]",3,0.0006
cluster,"[""Ds_plus"", ""K_long"", ""K_plus"", ""Upsilon_1S""]",4,0.0006
cluster,"[""D0"", ""Higgs"", ""J_psi"", ""Lambda"", ""omega_782"", ""rho_770"", ""top""]",7,0.0006
cluster,"[""D0"", ""K_long"", ""K_plus"", ""Lambda"", ""eta"", ""phi_1020""]",6,0.0006
cluster,"[""K_short"", ""Xi_minus"", ""tau""]",3,0.0006
cluster,"[""Ds_plus"", ""Sigma_plus"", ""W"", ""Z""]",4,0.0006
cluster,"[""B0"", ""B_plus"", ""Bs0"", ""D_plus"", ""Delta_1232"", ""Higgs"", ""J_psi"", ""K_long"", ""K_plus"", ""K_short"", ""Lambda"", ""Upsilon_1S"", ""Xi_minus"", ""electron"", ""neutron"", ""omega_782"", ""phi_1020"", ""pi0"", ""pi_plus"", ""proton"", ""tau"", ""top""]",22,0.0006
cluster,"[""Ds_plus"", ""Sigma_plus"", ""muon""]",3,0.0006
cluster,"[""Ds_plus"", ""Sigma_plus"", ""muon"", ""rho_770""]",4,0.0006
cluster,"[""Lambda"", ""W"", ""Z"", ""neutron"", ""tau""]",5,0.0006
cluster,"[""D0"", ""Delta_1232"", ""Ds_plus"", ""Higgs"", ""J_psi"", ""Sigma_plus"", ""Upsilon_1S"", ""electron"", ""phi_1020"", ""pi0""]",10,0.0006
cluster,"[""B0"", ""B_plus"", ""Bs0"", ""D_plus"", ""K_long"", ""K_plus"", ""K_short"", ""Xi_minus"", ""neutron"", ""omega_782"", ""proton"", ""top""]",12,0.0006
cluster,"[""B0"", ""B_plus"", ""Bs0"", ""D_plus"", ""K_long"", ""K_plus"", ""K_short"", ""Xi_minus"", ""neutron"", ""omega_782"", ""top""]",11,0.0006
cluster,"[""B0"", ""B_plus"", ""Bs0"", ""D_plus"", ""K_long"", ""K_plus"", ""K_short"", ""Xi_minus"", ""electron"", ""neutron"", ""omega_782"", ""top""]",12,0.0006
cluster,"[""B0"", ""B_plus"", ""Bs0"", ""Delta_1232"", ""Higgs"", ""J_psi"", ""K_long"", ""K_plus"", ""K_short"", ""Upsilon_1S"", ""Xi_minus"", ""phi_1020""]",12,0.0006
cluster,"[""muon"", ""omega_782"", ""tau"", ""top""]",4,0.0006
cluster,"[""Ds_plus"", ""Omega_minus"", ""W"", ""Z"", ""neutron"", ""pi0"", ""pi_plus""]",7,0.0006
cluster,"[""D0"", ""Sigma_plus"", ""eta""]",3,0.0006
cluster,"[""D_plus"", ""Delta_1232"", ""Lambda"", ""muon""]",4,0.0006
cluster,"[""B0"", ""B_plus"", ""Bs0"", ""D_plus"", ""Delta_1232"", ""Higgs"", ""J_psi"", ""K_plus"", ""K_short"", ""Lambda"", ""Upsilon_1S"", ""W"", ""Xi_minus"", ""Z"", ""muon"", ""phi_1020""]",16,0.0006
cluster,"[""Ds_plus"", ""Omega_minus"", ""eta"", ""pi_plus""]",4,0.0006
cluster,"[""B0"", ""B_plus"", ""Bs0"", ""D_plus"", ""Higgs"", ""J_psi"", ""K_plus"", ""K_short"", ""Lambda"", ""Upsilon_1S"", ""W"", ""Xi_minus"", ""Z"", ""electron"", ""muon"", ""phi_1020""]",16,0.0006
cluster,"[""D0"", ""Ds_plus"", ""Omega_minus"", ""eta"", ""omega_782"", ""pi_plus"", ""top""]",7,0.0006
cluster,"[""D_plus"", ""Higgs"", ""J_psi"", ""Lambda"", ""Upsilon_1S"", ""W"", ""Z"", ""muon"", ""neutron""]",9,0.0006
cluster,"[""Higgs"", ""J_psi"", ""Upsilon_1S"", ""W"", ""Z"", ""tau""]",6,0.0006
cluster,"[""D_plus"", ""Lambda"", ""pi0""]",3,0.0006
cluster,"[""D0"", ""Ds_plus"", ""Higgs"", ""J_psi"", ""K_long"", ""K_plus"", ""Omega_minus"", ""Upsilon_1S"", ""W"", ""Z"", ""electron"", ""neutron"", ""phi_1020"", ""pi_plus"", ""rho_770""]",15,0.0006
cluster,"[""Ds_plus"", ""K_plus"", ""W"", ""Xi_minus"", ""Z"", ""muon"", ""phi_1020"", ""proton""]",8,0.0006
cluster,"[""Sigma_plus"", ""neutron"", ""pi_plus"", ""tau""]",4,0.0006
cluster,"[""Sigma_plus"", ""neutron"", ""omega_782"", ""pi0"", ""pi_plus"", ""proton"", ""tau"", ""top""]",8,0.0006
cluster,"[""Delta_1232"", ""eta"", ""neutron""]",3,0.0006
cluster,"[""Delta_1232"", ""Sigma_plus"", ""eta"", ""pi0"", ""pi_plus"", ""tau""]",6,0.0006
cluster,"[""Delta_1232"", ""Sigma_plus"", ""eta"", ""pi0"", ""pi_plus"", ""proton"", ""tau""]",7,0.0006
cluster,"[""B0"", ""B_plus"", ""Bs0"", ""Higgs"", ""J_psi"", ""K_short"", ""Lambda"", ""Upsilon_1S"", ""neutron"", ""proton""]",10,0.0006
cluster,"[""D0"", ""Ds_plus"", ""K_plus"", ""Xi_minus"", ""muon"", ""omega_782"", ""proton"", ""top""]",8,0.0006
cluster,"[""Sigma_plus"", ""W"", ""Z"", ""electron"", ""phi_1020"", ""pi_plus""]",6,0.0006
cluster,"[""B0"", ""B_plus"", ""Bs0"", ""Higgs"", ""J_psi"", ""K_short"", ""Lambda"", ""Upsilon_1S"", ""electron""]",9,0.0006
cluster,"[""K_plus"", ""Omega_minus"", ""eta"", ""muon"", ""pi0""]",5,0.0006
cluster,"[""K_long"", ""Sigma_plus"", ""W"", ""Z"", ""phi_1020"", ""pi_plus"", ""rho_770"", ""tau""]",8,0.0006
cluster,"[""B0"", ""B_plus"", ""Bs0"", ""Delta_1232"", ""Ds_plus"", ""K_short"", ""Lambda"", ""omega_782"", ""top""]",9,0.0006
cluster,"[""B0"", ""B_plus"", ""Bs0"", ""proton""]",4,0.0006
cluster,"[""D_plus"", ""Delta_1232"", ""K_long"", ""Sigma_plus"", ""Upsilon_1S"", ""electron"", ""neutron"", ""omega_782"", ""pi_plus"", ""top""]",10,0.0006
cluster,"[""Ds_plus"", ""K_short"", ""Lambda"", ""W"", ""Z"", ""eta"", ""phi_1020"", ""pi0"", ""proton"", ""rho_770""]",10,0.0006
cluster,"[""D0"", ""Xi_minus"", ""electron""]",3,0.0006
cluster,"[""Higgs"", ""J_psi"", ""K_plus"", ""Omega_minus"", ""Upsilon_1S"", ""muon"", ""omega_782"", ""proton"", ""tau"", ""top""]",10,0.0006
cluster,"[""Higgs"", ""J_psi"", ""K_plus"", ""Omega_minus"", ""Upsilon_1S"", ""electron"", ""muon"", ""omega_782"", ""tau"", ""top""]",10,0.0006
cluster,"[""D_plus"", ""Delta_1232"", ""K_long"", ""Sigma_plus"", ""pi_plus"", ""proton""]",6,0.0006
cluster,"[""D_plus"", ""K_long"", ""Sigma_plus"", ""electron"", ""pi_plus""]",5,0.0006
cluster,"[""Ds_plus"", ""K_short"", ""Lambda"", ""neutron""]",4,0.0006
cluster,"[""B0"", ""B_plus"", ""Bs0"", ""electron"", ""eta"", ""pi0""]",6,0.0006
cluster,"[""D0"", ""Ds_plus"", ""Higgs"", ""J_psi"", ""K_short"", ""Lambda"", ""omega_782"", ""proton"", ""top""]",9,0.0006
cluster,"[""D_plus"", ""K_plus"", ""Omega_minus"", ""Sigma_plus"", ""W"", ""Z"", ""electron"", ""muon"", ""phi_1020"", ""rho_770""]",10,0.0006
cluster,"[""D0"", ""Ds_plus"", ""Higgs"", ""J_psi"", ""K_short"", ""Lambda"", ""omega_782"", ""top""]",8,0.0006
cluster,"[""K_plus"", ""Omega_minus"", ""W"", ""Z"", ""phi_1020"", ""rho_770""]",6,0.0006
cluster,"[""D0"", ""Delta_1232"", ""Ds_plus"", ""Higgs"", ""J_psi"", ""K_short"", ""Lambda"", ""Upsilon_1S"", ""omega_782"", ""top""]",10,0.0006
cluster,"[""B0"", ""B_plus"", ""Bs0"", ""D0"", ""Delta_1232"", ""Ds_plus"", ""Higgs"", ""J_psi"", ""K_short"", ""Lambda"", ""Upsilon_1S"", ""electron"", ""omega_782"", ""top""]",14,0.0006
cluster,"[""D0"", ""Delta_1232"", ""Ds_plus"", ""Higgs"", ""J_psi"", ""K_short"", ""Lambda"", ""Upsilon_1S"", ""electron"", ""omega_782"", ""top""]",11,0.0006
cluster,"[""D_plus"", ""Sigma_plus"", ""eta"", ""muon"", ""proton""]",5,0.0006
cluster,"[""Xi_minus"", ""electron"", ""tau""]",3,0.0006
cluster,"[""Omega_minus"", ""W"", ""Z"", ""electron"", ""phi_1020"", ""rho_770"", ""tau""]",7,0.0006
cluster,"[""B0"", ""B_plus"", ""Bs0"", ""D0"", ""Delta_1232"", ""Ds_plus"", ""Higgs"", ""J_psi"", ""K_long"", ""K_short"", ""Lambda"", ""Upsilon_1S"", ""omega_782"", ""pi_plus"", ""proton"", ""top""]",16,0.0006
cluster,"[""B0"", ""B_plus"", ""Bs0"", ""D0"", ""Delta_1232"", ""Ds_plus"", ""Higgs"", ""J_psi"", ""K_long"", ""K_short"", ""Lambda"", ""Upsilon_1S"", ""omega_782"", ""pi_plus"", ""top""]",15,0.0006
cluster,"[""D_plus"", ""K_plus"", ""Sigma_plus"", ""pi0""]",4,0.0006
cluster,"[""B0"", ""B_plus"", ""Bs0"", ""D_plus"", ""Delta_1232"", ""Ds_plus"", ""Higgs"", ""J_psi"", ""K_long"", ""K_plus"", ""Sigma_plus"", ""Upsilon_1S"", ""muon"", ""neutron"", ""omega_782"", ""pi0"", ""pi_plus"", ""proton"", ""top""]",19,0.0006
cluster,"[""D0"", ""K_short"", ""Lambda"", ""W"", ""Z"", ""electron"", ""rho_770""]",7,0.0006
cluster,"[""D_plus"", ""Delta_1232"", ""Higgs"", ""J_psi"", ""K_plus"", ""Sigma_plus"", ""omega_782"", ""pi0"", ""top""]",9,0.0006
cluster,"[""D_plus"", ""Delta_1232"", ""Higgs"", ""J_psi"", ""K_plus"", ""Omega_minus"", ""Sigma_plus"", ""electron"", ""omega_782"", ""pi0"", ""proton"", ""top""]",12,0.0006
cluster,"[""D_plus"", ""Delta_1232"", ""Higgs"", ""J_psi"", ""K_plus"", ""Sigma_plus"", ""electron"", ""omega_782"", ""pi0"", ""proton"", ""top""]",11,0.0006
cluster,"[""B0"", ""B_plus"", ""Bs0"", ""D0"", ""Ds_plus"", ""K_long"", ""K_short"", ""Lambda"", ""Upsilon_1S"", ""W"", ""Z"", ""muon"", ""neutron"", ""phi_1020"", ""pi_plus"", ""rho_770""]",16,0.0006
cluster,"[""D0"", ""K_short"", ""phi_1020""]",3,0.0006
cluster,"[""D0"", ""K_short"", ""Lambda"", ""electron"", ""neutron"", ""proton""]",6,0.0006
cluster,"[""D_plus"", ""Delta_1232"", ""Higgs"", ""J_psi"", ""Omega_minus"", ""omega_782"", ""pi0"", ""top""]",8,0.0006
cluster,"[""Lambda"", ""Xi_minus"", ""eta"", ""neutron"", ""tau""]",5,0.0006
cluster,"[""B0"", ""B_plus"", ""Bs0"", ""Ds_plus"", ""K_long"", ""muon"", ""phi_1020"", ""pi_plus""]",8,0.0006
cluster,"[""K_plus"", ""Sigma_plus"", ""Upsilon_1S"", ""W"", ""Z"", ""proton"", ""rho_770""]",7,0.0006
cluster,"[""D_plus"", ""K_plus"", ""Sigma_plus"", ""Upsilon_1S"", ""W"", ""Z"", ""electron"", ""rho_770""]",8,0.0006
cluster,"[""D0"", ""K_long"", ""K_short"", ""proton""]",4,0.0006
cluster,"[""B0"", ""B_plus"", ""Bs0"", ""Ds_plus"", ""electron"", ""muon"", ""pi_plus""]",7,0.0006
cluster,"[""D_plus"", ""K_plus"", ""Omega_minus"", ""Sigma_plus"", ""Upsilon_1S"", ""W"", ""Z"", ""rho_770""]",8,0.0006
cluster,"[""Delta_1232"", ""Lambda"", ""Xi_minus"", ""eta"", ""omega_782"", ""proton"", ""tau"", ""top""]",8,0.0006
cluster,"[""Higgs"", ""J_psi"", ""neutron"", ""pi0""]",4,0.0006
cluster,"[""D0"", ""K_long"", ""K_short"", ""electron""]",4,0.0006
cluster,"[""B0"", ""B_plus"", ""Bs0"", ""Ds_plus"", ""muon"", ""pi_plus""]",6,0.0006
cluster,"[""D0"", ""K_long"", ""K_short"", ""muon"", ""pi_plus""]",5,0.0006
cluster,"[""D_plus"", ""Omega_minus"", ""Upsilon_1S"", ""W"", ""Z"", ""neutron"", ""rho_770""]",7,0.0006
cluster,"[""K_plus"", ""Sigma_plus"", ""proton""]",3,0.0006
cluster,"[""Higgs"", ""J_psi"", ""Lambda"", ""Xi_minus"", ""pi0"", ""tau""]",6,0.0006
cluster,"[""B0"", ""B_plus"", ""Bs0"", ""D0"", ""Delta_1232"", ""Ds_plus"", ""K_long"", ""K_short"", ""electron"", ""eta"", ""muon"", ""omega_782"", ""pi_plus"", ""top""]",14,0.0006
cluster,"[""Upsilon_1S"", ""W"", ""Xi_minus"", ""Z"", ""electron""]",5,0.0006
cluster,"[""Higgs"", ""J_psi"", ""K_long"", ""K_short"", ""Lambda"", ""Upsilon_1S"", ""W"", ""Xi_minus"", ""Z"", ""muon"", ""phi_1020"", ""pi0"", ""pi_plus"", ""proton"", ""rho_770"", ""tau""]",16,0.0006
cluster,"[""Higgs"", ""J_psi"", ""K_long"", ""K_short"", ""Lambda"", ""Upsilon_1S"", ""W"", ""Z"", ""muon"", ""pi0"", ""pi_plus"", ""proton"", ""rho_770"", ""tau""]",14,0.0006
cluster,"[""B0"", ""B_plus"", ""Bs0"", ""Delta_1232"", ""Ds_plus"", ""K_plus"", ""Sigma_plus"", ""electron"", ""eta"", ""neutron"", ""omega_782"", ""top""]",12,0.0006
cluster,"[""Delta_1232"", ""Sigma_plus"", ""omega_782"", ""proton"", ""top""]",5,0.0006
cluster,"[""B0"", ""B_plus"", ""Bs0"", ""Delta_1232"", ""Ds_plus"", ""K_plus"", ""Sigma_plus"", ""eta"", ""omega_782"", ""proton"", ""top""]",11,0.0006
cluster,"[""B0"", ""B_plus"", ""Bs0"", ""D0"", ""Ds_plus"", ""Higgs"", ""J_psi"", ""K_plus"", ""proton"", ""rho_770""]",10,0.0006
cluster,"[""Sigma_plus"", ""electron"", ""eta""]",3,0.0006
cluster,"[""D_plus"", ""Delta_1232"", ""Omega_minus"", ""omega_782"", ""proton"", ""top""]",6,0.0006
cluster,"[""D0"", ""Upsilon_1S"", ""electron"", ""phi_1020"", ""pi0""]",5,0.0006
cluster,"[""Delta_1232"", ""Xi_minus"", ""omega_782"", ""top""]",4,0.0006
cluster,"[""D_plus"", ""Omega_minus"", ""eta"", ""rho_770""]",4,0.0006
cluster,"[""D_plus"", ""Omega_minus"", ""electron"", ""eta"", ""neutron"", ""proton"", ""rho_770""]",7,0.0006
cluster,"[""D_plus"", ""Higgs"", ""J_psi"", ""Omega_minus"", ""W"", ""Z"", ""electron"", ""eta"", ""neutron"", ""proton"", ""rho_770""]",11,0.0006
cluster,"[""Higgs"", ""J_psi"", ""Omega_minus"", ""W"", ""Z"", ""electron"", ""proton""]",7,0.0006
cluster,"[""Delta_1232"", ""K_short"", ""electron"", ""omega_782"", ""pi_plus"", ""tau"", ""top""]",7,0.0006
cluster,"[""K_long"", ""Lambda"", ""Xi_minus"", ""eta"", ""muon"", ""proton"", ""rho_770""]",7,0.0006
cluster,"[""D_plus"", ""Higgs"", ""J_psi"", ""W"", ""Z""]",5,0.0006
cluster,"[""D_plus"", ""Higgs"", ""J_psi"", ""K_long"", ""Lambda"", ""W"", ""Xi_minus"", ""Z"", ""eta"", ""muon"", ""pi_plus"", ""rho_770""]",12,0.0006
cluster,"[""K_plus"", ""omega_782"", ""proton"", ""tau"", ""top""]",5,0.0006
cluster,"[""D_plus"", ""Higgs"", ""J_psi"", ""K_long"", ""Xi_minus"", ""muon"", ""phi_1020""]",7,0.0006
cluster,"[""W"", ""Z"", ""electron"", ""eta"", ""pi_plus""]",5,0.0006
cluster,"[""D_plus"", ""Higgs"", ""J_psi"", ""K_long"", ""Lambda"", ""Xi_minus"", ""electron"", ""muon"", ""phi_1020""]",9,0.0006
cluster,"[""Higgs"", ""J_psi"", ""K_plus"", ""K_short"", ""Lambda"", ""W"", ""Z"", ""eta"", ""neutron"", ""pi_plus"", ""rho_770"", ""tau""]",12,0.0006
cluster,"[""Higgs"", ""J_psi"", ""pi_plus""]",3,0.0006
cluster,"[""K_plus"", ""K_short"", ""W"", ""Z"", ""eta"", ""neutron"", ""proton"", ""tau""]",8,0.0006
cluster,"[""B0"", ""B_plus"", ""Bs0"", ""D0"", ""Sigma_plus"", ""electron""]",6,0.0006
cluster,"[""D_plus"", ""Delta_1232"", ""K_long"", ""Omega_minus"", ""Upsilon_1S"", ""Xi_minus"", ""muon"", ""omega_782"", ""pi0"", ""top""]",10,0.0006
cluster,"[""B0"", ""B_plus"", ""Bs0"", ""D0"", ""Higgs"", ""J_psi"", ""K_plus"", ""K_short"", ""Sigma_plus"", ""W"", ""Z"", ""eta"", ""phi_1020"", ""proton"", ""tau""]",15,0.0006
cluster,"[""D_plus"", ""Delta_1232"", ""K_long"", ""Lambda"", ""Upsilon_1S"", ""Xi_minus"", ""neutron"", ""omega_782"", ""pi0"", ""pi_plus"", ""top""]",11,0.0006
cluster,"[""B0"", ""B_plus"", ""Bs0"", ""D0"", ""Ds_plus"", ""Omega_minus"", ""Sigma_plus"", ""W"", ""Z""]",9,0.0006
cluster,"[""K_long"", ""Xi_minus"", ""muon"", ""neutron"", ""rho_770""]",5,0.0006
cluster,"[""Ds_plus"", ""K_long"", ""Omega_minus"", ""W"", ""Z"", ""electron"", ""muon""]",7,0.0006
cluster,"[""Delta_1232"", ""electron"", ""tau""]",3,0.0006
cluster,"[""K_plus"", ""K_short"", ""neutron"", ""pi0"", ""rho_770""]",5,0.0006
cluster,"[""Ds_plus"", ""Higgs"", ""J_psi"", ""K_long"", ""eta""]",5,0.0006
cluster,"[""B0"", ""B_plus"", ""Bs0"", ""D0"", ""Delta_1232"", ""Ds_plus"", ""Higgs"", ""J_psi"", ""K_long"", ""Omega_minus"", ""Sigma_plus"", ""Upsilon_1S"", ""Xi_minus"", ""electron"", ""eta"", ""muon"", ""omega_782"", ""phi_1020"", ""proton"", ""rho_770"", ""tau"", ""top""]",22,0.0006
cluster,"[""D_plus"", ""Delta_1232"", ""Ds_plus"", ""Higgs"", ""J_psi"", ""Lambda"", ""Xi_minus"", ""electron"", ""eta"", ""phi_1020"", ""pi_plus"", ""proton""]",12,0.0006
cluster,"[""Delta_1232"", ""Ds_plus"", ""Higgs"", ""J_psi"", ""Lambda"", ""Xi_minus"", ""electron"", ""eta"", ""pi_plus"", ""proton""]",10,0.0006
cluster,"[""B0"", ""B_plus"", ""Bs0"", ""D0"", ""Ds_plus"", ""K_long"", ""Omega_minus"", ""Sigma_plus"", ""Upsilon_1S"", ""muon"", ""omega_782"", ""proton"", ""rho_770"", ""tau"", ""top""]",15,0.0006
cluster,"[""Delta_1232"", ""Xi_minus"", ""electron""]",3,0.0006
cluster,"[""Delta_1232"", ""Ds_plus"", ""Xi_minus"", ""electron""]",4,0.0006
cluster,"[""B0"", ""B_plus"", ""Bs0"", ""Sigma_plus"", ""W"", ""Z"", ""electron"", ""muon"", ""pi0"", ""tau""]",10,0.0006
cluster,"[""Lambda"", ""pi_plus"", ""proton""]",3,0.0006
cluster,"[""B0"", ""B_plus"", ""Bs0"", ""D0"", ""Ds_plus"", ""K_long"", ""Omega_minus"", ""Sigma_plus"", ""Upsilon_1S"", ""W"", ""Xi_minus"", ""Z"", ""muon"", ""neutron"", ""omega_782"", ""pi0"", ""rho_770"", ""tau"", ""top""]",19,0.0006
cluster,"[""Ds_plus"", ""Lambda"", ""Upsilon_1S"", ""Xi_minus"", ""electron"", ""neutron"", ""omega_782"", ""pi_plus"", ""rho_770"", ""top""]",10,0.0006
cluster,"[""B0"", ""B_plus"", ""Bs0"", ""D0"", ""Ds_plus"", ""K_long"", ""Omega_minus"", ""Sigma_plus"", ""Upsilon_1S"", ""W"", ""Xi_minus"", ""Z"", ""electron"", ""neutron"", ""pi0"", ""tau""]",16,0.0006
cluster,"[""D_plus"", ""Ds_plus"", ""K_plus"", ""Lambda"", ""Upsilon_1S"", ""Xi_minus"", ""omega_782"", ""pi_plus"", ""rho_770"", ""top""]",10,0.0006
cluster,"[""B0"", ""B_plus"", ""Bs0"", ""D_plus"", ""Delta_1232"", ""Higgs"", ""J_psi"", ""K_long"", ""K_plus"", ""K_short"", ""Omega_minus"", ""Sigma_plus"", ""eta"", ""muon"", ""neutron"", ""omega_782"", ""phi_1020"", ""pi0"", ""proton"", ""rho_770"", ""tau"", ""top""]",22,0.0006
cluster,"[""Delta_1232"", ""Higgs"", ""J_psi"", ""K_short"", ""eta"", ""muon"", ""neutron"", ""omega_782"", ""proton"", ""rho_770"", ""top""]",11,0.0006
cluster,"[""D0"", ""Ds_plus"", ""Xi_minus"", ""electron"", ""pi_plus""]",5,0.0006
cluster,"[""B0"", ""B_plus"", ""Bs0"", ""D0"", ""Delta_1232"", ""Higgs"", ""J_psi"", ""K_long"", ""Omega_minus"", ""Sigma_plus"", ""electron"", ""eta"", ""muon"", ""neutron"", ""phi_1020"", ""pi0"", ""tau""]",17,0.0006
cluster,"[""B0"", ""B_plus"", ""Bs0"", ""D0"", ""Omega_minus"", ""electron"", ""phi_1020"", ""pi0"", ""tau""]",9,0.0006
cluster,"[""K_plus"", ""Lambda"", ""Upsilon_1S"", ""W"", ""Z"", ""proton""]",6,0.0006
cluster,"[""B0"", ""B_plus"", ""Bs0"", ""Delta_1232"", ""Higgs"", ""J_psi"", ""K_long"", ""Omega_minus"", ""Sigma_plus"", ""proton"", ""tau""]",11,0.0006
cluster,"[""D_plus"", ""Upsilon_1S"", ""W"", ""Z""]",4,0.0006
cluster,"[""D_plus"", ""K_short"", ""Upsilon_1S"", ""W"", ""Z"", ""electron"", ""neutron""]",7,0.0006
cluster,"[""Ds_plus"", ""K_plus"", ""Lambda"", ""electron""]",4,0.0006
cluster,"[""D0"", ""Delta_1232"", ""Ds_plus"", ""K_plus"", ""Lambda"", ""Xi_minus"", ""electron"", ""phi_1020"", ""pi0"", ""pi_plus"", ""proton""]",11,0.0006
cluster,"[""K_short"", ""Upsilon_1S"", ""W"", ""Z"", ""electron"", ""muon"", ""proton""]",7,0.0006
cluster,"[""B0"", ""B_plus"", ""Bs0"", ""D0"", ""Delta_1232"", ""Ds_plus"", ""Higgs"", ""J_psi"", ""K_plus"", ""Lambda"", ""Omega_minus"", ""Xi_minus"", ""electron"", ""eta"", ""neutron"", ""omega_782"", ""phi_1020"", ""pi0"", ""pi_plus"", ""proton"", ""rho_770"", ""tau"", ""top""]",23,0.0006
cluster,"[""Ds_plus"", ""Higgs"", ""J_psi"", ""omega_782"", ""rho_770"", ""top""]",6,0.0006
cluster,"[""D0"", ""Ds_plus"", ""K_plus"", ""Lambda"", ""W"", ""Z"", ""eta""]",7,0.0006
cluster,"[""B0"", ""B_plus"", ""Bs0"", ""Delta_1232"", ""Omega_minus"", ""phi_1020"", ""pi_plus"", ""proton""]",8,0.0006
cluster,"[""K_plus"", ""Lambda"", ""electron""]",3,0.0006
cluster,"[""Sigma_plus"", ""proton"", ""rho_770""]",3,0.0006
cluster,"[""B0"", ""B_plus"", ""Bs0"", ""Delta_1232"", ""K_plus"", ""Lambda"", ""Upsilon_1S"", ""Xi_minus"", ""electron"", ""phi_1020"", ""pi_plus"", ""tau""]",12,0.0006
cluster,"[""Ds_plus"", ""W"", ""Z"", ""eta"", ""muon"", ""neutron"", ""proton""]",7,0.0006
cluster,"[""D_plus"", ""K_long"", ""K_short"", ""electron"", ""eta""]",5,0.0006
cluster,"[""D_plus"", ""K_long"", ""K_short"", ""proton""]",4,0.0006
cluster,"[""B0"", ""B_plus"", ""Bs0"", ""Higgs"", ""J_psi"", ""K_plus"", ""Lambda"", ""Omega_minus"", ""W"", ""Xi_minus"", ""Z"", ""muon"", ""neutron"", ""omega_782"", ""pi0"", ""pi_plus"", ""rho_770"", ""tau"", ""top""]",19,0.0006
cluster,"[""D0"", ""D_plus"", ""Delta_1232"", ""Ds_plus"", ""K_long"", ""K_short"", ""Upsilon_1S"", ""electron"", ""phi_1020"", ""proton"", ""rho_770""]",11,0.0006
cluster,"[""B0"", ""B_plus"", ""Bs0"", ""Higgs"", ""J_psi"", ""K_plus"", ""Omega_minus"", ""W"", ""Xi_minus"", ""Z"", ""electron"", ""pi0"", ""pi_plus"", ""proton""]",14,0.0006
cluster,"[""Omega_minus"", ""Sigma_plus"", ""electron"", ""eta"", ""neutron"", ""pi_plus""]",6,0.0006
cluster,"[""D0"", ""Ds_plus"", ""K_long"", ""K_short"", ""electron"", ""omega_782"", ""rho_770"", ""top""]",8,0.0006
cluster,"[""D0"", ""Ds_plus"", ""Higgs"", ""J_psi"", ""K_long"", ""K_short"", ""W"", ""Z"", ""electron"", ""neutron"", ""proton"", ""tau""]",12,0.0006
cluster,"[""B0"", ""B_plus"", ""Bs0"", ""Delta_1232"", ""Lambda"", ""electron"", ""eta""]",7,0.0006
cluster,"[""K_plus"", ""Omega_minus"", ""Upsilon_1S"", ""Xi_minus"", ""muon"", ""phi_1020"", ""proton"", ""rho_770""]",8,0.0006
cluster,"[""D0"", ""Ds_plus"", ""K_short"", ""eta"", ""phi_1020"", ""pi0"", ""proton"", ""rho_770"", ""tau""]",9,0.0006
cluster,"[""D0"", ""Upsilon_1S"", ""electron"", ""neutron"", ""omega_782"", ""tau"", ""top""]",7,0.0006
cluster,"[""D_plus"", ""Delta_1232"", ""Ds_plus"", ""K_plus"", ""K_short"", ""Omega_minus"", ""Sigma_plus"", ""eta"", ""muon"", ""phi_1020"", ""pi0"", ""pi_plus"", ""proton"", ""rho_770""]",14,0.0006
cluster,"[""D_plus"", ""Sigma_plus"", ""muon"", ""phi_1020"", ""rho_770""]",5,0.0006
cluster,"[""Higgs"", ""K_long"", ""K_plus"", ""Sigma_plus""]",4,0.0004
cluster,"[""D0"", ""K_short"", ""neutron""]",3,0.0004
cluster,"[""D0"", ""D_plus"", ""K_long"", ""Xi_minus"", ""pi_plus""]",5,0.0004
cluster,"[""K_long"", ""pi0"", ""pi_plus"", ""tau""]",4,0.0004
cluster,"[""Lambda"", ""W"", ""Z"", ""eta""]",4,0.0004
cluster,"[""Lambda"", ""Sigma_plus"", ""eta""]",3,0.0004
cluster,"[""D0"", ""K_plus"", ""Xi_minus"", ""eta"", ""rho_770""]",5,0.0004
cluster,"[""K_short"", ""Omega_minus"", ""Upsilon_1S"", ""pi0"", ""rho_770""]",5,0.0004
cluster,"[""D_plus"", ""K_long"", ""Upsilon_1S"", ""Xi_minus""]",4,0.0004
cluster,"[""Delta_1232"", ""Ds_plus"", ""K_plus"", ""K_short"", ""Omega_minus"", ""Upsilon_1S"", ""W"", ""Z"", ""muon"", ""neutron""]",10,0.0004
cluster,"[""D_plus"", ""Delta_1232"", ""Lambda"", ""W"", ""Z"", ""neutron"", ""pi_plus"", ""tau""]",8,0.0004
cluster,"[""B0"", ""B_plus"", ""Bs0"", ""Sigma_plus""]",4,0.0004
cluster,"[""Ds_plus"", ""Higgs"", ""J_psi"", ""K_long"", ""K_plus"", ""K_short"", ""Omega_minus"", ""eta"", ""phi_1020"", ""pi0"", ""rho_770""]",11,0.0004
cluster,"[""B0"", ""B_plus"", ""Bs0"", ""Delta_1232"", ""Sigma_plus"", ""W"", ""Z""]",7,0.0004
cluster,"[""D_plus"", ""Lambda"", ""pi_plus"", ""tau""]",4,0.0004
cluster,"[""B0"", ""B_plus"", ""Bs0"", ""D0"", ""Delta_1232"", ""Sigma_plus"", ""W"", ""Z"", ""electron"", ""muon"", ""proton""]",11,0.0004
cluster,"[""D_plus"", ""Lambda"", ""Upsilon_1S"", ""omega_782"", ""pi_plus"", ""tau"", ""top""]",7,0.0004
cluster,"[""B0"", ""B_plus"", ""Bs0"", ""D_plus"", ""Sigma_plus"", ""Upsilon_1S"", ""muon"", ""neutron"", ""phi_1020"", ""rho_770"", ""tau""]",11,0.0004
cluster,"[""B0"", ""B_plus"", ""Bs0"", ""Delta_1232"", ""Higgs"", ""J_psi"", ""K_long"", ""K_plus"", ""Omega_minus"", ""W"", ""Z"", ""eta""]",12,0.0004
cluster,"[""Lambda"", ""Upsilon_1S"", ""muon""]",3,0.0004
cluster,"[""D0"", ""K_short"", ""eta""]",3,0.0004
cluster,"[""Delta_1232"", ""Ds_plus"", ""Higgs"", ""J_psi"", ""W"", ""Xi_minus"", ""Z"", ""muon"", ""pi_plus""]",9,0.0004
cluster,"[""B0"", ""B_plus"", ""Bs0"", ""D_plus"", ""K_long"", ""K_plus"", ""Omega_minus"", ""Sigma_plus"", ""omega_782"", ""phi_1020"", ""pi0"", ""rho_770"", ""tau"", ""top""]",14,0.0004
cluster,"[""K_long"", ""K_plus"", ""Sigma_plus"", ""Upsilon_1S""]",4,0.0004
cluster,"[""B0"", ""B_plus"", ""Bs0"", ""D_plus"", ""Omega_minus"", ""phi_1020"", ""tau""]",7,0.0004
cluster,"[""D0"", ""K_short"", ""neutron"", ""phi_1020"", ""pi0""]",5,0.0004
cluster,"[""B0"", ""B_plus"", ""Bs0"", ""D_plus"", ""Delta_1232"", ""Omega_minus"", ""Upsilon_1S"", ""W"", ""Z"", ""tau""]",10,0.0004
cluster,"[""Lambda"", ""eta"", ""omega_782"", ""rho_770"", ""top""]",5,0.0004
cluster,"[""B0"", ""B_plus"", ""Bs0"", ""D_plus"", ""Higgs"", ""J_psi"", ""Omega_minus"", ""neutron"", ""tau""]",9,0.0004
cluster,"[""D0"", ""Delta_1232"", ""K_short"", ""Upsilon_1S"", ""W"", ""Xi_minus"", ""Z"", ""muon"", ""pi_plus""]",9,0.0004
cluster,"[""D0"", ""K_short"", ""Upsilon_1S"", ""W"", ""Xi_minus"", ""Z"", ""muon"", ""pi_plus""]",8,0.0004
cluster,"[""K_long"", ""K_plus"", ""Sigma_plus"", ""neutron"", ""phi_1020""]",5,0.0004
cluster,"[""D0"", ""Upsilon_1S"", ""W"", ""Xi_minus"", ""Z"", ""electron"", ""pi_plus""]",7,0.0004
cluster,"[""Ds_plus"", ""Lambda"", ""W"", ""Z"", ""neutron""]",5,0.0004
cluster,"[""Delta_1232"", ""K_long"", ""K_plus"", ""pi0""]",4,0.0004
cluster,"[""B0"", ""B_plus"", ""Bs0"", ""D_plus"", ""Higgs"", ""J_psi"", ""K_short"", ""Omega_minus"", ""Xi_minus"", ""eta"", ""muon"", ""omega_782"", ""pi_plus"", ""rho_770"", ""tau"", ""top""]",16,0.0004
cluster,"[""B0"", ""B_plus"", ""Bs0"", ""D_plus"", ""Omega_minus"", ""eta"", ""muon"", ""phi_1020"", ""tau""]",9,0.0004
cluster,"[""Ds_plus"", ""K_long"", ""K_plus"", ""Lambda"", ""Upsilon_1S""]",5,0.0004
cluster,"[""B0"", ""B_plus"", ""Bs0"", ""D0"", ""D_plus"", ""Higgs"", ""J_psi"", ""K_short"", ""Omega_minus"", ""Xi_minus"", ""electron"", ""eta"", ""muon"", ""neutron"", ""omega_782"", ""phi_1020"", ""pi_plus"", ""proton"", ""rho_770"", ""tau"", ""top""]",21,0.0004
cluster,"[""K_short"", ""eta"", ""neutron"", ""pi_plus""]",4,0.0004
cluster,"[""Omega_minus"", ""W"", ""Z""]",3,0.0004
cluster,"[""B0"", ""B_plus"", ""Bs0"", ""D_plus"", ""Delta_1232"", ""muon"", ""neutron""]",7,0.0004
cluster,"[""D0"", ""Ds_plus"", ""Higgs"", ""J_psi"", ""K_long"", ""K_plus"", ""Lambda"", ""omega_782"", ""rho_770"", ""top""]",10,0.0004
cluster,"[""Delta_1232"", ""K_short"", ""pi_plus"", ""tau""]",4,0.0004
cluster,"[""B0"", ""B_plus"", ""Bs0"", ""D_plus"", ""Omega_minus"", ""W"", ""Z"", ""electron"", ""muon"", ""neutron"", ""pi0""]",11,0.0004
cluster,"[""D0"", ""K_long"", ""K_plus"", ""Lambda"", ""eta"", ""phi_1020"", ""proton""]",7,0.0004
cluster,"[""B0"", ""B_plus"", ""Bs0"", ""D_plus"", ""K_short"", ""W"", ""Z"", ""pi_plus"", ""tau""]",9,0.0004
cluster,"[""Higgs"", ""J_psi"", ""Sigma_plus"", ""neutron"", ""omega_782"", ""top""]",6,0.0004
cluster,"[""D0"", ""Delta_1232"", ""K_long"", ""K_plus"", ""Lambda"", ""eta"", ""phi_1020""]",7,0.0004
cluster,"[""B0"", ""B_plus"", ""Bs0"", ""D_plus"", ""K_short"", ""W"", ""Xi_minus"", ""Z"", ""electron"", ""pi0"", ""pi_plus"", ""tau""]",12,0.0004
cluster,"[""B0"", ""B_plus"", ""Bs0"", ""D_plus"", ""J_psi"", ""Omega_minus"", ""Upsilon_1S"", ""electron"", ""muon"", ""omega_782"", ""pi0"", ""pi_plus"", ""rho_770"", ""top""]",14,0.0004
cluster,"[""D0"", ""K_long"", ""K_plus"", ""Lambda"", ""W"", ""Z"", ""neutron""]",7,0.0004
cluster,"[""Delta_1232"", ""Ds_plus"", ""Sigma_plus"", ""eta"", ""phi_1020""]",5,0.0004
cluster,"[""B0"", ""B_plus"", ""Bs0"", ""D_plus"", ""Higgs"", ""J_psi"", ""K_short"", ""Omega_minus"", ""Upsilon_1S"", ""Xi_minus"", ""muon"", ""omega_782"", ""pi0"", ""pi_plus"", ""proton"", ""rho_770"", ""tau"", ""top""]",18,0.0004
cluster,"[""D0"", ""K_long"", ""K_plus"", ""Lambda"", ""W"", ""Z"", ""electron"", ""neutron""]",8,0.0004
cluster,"[""B0"", ""B_plus"", ""Bs0"", ""D_plus"", ""J_psi"", ""K_short"", ""Upsilon_1S"", ""Xi_minus"", ""electron"", ""omega_782"", ""pi0"", ""pi_plus"", ""rho_770"", ""tau"", ""top""]",15,0.0004
cluster,"[""K_long"", ""K_plus"", ""Lambda"", ""neutron""]",4,0.0004
cluster,"[""Delta_1232"", ""Ds_plus"", ""Sigma_plus"", ""eta""]",4,0.0004
cluster,"[""K_long"", ""K_plus"", ""Lambda"", ""rho_770""]",4,0.0004
cluster,"[""B0"", ""B_plus"", ""Bs0"", ""D_plus"", ""Higgs"", ""J_psi"", ""K_long"", ""K_short"", ""Upsilon_1S"", ""Xi_minus"", ""neutron"", ""omega_782"", ""pi0"", ""pi_plus"", ""tau"", ""top""]",16,0.0004
cluster,"[""B0"", ""B_plus"", ""Bs0"", ""D_plus"", ""Higgs"", ""J_psi"", ""K_short"", ""Xi_minus"", ""neutron"", ""pi_plus""]",10,0.0004
cluster,"[""K_long"", ""K_plus"", ""Lambda"", ""Upsilon_1S"", ""electron"", ""omega_782"", ""pi0"", ""tau"", ""top""]",9,0.0004
cluster,"[""W"", ""Z"", ""muon""]",3,0.0004
cluster,"[""Omega_minus"", ""W"", ""Z"", ""eta""]",4,0.0004
cluster,"[""Ds_plus"", ""Sigma_plus"", ""electron"", ""muon"", ""rho_770""]",5,0.0004
cluster,"[""B0"", ""B_plus"", ""Bs0"", ""D_plus"", ""Delta_1232"", ""K_short"", ""W"", ""Xi_minus"", ""Z"", ""eta"", ""phi_1020"", ""pi_plus""]",12,0.0004
cluster,"[""Ds_plus"", ""Sigma_plus"", ""muon"", ""neutron"", ""omega_782"", ""top""]",6,0.0004
cluster,"[""K_plus"", ""Lambda"", ""W"", ""Z"", ""proton"", ""tau""]",6,0.0004
cluster,"[""D0"", ""Delta_1232"", ""Higgs"", ""J_psi"", ""Sigma_plus"", ""Upsilon_1S"", ""electron"", ""muon"", ""neutron"", ""phi_1020"", ""pi0""]",11,0.0004
cluster,"[""D0"", ""Delta_1232"", ""Higgs"", ""J_psi"", ""Sigma_plus"", ""Upsilon_1S"", ""muon"", ""neutron"", ""phi_1020"", ""pi0""]",10,0.0004
cluster,"[""D0"", ""Delta_1232"", ""Higgs"", ""J_psi"", ""Sigma_plus"", ""Upsilon_1S"", ""muon"", ""phi_1020"", ""pi0""]",9,0.0004
cluster,"[""Omega_minus"", ""omega_782"", ""pi_plus"", ""proton"", ""top""]",5,0.0004
cluster,"[""D0"", ""Delta_1232"", ""Ds_plus"", ""Higgs"", ""J_psi"", ""Sigma_plus"", ""Upsilon_1S"", ""muon"", ""phi_1020"", ""pi0"", ""proton""]",11,0.0004
cluster,"[""electron"", ""omega_782"", ""pi_plus"", ""top""]",4,0.0004
cluster,"[""B0"", ""B_plus"", ""Bs0"", ""D_plus"", ""K_long"", ""K_short"", ""Xi_minus"", ""rho_770""]",8,0.0004
cluster,"[""Lambda"", ""eta"", ""rho_770"", ""tau""]",4,0.0004
cluster,"[""Lambda"", ""electron"", ""eta"", ""rho_770"", ""tau""]",5,0.0004
cluster,"[""Delta_1232"", ""Ds_plus"", ""Higgs"", ""J_psi"", ""Omega_minus"", ""Upsilon_1S"", ""phi_1020"", ""pi0"", ""pi_plus"", ""proton""]",10,0.0004
cluster,"[""D0"", ""Sigma_plus"", ""W"", ""Z"", ""proton""]",5,0.0004
cluster,"[""eta"", ""muon"", ""proton"", ""rho_770"", ""tau""]",5,0.0004
cluster,"[""Delta_1232"", ""Ds_plus"", ""Higgs"", ""J_psi"", ""Omega_minus"", ""Upsilon_1S"", ""W"", ""Z"", ""electron"", ""neutron"", ""phi_1020"", ""pi0"", ""pi_plus""]",13,0.0004
cluster,"[""B0"", ""B_plus"", ""Bs0"", ""D_plus"", ""K_long"", ""K_plus"", ""K_short"", ""Lambda"", ""Xi_minus"", ""omega_782"", ""proton"", ""top""]",12,0.0004
cluster,"[""Lambda"", ""omega_782"", ""top""]",3,0.0004
cluster,"[""B0"", ""B_plus"", ""Bs0"", ""D_plus"", ""Delta_1232"", ""Higgs"", ""J_psi"", ""K_long"", ""K_plus"", ""K_short"", ""Upsilon_1S"", ""Xi_minus"", ""neutron"", ""phi_1020"", ""proton""]",15,0.0004
cluster,"[""Ds_plus"", ""Omega_minus"", ""W"", ""Z"", ""pi0"", ""pi_plus""]",6,0.0004
cluster,"[""D0"", ""Sigma_plus"", ""rho_770""]",3,0.0004
cluster,"[""Ds_plus"", ""Omega_minus"", ""W"", ""Z"", ""neutron"", ""pi0"", ""pi_plus"", ""proton""]",8,0.0004
cluster,"[""D0"", ""Sigma_plus"", ""eta"", ""rho_770""]",4,0.0004
cluster,"[""D0"", ""Sigma_plus"", ""eta"", ""proton"", ""rho_770""]",5,0.0004
cluster,"[""B0"", ""B_plus"", ""Bs0"", ""Delta_1232"", ""Higgs"", ""J_psi"", ""K_long"", ""K_plus"", ""K_short"", ""Upsilon_1S"", ""Xi_minus"", ""electron"", ""phi_1020""]",13,0.0004
cluster,"[""Ds_plus"", ""Omega_minus"", ""pi_plus""]",3,0.0004
cluster,"[""Ds_plus"", ""Omega_minus"", ""electron"", ""pi_plus"", ""rho_770""]",5,0.0004
cluster,"[""Ds_plus"", ""Omega_minus"", ""pi_plus"", ""rho_770""]",4,0.0004
cluster,"[""B0"", ""B_plus"", ""Bs0"", ""Higgs"", ""J_psi"", ""K_long"", ""K_plus"", ""K_short"", ""Upsilon_1S"", ""W"", ""Xi_minus"", ""Z"", ""phi_1020"", ""pi0"", ""proton""]",15,0.0004
cluster,"[""Ds_plus"", ""Omega_minus"", ""pi_plus"", ""proton"", ""rho_770""]",5,0.0004
cluster,"[""B0"", ""B_plus"", ""Bs0"", ""K_plus"", ""K_short"", ""Xi_minus"", ""pi0"", ""proton"", ""rho_770""]",9,0.0004
cluster,"[""D_plus"", ""Higgs"", ""J_psi"", ""Lambda"", ""Upsilon_1S"", ""W"", ""Z"", ""muon"", ""neutron"", ""phi_1020""]",10,0.0004
cluster,"[""Delta_1232"", ""Sigma_plus"", ""electron""]",3,0.0004
cluster,"[""D0"", ""Ds_plus"", ""K_long"", ""Omega_minus"", ""eta"", ""omega_782"", ""pi_plus"", ""proton"", ""top""]",9,0.0004
cluster,"[""B0"", ""B_plus"", ""Bs0"", ""D_plus"", ""K_plus"", ""K_short"", ""Lambda"", ""Xi_minus"", ""muon"", ""neutron"", ""pi0"", ""rho_770""]",12,0.0004
cluster,"[""B0"", ""B_plus"", ""Bs0"", ""D_plus"", ""K_plus"", ""K_short"", ""Lambda"", ""Xi_minus"", ""electron"", ""muon"", ""neutron"", ""pi0"", ""proton"", ""rho_770""]",14,0.0004
cluster,"[""B0"", ""B_plus"", ""Bs0"", ""K_plus"", ""K_short"", ""Xi_minus"", ""electron"", ""eta"", ""muon"", ""neutron"", ""omega_782"", ""pi0"", ""proton"", ""top""]",14,0.0004
cluster,"[""D_plus"", ""Lambda"", ""rho_770""]",3,0.0004
cluster,"[""D0"", ""Delta_1232"", ""Omega_minus"", ""pi_plus""]",4,0.0004
cluster,"[""D0"", ""Delta_1232"", ""Ds_plus"", ""K_long"", ""Omega_minus"", ""electron"", ""pi_plus"", ""proton""]",8,0.0004
cluster,"[""Higgs"", ""J_psi"", ""Sigma_plus"", ""Upsilon_1S"", ""W"", ""Z"", ""tau""]",7,0.0004
cluster,"[""B0"", ""B_plus"", ""Bs0"", ""D_plus"", ""Delta_1232"", ""K_plus"", ""K_short"", ""Lambda"", ""Xi_minus"", ""electron"", ""eta"", ""muon"", ""omega_782"", ""pi0"", ""top""]",15,0.0004
cluster,"[""Sigma_plus"", ""proton"", ""tau""]",3,0.0004
cluster,"[""B0"", ""B_plus"", ""Bs0"", ""Delta_1232"", ""K_short"", ""Lambda"", ""eta""]",7,0.0004
cluster,"[""D_plus"", ""omega_782"", ""pi0"", ""proton"", ""top""]",5,0.0004
cluster,"[""D0"", ""Higgs"", ""J_psi"", ""K_long"", ""Omega_minus"", ""Upsilon_1S"", ""electron"", ""neutron"", ""pi_plus"", ""rho_770""]",10,0.0004
cluster,"[""Sigma_plus"", ""electron"", ""tau""]",3,0.0004
cluster,"[""B0"", ""B_plus"", ""Bs0"", ""Delta_1232"", ""K_short"", ""Lambda"", ""proton""]",7,0.0004
cluster,"[""electron"", ""omega_782"", ""pi0"", ""top""]",4,0.0004
cluster,"[""Ds_plus"", ""K_plus"", ""W"", ""Xi_minus"", ""Z"", ""muon"", ""phi_1020""]",7,0.0004
cluster,"[""B0"", ""B_plus"", ""Bs0"", ""Delta_1232"", ""K_short"", ""Lambda""]",6,0.0004
cluster,"[""Sigma_plus"", ""neutron"", ""omega_782"", ""pi0"", ""tau"", ""top""]",6,0.0004
cluster,"[""B0"", ""B_plus"", ""Bs0"", ""D0"", ""Ds_plus"", ""Higgs"", ""J_psi"", ""K_long"", ""K_plus"", ""K_short"", ""Lambda"", ""Omega_minus"", ""Upsilon_1S"", ""W"", ""Xi_minus"", ""Z"", ""electron"", ""muon"", ""phi_1020"", ""rho_770""]",20,0.0004
cluster,"[""B0"", ""B_plus"", ""Bs0"", ""Ds_plus"", ""Higgs"", ""J_psi"", ""K_plus"", ""K_short"", ""Lambda"", ""Upsilon_1S"", ""W"", ""Xi_minus"", ""Z"", ""electron"", ""muon"", ""phi_1020"", ""rho_770""]",17,0.0004
cluster,"[""D_plus"", ""Delta_1232"", ""eta"", ""proton""]",4,0.0004
cluster,"[""Sigma_plus"", ""neutron"", ""omega_782"", ""pi0"", ""pi_plus"", ""tau"", ""top""]",7,0.0004
cluster,"[""B0"", ""B_plus"", ""Bs0"", ""K_short"", ""Lambda"", ""W"", ""Z"", ""phi_1020"", ""proton""]",9,0.0004
cluster,"[""B0"", ""B_plus"", ""Bs0"", ""Ds_plus"", ""Higgs"", ""J_psi"", ""K_plus"", ""K_short"", ""Lambda"", ""Upsilon_1S"", ""W"", ""Xi_minus"", ""Z"", ""muon"", ""phi_1020"", ""proton"", ""rho_770""]",17,0.0004
cluster,"[""K_long"", ""Omega_minus"", ""omega_782"", ""top""]",4,0.0004
cluster,"[""B0"", ""B_plus"", ""Bs0"", ""D_plus"", ""K_short"", ""Lambda"", ""W"", ""Z"", ""electron"", ""neutron"", ""phi_1020"", ""rho_770""]",12,0.0004
cluster,"[""K_long"", ""Omega_minus"", ""omega_782"", ""proton"", ""top""]",5,0.0004
cluster,"[""B0"", ""B_plus"", ""Bs0"", ""D0"", ""D_plus"", ""Ds_plus"", ""Higgs"", ""J_psi"", ""K_plus"", ""K_short"", ""Lambda"", ""Upsilon_1S"", ""W"", ""Xi_minus"", ""Z"", ""electron"", ""muon"", ""neutron"", ""phi_1020"", ""rho_770""]",20,0.0004
cluster,"[""B0"", ""B_plus"", ""Bs0"", ""Ds_plus"", ""Higgs"", ""J_psi"", ""K_short"", ""Lambda"", ""Upsilon_1S"", ""Xi_minus"", ""electron"", ""neutron"", ""rho_770""]",13,0.0004
cluster,"[""D_plus"", ""W"", ""Z"", ""phi_1020"", ""proton""]",5,0.0004
cluster,"[""D0"", ""K_plus"", ""electron"", ""muon"", ""omega_782"", ""top""]",6,0.0004
cluster,"[""D0"", ""K_plus"", ""muon"", ""omega_782"", ""top""]",5,0.0004
cluster,"[""D_plus"", ""W"", ""Z"", ""phi_1020"", ""rho_770""]",5,0.0004
cluster,"[""D0"", ""K_plus"", ""muon""]",3,0.0004
cluster,"[""K_long"", ""eta"", ""tau""]",3,0.0004
cluster,"[""D_plus"", ""electron"", ""rho_770""]",3,0.0004
cluster,"[""K_long"", ""Omega_minus"", ""Sigma_plus"", ""W"", ""Z"", ""eta"", ""phi_1020"", ""pi0"", ""pi_plus"", ""tau""]",10,0.0004
cluster,"[""K_long"", ""Omega_minus"", ""Sigma_plus"", ""W"", ""Z"", ""eta"", ""phi_1020"", ""pi0"", ""pi_plus"", ""rho_770"", ""tau""]",11,0.0004
cluster,"[""D0"", ""Delta_1232"", ""neutron""]",3,0.0004
cluster,"[""Sigma_plus"", ""pi_plus"", ""rho_770""]",3,0.0004
cluster,"[""K_long"", ""W"", ""Z"", ""phi_1020"", ""tau""]",5,0.0004
cluster,"[""B0"", ""B_plus"", ""Bs0"", ""D0"", ""D_plus"", ""Delta_1232"", ""Ds_plus"", ""Higgs"", ""J_psi"", ""K_short"", ""Lambda"", ""Upsilon_1S"", ""Xi_minus"", ""electron"", ""neutron"", ""omega_782"", ""proton"", ""top""]",18,0.0004
cluster,"[""D0"", ""K_plus"", ""Omega_minus"", ""electron"", ""eta"", ""muon"", ""neutron"", ""pi0""]",8,0.0004
cluster,"[""Delta_1232"", ""Ds_plus"", ""Xi_minus"", ""proton""]",4,0.0004
cluster,"[""K_long"", ""Sigma_plus"", ""pi_plus"", ""rho_770""]",4,0.0004
cluster,"[""K_plus"", ""Omega_minus"", ""W"", ""Z"", ""electron"", ""eta"", ""muon"", ""neutron"", ""phi_1020"", ""pi0"", ""proton"", ""tau""]",12,0.0004
cluster,"[""B0"", ""B_plus"", ""Bs0"", ""Delta_1232"", ""K_short"", ""Lambda"", ""electron"", ""omega_782"", ""proton"", ""top""]",10,0.0004
cluster,"[""B0"", ""B_plus"", ""Bs0"", ""Delta_1232"", ""K_short"", ""Lambda"", ""electron"", ""proton""]",8,0.0004
cluster,"[""D0"", ""K_plus"", ""Omega_minus"", ""W"", ""Xi_minus"", ""Z"", ""eta"", ""muon"", ""phi_1020"", ""pi0"", ""rho_770"", ""tau""]",12,0.0004
cluster,"[""D0"", ""W"", ""Xi_minus"", ""Z"", ""electron"", ""eta"", ""phi_1020"", ""pi0"", ""proton"", ""rho_770""]",10,0.0004
cluster,"[""K_plus"", ""Omega_minus"", ""muon"", ""proton"", ""tau""]",5,0.0004
cluster,"[""D_plus"", ""Higgs"", ""J_psi"", ""K_long"", ""Sigma_plus"", ""Upsilon_1S"", ""neutron"", ""omega_782"", ""pi_plus"", ""proton"", ""top""]",11,0.0004
cluster,"[""K_plus"", ""Omega_minus"", ""electron"", ""muon"", ""tau""]",5,0.0004
cluster,"[""D_plus"", ""K_long"", ""Sigma_plus"", ""Upsilon_1S"", ""electron"", ""neutron"", ""omega_782"", ""pi_plus"", ""top""]",9,0.0004
cluster,"[""D_plus"", ""Delta_1232"", ""K_long"", ""Sigma_plus"", ""Upsilon_1S"", ""neutron"", ""omega_782"", ""pi_plus"", ""top""]",9,0.0004
cluster,"[""D0"", ""Xi_minus"", ""proton""]",3,0.0004
cluster,"[""Higgs"", ""J_psi"", ""K_plus"", ""Omega_minus"", ""Upsilon_1S"", ""muon"", ""omega_782"", ""tau"", ""top""]",9,0.0004
cluster,"[""Upsilon_1S"", ""muon"", ""omega_782"", ""top""]",4,0.0004
cluster,"[""Higgs"", ""J_psi"", ""K_plus"", ""Omega_minus"", ""Upsilon_1S"", ""electron"", ""omega_782"", ""tau"", ""top""]",9,0.0004
cluster,"[""D_plus"", ""K_long"", ""Sigma_plus"", ""pi_plus"", ""proton""]",5,0.0004
cluster,"[""Delta_1232"", ""electron"", ""muon""]",3,0.0004
cluster,"[""D_plus"", ""K_long"", ""Sigma_plus"", ""pi_plus""]",4,0.0004
cluster,"[""D_plus"", ""K_long"", ""Sigma_plus"", ""W"", ""Z"", ""electron"", ""phi_1020"", ""pi_plus"", ""rho_770""]",9,0.0004
cluster,"[""D0"", ""Delta_1232"", ""Higgs"", ""J_psi"", ""K_plus"", ""Omega_minus"", ""Upsilon_1S"", ""Xi_minus"", ""neutron"", ""omega_782"", ""proton"", ""tau"", ""top""]",13,0.0004
cluster,"[""Ds_plus"", ""K_short"", ""Lambda"", ""electron""]",4,0.0004
cluster,"[""D0"", ""Delta_1232"", ""Ds_plus"", ""Higgs"", ""J_psi"", ""K_short"", ""Lambda"", ""Upsilon_1S"", ""Xi_minus"", ""neutron"", ""omega_782"", ""top""]",12,0.0004
cluster,"[""B0"", ""B_plus"", ""Bs0"", ""pi0"", ""proton""]",5,0.0004
cluster,"[""Delta_1232"", ""Upsilon_1S"", ""Xi_minus""]",3,0.0004
cluster,"[""Delta_1232"", ""Upsilon_1S"", ""Xi_minus"", ""proton""]",4,0.0004
cluster,"[""D0"", ""Delta_1232"", ""Ds_plus"", ""Higgs"", ""J_psi"", ""K_short"", ""Lambda"", ""Upsilon_1S"", ""Xi_minus"", ""omega_782"", ""top""]",11,0.0004
cluster,"[""B0"", ""B_plus"", ""Bs0"", ""K_long"", ""electron"", ""eta"", ""pi0"", ""pi_plus""]",8,0.0004
cluster,"[""K_plus"", ""Omega_minus"", ""W"", ""Z"", ""neutron"", ""phi_1020"", ""proton"", ""rho_770""]",8,0.0004
cluster,"[""K_plus"", ""Omega_minus"", ""W"", ""Z"", ""phi_1020"", ""proton"", ""rho_770""]",7,0.0004
cluster,"[""K_long"", ""pi0"", ""pi_plus"", ""proton""]",4,0.0004
cluster,"[""D_plus"", ""K_plus"", ""Sigma_plus"", ""eta"", ""muon"", ""neutron"", ""pi0""]",7,0.0004
cluster,"[""W"", ""Z"", ""phi_1020"", ""rho_770"", ""tau""]",5,0.0004
cluster,"[""B0"", ""B_plus"", ""Bs0"", ""D_plus"", ""Delta_1232"", ""Ds_plus"", ""Higgs"", ""J_psi"", ""K_long"", ""K_plus"", ""Sigma_plus"", ""Upsilon_1S"", ""electron"", ""eta"", ""muon"", ""neutron"", ""omega_782"", ""pi0"", ""pi_plus"", ""proton"", ""top""]",21,0.0004
cluster,"[""B0"", ""B_plus"", ""Bs0"", ""Delta_1232"", ""Ds_plus"", ""Higgs"", ""J_psi"", ""K_long"", ""Upsilon_1S"", ""electron"", ""muon"", ""neutron"", ""omega_782"", ""pi_plus"", ""proton"", ""top""]",16,0.0004
cluster,"[""W"", ""Z"", ""rho_770""]",3,0.0004
cluster,"[""Xi_minus"", ""electron"", ""phi_1020"", ""tau""]",4,0.0004
cluster,"[""D0"", ""K_short"", ""Lambda"", ""W"", ""Z"", ""proton"", ""rho_770""]",7,0.0004
cluster,"[""D0"", ""K_short"", ""Lambda"", ""W"", ""Z"", ""rho_770""]",6,0.0004
cluster,"[""D_plus"", ""Delta_1232"", ""Higgs"", ""J_psi"", ""K_plus"", ""Sigma_plus"", ""muon"", ""omega_782"", ""pi0"", ""top""]",10,0.0004
cluster,"[""Xi_minus"", ""proton"", ""tau""]",3,0.0004
cluster,"[""Omega_minus"", ""electron"", ""eta""]",3,0.0004
cluster,"[""B0"", ""B_plus"", ""Bs0"", ""Ds_plus"", ""K_long"", ""Upsilon_1S"", ""W"", ""Z"", ""electron"", ""muon"", ""neutron"", ""pi_plus"", ""proton"", ""rho_770""]",14,0.0004
cluster,"[""B0"", ""B_plus"", ""Bs0"", ""D0"", ""Ds_plus"", ""K_long"", ""K_short"", ""Upsilon_1S"", ""W"", ""Z"", ""electron"", ""muon"", ""neutron"", ""phi_1020"", ""pi_plus"", ""proton"", ""rho_770""]",17,0.0004
cluster,"[""D0"", ""K_short"", ""neutron"", ""phi_1020""]",4,0.0004
cluster,"[""B0"", ""B_plus"", ""Bs0"", ""Ds_plus"", ""K_long"", ""W"", ""Z"", ""electron"", ""muon"", ""pi_plus"", ""proton"", ""rho_770""]",12,0.0004
cluster,"[""B0"", ""B_plus"", ""Bs0"", ""D0"", ""Ds_plus"", ""K_long"", ""K_short"", ""W"", ""Z"", ""electron"", ""muon"", ""neutron"", ""phi_1020"", ""pi_plus"", ""proton"", ""rho_770""]",16,0.0004
cluster,"[""D0"", ""K_short"", ""Lambda"", ""Xi_minus"", ""electron"", ""eta"", ""neutron"", ""proton"", ""tau""]",9,0.0004
cluster,"[""Xi_minus"", ""electron"", ""eta"", ""proton"", ""tau""]",5,0.0004
cluster,"[""D_plus"", ""Delta_1232"", ""Higgs"", ""J_psi"", ""Omega_minus"", ""omega_782"", ""pi0"", ""proton"", ""top""]",9,0.0004
cluster,"[""Xi_minus"", ""electron"", ""eta"", ""tau""]",4,0.0004
cluster,"[""Delta_1232"", ""Higgs"", ""J_psi"", ""Omega_minus"", ""Xi_minus"", ""electron"", ""eta"", ""neutron"", ""omega_782"", ""pi0"", ""tau"", ""top""]",12,0.0004
cluster,"[""B0"", ""B_plus"", ""Bs0"", ""Ds_plus"", ""electron"", ""muon"", ""phi_1020"", ""pi_plus""]",8,0.0004
cluster,"[""Delta_1232"", ""Higgs"", ""J_psi"", ""Lambda"", ""Xi_minus"", ""eta"", ""neutron"", ""omega_782"", ""pi0"", ""proton"", ""tau"", ""top""]",12,0.0004
cluster,"[""B0"", ""B_plus"", ""Bs0"", ""D0"", ""Ds_plus"", ""K_long"", ""K_short"", ""electron"", ""muon"", ""pi_plus""]",10,0.0004
cluster,"[""D_plus"", ""K_plus"", ""Omega_minus"", ""Sigma_plus"", ""Upsilon_1S"", ""W"", ""Z"", ""phi_1020"", ""rho_770""]",9,0.0004
cluster,"[""D_plus"", ""Omega_minus"", ""Upsilon_1S"", ""W"", ""Z"", ""proton"", ""rho_770""]",7,0.0004
cluster,"[""D_plus"", ""Omega_minus"", ""Upsilon_1S"", ""W"", ""Z"", ""neutron"", ""proton"", ""rho_770""]",8,0.0004
cluster,"[""K_plus"", ""Sigma_plus"", ""phi_1020"", ""proton""]",4,0.0004
cluster,"[""D_plus"", ""Omega_minus"", ""phi_1020"", ""proton""]",4,0.0004
cluster,"[""B0"", ""B_plus"", ""Bs0"", ""D0"", ""Delta_1232"", ""Ds_plus"", ""Higgs"", ""J_psi"", ""K_long"", ""K_short"", ""Lambda"", ""electron"", ""eta"", ""muon"", ""omega_782"", ""pi0"", ""pi_plus"", ""tau"", ""top""]",19,0.0004
cluster,"[""B0"", ""B_plus"", ""Bs0"", ""Delta_1232"", ""Ds_plus"", ""K_plus"", ""Sigma_plus"", ""eta"", ""neutron"", ""omega_782"", ""proton"", ""top""]",12,0.0004
cluster,"[""Upsilon_1S"", ""W"", ""Xi_minus"", ""Z"", ""electron"", ""phi_1020""]",6,0.0004
cluster,"[""Higgs"", ""J_psi"", ""K_long"", ""K_short"", ""Lambda"", ""muon"", ""pi0"", ""rho_770"", ""tau""]",9,0.0004
cluster,"[""Higgs"", ""J_psi"", ""K_long"", ""K_short"", ""Lambda"", ""W"", ""Z"", ""muon"", ""pi0"", ""pi_plus"", ""proton"", ""rho_770"", ""tau""]",13,0.0004
cluster,"[""Xi_minus"", ""phi_1020"", ""proton""]",3,0.0004
cluster,"[""B0"", ""B_plus"", ""Bs0"", ""D0"", ""Delta_1232"", ""Ds_plus"", ""Higgs"", ""J_psi"", ""K_long"", ""K_plus"", ""K_short"", ""Lambda"", ""Sigma_plus"", ""Upsilon_1S"", ""W"", ""Z"", ""electron"", ""eta"", ""muon"", ""neutron"", ""omega_782"", ""pi0"", ""pi_plus"", ""rho_770"", ""tau"", ""top""]",26,0.0004
cluster,"[""B0"", ""B_plus"", ""Bs0"", ""Delta_1232"", ""Ds_plus"", ""K_plus"", ""Sigma_plus"", ""electron"", ""eta"", ""omega_782"", ""top""]",11,0.0004
cluster,"[""D0"", ""Higgs"", ""J_psi"", ""K_long"", ""K_short"", ""W"", ""Z"", ""muon"", ""neutron"", ""pi0"", ""pi_plus"", ""rho_770"", ""tau""]",13,0.0004
cluster,"[""B0"", ""B_plus"", ""Bs0"", ""D0"", ""Ds_plus"", ""Higgs"", ""J_psi"", ""K_long"", ""K_plus"", ""K_short"", ""W"", ""Z"", ""electron"", ""eta"", ""muon"", ""neutron"", ""pi0"", ""pi_plus"", ""rho_770"", ""tau""]",20,0.0004
cluster,"[""D0"", ""Higgs"", ""J_psi"", ""K_long"", ""K_short"", ""W"", ""Z"", ""electron"", ""muon"", ""neutron"", ""pi0"", ""pi_plus"", ""rho_770"", ""tau""]",14,0.0004
cluster,"[""B0"", ""B_plus"", ""Bs0"", ""Ds_plus"", ""K_plus"", ""Sigma_plus"", ""eta"", ""proton""]",8,0.0004
cluster,"[""K_long"", ""K_short"", ""Lambda"", ""Upsilon_1S"", ""muon"", ""neutron"", ""phi_1020"", ""pi_plus"", ""tau""]",9,0.0004
cluster,"[""B0"", ""B_plus"", ""Bs0"", ""D0"", ""Ds_plus"", ""Higgs"", ""J_psi"", ""K_plus"", ""Sigma_plus"", ""W"", ""Z"", ""electron"", ""pi0"", ""proton"", ""rho_770""]",15,0.0004
cluster,"[""D_plus"", ""Omega_minus"", ""Xi_minus"", ""electron"", ""eta"", ""neutron"", ""proton"", ""rho_770""]",8,0.0004
cluster,"[""B0"", ""B_plus"", ""Bs0"", ""D0"", ""Ds_plus"", ""Higgs"", ""J_psi"", ""K_plus"", ""Omega_minus"", ""Sigma_plus"", ""Upsilon_1S"", ""W"", ""Z"", ""electron"", ""phi_1020"", ""pi0"", ""proton""]",17,0.0004
cluster,"[""Higgs"", ""J_psi"", ""Omega_minus"", ""W"", ""Z""]",5,0.0004
cluster,"[""D_plus"", ""Higgs"", ""J_psi"", ""Omega_minus"", ""W"", ""Z"", ""neutron""]",7,0.0004
cluster,"[""Xi_minus"", ""eta"", ""rho_770""]",3,0.0004
cluster,"[""B0"", ""B_plus"", ""Bs0"", ""D0"", ""Ds_plus"", ""Sigma_plus"", ""Upsilon_1S"", ""pi0""]",8,0.0004
cluster,"[""B0"", ""B_plus"", ""Bs0"", ""D0"", ""Ds_plus"", ""Omega_minus"", ""Sigma_plus"", ""Upsilon_1S"", ""neutron"", ""phi_1020"", ""pi0""]",11,0.0004
cluster,"[""Upsilon_1S"", ""electron"", ""pi0""]",3,0.0004
cluster,"[""B0"", ""B_plus"", ""Bs0"", ""D0"", ""Delta_1232"", ""Ds_plus"", ""K_plus"", ""Sigma_plus"", ""Upsilon_1S"", ""electron"", ""neutron"", ""omega_782"", ""pi0"", ""proton"", ""tau"", ""top""]",16,0.0004
cluster,"[""K_short"", ""proton"", ""tau""]",3,0.0004
cluster,"[""Lambda"", ""W"", ""Z"", ""eta"", ""pi_plus"", ""proton""]",6,0.0004
cluster,"[""B0"", ""B_plus"", ""Bs0"", ""D0"", ""Delta_1232"", ""Ds_plus"", ""K_plus"", ""K_short"", ""Sigma_plus"", ""electron"", ""neutron"", ""omega_782"", ""rho_770"", ""tau"", ""top""]",15,0.0004
cluster,"[""D_plus"", ""Higgs"", ""J_psi"", ""K_long"", ""Lambda"", ""W"", ""Xi_minus"", ""Z"", ""electron"", ""eta"", ""muon"", ""phi_1020"", ""pi_plus"", ""proton""]",14,0.0004
cluster,"[""D_plus"", ""Higgs"", ""J_psi"", ""K_long"", ""Lambda"", ""Xi_minus"", ""muon"", ""phi_1020"", ""proton""]",9,0.0004
cluster,"[""D_plus"", ""Higgs"", ""J_psi"", ""K_long"", ""Lambda"", ""W"", ""Xi_minus"", ""Z"", ""electron"", ""eta"", ""muon"", ""phi_1020"", ""pi_plus""]",13,0.0004
cluster,"[""Higgs"", ""J_psi"", ""Lambda"", ""W"", ""Z"", ""eta"", ""pi_plus""]",7,0.0004
cluster,"[""Delta_1232"", ""Omega_minus"", ""electron""]",3,0.0004
cluster,"[""B0"", ""B_plus"", ""Bs0"", ""D0"", ""Delta_1232"", ""Ds_plus"", ""Omega_minus"", ""Sigma_plus"", ""electron"", ""omega_782"", ""top""]",11,0.0004
cluster,"[""D_plus"", ""Delta_1232"", ""Ds_plus"", ""K_long"", ""Omega_minus"", ""Upsilon_1S"", ""Xi_minus"", ""muon"", ""omega_782"", ""pi0"", ""top""]",11,0.0004
cluster,"[""Higgs"", ""J_psi"", ""K_plus"", ""K_short"", ""W"", ""Z"", ""eta"", ""neutron"", ""phi_1020"", ""pi_plus"", ""tau""]",11,0.0004
cluster,"[""Higgs"", ""J_psi"", ""K_plus"", ""K_short"", ""W"", ""Z"", ""electron"", ""eta"", ""phi_1020"", ""tau""]",10,0.0004
cluster,"[""Delta_1232"", ""Lambda"", ""Upsilon_1S"", ""pi_plus""]",4,0.0004
cluster,"[""B0"", ""B_plus"", ""Bs0"", ""D0"", ""Ds_plus"", ""Omega_minus"", ""Sigma_plus"", ""W"", ""Z"", ""proton""]",10,0.0004
cluster,"[""Ds_plus"", ""K_long"", ""Omega_minus"", ""W"", ""Xi_minus"", ""Z"", ""muon"", ""neutron"", ""proton"", ""rho_770""]",10,0.0004
cluster,"[""Ds_plus"", ""K_long"", ""Omega_minus"", ""W"", ""Z"", ""electron"", ""muon"", ""neutron""]",8,0.0004
cluster,"[""B0"", ""B_plus"", ""Bs0"", ""D0"", ""Ds_plus"", ""Higgs"", ""J_psi"", ""Omega_minus"", ""Sigma_plus"", ""eta"", ""muon"", ""neutron"", ""phi_1020""]",13,0.0004
cluster,"[""K_long"", ""W"", ""Z"", ""electron""]",4,0.0004
cluster,"[""K_plus"", ""K_short"", ""Upsilon_1S"", ""electron"", ""omega_782"", ""pi0"", ""rho_770"", ""top""]",8,0.0004
cluster,"[""B0"", ""B_plus"", ""Bs0"", ""D0"", ""Delta_1232"", ""Ds_plus"", ""Higgs"", ""J_psi"", ""K_long"", ""Omega_minus"", ""Sigma_plus"", ""electron"", ""eta"", ""muon"", ""phi_1020"", ""proton""]",16,0.0004
cluster,"[""B0"", ""B_plus"", ""Bs0"", ""D0"", ""Delta_1232"", ""Ds_plus"", ""Higgs"", ""J_psi"", ""K_long"", ""Omega_minus"", ""Sigma_plus"", ""electron"", ""eta"", ""muon"", ""proton""]",15,0.0004
cluster,"[""B0"", ""B_plus"", ""Bs0"", ""D0"", ""Delta_1232"", ""Omega_minus"", ""Sigma_plus"", ""electron"", ""muon"", ""proton""]",10,0.0004
cluster,"[""B0"", ""B_plus"", ""Bs0"", ""D0"", ""Delta_1232"", ""Ds_plus"", ""Higgs"", ""J_psi"", ""K_long"", ""Omega_minus"", ""Sigma_plus"", ""Upsilon_1S"", ""Xi_minus"", ""eta"", ""muon"", ""omega_782"", ""phi_1020"", ""tau"", ""top""]",19,0.0004
cluster,"[""Higgs"", ""J_psi"", ""Xi_minus"", ""eta"", ""phi_1020""]",5,0.0004
cluster,"[""D_plus"", ""Higgs"", ""J_psi"", ""Lambda"", ""Xi_minus"", ""eta"", ""phi_1020"", ""pi_plus""]",8,0.0004
cluster,"[""K_plus"", ""K_short"", ""W"", ""Z"", ""electron"", ""neutron"", ""pi0"", ""proton"", ""rho_770""]",9,0.0004
cluster,"[""B0"", ""B_plus"", ""Bs0"", ""Sigma_plus"", ""Upsilon_1S"", ""muon"", ""proton"", ""rho_770"", ""tau""]",9,0.0004
cluster,"[""D_plus"", ""Higgs"", ""J_psi"", ""K_plus"", ""Lambda"", ""eta"", ""neutron"", ""phi_1020"", ""pi_plus""]",9,0.0004
cluster,"[""W"", ""Z"", ""electron"", ""pi0""]",4,0.0004
cluster,"[""K_plus"", ""K_short"", ""phi_1020"", ""proton""]",4,0.0004
cluster,"[""Ds_plus"", ""Lambda"", ""Upsilon_1S"", ""Xi_minus"", ""omega_782"", ""pi_plus"", ""rho_770"", ""top""]",8,0.0004
cluster,"[""B0"", ""B_plus"", ""Bs0"", ""D0"", ""K_long"", ""Omega_minus"", ""Sigma_plus"", ""W"", ""Z"", ""electron"", ""muon"", ""neutron"", ""phi_1020"", ""pi0"", ""tau""]",15,0.0004
cluster,"[""B0"", ""B_plus"", ""Bs0"", ""D0"", ""K_long"", ""Omega_minus"", ""Sigma_plus"", ""neutron"", ""phi_1020"", ""pi0"", ""proton"", ""tau""]",12,0.0004
cluster,"[""D_plus"", ""K_plus"", ""Lambda"", ""Upsilon_1S"", ""electron"", ""omega_782"", ""rho_770"", ""top""]",8,0.0004
cluster,"[""D_plus"", ""Delta_1232"", ""Higgs"", ""J_psi"", ""K_plus"", ""K_short"", ""eta"", ""muon"", ""omega_782"", ""rho_770"", ""top""]",11,0.0004
cluster,"[""D0"", ""Ds_plus"", ""Lambda"", ""W"", ""Xi_minus"", ""Z"", ""electron"", ""pi_plus""]",8,0.0004
cluster,"[""B0"", ""B_plus"", ""Bs0"", ""Omega_minus"", ""electron"", ""phi_1020"", ""pi0"", ""tau""]",8,0.0004
cluster,"[""D0"", ""Ds_plus"", ""Xi_minus"", ""phi_1020"", ""pi0"", ""pi_plus"", ""proton""]",7,0.0004
cluster,"[""B0"", ""B_plus"", ""Bs0"", ""Delta_1232"", ""Higgs"", ""J_psi"", ""K_long"", ""K_short"", ""Omega_minus"", ""Sigma_plus"", ""electron"", ""eta"", ""muon"", ""neutron"", ""omega_782"", ""rho_770"", ""tau"", ""top""]",18,0.0004
cluster,"[""Higgs"", ""J_psi"", ""K_long"", ""Sigma_plus"", ""eta"", ""muon"", ""omega_782"", ""rho_770"", ""top""]",9,0.0004
cluster,"[""Higgs"", ""J_psi"", ""K_long"", ""Sigma_plus"", ""eta"", ""muon"", ""omega_782"", ""proton"", ""rho_770"", ""top""]",10,0.0004
cluster,"[""Ds_plus"", ""K_plus"", ""Lambda"", ""neutron"", ""phi_1020"", ""pi0""]",6,0.0004
cluster,"[""D_plus"", ""K_short"", ""electron"", ""muon""]",4,0.0004
cluster,"[""D_plus"", ""Delta_1232"", ""muon"", ""phi_1020""]",4,0.0004
cluster,"[""B0"", ""B_plus"", ""Bs0"", ""K_long"", ""Omega_minus"", ""Sigma_plus"", ""Upsilon_1S"", ""W"", ""Xi_minus"", ""Z"", ""electron"", ""eta"", ""neutron"", ""pi_plus"", ""proton"", ""tau""]",16,0.0004
cluster,"[""B0"", ""B_plus"", ""Bs0"", ""Omega_minus"", ""W"", ""Xi_minus"", ""Z"", ""neutron"", ""pi_plus"", ""tau""]",10,0.0004
cluster,"[""B0"", ""B_plus"", ""Bs0"", ""D0"", ""Ds_plus"", ""Higgs"", ""J_psi"", ""K_plus"", ""Lambda"", ""Omega_minus"", ""Sigma_plus"", ""Upsilon_1S"", ""W"", ""Xi_minus"", ""Z"", ""electron"", ""eta"", ""neutron"", ""omega_782"", ""pi_plus"", ""proton"", ""rho_770"", ""tau"", ""top""]",24,0.0004
cluster,"[""B0"", ""B_plus"", ""Bs0"", ""D0"", ""K_plus"", ""Lambda"", ""Omega_minus"", ""Upsilon_1S"", ""W"", ""Xi_minus"", ""Z"", ""electron"", ""eta"", ""pi_plus"", ""proton"", ""tau""]",16,0.0004
cluster,"[""D_plus"", ""Ds_plus"", ""Higgs"", ""J_psi"", ""K_short"", ""eta"", ""muon"", ""omega_782"", ""pi0"", ""proton"", ""rho_770"", ""top""]",12,0.0004
cluster,"[""D_plus"", ""Ds_plus"", ""Higgs"", ""J_psi"", ""K_long"", ""K_short"", ""electron"", ""eta"", ""muon"", ""neutron"", ""omega_782"", ""pi0"", ""proton"", ""rho_770"", ""top""]",15,0.0004
cluster,"[""D0"", ""D_plus"", ""Ds_plus"", ""Higgs"", ""J_psi"", ""K_long"", ""K_plus"", ""K_short"", ""Lambda"", ""W"", ""Z"", ""electron"", ""eta"", ""muon"", ""neutron"", ""omega_782"", ""pi0"", ""rho_770"", ""top""]",19,0.0004
cluster,"[""Ds_plus"", ""W"", ""Z"", ""eta"", ""muon"", ""neutron""]",6,0.0004
cluster,"[""D0"", ""Lambda"", ""muon"", ""omega_782"", ""proton"", ""rho_770"", ""tau"", ""top""]",8,0.0004
cluster,"[""B0"", ""B_plus"", ""Bs0"", ""Delta_1232"", ""K_plus"", ""Lambda"", ""Omega_minus"", ""Xi_minus"", ""electron"", ""eta"", ""muon"", ""pi0"", ""pi_plus"", ""proton""]",14,0.0004
cluster,"[""D0"", ""Ds_plus"", ""K_long"", ""neutron""]",4,0.0004
cluster,"[""B0"", ""B_plus"", ""Bs0"", ""Delta_1232"", ""K_plus"", ""Lambda"", ""Omega_minus"", ""Xi_minus"", ""eta"", ""muon"", ""phi_1020"", ""pi0"", ""pi_plus""]",13,0.0004
cluster,"[""D_plus"", ""K_short"", ""Omega_minus"", ""Sigma_plus"", ""Upsilon_1S"", ""electron"", ""omega_782"", ""phi_1020"", ""pi_plus"", ""proton"", ""rho_770"", ""top""]",12,0.0004
cluster,"[""D0"", ""Higgs"", ""J_psi"", ""K_long"", ""W"", ""Z"", ""neutron"", ""proton""]",8,0.0004
cluster,"[""electron"", ""pi0"", ""tau""]",3,0.0004
cluster,"[""B0"", ""B_plus"", ""Bs0"", ""Lambda"", ""Upsilon_1S"", ""neutron"", ""rho_770""]",7,0.0004
cluster,"[""B0"", ""Upsilon_1S"", ""neutron"", ""tau""]",4,0.0002
cluster,"[""Bs0"", ""D0"", ""D_plus"", ""K_long"", ""Xi_minus"", ""electron"", ""pi0"", ""top""]",8,0.0002
cluster,"[""B_plus"", ""Higgs"", ""K_plus"", ""K_short"", ""muon""]",5,0.0002
cluster,"[""Delta_1232"", ""Ds_plus"", ""Omega_minus"", ""Sigma_plus"", ""Z"", ""omega_782"", ""pi_plus""]",7,0.0002
cluster,"[""J_psi"", ""Lambda"", ""W"", ""eta"", ""phi_1020"", ""proton"", ""rho_770""]",7,0.0002
cluster,"[""D_plus"", ""electron"", ""omega_782"", ""phi_1020"", ""tau""]",5,0.0002
cluster,"[""B0"", ""Ds_plus"", ""Higgs"", ""K_plus"", ""K_short"", ""Lambda"", ""Omega_minus"", ""Sigma_plus"", ""W"", ""muon""]",10,0.0002
cluster,"[""B_plus"", ""Bs0"", ""Delta_1232"", ""J_psi"", ""K_long"", ""Upsilon_1S"", ""Xi_minus"", ""neutron"", ""pi0"", ""pi_plus"", ""proton"", ""rho_770"", ""top""]",13,0.0002
cluster,"[""J_psi"", ""K_long"", ""K_short"", ""W"", ""Xi_minus"", ""neutron"", ""top""]",7,0.0002
cluster,"[""D_plus"", ""muon"", ""phi_1020"", ""pi_plus""]",4,0.0002
cluster,"[""B0"", ""Delta_1232"", ""Upsilon_1S"", ""electron"", ""omega_782""]",5,0.0002
cluster,"[""Bs0"", ""D0"", ""Higgs"", ""Lambda"", ""pi0"", ""tau""]",6,0.0002
cluster,"[""Omega_minus"", ""Z"", ""proton""]",3,0.0002
cluster,"[""B_plus"", ""Ds_plus"", ""K_plus"", ""Sigma_plus"", ""eta"", ""rho_770""]",6,0.0002
cluster,"[""B_plus"", ""Delta_1232"", ""J_psi"", ""Lambda"", ""Upsilon_1S"", ""Z""]",6,0.0002
cluster,"[""D0"", ""phi_1020"", ""pi_plus"", ""proton"", ""top""]",5,0.0002
cluster,"[""Omega_minus"", ""W"", ""eta"", ""muon"", ""pi0"", ""tau""]",6,0.0002
cluster,"[""B0"", ""Bs0"", ""D_plus"", ""Higgs"", ""K_long"", ""K_plus"", ""Sigma_plus"", ""Xi_minus"", ""electron"", ""omega_782"", ""rho_770""]",11,0.0002
cluster,"[""Ds_plus"", ""Omega_minus"", ""Z"", ""pi0"", ""tau"", ""top""]",6,0.0002
cluster,"[""B_plus"", ""D_plus"", ""Delta_1232"", ""Xi_minus""]",4,0.0002
cluster,"[""Higgs"", ""K_long"", ""Sigma_plus"", ""neutron"", ""omega_782"", ""pi_plus""]",6,0.0002
cluster,"[""Lambda"", ""Upsilon_1S"", ""eta"", ""proton""]",4,0.0002
cluster,"[""B0"", ""Bs0"", ""D0"", ""J_psi"", ""K_plus"", ""K_short"", ""electron"", ""muon"", ""phi_1020"", ""rho_770""]",10,0.0002
cluster,"[""B_plus"", ""J_psi"", ""K_long"", ""Lambda"", ""Sigma_plus"", ""electron"", ""muon"", ""neutron""]",8,0.0002
cluster,"[""D0"", ""pi0"", ""top""]",3,0.0002
cluster,"[""D_plus"", ""Ds_plus"", ""Higgs"", ""K_plus"", ""K_short"", ""Omega_minus"", ""Upsilon_1S"", ""W"", ""Xi_minus"", ""Z"", ""eta"", ""omega_782"", ""pi_plus"", ""proton"", ""rho_770"", ""tau""]",16,0.0002
cluster,"[""Bs0"", ""Delta_1232"", ""K_long"", ""proton"", ""rho_770"", ""tau""]",6,0.0002
cluster,"[""B_plus"", ""J_psi"", ""Omega_minus"", ""Xi_minus"", ""eta"", ""neutron"", ""top""]",7,0.0002
cluster,"[""K_short"", ""Upsilon_1S"", ""pi0""]",3,0.0002
cluster,"[""Lambda"", ""Z"", ""muon"", ""omega_782"", ""pi_plus""]",5,0.0002
cluster,"[""D0"", ""D_plus"", ""Ds_plus"", ""Higgs"", ""K_plus"", ""Sigma_plus"", ""W"", ""electron"", ""phi_1020""]",9,0.0002
cluster,"[""Higgs"", ""eta"", ""neutron"", ""pi_plus""]",4,0.0002
cluster,"[""B0"", ""B_plus"", ""Bs0"", ""D0"", ""D_plus"", ""Delta_1232"", ""Ds_plus"", ""J_psi"", ""K_long"", ""K_plus"", ""K_short"", ""Lambda"", ""Omega_minus"", ""Sigma_plus"", ""Upsilon_1S"", ""Xi_minus"", ""Z"", ""electron"", ""muon"", ""omega_782"", ""phi_1020"", ""pi0"", ""proton"", ""rho_770"", ""tau"", ""top""]",26,0.0002
cluster,"[""D0"", ""Ds_plus"", ""Omega_minus"", ""Upsilon_1S"", ""Xi_minus"", ""neutron"", ""phi_1020"", ""top""]",8,0.0002
cluster,"[""J_psi"", ""Lambda"", ""omega_782""]",3,0.0002
cluster,"[""B0"", ""Bs0"", ""Delta_1232"", ""K_long"", ""K_plus"", ""K_short"", ""Sigma_plus"", ""W"", ""Z"", ""electron"", ""eta"", ""muon"", ""pi0"", ""pi_plus"", ""proton"", ""rho_770"", ""tau""]",17,0.0002
cluster,"[""B_plus"", ""D_plus"", ""W"", ""rho_770""]",4,0.0002
cluster,"[""Upsilon_1S"", ""electron"", ""muon"", ""neutron"", ""phi_1020"", ""top""]",6,0.0002
cluster,"[""D0"", ""Ds_plus"", ""Higgs"", ""K_short"", ""Sigma_plus"", ""omega_782"", ""pi0""]",7,0.0002
cluster,"[""B0"", ""Bs0"", ""J_psi"", ""Xi_minus"", ""eta""]",5,0.0002
cluster,"[""Delta_1232"", ""K_plus"", ""Lambda"", ""Omega_minus"", ""Z"", ""pi_plus"", ""tau""]",7,0.0002
cluster,"[""Upsilon_1S"", ""Xi_minus"", ""omega_782"", ""rho_770""]",4,0.0002
cluster,"[""B0"", ""Bs0"", ""D0"", ""Ds_plus"", ""Higgs"", ""K_long"", ""Omega_minus"", ""electron"", ""eta"", ""proton""]",10,0.0002
cluster,"[""B_plus"", ""D_plus"", ""Delta_1232"", ""J_psi"", ""K_plus"", ""K_short"", ""Sigma_plus"", ""W"", ""muon"", ""phi_1020"", ""pi0"", ""pi_plus"", ""tau"", ""top""]",14,0.0002
cluster,"[""D_plus"", ""K_plus"", ""pi0"", ""rho_770"", ""tau""]",5,0.0002
cluster,"[""eta"", ""pi_plus"", ""proton""]",3,0.0002
cluster,"[""B0"", ""Bs0"", ""Higgs"", ""K_long"", ""Z"", ""electron"", ""phi_1020""]",7,0.0002
cluster,"[""B_plus"", ""D0"", ""Delta_1232"", ""Ds_plus"", ""J_psi"", ""K_short"", ""Lambda"", ""Sigma_plus"", ""W"", ""Xi_minus"", ""muon"", ""neutron"", ""omega_782"", ""top""]",14,0.0002
cluster,"[""D0"", ""Ds_plus"", ""J_psi"", ""Upsilon_1S"", ""phi_1020""]",5,0.0002
cluster,"[""eta"", ""proton"", ""rho_770""]",3,0.0002
cluster,"[""D_plus"", ""W"", ""electron"", ""top""]",4,0.0002
cluster,"[""B0"", ""Bs0"", ""Delta_1232"", ""Higgs"", ""K_plus"", ""Lambda"", ""Sigma_plus"", ""Xi_minus"", ""neutron"", ""omega_782"", ""pi0"", ""tau""]",12,0.0002
cluster,"[""B_plus"", ""K_long"", ""K_short"", ""Omega_minus"", ""muon"", ""pi_plus""]",6,0.0002
cluster,"[""B_plus"", ""J_psi"", ""Upsilon_1S"", ""Z"", ""electron"", ""eta"", ""muon"", ""rho_770"", ""tau"", ""top""]",10,0.0002
cluster,"[""K_long"", ""K_plus"", ""omega_782""]",3,0.0002
cluster,"[""D0"", ""Delta_1232"", ""Ds_plus"", ""Lambda"", ""Sigma_plus"", ""Xi_minus"", ""pi_plus""]",7,0.0002
cluster,"[""B0"", ""Bs0"", ""D_plus"", ""Higgs"", ""K_short"", ""Omega_minus"", ""neutron"", ""proton""]",8,0.0002
cluster,"[""D0"", ""Ds_plus"", ""Higgs"", ""K_long"", ""K_plus"", ""K_short"", ""Omega_minus"", ""Upsilon_1S"", ""W"", ""eta"", ""omega_782"", ""rho_770""]",12,0.0002
cluster,"[""B0"", ""Bs0"", ""D_plus"", ""J_psi"", ""electron"", ""neutron"", ""phi_1020"", ""pi_plus"", ""proton""]",9,0.0002
cluster,"[""Lambda"", ""Xi_minus"", ""muon""]",3,0.0002
cluster,"[""Sigma_plus"", ""Z"", ""pi0"", ""tau"", ""top""]",5,0.0002
cluster,"[""B_plus"", ""D_plus"", ""K_plus"", ""Sigma_plus"", ""Upsilon_1S"", ""eta"", ""rho_770""]",7,0.0002
cluster,"[""Delta_1232"", ""Omega_minus"", ""electron"", ""muon"", ""pi_plus""]",5,0.0002
cluster,"[""J_psi"", ""K_short"", ""Z"", ""pi0"", ""tau"", ""top""]",6,0.0002
cluster,"[""B0"", ""Bs0"", ""D0"", ""Ds_plus"", ""K_long"", ""Lambda"", ""W"", ""Xi_minus"", ""omega_782"", ""phi_1020"", ""proton""]",11,0.0002
cluster,"[""B_plus"", ""D0"", ""D_plus"", ""J_psi"", ""Omega_minus""]",5,0.0002
cluster,"[""K_long"", ""electron"", ""rho_770""]",3,0.0002
cluster,"[""Delta_1232"", ""K_plus"", ""Lambda"", ""Upsilon_1S"", ""Xi_minus"", ""muon"", ""pi0"", ""top""]",8,0.0002
cluster,"[""B0"", ""Bs0"", ""Ds_plus"", ""Higgs"", ""Sigma_plus"", ""W"", ""Z"", ""neutron"", ""omega_782"", ""phi_1020"", ""pi_plus"", ""proton"", ""tau""]",13,0.0002
cluster,"[""D0"", ""D_plus"", ""Higgs"", ""K_short"", ""Lambda"", ""Xi_minus"", ""neutron"", ""pi_plus"", ""rho_770"", ""top""]",10,0.0002
cluster,"[""B0"", ""Bs0"", ""Delta_1232"", ""J_psi"", ""K_long"", ""Omega_minus"", ""Sigma_plus"", ""Upsilon_1S"", ""W"", ""Z"", ""electron"", ""eta"", ""muon"", ""omega_782"", ""phi_1020"", ""pi0"", ""proton""]",17,0.0002
cluster,"[""B_plus"", ""Ds_plus"", ""K_plus"", ""tau""]",4,0.0002
cluster,"[""D_plus"", ""electron"", ""top""]",3,0.0002
cluster,"[""K_plus"", ""Sigma_plus"", ""Z"", ""omega_782"", ""phi_1020"", ""pi0"", ""rho_770""]",7,0.0002
cluster,"[""Delta_1232"", ""Higgs"", ""Omega_minus""]",3,0.0002
cluster,"[""B0"", ""Bs0"", ""W""]",3,0.0002
cluster,"[""B_plus"", ""J_psi"", ""K_long"", ""Lambda"", ""eta"", ""muon"", ""neutron"", ""pi_plus"", ""proton""]",9,0.0002
cluster,"[""Ds_plus"", ""K_short"", ""Upsilon_1S"", ""Xi_minus"", ""tau""]",5,0.0002
cluster,"[""D_plus"", ""Ds_plus"", ""J_psi"", ""Sigma_plus"", ""Upsilon_1S"", ""Z"", ""electron"", ""muon"", ""omega_782"", ""rho_770"", ""tau""]",11,0.0002
cluster,"[""D0"", ""Delta_1232"", ""K_long"", ""Omega_minus"", ""W"", ""pi0"", ""pi_plus""]",7,0.0002
cluster,"[""B0"", ""Bs0"", ""Lambda"", ""neutron"", ""proton""]",5,0.0002
cluster,"[""B_plus"", ""Higgs"", ""K_short"", ""eta"", ""top""]",5,0.0002
cluster,"[""Delta_1232"", ""Higgs"", ""Omega_minus"", ""Sigma_plus"", ""W"", ""Z"", ""eta"", ""pi0"", ""pi_plus"", ""rho_770""]",10,0.0002
cluster,"[""B0"", ""Bs0"", ""D0"", ""D_plus"", ""Ds_plus"", ""J_psi"", ""K_plus"", ""Lambda"", ""Upsilon_1S"", ""Xi_minus"", ""electron"", ""muon"", ""neutron"", ""phi_1020"", ""proton"", ""tau"", ""top""]",17,0.0002
cluster,"[""B_plus"", ""Delta_1232"", ""K_plus"", ""Lambda"", ""Omega_minus"", ""Sigma_plus"", ""eta"", ""muon"", ""phi_1020"", ""pi0"", ""proton"", ""rho_770"", ""top""]",13,0.0002
cluster,"[""B0"", ""Bs0"", ""D0"", ""D_plus"", ""Ds_plus"", ""Higgs"", ""J_psi"", ""K_long"", ""K_short"", ""Upsilon_1S"", ""W"", ""Xi_minus"", ""Z"", ""electron"", ""neutron"", ""omega_782"", ""pi_plus"", ""tau""]",18,0.0002
cluster,"[""B0"", ""B_plus"", ""Bs0"", ""D0"", ""D_plus"", ""Delta_1232"", ""Ds_plus"", ""Higgs"", ""J_psi"", ""K_long"", ""K_plus"", ""K_short"", ""Omega_minus"", ""Sigma_plus"", ""Upsilon_1S"", ""neutron"", ""omega_782"", ""phi_1020"", ""pi0"", ""rho_770"", ""tau"", ""top""]",22,0.0002
cluster,"[""Xi_minus"", ""Z"", ""eta""]",3,0.0002
cluster,"[""Delta_1232"", ""eta"", ""proton"", ""rho_770"", ""top""]",5,0.0002
cluster,"[""B0"", ""B_plus"", ""Bs0"", ""D0"", ""D_plus"", ""Ds_plus"", ""Higgs"", ""J_psi"", ""Lambda"", ""Omega_minus"", ""Sigma_plus"", ""Upsilon_1S"", ""W"", ""Xi_minus"", ""Z"", ""electron"", ""muon"", ""neutron"", ""phi_1020"", ""pi0"", ""pi_plus"", ""tau""]",22,0.0002
cluster,"[""electron"", ""phi_1020"", ""pi0""]",3,0.0002
cluster,"[""Omega_minus"", ""Sigma_plus"", ""top""]",3,0.0002
cluster,"[""B0"", ""Bs0"", ""D_plus"", ""Delta_1232"", ""Higgs"", ""Lambda"", ""Upsilon_1S"", ""omega_782"", ""pi_plus"", ""proton"", ""rho_770""]",11,0.0002
cluster,"[""B_plus"", ""Ds_plus"", ""Xi_minus""]",3,0.0002
cluster,"[""D0"", ""J_psi"", ""K_long"", ""K_plus"", ""Z"", ""eta"", ""muon"", ""neutron"", ""tau""]",9,0.0002
cluster,"[""Delta_1232"", ""Ds_plus"", ""J_psi"", ""omega_782"", ""pi0""]",5,0.0002
cluster,"[""electron"", ""rho_770"", ""tau""]",3,0.0002
cluster,"[""D0"", ""K_short"", ""pi_plus""]",3,0.0002
cluster,"[""Lambda"", ""Omega_minus"", ""Sigma_plus"", ""Upsilon_1S"", ""Z"", ""neutron"", ""proton""]",7,0.0002
cluster,"[""B0"", ""Bs0"", ""D_plus"", ""Higgs"", ""K_long"", ""K_plus"", ""W"", ""Xi_minus"", ""muon"", ""phi_1020"", ""top""]",11,0.0002
cluster,"[""D0"", ""Delta_1232"", ""K_long"", ""K_plus"", ""K_short"", ""Lambda"", ""Omega_minus"", ""Sigma_plus"", ""Upsilon_1S"", ""Xi_minus"", ""electron"", ""omega_782"", ""proton"", ""tau""]",14,0.0002
cluster,"[""B0"", ""Bs0"", ""Higgs"", ""Z"", ""eta"", ""phi_1020"", ""pi0""]",7,0.0002
cluster,"[""B_plus"", ""D_plus"", ""W"", ""neutron""]",4,0.0002
cluster,"[""Ds_plus"", ""J_psi"", ""muon"", ""pi_plus"", ""top""]",5,0.0002
cluster,"[""B0"", ""Bs0"", ""Delta_1232"", ""Higgs"", ""muon"", ""pi_plus"", ""proton""]",7,0.0002
cluster,"[""B_plus"", ""D_plus"", ""J_psi"", ""K_long"", ""phi_1020"", ""rho_770""]",6,0.0002
cluster,"[""Ds_plus"", ""K_plus"", ""K_short"", ""Lambda"", ""Omega_minus"", ""Sigma_plus"", ""W""]",7,0.0002
cluster,"[""Upsilon_1S"", ""Xi_minus"", ""pi0"", ""top""]",4,0.0002
cluster,"[""D0"", ""electron"", ""eta"", ""neutron"", ""omega_782"", ""tau""]",6,0.0002
cluster,"[""B_plus"", ""J_psi"", ""K_plus"", ""electron""]",4,0.0002
cluster,"[""D_plus"", ""Delta_1232"", ""Lambda"", ""Omega_minus"", ""neutron"", ""pi0""]",6,0.0002
cluster,"[""K_short"", ""Sigma_plus"", ""Upsilon_1S"", ""phi_1020""]",4,0.0002
cluster,"[""Xi_minus"", ""Z"", ""muon"", ""rho_770""]",4,0.0002
cluster,"[""Ds_plus"", ""W"", ""eta"", ""proton""]",4,0.0002
cluster,"[""K_long"", ""pi_plus"", ""top""]",3,0.0002
cluster,"[""D0"", ""Higgs"", ""omega_782"", ""tau""]",4,0.0002
cluster,"[""Delta_1232"", ""K_long"", ""phi_1020"", ""pi_plus""]",4,0.0002
cluster,"[""Ds_plus"", ""Higgs"", ""K_plus"", ""W"", ""Z"", ""electron"", ""neutron"", ""pi0"", ""rho_770"", ""top""]",10,0.0002
cluster,"[""B0"", ""Bs0"", ""D0"", ""J_psi"", ""Lambda"", ""muon"", ""omega_782"", ""tau""]",8,0.0002
cluster,"[""B_plus"", ""Omega_minus"", ""Upsilon_1S""]",3,0.0002
cluster,"[""D_plus"", ""K_short"", ""Sigma_plus"", ""Xi_minus"", ""eta"", ""proton""]",6,0.0002
cluster,"[""Ds_plus"", ""J_psi"", ""Z""]",3,0.0002
cluster,"[""B0"", ""B_plus"", ""Bs0"", ""D0"", ""K_long"", ""K_short"", ""Lambda"", ""Omega_minus"", ""Sigma_plus"", ""Upsilon_1S"", ""W"", ""Xi_minus"", ""eta"", ""omega_782"", ""pi_plus"", ""proton"", ""rho_770"", ""tau"", ""top""]",19,0.0002
cluster,"[""D_plus"", ""Higgs"", ""K_plus"", ""electron"", ""neutron"", ""phi_1020"", ""pi0""]",7,0.0002
cluster,"[""Delta_1232"", ""Ds_plus"", ""K_long"", ""Lambda"", ""Z"", ""eta""]",6,0.0002
cluster,"[""B0"", ""Bs0"", ""Omega_minus"", ""Sigma_plus"", ""W"", ""Xi_minus"", ""omega_782"", ""pi0"", ""pi_plus"", ""rho_770"", ""top""]",11,0.0002
cluster,"[""B_plus"", ""D0"", ""K_plus"", ""K_short"", ""muon"", ""neutron"", ""tau""]",7,0.0002
cluster,"[""D_plus"", ""electron"", ""phi_1020""]",3,0.0002
cluster,"[""Delta_1232"", ""Omega_minus"", ""Z"", ""muon"", ""pi_plus""]",5,0.0002
cluster,"[""B0"", ""Bs0"", ""Ds_plus"", ""K_plus"", ""Sigma_plus"", ""W"", ""Xi_minus"", ""neutron"", ""top""]",9,0.0002
cluster,"[""B_plus"", ""Higgs"", ""K_short"", ""omega_782"", ""rho_770""]",5,0.0002
cluster,"[""D0"", ""J_psi"", ""K_long"", ""Upsilon_1S"", ""eta"", ""phi_1020"", ""pi0"", ""tau""]",8,0.0002
cluster,"[""B_plus"", ""K_long"", ""proton"", ""rho_770""]",4,0.0002
cluster,"[""D0"", ""muon"", ""tau""]",3,0.0002
cluster,"[""B0"", ""Bs0"", ""Delta_1232"", ""Ds_plus"", ""Higgs"", ""J_psi"", ""K_plus"", ""K_short"", ""Omega_minus"", ""Sigma_plus"", ""Upsilon_1S"", ""W"", ""Xi_minus"", ""Z"", ""electron"", ""eta"", ""neutron"", ""omega_782"", ""pi0"", ""top""]",20,0.0002
cluster,"[""B_plus"", ""electron"", ""phi_1020"", ""rho_770""]",4,0.0002
cluster,"[""Higgs"", ""K_plus"", ""tau""]",3,0.0002
cluster,"[""B0"", ""Bs0"", ""D_plus"", ""Delta_1232"", ""Ds_plus"", ""J_psi"", ""K_long"", ""K_short"", ""Omega_minus"", ""Sigma_plus"", ""Upsilon_1S"", ""W"", ""Xi_minus"", ""Z"", ""eta"", ""muon"", ""neutron"", ""omega_782"", ""proton"", ""top""]",20,0.0002
cluster,"[""Delta_1232"", ""W"", ""omega_782"", ""pi0""]",4,0.0002
cluster,"[""B0"", ""Bs0"", ""K_short"", ""phi_1020""]",4,0.0002
cluster,"[""B_plus"", ""Ds_plus"", ""Higgs"", ""K_plus"", ""Lambda"", ""Upsilon_1S"", ""eta"", ""pi_plus"", ""rho_770""]",9,0.0002
cluster,"[""D0"", ""D_plus"", ""K_long"", ""Omega_minus"", ""Sigma_plus"", ""Xi_minus"", ""Z"", ""electron"", ""muon"", ""neutron"", ""proton"", ""tau"", ""top""]",13,0.0002
cluster,"[""Higgs"", ""K_short"", ""Upsilon_1S"", ""eta"", ""phi_1020"", ""pi_plus""]",6,0.0002
cluster,"[""B_plus"", ""Ds_plus"", ""J_psi"", ""K_plus"", ""Lambda"", ""rho_770""]",6,0.0002
cluster,"[""K_long"", ""electron"", ""muon"", ""pi0""]",4,0.0002
cluster,"[""D0"", ""D_plus"", ""Delta_1232"", ""Omega_minus"", ""Sigma_plus"", ""W"", ""Xi_minus"", ""Z"", ""neutron"", ""omega_782"", ""proton"", ""tau"", ""top""]",13,0.0002
cluster,"[""D0"", ""D_plus"", ""Delta_1232"", ""J_psi"", ""K_plus"", ""K_short"", ""phi_1020"", ""pi0"", ""pi_plus"", ""proton"", ""tau""]",11,0.0002
cluster,"[""B0"", ""Bs0"", ""K_long"", ""Lambda"", ""electron"", ""muon"", ""rho_770""]",7,0.0002
cluster,"[""Higgs"", ""Omega_minus"", ""Sigma_plus"", ""Upsilon_1S"", ""W"", ""Xi_minus"", ""Z"", ""eta"", ""neutron"", ""omega_782"", ""top""]",11,0.0002
cluster,"[""D0"", ""D_plus"", ""K_long"", ""K_plus"", ""K_short"", ""muon""]",6,0.0002
cluster,"[""B0"", ""Bs0"", ""Lambda"", ""Upsilon_1S"", ""electron"", ""eta"", ""proton"", ""rho_770"", ""tau""]",9,0.0002
cluster,"[""B_plus"", ""Higgs"", ""pi0"", ""top""]",4,0.0002
cluster,"[""Delta_1232"", ""Ds_plus"", ""J_psi"", ""Omega_minus"", ""Sigma_plus"", ""W"", ""Xi_minus"", ""Z"", ""neutron"", ""omega_782"", ""phi_1020"", ""pi_plus""]",12,0.0002
cluster,"[""Delta_1232"", ""Ds_plus"", ""K_plus"", ""Sigma_plus"", ""eta"", ""muon"", ""neutron"", ""pi_plus""]",8,0.0002
cluster,"[""K_long"", ""Upsilon_1S"", ""pi0""]",3,0.0002
cluster,"[""Higgs"", ""K_short"", ""rho_770""]",3,0.0002
cluster,"[""D0"", ""D_plus"", ""J_psi"", ""Lambda"", ""electron"", ""top""]",6,0.0002
cluster,"[""B0"", ""Bs0"", ""Z"", ""omega_782"", ""tau""]",5,0.0002
cluster,"[""B_plus"", ""Omega_minus"", ""W"", ""Xi_minus"", ""phi_1020""]",5,0.0002
cluster,"[""Ds_plus"", ""J_psi"", ""neutron""]",3,0.0002
cluster,"[""K_short"", ""Lambda"", ""proton"", ""top""]",4,0.0002
cluster,"[""B0"", ""B_plus"", ""Bs0"", ""D0"", ""D_plus"", ""Delta_1232"", ""Omega_minus"", ""Upsilon_1S"", ""W"", ""Xi_minus"", ""Z"", ""electron"", ""eta"", ""muon"", ""omega_782"", ""phi_1020"", ""pi0"", ""pi_plus"", ""tau""]",19,0.0002
cluster,"[""B0"", ""B_plus"", ""Bs0"", ""D0"", ""D_plus"", ""J_psi"", ""K_long"", ""K_plus"", ""Omega_minus"", ""Xi_minus"", ""electron"", ""pi_plus"", ""tau""]",13,0.0002
cluster,"[""Sigma_plus"", ""eta"", ""pi0"", ""proton"", ""rho_770"", ""top""]",6,0.0002
cluster,"[""Ds_plus"", ""K_short"", ""Lambda"", ""Upsilon_1S"", ""W"", ""Z"", ""neutron"", ""omega_782"", ""phi_1020""]",9,0.0002
cluster,"[""Delta_1232"", ""Higgs"", ""muon""]",3,0.0002
cluster,"[""B0"", ""Bs0"", ""D0"", ""D_plus"", ""K_long"", ""K_plus"", ""Omega_minus"", ""Upsilon_1S"", ""Xi_minus"", ""eta"", ""proton"", ""top""]",12,0.0002
cluster,"[""B_plus"", ""Sigma_plus"", ""Z"", ""electron"", ""omega_782"", ""phi_1020"", ""rho_770"", ""tau""]",8,0.0002
cluster,"[""Ds_plus"", ""J_psi"", ""K_short"", ""Lambda"", ""muon""]",5,0.0002
cluster,"[""B0"", ""B_plus"", ""Bs0"", ""D0"", ""D_plus"", ""Ds_plus"", ""Higgs"", ""J_psi"", ""K_long"", ""K_plus"", ""Omega_minus"", ""Sigma_plus"", ""W"", ""Xi_minus"", ""Z"", ""electron"", ""neutron"", ""omega_782"", ""phi_1020"", ""pi0"", ""pi_plus"", ""proton"", ""rho_770"", ""top""]",24,0.0002
cluster,"[""Delta_1232"", ""eta"", ""muon"", ""tau""]",4,0.0002
cluster,"[""Higgs"", ""Lambda"", ""pi0"", ""tau"", ""top""]",5,0.0002
cluster,"[""Ds_plus"", ""J_psi"", ""K_long"", ""K_plus"", ""K_short"", ""Omega_minus"", ""W"", ""Xi_minus"", ""Z"", ""eta"", ""omega_782"", ""phi_1020"", ""pi_plus"", ""proton"", ""rho_770""]",15,0.0002
cluster,"[""B0"", ""B_plus"", ""Bs0"", ""D0"", ""D_plus"", ""Delta_1232"", ""Sigma_plus"", ""Upsilon_1S"", ""electron"", ""muon"", ""neutron""]",11,0.0002
cluster,"[""B0"", ""B_plus"", ""Bs0"", ""D0"", ""D_plus"", ""J_psi"", ""K_long"", ""K_plus"", ""K_short"", ""Lambda"", ""Sigma_plus"", ""Upsilon_1S"", ""W"", ""Z"", ""eta"", ""neutron"", ""omega_782"", ""phi_1020"", ""pi_plus"", ""rho_770"", ""tau"", ""top""]",22,0.0002
cluster,"[""Delta_1232"", ""Ds_plus"", ""Omega_minus"", ""muon"", ""pi0""]",5,0.0002
cluster,"[""B0"", ""B_plus"", ""Bs0"", ""D0"", ""D_plus"", ""K_long"", ""K_plus"", ""Lambda"", ""Sigma_plus"", ""Upsilon_1S"", ""W"", ""Z"", ""electron"", ""pi0"", ""pi_plus"", ""rho_770""]",16,0.0002
cluster,"[""Delta_1232"", ""Higgs"", ""J_psi"", ""K_short"", ""Omega_minus"", ""Xi_minus"", ""eta"", ""muon"", ""neutron"", ""phi_1020"", ""proton"", ""tau"", ""top""]",13,0.0002
cluster,"[""D0"", ""K_short"", ""Upsilon_1S"", ""muon"", ""omega_782"", ""phi_1020"", ""pi0"", ""top""]",8,0.0002
cluster,"[""Omega_minus"", ""Z"", ""tau""]",3,0.0002
cluster,"[""W"", ""electron"", ""neutron"", ""rho_770""]",4,0.0002
cluster,"[""Ds_plus"", ""Higgs"", ""K_long"", ""Sigma_plus"", ""proton""]",5,0.0002
cluster,"[""B0"", ""B_plus"", ""Bs0"", ""D_plus"", ""Delta_1232"", ""J_psi"", ""K_plus"", ""Lambda"", ""eta"", ""pi_plus""]",10,0.0002
cluster,"[""B0"", ""Bs0"", ""Ds_plus"", ""K_plus"", ""Lambda"", ""Sigma_plus"", ""muon"", ""neutron"", ""omega_782"", ""phi_1020"", ""pi_plus"", ""top""]",12,0.0002
cluster,"[""B_plus"", ""D_plus"", ""Z"", ""proton""]",4,0.0002
cluster,"[""D0"", ""Higgs"", ""J_psi"", ""K_short"", ""W"", ""Xi_minus"", ""electron"", ""eta"", ""rho_770""]",9,0.0002
cluster,"[""Delta_1232"", ""K_long"", ""Upsilon_1S"", ""pi0""]",4,0.0002
cluster,"[""Higgs"", ""K_plus"", ""Sigma_plus"", ""W"", ""Z"", ""eta"", ""muon"", ""pi_plus"", ""tau""]",9,0.0002
cluster,"[""B0"", ""Bs0"", ""Ds_plus"", ""J_psi"", ""Lambda"", ""pi0"", ""rho_770""]",7,0.0002
cluster,"[""D0"", ""Delta_1232"", ""K_short"", ""Omega_minus"", ""Xi_minus"", ""neutron"", ""phi_1020"", ""proton"", ""top""]",9,0.0002
cluster,"[""B_plus"", ""Higgs"", ""eta"", ""omega_782""]",4,0.0002
cluster,"[""D_plus"", ""J_psi"", ""K_short"", ""Xi_minus"", ""Z"", ""pi0""]",6,0.0002
cluster,"[""K_long"", ""Omega_minus"", ""W""]",3,0.0002
cluster,"[""K_plus"", ""Sigma_plus"", ""muon"", ""neutron"", ""pi_plus"", ""rho_770"", ""tau""]",7,0.0002
cluster,"[""B0"", ""Bs0"", ""Delta_1232"", ""Ds_plus"", ""electron"", ""phi_1020"", ""top""]",7,0.0002
cluster,"[""J_psi"", ""Lambda"", ""tau""]",3,0.0002
cluster,"[""B0"", ""Bs0"", ""Ds_plus"", ""Upsilon_1S"", ""W"", ""Z"", ""electron"", ""neutron""]",8,0.0002
cluster,"[""B_plus"", ""K_long"", ""K_short"", ""Xi_minus"", ""rho_770""]",5,0.0002
cluster,"[""D_plus"", ""Omega_minus"", ""muon"", ""phi_1020"", ""proton""]",5,0.0002
cluster,"[""D0"", ""Delta_1232"", ""Higgs"", ""K_plus"", ""Sigma_plus"", ""eta"", ""omega_782"", ""pi0"", ""pi_plus"", ""top""]",10,0.0002
cluster,"[""K_plus"", ""Z"", ""pi_plus""]",3,0.0002
cluster,"[""B0"", ""Bs0"", ""Delta_1232"", ""Ds_plus"", ""Higgs"", ""K_long"", ""electron"", ""eta"", ""phi_1020"", ""pi0"", ""proton"", ""tau"", ""top""]",13,0.0002
cluster,"[""B_plus"", ""D_plus"", ""J_psi"", ""K_short"", ""Omega_minus"", ""Upsilon_1S"", ""Xi_minus"", ""muon"", ""neutron"", ""omega_782""]",10,0.0002
cluster,"[""B0"", ""Bs0"", ""W"", ""muon""]",4,0.0002
cluster,"[""B_plus"", ""D_plus"", ""Ds_plus"", ""Higgs"", ""K_plus"", ""K_short"", ""Omega_minus"", ""Xi_minus"", ""eta"", ""phi_1020"", ""pi0"", ""pi_plus"", ""proton"", ""rho_770""]",14,0.0002
cluster,"[""D0"", ""Delta_1232"", ""J_psi"", ""Lambda"", ""Sigma_plus"", ""Upsilon_1S"", ""neutron"", ""omega_782"", ""top""]",9,0.0002
cluster,"[""K_long"", ""Z"", ""electron"", ""tau""]",4,0.0002
cluster,"[""Lambda"", ""Sigma_plus"", ""W"", ""eta""]",4,0.0002
cluster,"[""D0"", ""Higgs"", ""K_long"", ""muon""]",4,0.0002
cluster,"[""B0"", ""B_plus"", ""Bs0"", ""Delta_1232"", ""Ds_plus"", ""J_psi"", ""K_plus"", ""K_short"", ""Omega_minus"", ""Upsilon_1S"", ""Xi_minus"", ""electron"", ""neutron"", ""omega_782"", ""phi_1020"", ""pi_plus"", ""proton"", ""rho_770"", ""tau"", ""top""]",20,0.0002
cluster,"[""D_plus"", ""Z"", ""pi0""]",3,0.0002
cluster,"[""B0"", ""B_plus"", ""Bs0"", ""Higgs"", ""K_plus"", ""K_short"", ""Omega_minus"", ""W"", ""Xi_minus"", ""Z"", ""electron"", ""pi_plus"", ""tau""]",13,0.0002
cluster,"[""D_plus"", ""Lambda"", ""Sigma_plus"", ""neutron"", ""rho_770"", ""top""]",6,0.0002
cluster,"[""K_long"", ""muon"", ""omega_782"", ""pi0""]",4,0.0002
cluster,"[""J_psi"", ""Upsilon_1S"", ""proton""]",3,0.0002
cluster,"[""B0"", ""B_plus"", ""Bs0"", ""D0"", ""Delta_1232"", ""K_plus"", ""K_short"", ""Omega_minus"", ""Xi_minus"", ""electron"", ""eta"", ""neutron"", ""omega_782"", ""phi_1020"", ""pi0"", ""pi_plus"", ""rho_770"", ""tau"", ""top""]",19,0.0002
cluster,"[""D_plus"", ""Higgs"", ""K_long"", ""Lambda"", ""Sigma_plus"", ""W"", ""Z"", ""muon""]",8,0.0002
cluster,"[""D_plus"", ""Ds_plus"", ""K_long"", ""Lambda"", ""Sigma_plus"", ""electron"", ""eta"", ""muon"", ""neutron"", ""omega_782"", ""phi_1020"", ""proton"", ""rho_770"", ""top""]",14,0.0002
cluster,"[""B0"", ""B_plus"", ""Bs0"", ""D0"", ""Higgs"", ""J_psi"", ""K_plus"", ""K_short"", ""Omega_minus"", ""Upsilon_1S"", ""W"", ""Xi_minus"", ""Z"", ""pi0"", ""pi_plus"", ""tau""]",16,0.0002
cluster,"[""Xi_minus"", ""eta"", ""neutron"", ""pi_plus""]",4,0.0002
cluster,"[""D0"", ""rho_770"", ""top""]",3,0.0002
cluster,"[""B0"", ""Bs0"", ""K_short"", ""Omega_minus"", ""muon"", ""omega_782""]",6,0.0002
cluster,"[""B_plus"", ""Delta_1232"", ""Higgs"", ""K_long"", ""tau""]",5,0.0002
cluster,"[""Ds_plus"", ""J_psi"", ""Lambda"", ""Sigma_plus"", ""Z"", ""pi0"", ""proton""]",7,0.0002
cluster,"[""B0"", ""B_plus"", ""Bs0"", ""D0"", ""Ds_plus"", ""K_long"", ""K_short"", ""Lambda"", ""Omega_minus"", ""Sigma_plus"", ""W"", ""electron"", ""eta"", ""muon"", ""neutron"", ""omega_782"", ""phi_1020"", ""proton"", ""rho_770"", ""tau"", ""top""]",21,0.0002
cluster,"[""D_plus"", ""Higgs"", ""K_plus"", ""Upsilon_1S"", ""pi0""]",5,0.0002
cluster,"[""Delta_1232"", ""J_psi"", ""pi_plus""]",3,0.0002
cluster,"[""Ds_plus"", ""W"", ""eta""]",3,0.0002
cluster,"[""Xi_minus"", ""muon"", ""neutron"", ""pi0"", ""top""]",5,0.0002
cluster,"[""B0"", ""Bs0"", ""D0"", ""Higgs"", ""J_psi"", ""K_long"", ""K_short"", ""Omega_minus"", ""Upsilon_1S"", ""omega_782"", ""rho_770""]",11,0.0002
cluster,"[""Lambda"", ""Sigma_plus"", ""Z"", ""electron"", ""proton"", ""tau""]",6,0.0002
cluster,"[""B0"", ""Bs0"", ""D0"", ""K_short"", ""Omega_minus"", ""phi_1020"", ""pi0""]",7,0.0002
cluster,"[""B_plus"", ""Higgs"", ""Lambda"", ""Upsilon_1S"", ""neutron"", ""top""]",6,0.0002
cluster,"[""J_psi"", ""K_plus"", ""proton"", ""rho_770"", ""tau""]",5,0.0002
cluster,"[""D_plus"", ""Delta_1232"", ""Xi_minus"", ""Z"", ""electron"", ""eta"", ""muon""]",7,0.0002
cluster,"[""Ds_plus"", ""Higgs"", ""Upsilon_1S"", ""muon"", ""pi_plus"", ""proton"", ""tau""]",7,0.0002
cluster,"[""D_plus"", ""J_psi"", ""K_long"", ""Xi_minus"", ""neutron"", ""omega_782"", ""top""]",7,0.0002
cluster,"[""B0"", ""Bs0"", ""D0"", ""Delta_1232"", ""electron""]",5,0.0002
cluster,"[""B_plus"", ""K_plus"", ""Lambda"", ""Sigma_plus"", ""W"", ""Z"", ""phi_1020"", ""pi0""]",8,0.0002
cluster,"[""J_psi"", ""K_short"", ""top""]",3,0.0002
cluster,"[""B0"", ""Bs0"", ""D0"", ""Lambda"", ""omega_782""]",5,0.0002
cluster,"[""B_plus"", ""K_plus"", ""Sigma_plus"", ""eta"", ""muon"", ""neutron"", ""pi_plus"", ""rho_770""]",8,0.0002
cluster,"[""D_plus"", ""Delta_1232"", ""Ds_plus"", ""K_long"", ""W"", ""Xi_minus"", ""Z"", ""electron"", ""phi_1020"", ""pi0"", ""proton"", ""tau""]",12,0.0002
cluster,"[""Ds_plus"", ""K_long"", ""Xi_minus"", ""eta"", ""omega_782"", ""tau""]",6,0.0002
cluster,"[""D_plus"", ""neutron"", ""pi0"", ""rho_770""]",4,0.0002
cluster,"[""Delta_1232"", ""K_short"", ""Z"", ""electron""]",4,0.0002
cluster,"[""B0"", ""B_plus"", ""Bs0"", ""D0"", ""Higgs"", ""J_psi"", ""K_plus"", ""Lambda"", ""Sigma_plus"", ""Upsilon_1S"", ""W"", ""muon"", ""phi_1020"", ""pi_plus""]",14,0.0002
cluster,"[""Ds_plus"", ""J_psi"", ""Xi_minus"", ""electron"", ""tau""]",5,0.0002
cluster,"[""D_plus"", ""Omega_minus"", ""eta"", ""top""]",4,0.0002
cluster,"[""K_short"", ""omega_782"", ""pi0""]",3,0.0002
cluster,"[""K_plus"", ""Lambda"", ""muon"", ""proton""]",4,0.0002
cluster,"[""B0"", ""B_plus"", ""Bs0"", ""D0"", ""Delta_1232"", ""K_long"", ""Sigma_plus"", ""Upsilon_1S"", ""Z"", ""neutron"", ""pi_plus"", ""rho_770""]",12,0.0002
cluster,"[""Higgs"", ""W"", ""phi_1020""]",3,0.0002
cluster,"[""B0"", ""Bs0"", ""Sigma_plus"", ""electron"", ""pi0"", ""pi_plus"", ""top""]",7,0.0002
cluster,"[""B_plus"", ""D0"", ""K_long"", ""omega_782"", ""proton""]",5,0.0002
cluster,"[""Upsilon_1S"", ""rho_770"", ""tau""]",3,0.0002
cluster,"[""D_plus"", ""Delta_1232"", ""Ds_plus"", ""Higgs"", ""J_psi"", ""K_plus"", ""K_short"", ""Lambda"", ""Omega_minus"", ""W"", ""Z"", ""eta"", ""muon"", ""neutron"", ""phi_1020""]",15,0.0002
cluster,"[""D_plus"", ""Ds_plus"", ""Higgs"", ""K_plus"", ""K_short"", ""Lambda"", ""Omega_minus"", ""Upsilon_1S"", ""electron"", ""muon"", ""omega_782"", ""pi_plus"", ""proton"", ""rho_770"", ""tau""]",15,0.0002
cluster,"[""B0"", ""B_plus"", ""Bs0"", ""D0"", ""Delta_1232"", ""J_psi"", ""K_long"", ""Sigma_plus"", ""W"", ""Z"", ""eta"", ""phi_1020"", ""pi0""]",13,0.0002
cluster,"[""B0"", ""Bs0"", ""K_long"", ""Sigma_plus"", ""Upsilon_1S""]",5,0.0002
cluster,"[""B_plus"", ""D0"", ""Delta_1232"", ""Higgs"", ""J_psi"", ""Xi_minus"", ""Z"", ""electron"", ""eta"", ""phi_1020"", ""pi0"", ""rho_770""]",12,0.0002
cluster,"[""D_plus"", ""Ds_plus"", ""K_plus"", ""K_short"", ""Lambda"", ""Omega_minus"", ""neutron"", ""omega_782"", ""pi_plus"", ""proton"", ""tau"", ""top""]",12,0.0002
cluster,"[""D0"", ""Upsilon_1S"", ""Xi_minus"", ""omega_782"", ""proton""]",5,0.0002
cluster,"[""Ds_plus"", ""J_psi"", ""K_plus"", ""Omega_minus"", ""eta"", ""pi0"", ""rho_770"", ""tau""]",8,0.0002
cluster,"[""D_plus"", ""Delta_1232"", ""K_short"", ""Lambda"", ""Z"", ""phi_1020"", ""pi_plus""]",7,0.0002
cluster,"[""K_long"", ""W"", ""electron""]",3,0.0002
cluster,"[""B0"", ""Bs0"", ""Sigma_plus""]",3,0.0002
cluster,"[""D_plus"", ""Ds_plus"", ""Higgs"", ""K_long"", ""K_short"", ""Lambda"", ""pi0"", ""pi_plus"", ""tau""]",9,0.0002
cluster,"[""B0"", ""B_plus"", ""Bs0"", ""Delta_1232"", ""W"", ""Xi_minus"", ""Z"", ""muon"", ""neutron"", ""phi_1020"", ""rho_770""]",11,0.0002
cluster,"[""K_plus"", ""Omega_minus"", ""Upsilon_1S"", ""electron"", ""top""]",5,0.0002
cluster,"[""Sigma_plus"", ""omega_782"", ""pi0""]",3,0.0002
cluster,"[""B0"", ""B_plus"", ""Bs0"", ""Higgs"", ""J_psi"", ""Xi_minus"", ""electron"", ""eta"", ""muon"", ""proton""]",10,0.0002
cluster,"[""D0"", ""D_plus"", ""Delta_1232"", ""Ds_plus"", ""K_long"", ""K_plus"", ""K_short"", ""Lambda"", ""Omega_minus"", ""Upsilon_1S"", ""W"", ""Z"", ""neutron"", ""phi_1020"", ""pi_plus"", ""rho_770"", ""tau"", ""top""]",18,0.0002
cluster,"[""D0"", ""J_psi"", ""K_plus"", ""eta""]",4,0.0002
cluster,"[""K_long"", ""Lambda"", ""pi_plus"", ""proton""]",4,0.0002
cluster,"[""D_plus"", ""Delta_1232"", ""Ds_plus"", ""K_short"", ""Sigma_plus"", ""W"", ""Z"", ""phi_1020"", ""rho_770"", ""tau""]",10,0.0002
cluster,"[""B0"", ""B_plus"", ""Bs0"", ""Higgs"", ""Upsilon_1S"", ""Xi_minus"", ""electron"", ""muon"", ""neutron"", ""omega_782"", ""pi0"", ""top""]",12,0.0002
cluster,"[""D_plus"", ""Ds_plus"", ""Sigma_plus"", ""muon"", ""neutron"", ""tau""]",6,0.0002
cluster,"[""B0"", ""B_plus"", ""Bs0"", ""Delta_1232"", ""Upsilon_1S"", ""W"", ""Xi_minus"", ""Z"", ""phi_1020"", ""proton"", ""rho_770""]",11,0.0002
cluster,"[""D0"", ""Higgs"", ""J_psi"", ""K_long"", ""K_short"", ""Lambda"", ""Omega_minus"", ""electron"", ""eta"", ""omega_782"", ""pi_plus"", ""top""]",12,0.0002
cluster,"[""D_plus"", ""Ds_plus"", ""J_psi"", ""Sigma_plus"", ""omega_782"", ""tau""]",6,0.0002
cluster,"[""B0"", ""Bs0"", ""Xi_minus""]",3,0.0002
cluster,"[""D0"", ""Delta_1232"", ""K_long"", ""Lambda"", ""Omega_minus"", ""Upsilon_1S"", ""W"", ""Z"", ""electron"", ""neutron"", ""phi_1020"", ""pi0"", ""pi_plus"", ""proton"", ""rho_770""]",15,0.0002
cluster,"[""Higgs"", ""eta"", ""muon"", ""top""]",4,0.0002
cluster,"[""K_long"", ""Omega_minus"", ""electron"", ""pi_plus""]",4,0.0002
cluster,"[""K_short"", ""Upsilon_1S"", ""muon"", ""phi_1020"", ""pi0""]",5,0.0002
cluster,"[""D_plus"", ""Delta_1232"", ""Ds_plus"", ""Sigma_plus"", ""W"", ""Z"", ""rho_770"", ""tau""]",8,0.0002
cluster,"[""B0"", ""B_plus"", ""Bs0"", ""J_psi"", ""K_plus"", ""Xi_minus"", ""neutron"", ""omega_782"", ""proton"", ""top""]",10,0.0002
cluster,"[""Sigma_plus"", ""pi0"", ""proton""]",3,0.0002
cluster,"[""D_plus"", ""Ds_plus"", ""Upsilon_1S"", ""phi_1020"", ""tau""]",5,0.0002
cluster,"[""B0"", ""Bs0"", ""K_plus"", ""Xi_minus"", ""Z""]",5,0.0002
cluster,"[""B_plus"", ""Delta_1232"", ""Higgs"", ""K_long"", ""W"", ""electron"", ""eta"", ""rho_770""]",8,0.0002
cluster,"[""J_psi"", ""Omega_minus"", ""top""]",3,0.0002
cluster,"[""D0"", ""Lambda"", ""muon"", ""omega_782""]",4,0.0002
cluster,"[""D_plus"", ""Ds_plus"", ""K_plus"", ""Xi_minus"", ""electron"", ""pi0"", ""tau""]",7,0.0002
cluster,"[""B0"", ""B_plus"", ""Bs0"", ""K_long"", ""Upsilon_1S"", ""phi_1020"", ""pi_plus""]",7,0.0002
cluster,"[""D0"", ""Delta_1232"", ""Higgs"", ""J_psi"", ""K_short"", ""Lambda"", ""Omega_minus"", ""W"", ""Z"", ""eta"", ""muon"", ""neutron"", ""proton"", ""rho_770"", ""top""]",15,0.0002
cluster,"[""Omega_minus"", ""Upsilon_1S"", ""muon""]",3,0.0002
cluster,"[""D0"", ""Higgs"", ""K_short"", ""Z"", ""eta""]",5,0.0002
cluster,"[""B0"", ""Bs0"", ""D_plus"", ""Delta_1232"", ""Ds_plus"", ""J_psi"", ""K_long"", ""K_plus"", ""Sigma_plus"", ""W"", ""Xi_minus"", ""electron"", ""neutron"", ""omega_782"", ""pi0"", ""proton"", ""rho_770"", ""tau"", ""top""]",19,0.0002
cluster,"[""Sigma_plus"", ""electron"", ""eta"", ""phi_1020"", ""proton""]",5,0.0002
cluster,"[""B0"", ""B_plus"", ""Bs0"", ""D_plus"", ""Delta_1232"", ""Ds_plus"", ""Higgs"", ""J_psi"", ""K_long"", ""K_plus"", ""Omega_minus"", ""W"", ""Xi_minus"", ""Z"", ""muon"", ""pi0"", ""pi_plus"", ""rho_770"", ""tau"", ""top""]",20,0.0002
cluster,"[""K_long"", ""Xi_minus"", ""eta""]",3,0.0002
cluster,"[""B0"", ""Bs0"", ""D_plus"", ""Ds_plus"", ""Higgs"", ""muon"", ""phi_1020"", ""pi_plus"", ""tau""]",9,0.0002
cluster,"[""B_plus"", ""J_psi"", ""Omega_minus"", ""Z"", ""neutron""]",5,0.0002
cluster,"[""Delta_1232"", ""Lambda"", ""W"", ""pi0"", ""proton"", ""rho_770""]",6,0.0002
cluster,"[""D0"", ""K_short"", ""Sigma_plus"", ""Upsilon_1S"", ""electron"", ""omega_782""]",6,0.0002
cluster,"[""Higgs"", ""Lambda"", ""phi_1020""]",3,0.0002
cluster,"[""D0"", ""Delta_1232"", ""K_plus"", ""K_short"", ""Sigma_plus"", ""W"", ""Z"", ""electron"", ""pi0"", ""rho_770""]",10,0.0002
cluster,"[""Upsilon_1S"", ""Xi_minus"", ""omega_782""]",3,0.0002
cluster,"[""B0"", ""B_plus"", ""Bs0"", ""D_plus"", ""Ds_plus"", ""Omega_minus"", ""eta"", ""muon"", ""neutron"", ""pi_plus"", ""proton"", ""tau""]",12,0.0002
cluster,"[""D0"", ""Higgs"", ""J_psi"", ""K_long"", ""K_plus"", ""K_short"", ""Sigma_plus"", ""electron"", ""neutron"", ""phi_1020"", ""pi0""]",11,0.0002
cluster,"[""W"", ""muon"", ""pi_plus"", ""proton""]",4,0.0002
cluster,"[""B0"", ""B_plus"", ""Bs0"", ""D_plus"", ""Delta_1232"", ""Ds_plus"", ""Omega_minus"", ""Upsilon_1S"", ""omega_782"", ""rho_770"", ""tau"", ""top""]",12,0.0002
cluster,"[""J_psi"", ""Xi_minus"", ""muon"", ""phi_1020"", ""pi0"", ""pi_plus""]",6,0.0002
cluster,"[""B0"", ""B_plus"", ""Bs0"", ""D_plus"", ""Ds_plus"", ""Lambda"", ""Omega_minus"", ""Upsilon_1S"", ""W"", ""Z"", ""tau""]",11,0.0002
cluster,"[""Delta_1232"", ""neutron"", ""rho_770"", ""top""]",4,0.0002
cluster,"[""D0"", ""Higgs"", ""K_long"", ""K_plus"", ""K_short"", ""Sigma_plus"", ""electron"", ""proton""]",8,0.0002
cluster,"[""B_plus"", ""Lambda"", ""tau""]",3,0.0002
cluster,"[""D0"", ""Delta_1232"", ""K_long"", ""K_plus"", ""K_short"", ""Sigma_plus"", ""Xi_minus"", ""electron"", ""eta"", ""muon"", ""omega_782"", ""pi_plus"", ""proton"", ""rho_770"", ""top""]",15,0.0002
cluster,"[""B0"", ""Bs0"", ""D_plus"", ""Ds_plus"", ""Higgs"", ""J_psi"", ""Omega_minus"", ""neutron"", ""phi_1020"", ""pi0""]",10,0.0002
cluster,"[""K_long"", ""K_plus"", ""K_short""]",3,0.0002
cluster,"[""D0"", ""Delta_1232"", ""Sigma_plus"", ""Upsilon_1S"", ""W"", ""Xi_minus"", ""Z"", ""electron"", ""eta"", ""muon"", ""neutron"", ""pi_plus"", ""rho_770"", ""top""]",14,0.0002
cluster,"[""B0"", ""B_plus"", ""Bs0"", ""D_plus"", ""Ds_plus"", ""Higgs"", ""J_psi"", ""Lambda"", ""Omega_minus"", ""phi_1020"", ""pi0"", ""proton"", ""tau""]",13,0.0002
cluster,"[""K_short"", ""muon"", ""phi_1020""]",3,0.0002
cluster,"[""D0"", ""Upsilon_1S"", ""Xi_minus"", ""electron"", ""pi_plus""]",5,0.0002
cluster,"[""B0"", ""B_plus"", ""Bs0"", ""D_plus"", ""Delta_1232"", ""Ds_plus"", ""Lambda"", ""Omega_minus"", ""omega_782"", ""pi0"", ""proton"", ""rho_770"", ""tau"", ""top""]",14,0.0002
cluster,"[""J_psi"", ""K_long"", ""K_plus"", ""neutron""]",4,0.0002
cluster,"[""B0"", ""B_plus"", ""Bs0"", ""D_plus"", ""Ds_plus"", ""Lambda"", ""Omega_minus"", ""W"", ""Z"", ""eta"", ""neutron"", ""proton""]",12,0.0002
cluster,"[""Delta_1232"", ""K_long"", ""K_plus"", ""muon"", ""omega_782"", ""pi0"", ""rho_770"", ""tau"", ""top""]",9,0.0002
cluster,"[""Xi_minus"", ""electron"", ""phi_1020""]",3,0.0002
cluster,"[""B0"", ""Bs0"", ""D_plus"", ""Lambda"", ""Omega_minus"", ""Upsilon_1S""]",6,0.0002
cluster,"[""K_long"", ""K_plus"", ""Z"", ""eta"", ""muon"", ""tau""]",6,0.0002
cluster,"[""K_short"", ""Sigma_plus"", ""W"", ""pi0"", ""pi_plus"", ""top""]",6,0.0002
cluster,"[""Delta_1232"", ""Higgs"", ""Xi_minus"", ""omega_782"", ""rho_770""]",5,0.0002
cluster,"[""D0"", ""J_psi"", ""electron"", ""neutron"", ""proton""]",5,0.0002
cluster,"[""K_short"", ""Sigma_plus"", ""eta"", ""neutron"", ""pi_plus""]",5,0.0002
cluster,"[""W"", ""Xi_minus"", ""Z"", ""pi0""]",4,0.0002
cluster,"[""D0"", ""Delta_1232"", ""Higgs"", ""electron"", ""omega_782"", ""proton"", ""rho_770"", ""top""]",8,0.0002
cluster,"[""B0"", ""B_plus"", ""Bs0"", ""D_plus"", ""Ds_plus"", ""J_psi"", ""K_long"", ""K_plus"", ""Lambda"", ""Omega_minus"", ""Upsilon_1S"", ""muon"", ""phi_1020""]",13,0.0002
cluster,"[""D0"", ""Higgs"", ""Lambda"", ""Omega_minus"", ""W"", ""Z"", ""electron"", ""top""]",8,0.0002
cluster,"[""B0"", ""B_plus"", ""Bs0"", ""D_plus"", ""Delta_1232"", ""Ds_plus"", ""J_psi"", ""K_long"", ""K_plus"", ""muon"", ""neutron"", ""omega_782"", ""rho_770""]",13,0.0002
cluster,"[""K_short"", ""Sigma_plus"", ""Upsilon_1S"", ""phi_1020"", ""pi_plus""]",5,0.0002
cluster,"[""D0"", ""Lambda"", ""Omega_minus"", ""neutron""]",4,0.0002
cluster,"[""B0"", ""B_plus"", ""Bs0"", ""D_plus"", ""Ds_plus"", ""Higgs"", ""K_long"", ""K_plus"", ""W"", ""Z"", ""electron"", ""muon"", ""top""]",13,0.0002
cluster,"[""Delta_1232"", ""J_psi"", ""K_short"", ""Sigma_plus"", ""omega_782"", ""pi_plus"", ""rho_770"", ""tau""]",8,0.0002
cluster,"[""Upsilon_1S"", ""Xi_minus"", ""phi_1020"", ""proton""]",4,0.0002
cluster,"[""B0"", ""Bs0"", ""K_plus""]",3,0.0002
cluster,"[""B_plus"", ""D_plus"", ""electron""]",3,0.0002
cluster,"[""Higgs"", ""J_psi"", ""K_short"", ""Sigma_plus"", ""W"", ""Xi_minus"", ""omega_782"", ""pi_plus"", ""tau"", ""top""]",10,0.0002
cluster,"[""Delta_1232"", ""neutron"", ""proton"", ""rho_770""]",4,0.0002
cluster,"[""D0"", ""K_long"", ""Lambda"", ""Omega_minus"", ""eta"", ""muon"", ""pi0""]",7,0.0002
cluster,"[""Ds_plus"", ""K_short"", ""Sigma_plus"", ""electron"", ""neutron"", ""pi_plus"", ""tau""]",7,0.0002
cluster,"[""Higgs"", ""W"", ""Xi_minus"", ""Z"", ""proton""]",5,0.0002
cluster,"[""B0"", ""Bs0"", ""D0"", ""Delta_1232"", ""K_long"", ""K_plus"", ""Lambda"", ""Omega_minus"", ""Upsilon_1S"", ""eta"", ""muon"", ""phi_1020"", ""pi0"", ""rho_770""]",14,0.0002
cluster,"[""D0"", ""Higgs"", ""J_psi"", ""K_long"", ""K_plus"", ""Lambda"", ""Omega_minus"", ""W"", ""Z"", ""muon"", ""omega_782"", ""top""]",12,0.0002
cluster,"[""B0"", ""B_plus"", ""Bs0"", ""D_plus"", ""Delta_1232"", ""Upsilon_1S"", ""eta"", ""neutron"", ""phi_1020"", ""pi0"", ""pi_plus"", ""rho_770""]",12,0.0002
cluster,"[""K_short"", ""Sigma_plus"", ""Xi_minus"", ""electron"", ""tau""]",5,0.0002
cluster,"[""Higgs"", ""K_plus"", ""Lambda"", ""Omega_minus"", ""neutron""]",5,0.0002
cluster,"[""D0"", ""J_psi"", ""W"", ""Z""]",4,0.0002
cluster,"[""B0"", ""Bs0"", ""top""]",3,0.0002
cluster,"[""B_plus"", ""D_plus"", ""Delta_1232"", ""Ds_plus"", ""K_short"", ""Sigma_plus"", ""Upsilon_1S"", ""eta"", ""omega_782"", ""pi0"", ""pi_plus"", ""rho_770""]",12,0.0002
cluster,"[""B0"", ""B_plus"", ""Bs0"", ""D_plus"", ""J_psi"", ""W"", ""Z"", ""pi_plus""]",8,0.0002
cluster,"[""Ds_plus"", ""K_short"", ""Sigma_plus"", ""Upsilon_1S"", ""omega_782"", ""pi0"", ""top""]",7,0.0002
cluster,"[""Delta_1232"", ""Xi_minus"", ""eta"", ""tau""]",4,0.0002
cluster,"[""muon"", ""neutron"", ""phi_1020"", ""proton"", ""rho_770""]",5,0.0002
cluster,"[""K_plus"", ""Lambda"", ""Omega_minus"", ""electron""]",4,0.0002
cluster,"[""B_plus"", ""D_plus"", ""Higgs""]",3,0.0002
cluster,"[""Ds_plus"", ""J_psi"", ""K_long"", ""K_short"", ""Sigma_plus"", ""Upsilon_1S"", ""W"", ""Xi_minus"", ""Z"", ""eta"", ""muon"", ""neutron"", ""omega_782"", ""pi0"", ""proton"", ""tau"", ""top""]",17,0.0002
cluster,"[""Delta_1232"", ""K_plus"", ""Lambda"", ""Omega_minus"", ""phi_1020"", ""rho_770""]",6,0.0002
cluster,"[""B0"", ""Bs0"", ""D0"", ""electron"", ""pi_plus""]",5,0.0002
cluster,"[""K_long"", ""K_plus"", ""Lambda"", ""Omega_minus"", ""Upsilon_1S"", ""W"", ""Z"", ""eta"", ""omega_782"", ""pi0"", ""proton"", ""tau"", ""top""]",13,0.0002
cluster,"[""B0"", ""Bs0"", ""D0"", ""neutron"", ""phi_1020"", ""pi_plus"", ""rho_770""]",7,0.0002
cluster,"[""B_plus"", ""D_plus"", ""Ds_plus"", ""Higgs"", ""K_short"", ""Sigma_plus"", ""Xi_minus"", ""electron""]",8,0.0002
cluster,"[""Lambda"", ""Omega_minus"", ""Upsilon_1S"", ""W"", ""Z"", ""eta"", ""neutron"", ""proton"", ""top""]",9,0.0002
cluster,"[""B0"", ""B_plus"", ""Bs0"", ""D0"", ""D_plus"", ""Delta_1232"", ""Ds_plus"", ""K_short"", ""Sigma_plus"", ""Xi_minus"", ""muon"", ""omega_782"", ""phi_1020"", ""pi_plus"", ""rho_770""]",15,0.0002
cluster,"[""Higgs"", ""J_psi"", ""K_long"", ""electron"", ""tau""]",5,0.0002
cluster,"[""B0"", ""B_plus"", ""Bs0"", ""D0"", ""W"", ""Z"", ""eta"", ""omega_782"", ""pi_plus"", ""top""]",10,0.0002
cluster,"[""D_plus"", ""Delta_1232"", ""Ds_plus"", ""K_short"", ""Sigma_plus"", ""Xi_minus"", ""muon"", ""phi_1020""]",8,0.0002
cluster,"[""Higgs"", ""K_plus"", ""neutron"", ""tau""]",4,0.0002
cluster,"[""J_psi"", ""Lambda"", ""Omega_minus"", ""electron"", ""pi0""]",5,0.0002
cluster,"[""B0"", ""B_plus"", ""Bs0"", ""D0"", ""D_plus"", ""Ds_plus"", ""K_long"", ""K_short"", ""Sigma_plus"", ""W"", ""Xi_minus"", ""Z"", ""eta"", ""muon"", ""neutron"", ""omega_782"", ""top""]",17,0.0002
cluster,"[""Delta_1232"", ""K_plus"", ""phi_1020"", ""tau""]",4,0.0002
cluster,"[""Higgs"", ""Lambda"", ""Omega_minus"", ""rho_770""]",4,0.0002
cluster,"[""J_psi"", ""pi0"", ""pi_plus""]",3,0.0002
cluster,"[""Upsilon_1S"", ""electron"", ""proton""]",3,0.0002
cluster,"[""Ds_plus"", ""W"", ""top""]",3,0.0002
cluster,"[""Delta_1232"", ""Lambda"", ""Omega_minus"", ""phi_1020""]",4,0.0002
cluster,"[""Higgs"", ""pi_plus"", ""rho_770""]",3,0.0002
cluster,"[""B0"", ""B_plus"", ""Bs0"", ""D0"", ""D_plus"", ""K_short"", ""Sigma_plus"", ""Upsilon_1S"", ""Xi_minus"", ""electron"", ""eta"", ""muon"", ""neutron"", ""proton""]",14,0.0002
cluster,"[""Lambda"", ""Omega_minus"", ""W"", ""omega_782"", ""tau"", ""top""]",6,0.0002
cluster,"[""Delta_1232"", ""neutron"", ""phi_1020""]",3,0.0002
cluster,"[""B0"", ""B_plus"", ""Bs0"", ""D0"", ""D_plus"", ""Higgs"", ""J_psi"", ""K_long"", ""K_short"", ""Sigma_plus"", ""Upsilon_1S"", ""Xi_minus"", ""muon"", ""pi0"", ""proton"", ""rho_770""]",16,0.0002
cluster,"[""W"", ""Z"", ""electron"", ""pi_plus"", ""top""]",5,0.0002
cluster,"[""B0"", ""B_plus"", ""Bs0"", ""D0"", ""D_plus"", ""Delta_1232"", ""Higgs"", ""J_psi"", ""K_long"", ""K_short"", ""Sigma_plus"", ""Xi_minus"", ""phi_1020"", ""pi0"", ""rho_770""]",15,0.0002
cluster,"[""Ds_plus"", ""K_plus"", ""Upsilon_1S"", ""eta"", ""proton""]",5,0.0002
cluster,"[""Lambda"", ""Omega_minus"", ""neutron"", ""tau""]",4,0.0002
cluster,"[""W"", ""Z"", ""muon"", ""top""]",4,0.0002
cluster,"[""B0"", ""B_plus"", ""Bs0"", ""D0"", ""D_plus"", ""Delta_1232"", ""Ds_plus"", ""Higgs"", ""J_psi"", ""K_long"", ""K_plus"", ""K_short"", ""Lambda"", ""Omega_minus"", ""Sigma_plus"", ""Upsilon_1S"", ""Xi_minus"", ""electron"", ""eta"", ""neutron"", ""omega_782"", ""phi_1020"", ""pi0"", ""proton"", ""rho_770"", ""tau""]",26,0.0002
cluster,"[""D_plus"", ""K_plus"", ""pi0""]",3,0.0002
cluster,"[""Ds_plus"", ""Higgs"", ""electron"", ""phi_1020""]",4,0.0002
cluster,"[""Delta_1232"", ""J_psi"", ""Lambda"", ""Omega_minus"", ""Upsilon_1S"", ""eta"", ""pi_plus"", ""proton"", ""rho_770"", ""tau""]",10,0.0002
cluster,"[""B0"", ""B_plus"", ""Bs0"", ""D0"", ""K_long"", ""K_short"", ""Sigma_plus"", ""W"", ""Xi_minus"", ""Z"", ""neutron"", ""omega_782"", ""top""]",13,0.0002
cluster,"[""D_plus"", ""K_plus"", ""W"", ""Z"", ""top""]",5,0.0002
cluster,"[""Delta_1232"", ""Ds_plus"", ""Higgs"", ""J_psi"", ""Lambda"", ""Omega_minus"", ""Upsilon_1S"", ""electron"", ""eta"", ""muon"", ""phi_1020"", ""pi_plus"", ""proton"", ""rho_770"", ""tau""]",15,0.0002
cluster,"[""B0"", ""B_plus"", ""Bs0"", ""D0"", ""K_long"", ""K_short"", ""Sigma_plus"", ""Xi_minus""]",8,0.0002
cluster,"[""Ds_plus"", ""Lambda"", ""W"", ""pi0"", ""top""]",5,0.0002
cluster,"[""Omega_minus"", ""omega_782"", ""pi_plus""]",3,0.0002
cluster,"[""Delta_1232"", ""Higgs"", ""J_psi"", ""Upsilon_1S"", ""eta"", ""muon"", ""neutron"", ""phi_1020"", ""tau""]",9,0.0002
cluster,"[""B0"", ""B_plus"", ""Bs0"", ""D0"", ""K_long"", ""K_plus"", ""K_short"", ""Sigma_plus"", ""Xi_minus"", ""electron"", ""proton"", ""rho_770""]",12,0.0002
cluster,"[""J_psi"", ""K_long"", ""Upsilon_1S"", ""phi_1020""]",4,0.0002
cluster,"[""B0"", ""Bs0"", ""Delta_1232"", ""Sigma_plus"", ""Xi_minus"", ""eta""]",6,0.0002
cluster,"[""B_plus"", ""D0"", ""K_plus"", ""K_short"", ""proton"", ""rho_770""]",6,0.0002
cluster,"[""Ds_plus"", ""Lambda"", ""Omega_minus"", ""W"", ""Z"", ""muon"", ""neutron"", ""omega_782"", ""pi0"", ""pi_plus"", ""tau"", ""top""]",12,0.0002
cluster,"[""B0"", ""Bs0"", ""J_psi"", ""Sigma_plus"", ""Upsilon_1S"", ""Xi_minus"", ""phi_1020""]",7,0.0002
cluster,"[""B_plus"", ""D0"", ""Delta_1232"", ""K_plus"", ""K_short"", ""eta""]",6,0.0002
cluster,"[""D_plus"", ""Ds_plus"", ""Lambda"", ""Omega_minus"", ""muon"", ""neutron"", ""pi_plus"", ""proton"", ""rho_770""]",9,0.0002
cluster,"[""K_long"", ""W"", ""Z"", ""electron"", ""omega_782"", ""pi0"", ""tau"", ""top""]",8,0.0002
cluster,"[""B0"", ""B_plus"", ""Bs0"", ""D0"", ""Higgs"", ""J_psi"", ""K_plus"", ""K_short"", ""Sigma_plus"", ""Upsilon_1S"", ""W"", ""Xi_minus"", ""Z"", ""electron"", ""eta"", ""neutron"", ""omega_782"", ""phi_1020"", ""top""]",19,0.0002
cluster,"[""Delta_1232"", ""Ds_plus"", ""Lambda"", ""Omega_minus"", ""muon"", ""pi_plus"", ""rho_770""]",7,0.0002
cluster,"[""D_plus"", ""Delta_1232"", ""Ds_plus"", ""J_psi"", ""Lambda"", ""Omega_minus"", ""Upsilon_1S"", ""electron"", ""eta"", ""muon"", ""phi_1020"", ""pi_plus""]",12,0.0002
cluster,"[""K_long"", ""rho_770"", ""tau""]",3,0.0002
cluster,"[""B0"", ""B_plus"", ""Bs0"", ""D0"", ""Higgs"", ""K_plus"", ""K_short"", ""Sigma_plus"", ""W"", ""Xi_minus"", ""Z"", ""omega_782"", ""top""]",13,0.0002
cluster,"[""Delta_1232"", ""K_long"", ""neutron"", ""tau""]",4,0.0002
cluster,"[""B0"", ""B_plus"", ""Bs0"", ""D0"", ""D_plus"", ""Ds_plus"", ""Higgs"", ""J_psi"", ""K_plus"", ""K_short"", ""Lambda"", ""Omega_minus"", ""Sigma_plus"", ""Upsilon_1S"", ""W"", ""Xi_minus"", ""Z"", ""eta"", ""muon"", ""omega_782"", ""phi_1020"", ""pi_plus"", ""proton"", ""top""]",24,0.0002
cluster,"[""B0"", ""B_plus"", ""Bs0"", ""Delta_1232"", ""K_plus"", ""K_short"", ""Sigma_plus"", ""Xi_minus"", ""pi0"", ""rho_770""]",10,0.0002
cluster,"[""D0"", ""D_plus"", ""Ds_plus"", ""Higgs"", ""J_psi"", ""Lambda"", ""Omega_minus"", ""Upsilon_1S"", ""W"", ""Z"", ""electron"", ""eta"", ""muon"", ""neutron"", ""omega_782"", ""pi_plus"", ""proton"", ""top""]",18,0.0002
cluster,"[""K_plus"", ""Sigma_plus"", ""Xi_minus""]",3,0.0002
cluster,"[""B0"", ""B_plus"", ""Bs0"", ""Delta_1232"", ""K_short"", ""pi0""]",6,0.0002
cluster,"[""D0"", ""D_plus"", ""Lambda"", ""muon"", ""neutron"", ""pi_plus"", ""rho_770""]",7,0.0002
cluster,"[""Ds_plus"", ""Higgs"", ""J_psi"", ""K_long"", ""Upsilon_1S"", ""W"", ""Z"", ""electron"", ""eta"", ""omega_782"", ""top""]",11,0.0002
cluster,"[""J_psi"", ""Upsilon_1S"", ""W"", ""Z"", ""eta"", ""omega_782"", ""tau"", ""top""]",8,0.0002
cluster,"[""B0"", ""Bs0"", ""K_short"", ""Sigma_plus"", ""Xi_minus"", ""electron"", ""phi_1020"", ""proton""]",8,0.0002
cluster,"[""B_plus"", ""muon"", ""neutron"", ""pi0""]",4,0.0002
cluster,"[""D0"", ""Delta_1232"", ""Lambda"", ""pi_plus""]",4,0.0002
cluster,"[""D_plus"", ""Omega_minus"", ""rho_770""]",3,0.0002
cluster,"[""B0"", ""B_plus"", ""Bs0"", ""K_short"", ""muon"", ""phi_1020""]",6,0.0002
cluster,"[""D0"", ""Lambda"", ""pi0"", ""pi_plus"", ""proton""]",5,0.0002
cluster,"[""D_plus"", ""Delta_1232"", ""Omega_minus"", ""electron""]",4,0.0002
cluster,"[""Higgs"", ""J_psi"", ""K_plus"", ""Sigma_plus"", ""Upsilon_1S"", ""W"", ""Xi_minus"", ""Z"", ""eta"", ""neutron"", ""omega_782"", ""tau"", ""top""]",13,0.0002
cluster,"[""D0"", ""Lambda"", ""phi_1020"", ""pi0"", ""pi_plus""]",5,0.0002
cluster,"[""Delta_1232"", ""Ds_plus"", ""proton""]",3,0.0002
cluster,"[""B0"", ""B_plus"", ""Bs0"", ""Higgs"", ""J_psi"", ""K_plus"", ""K_short"", ""Sigma_plus"", ""Upsilon_1S"", ""W"", ""Xi_minus"", ""Z"", ""electron"", ""eta"", ""muon"", ""neutron"", ""omega_782"", ""rho_770"", ""tau"", ""top""]",20,0.0002
cluster,"[""Sigma_plus"", ""Xi_minus"", ""proton"", ""rho_770"", ""tau""]",5,0.0002
cluster,"[""B0"", ""B_plus"", ""Bs0"", ""D0"", ""D_plus"", ""Higgs"", ""J_psi"", ""K_long"", ""K_short"", ""Lambda"", ""Omega_minus"", ""Upsilon_1S"", ""W"", ""Z"", ""electron"", ""eta"", ""muon"", ""omega_782"", ""phi_1020"", ""pi0"", ""pi_plus"", ""top""]",22,0.0002
cluster,"[""Delta_1232"", ""Sigma_plus"", ""Xi_minus"", ""muon"", ""tau""]",5,0.0002
cluster,"[""B0"", ""B_plus"", ""Bs0"", ""Higgs"", ""K_short"", ""Upsilon_1S"", ""eta"", ""pi_plus"", ""rho_770""]",9,0.0002
cluster,"[""J_psi"", ""Lambda"", ""proton""]",3,0.0002
cluster,"[""D0"", ""D_plus"", ""K_long"", ""Omega_minus"", ""W"", ""Z"", ""neutron"", ""omega_782"", ""phi_1020"", ""pi0"", ""top""]",11,0.0002
cluster,"[""W"", ""omega_782"", ""pi0"", ""proton""]",4,0.0002
cluster,"[""Sigma_plus"", ""Xi_minus"", ""muon"", ""tau""]",4,0.0002
cluster,"[""B0"", ""B_plus"", ""Bs0"", ""Delta_1232"", ""Higgs"", ""K_short"", ""Lambda"", ""Upsilon_1S"", ""electron"", ""eta"", ""neutron"", ""pi_plus"", ""rho_770""]",13,0.0002
cluster,"[""D0"", ""J_psi"", ""K_long"", ""Omega_minus""]",4,0.0002
cluster,"[""D_plus"", ""Z"", ""top""]",3,0.0002
cluster,"[""Sigma_plus"", ""Xi_minus"", ""muon"", ""proton"", ""tau""]",5,0.0002
cluster,"[""B0"", ""Bs0"", ""K_short"", ""neutron"", ""pi_plus""]",5,0.0002
cluster,"[""B_plus"", ""Delta_1232"", ""Lambda""]",3,0.0002
cluster,"[""D0"", ""D_plus"", ""Higgs"", ""J_psi"", ""K_long"", ""Omega_minus"", ""Upsilon_1S"", ""eta"", ""rho_770""]",9,0.0002
cluster,"[""Ds_plus"", ""K_plus"", ""W"", ""Z"", ""electron"", ""omega_782"", ""pi0"", ""top""]",8,0.0002
cluster,"[""Sigma_plus"", ""neutron"", ""phi_1020"", ""tau""]",4,0.0002
cluster,"[""B0"", ""Bs0"", ""K_short"", ""electron"", ""pi_plus""]",5,0.0002
cluster,"[""D0"", ""Delta_1232"", ""K_long"", ""Omega_minus"", ""proton""]",5,0.0002
cluster,"[""D_plus"", ""Higgs"", ""Upsilon_1S"", ""eta""]",4,0.0002
cluster,"[""Ds_plus"", ""K_plus"", ""pi0""]",3,0.0002
cluster,"[""W"", ""Xi_minus"", ""Z"", ""muon"", ""omega_782"", ""top""]",6,0.0002
cluster,"[""D0"", ""D_plus"", ""Delta_1232"", ""Higgs"", ""Upsilon_1S"", ""electron"", ""eta""]",7,0.0002
cluster,"[""Ds_plus"", ""J_psi"", ""K_plus"", ""Xi_minus"", ""muon"", ""neutron"", ""pi0"", ""proton"", ""rho_770""]",9,0.0002
cluster,"[""B0"", ""Bs0"", ""K_short"", ""Sigma_plus"", ""W"", ""Z"", ""omega_782"", ""phi_1020"", ""pi_plus"", ""tau"", ""top""]",11,0.0002
cluster,"[""Delta_1232"", ""Ds_plus"", ""Higgs"", ""K_plus"", ""Upsilon_1S"", ""eta"", ""muon"", ""neutron""]",8,0.0002
cluster,"[""J_psi"", ""Sigma_plus"", ""Xi_minus"", ""pi0"", ""rho_770""]",5,0.0002
cluster,"[""B0"", ""B_plus"", ""Bs0"", ""K_long"", ""K_short"", ""Lambda"", ""W"", ""Z"", ""electron"", ""omega_782"", ""phi_1020"", ""pi_plus"", ""proton"", ""tau"", ""top""]",15,0.0002
cluster,"[""D0"", ""D_plus"", ""K_plus"", ""electron"", ""neutron"", ""proton""]",6,0.0002
cluster,"[""Delta_1232"", ""Ds_plus"", ""Higgs"", ""Upsilon_1S"", ""Xi_minus"", ""eta""]",6,0.0002
cluster,"[""J_psi"", ""K_short"", ""Sigma_plus"", ""pi0"", ""pi_plus"", ""rho_770"", ""tau""]",7,0.0002
cluster,"[""B0"", ""B_plus"", ""Bs0"", ""K_long"", ""Lambda"", ""Omega_minus"", ""W"", ""Z"", ""omega_782"", ""phi_1020"", ""top""]",11,0.0002
cluster,"[""Ds_plus"", ""Higgs"", ""Sigma_plus"", ""Upsilon_1S"", ""Xi_minus"", ""eta"", ""proton""]",7,0.0002
cluster,"[""Delta_1232"", ""J_psi"", ""K_short"", ""electron"", ""pi0"", ""pi_plus"", ""tau""]",7,0.0002
cluster,"[""B0"", ""B_plus"", ""Bs0"", ""K_long"", ""Lambda"", ""rho_770""]",6,0.0002
cluster,"[""D0"", ""D_plus"", ""K_plus"", ""Omega_minus"", ""W"", ""Z"", ""neutron"", ""omega_782"", ""phi_1020"", ""top""]",10,0.0002
cluster,"[""B0"", ""Bs0"", ""Delta_1232"", ""Higgs"", ""J_psi"", ""K_long"", ""K_short"", ""Lambda"", ""Sigma_plus"", ""Upsilon_1S"", ""eta"", ""neutron"", ""pi0"", ""pi_plus"", ""tau""]",15,0.0002
cluster,"[""D0"", ""D_plus"", ""K_plus"", ""W"", ""Z"", ""electron"", ""muon"", ""omega_782"", ""phi_1020"", ""top""]",10,0.0002
cluster,"[""B0"", ""B_plus"", ""Bs0"", ""Delta_1232"", ""Higgs"", ""J_psi"", ""K_long"", ""K_short"", ""Lambda"", ""Omega_minus"", ""Upsilon_1S"", ""electron"", ""eta"", ""neutron"", ""pi0"", ""tau""]",16,0.0002
cluster,"[""D0"", ""D_plus"", ""K_plus"", ""W"", ""Z"", ""muon"", ""omega_782"", ""phi_1020"", ""proton"", ""rho_770"", ""top""]",11,0.0002
cluster,"[""B0"", ""Bs0"", ""K_long"", ""K_short"", ""Lambda"", ""Upsilon_1S"", ""eta"", ""proton"", ""tau""]",9,0.0002
cluster,"[""B_plus"", ""Higgs"", ""J_psi"", ""Omega_minus"", ""pi0""]",5,0.0002
cluster,"[""D0"", ""D_plus"", ""K_plus"", ""electron"", ""muon""]",5,0.0002
cluster,"[""Ds_plus"", ""Sigma_plus"", ""W"", ""Xi_minus"", ""Z"", ""neutron"", ""omega_782"", ""phi_1020"", ""pi_plus"", ""top""]",10,0.0002
cluster,"[""J_psi"", ""K_plus"", ""muon"", ""proton""]",4,0.0002
cluster,"[""D0"", ""D_plus"", ""Delta_1232""]",3,0.0002
cluster,"[""B0"", ""B_plus"", ""Bs0"", ""Ds_plus"", ""Higgs"", ""K_long"", ""K_short"", ""Lambda"", ""Omega_minus"", ""Sigma_plus"", ""Upsilon_1S"", ""W"", ""Z"", ""electron"", ""eta"", ""omega_782"", ""phi_1020"", ""pi0"", ""pi_plus"", ""tau"", ""top""]",21,0.0002
cluster,"[""B_plus"", ""Higgs"", ""K_plus"", ""Omega_minus"", ""Upsilon_1S"", ""eta"", ""muon"", ""pi0""]",8,0.0002
cluster,"[""D0"", ""D_plus"", ""J_psi"", ""electron"", ""neutron""]",5,0.0002
cluster,"[""Ds_plus"", ""Sigma_plus"", ""pi_plus"", ""proton"", ""rho_770""]",5,0.0002
cluster,"[""B0"", ""Bs0"", ""K_long"", ""K_short"", ""Lambda"", ""W"", ""Z"", ""omega_782"", ""phi_1020"", ""tau"", ""top""]",11,0.0002
cluster,"[""K_plus"", ""Upsilon_1S"", ""eta"", ""muon"", ""neutron"", ""pi0""]",6,0.0002
cluster,"[""D0"", ""D_plus"", ""J_psi""]",3,0.0002
cluster,"[""Delta_1232"", ""Ds_plus"", ""Sigma_plus"", ""pi_plus""]",4,0.0002
cluster,"[""B0"", ""B_plus"", ""Bs0"", ""K_short"", ""Lambda"", ""Omega_minus"", ""W"", ""Z"", ""electron"", ""omega_782"", ""phi_1020"", ""proton"", ""rho_770"", ""tau"", ""top""]",15,0.0002
cluster,"[""D0"", ""D_plus"", ""Higgs"", ""electron""]",4,0.0002
cluster,"[""J_psi"", ""Xi_minus"", ""proton""]",3,0.0002
cluster,"[""Delta_1232"", ""Ds_plus"", ""K_long"", ""Sigma_plus"", ""pi_plus""]",5,0.0002
cluster,"[""B0"", ""Bs0"", ""rho_770"", ""tau""]",4,0.0002
cluster,"[""B_plus"", ""Omega_minus"", ""neutron"", ""top""]",4,0.0002
cluster,"[""K_plus"", ""W"", ""Z"", ""muon"", ""omega_782"", ""phi_1020""]",6,0.0002
cluster,"[""Upsilon_1S"", ""eta"", ""pi0""]",3,0.0002
cluster,"[""Ds_plus"", ""Higgs"", ""J_psi"", ""K_long"", ""Sigma_plus"", ""Xi_minus"", ""pi_plus""]",7,0.0002
cluster,"[""Delta_1232"", ""K_short"", ""Lambda"", ""neutron""]",4,0.0002
cluster,"[""B0"", ""B_plus"", ""Bs0"", ""K_plus"", ""Omega_minus"", ""electron"", ""muon"", ""proton"", ""rho_770"", ""tau"", ""top""]",11,0.0002
cluster,"[""W"", ""Z"", ""omega_782"", ""phi_1020""]",4,0.0002
cluster,"[""D0"", ""D_plus"", ""Upsilon_1S"", ""eta"", ""pi0""]",5,0.0002
cluster,"[""B0"", ""B_plus"", ""Bs0"", ""Delta_1232"", ""Omega_minus"", ""muon"", ""tau""]",7,0.0002
cluster,"[""D0"", ""D_plus"", ""Ds_plus"", ""Higgs"", ""J_psi"", ""K_long"", ""K_short"", ""Lambda"", ""Sigma_plus"", ""Upsilon_1S"", ""W"", ""Xi_minus"", ""Z"", ""electron"", ""eta"", ""neutron"", ""omega_782"", ""phi_1020"", ""pi0"", ""pi_plus"", ""proton""]",21,0.0002
cluster,"[""J_psi"", ""K_short"", ""Lambda""]",3,0.0002
cluster,"[""B0"", ""B_plus"", ""Bs0"", ""Delta_1232"", ""K_plus"", ""Omega_minus"", ""electron"", ""muon"", ""tau""]",9,0.0002
cluster,"[""D0"", ""D_plus"", ""K_long"", ""Sigma_plus"", ""Upsilon_1S"", ""W"", ""Xi_minus"", ""Z"", ""eta"", ""neutron"", ""omega_782"", ""phi_1020"", ""pi0"", ""pi_plus"", ""rho_770"", ""top""]",16,0.0002
cluster,"[""Higgs"", ""K_short"", ""Lambda""]",3,0.0002
cluster,"[""B0"", ""B_plus"", ""Bs0"", ""K_plus"", ""Omega_minus"", ""muon"", ""tau""]",7,0.0002
cluster,"[""D0"", ""D_plus"", ""K_long"", ""Sigma_plus"", ""Upsilon_1S"", ""W"", ""Xi_minus"", ""Z"", ""electron"", ""eta"", ""neutron"", ""omega_782"", ""phi_1020"", ""pi0"", ""pi_plus"", ""rho_770"", ""top""]",17,0.0002
cluster,"[""D0"", ""D_plus"", ""Xi_minus"", ""pi_plus""]",4,0.0002
cluster,"[""B0"", ""B_plus"", ""Bs0"", ""Ds_plus"", ""Higgs"", ""J_psi"", ""K_long"", ""K_plus"", ""K_short"", ""Lambda"", ""Omega_minus"", ""Sigma_plus"", ""Upsilon_1S"", ""W"", ""Z"", ""eta"", ""muon"", ""omega_782"", ""phi_1020"", ""pi0"", ""proton"", ""rho_770"", ""tau"", ""top""]",24,0.0002
cluster,"[""D0"", ""D_plus"", ""Delta_1232"", ""K_long"", ""Xi_minus"", ""pi_plus""]",6,0.0002
cluster,"[""Ds_plus"", ""K_short"", ""Lambda"", ""Upsilon_1S"", ""W"", ""Z"", ""electron"", ""eta"", ""muon"", ""omega_782"", ""phi_1020"", ""pi0"", ""rho_770"", ""top""]",14,0.0002
cluster,"[""B0"", ""B_plus"", ""Bs0"", ""Higgs"", ""J_psi"", ""K_plus"", ""Omega_minus"", ""tau""]",8,0.0002
cluster,"[""B0"", ""B_plus"", ""Bs0"", ""Ds_plus"", ""Higgs"", ""K_plus"", ""K_short"", ""Lambda"", ""Omega_minus"", ""Upsilon_1S"", ""W"", ""Z"", ""eta"", ""muon"", ""neutron"", ""omega_782"", ""phi_1020"", ""pi0"", ""proton"", ""rho_770"", ""tau"", ""top""]",22,0.0002
cluster,"[""Delta_1232"", ""Ds_plus"", ""K_short"", ""Lambda"", ""muon"", ""pi0""]",6,0.0002
cluster,"[""B0"", ""B_plus"", ""Bs0"", ""Higgs"", ""K_plus"", ""Omega_minus"", ""Upsilon_1S"", ""W"", ""Z"", ""electron"", ""eta"", ""neutron"", ""omega_782"", ""phi_1020"", ""rho_770"", ""tau"", ""top""]",17,0.0002
cluster,"[""Delta_1232"", ""Ds_plus"", ""K_short"", ""Lambda"", ""muon"", ""neutron"", ""pi0"", ""proton""]",8,0.0002
cluster,"[""B0"", ""Bs0"", ""K_plus"", ""Omega_minus"", ""eta""]",5,0.0002
cluster,"[""B_plus"", ""Higgs"", ""Upsilon_1S"", ""W"", ""Z"", ""omega_782"", ""phi_1020"", ""rho_770"", ""tau"", ""top""]",10,0.0002
cluster,"[""D0"", ""D_plus"", ""K_long"", ""Xi_minus"", ""electron"", ""pi_plus""]",6,0.0002
cluster,"[""Ds_plus"", ""K_short"", ""Lambda"", ""muon"", ""neutron""]",5,0.0002
cluster,"[""B0"", ""B_plus"", ""Bs0"", ""Delta_1232"", ""K_plus"", ""Omega_minus"", ""Upsilon_1S"", ""electron"", ""eta"", ""pi0"", ""tau"", ""top""]",12,0.0002
cluster,"[""Higgs"", ""J_psi"", ""K_long"", ""W"", ""Xi_minus"", ""Z"", ""omega_782"", ""phi_1020"", ""pi_plus"", ""proton"", ""rho_770""]",11,0.0002
cluster,"[""D0"", ""D_plus"", ""Sigma_plus""]",3,0.0002
cluster,"[""Ds_plus"", ""K_short"", ""Lambda"", ""electron"", ""muon"", ""proton""]",6,0.0002
cluster,"[""B0"", ""Bs0"", ""K_plus"", ""Omega_minus"", ""pi0""]",5,0.0002
cluster,"[""B_plus"", ""Delta_1232"", ""eta"", ""tau""]",4,0.0002
cluster,"[""D0"", ""D_plus"", ""Higgs"", ""J_psi"", ""K_long"", ""Sigma_plus"", ""W"", ""Xi_minus"", ""Z"", ""neutron"", ""omega_782"", ""phi_1020"", ""pi_plus"", ""rho_770""]",14,0.0002
cluster,"[""D0"", ""D_plus"", ""Delta_1232"", ""Higgs"", ""J_psi"", ""K_long"", ""Sigma_plus"", ""Upsilon_1S"", ""W"", ""Xi_minus"", ""Z"", ""electron"", ""eta"", ""neutron"", ""omega_782"", ""phi_1020"", ""pi_plus"", ""proton"", ""rho_770"", ""tau"", ""top""]",21,0.0002
cluster,"[""Ds_plus"", ""K_plus"", ""K_short"", ""Lambda""]",4,0.0002
cluster,"[""Delta_1232"", ""K_long"", ""Upsilon_1S"", ""Xi_minus"", ""eta"", ""neutron"", ""pi_plus""]",7,0.0002
cluster,"[""D0"", ""D_plus"", ""Higgs"", ""J_psi"", ""Lambda"", ""Sigma_plus"", ""W"", ""Z"", ""muon"", ""omega_782"", ""phi_1020"", ""rho_770"", ""top""]",13,0.0002
cluster,"[""Ds_plus"", ""K_plus"", ""electron"", ""proton""]",4,0.0002
cluster,"[""Delta_1232"", ""K_long"", ""Upsilon_1S"", ""Xi_minus"", ""electron"", ""eta"", ""pi_plus"", ""proton""]",8,0.0002
cluster,"[""D0"", ""D_plus"", ""Ds_plus"", ""Higgs"", ""J_psi"", ""K_plus"", ""K_short"", ""Lambda"", ""Sigma_plus"", ""W"", ""Z"", ""muon"", ""omega_782"", ""phi_1020"", ""rho_770"", ""top""]",16,0.0002
cluster,"[""D0"", ""D_plus"", ""Delta_1232"", ""Sigma_plus"", ""Upsilon_1S"", ""muon""]",6,0.0002
cluster,"[""Ds_plus"", ""Higgs"", ""J_psi"", ""K_plus"", ""K_short"", ""Lambda"", ""Omega_minus"", ""W"", ""Z"", ""omega_782"", ""phi_1020"", ""proton"", ""rho_770"", ""top""]",14,0.0002
cluster,"[""B0"", ""B_plus"", ""Bs0"", ""electron"", ""neutron""]",5,0.0002
cluster,"[""D0"", ""D_plus"", ""Delta_1232"", ""Lambda"", ""Sigma_plus"", ""Upsilon_1S"", ""Xi_minus"", ""electron"", ""eta"", ""muon"", ""proton""]",11,0.0002
cluster,"[""B0"", ""Bs0"", ""Ds_plus"", ""Higgs"", ""J_psi"", ""K_plus"", ""K_short"", ""Omega_minus"", ""W"", ""Z"", ""neutron"", ""omega_782"", ""phi_1020"", ""rho_770"", ""top""]",15,0.0002
cluster,"[""D_plus"", ""Sigma_plus"", ""eta""]",3,0.0002
cluster,"[""D0"", ""Lambda"", ""Upsilon_1S""]",3,0.0002
cluster,"[""Delta_1232"", ""K_plus"", ""K_short"", ""neutron""]",4,0.0002
cluster,"[""B0"", ""B_plus"", ""Bs0"", ""Ds_plus"", ""Higgs"", ""J_psi"", ""Omega_minus"", ""W"", ""Z"", ""omega_782"", ""phi_1020"", ""proton"", ""rho_770"", ""top""]",14,0.0002
cluster,"[""K_long"", ""pi_plus"", ""tau""]",3,0.0002
cluster,"[""Xi_minus"", ""electron"", ""pi0""]",3,0.0002
cluster,"[""D0"", ""D_plus"", ""K_plus"", ""K_short"", ""Lambda"", ""Sigma_plus"", ""Upsilon_1S"", ""eta"", ""neutron"", ""proton""]",10,0.0002
cluster,"[""Delta_1232"", ""Ds_plus"", ""Higgs"", ""Omega_minus"", ""electron""]",5,0.0002
cluster,"[""B0"", ""B_plus"", ""Bs0"", ""J_psi"", ""K_long"", ""W"", ""Z"", ""omega_782"", ""phi_1020"", ""pi_plus"", ""rho_770"", ""tau"", ""top""]",13,0.0002
cluster,"[""Xi_minus"", ""muon"", ""pi0""]",3,0.0002
cluster,"[""D0"", ""K_plus"", ""K_short"", ""Lambda"", ""Upsilon_1S"", ""eta""]",6,0.0002
cluster,"[""B0"", ""B_plus"", ""Bs0"", ""Delta_1232"", ""Higgs"", ""J_psi"", ""K_long"", ""W"", ""Xi_minus"", ""Z"", ""muon"", ""omega_782"", ""phi_1020"", ""pi0"", ""pi_plus"", ""proton"", ""rho_770"", ""tau"", ""top""]",19,0.0002
cluster,"[""D_plus"", ""Sigma_plus"", ""electron"", ""neutron""]",4,0.0002
cluster,"[""Ds_plus"", ""Omega_minus"", ""Upsilon_1S""]",3,0.0002
cluster,"[""B0"", ""B_plus"", ""Bs0"", ""Delta_1232"", ""Higgs"", ""J_psi"", ""K_long"", ""electron"", ""omega_782"", ""phi_1020"", ""pi_plus"", ""tau"", ""top""]",13,0.0002
cluster,"[""W"", ""Xi_minus"", ""Z"", ""muon"", ""rho_770""]",5,0.0002
cluster,"[""Sigma_plus"", ""neutron"", ""pi0""]",3,0.0002
cluster,"[""D0"", ""D_plus"", ""K_plus"", ""K_short"", ""Lambda"", ""eta"", ""proton""]",7,0.0002
cluster,"[""Ds_plus"", ""Omega_minus"", ""Upsilon_1S"", ""electron"", ""eta""]",5,0.0002
cluster,"[""B_plus"", ""Delta_1232"", ""Higgs"", ""K_long"", ""pi_plus"", ""proton""]",6,0.0002
cluster,"[""J_psi"", ""Xi_minus"", ""muon"", ""neutron"", ""omega_782"", ""phi_1020"", ""tau"", ""top""]",8,0.0002
cluster,"[""Sigma_plus"", ""W"", ""Z"", ""pi0"", ""rho_770""]",5,0.0002
cluster,"[""D0"", ""D_plus"", ""K_plus"", ""Lambda""]",4,0.0002
cluster,"[""B0"", ""B_plus"", ""Bs0"", ""K_long"", ""Upsilon_1S"", ""pi_plus""]",6,0.0002
cluster,"[""Delta_1232"", ""Higgs"", ""J_psi"", ""Xi_minus"", ""muon"", ""neutron"", ""tau""]",7,0.0002
cluster,"[""D0"", ""D_plus"", ""K_plus"", ""Lambda"", ""Sigma_plus"", ""W"", ""Z"", ""electron"", ""omega_782"", ""phi_1020"", ""pi0"", ""rho_770"", ""top""]",13,0.0002
cluster,"[""B0"", ""B_plus"", ""Bs0"", ""K_long"", ""Upsilon_1S"", ""electron"", ""neutron"", ""pi_plus""]",8,0.0002
cluster,"[""Higgs"", ""Xi_minus"", ""muon"", ""proton"", ""tau""]",5,0.0002
cluster,"[""D0"", ""D_plus"", ""K_plus"", ""K_short"", ""Lambda"", ""Sigma_plus"", ""W"", ""Z"", ""omega_782"", ""phi_1020"", ""pi0"", ""rho_770"", ""top""]",13,0.0002
cluster,"[""Delta_1232"", ""J_psi"", ""Sigma_plus""]",3,0.0002
cluster,"[""D0"", ""D_plus"", ""K_plus"", ""K_short"", ""Lambda"", ""Omega_minus"", ""W"", ""Z"", ""electron"", ""omega_782"", ""phi_1020"", ""pi0"", ""proton"", ""rho_770"", ""top""]",15,0.0002
cluster,"[""B0"", ""B_plus"", ""Bs0"", ""Ds_plus"", ""K_long"", ""Upsilon_1S"", ""eta"", ""neutron"", ""pi_plus""]",9,0.0002
cluster,"[""Higgs"", ""Sigma_plus"", ""proton""]",3,0.0002
cluster,"[""D0"", ""D_plus"", ""Delta_1232"", ""J_psi"", ""K_plus"", ""K_short"", ""Lambda"", ""omega_782"", ""phi_1020"", ""pi0"", ""top""]",11,0.0002
cluster,"[""Omega_minus"", ""W"", ""Z"", ""neutron"", ""rho_770""]",5,0.0002
cluster,"[""B0"", ""B_plus"", ""Bs0"", ""Ds_plus"", ""K_long"", ""eta"", ""pi_plus""]",7,0.0002
cluster,"[""D0"", ""D_plus"", ""Delta_1232"", ""Higgs"", ""J_psi"", ""K_plus"", ""K_short"", ""Lambda"", ""Omega_minus"", ""neutron"", ""omega_782"", ""phi_1020"", ""pi0"", ""top""]",14,0.0002
cluster,"[""B0"", ""B_plus"", ""Bs0"", ""Ds_plus"", ""K_long"", ""W"", ""Z"", ""electron"", ""eta"", ""muon"", ""pi_plus"", ""proton"", ""rho_770""]",13,0.0002
cluster,"[""D0"", ""D_plus"", ""Delta_1232"", ""Higgs"", ""J_psi"", ""K_plus"", ""K_short"", ""Lambda"", ""Omega_minus"", ""electron"", ""neutron"", ""phi_1020"", ""pi0"", ""proton"", ""top""]",15,0.0002
cluster,"[""B0"", ""B_plus"", ""Bs0"", ""Ds_plus"", ""K_long"", ""W"", ""Z"", ""muon"", ""omega_782"", ""pi_plus"", ""rho_770""]",11,0.0002
cluster,"[""K_plus"", ""Lambda"", ""neutron""]",3,0.0002
cluster,"[""D0"", ""D_plus"", ""Higgs"", ""J_psi"", ""K_short"", ""Omega_minus""]",6,0.0002
cluster,"[""B0"", ""B_plus"", ""Bs0"", ""Delta_1232"", ""Ds_plus"", ""K_long"", ""W"", ""Xi_minus"", ""Z"", ""eta"", ""muon"", ""omega_782"", ""phi_1020"", ""pi0"", ""pi_plus"", ""proton"", ""rho_770"", ""top""]",18,0.0002
cluster,"[""Upsilon_1S"", ""electron"", ""tau""]",3,0.0002
cluster,"[""D0"", ""Higgs"", ""K_short""]",3,0.0002
cluster,"[""J_psi"", ""Omega_minus"", ""proton""]",3,0.0002
cluster,"[""B0"", ""B_plus"", ""Bs0"", ""Delta_1232"", ""Ds_plus"", ""K_long"", ""electron"", ""muon"", ""omega_782"", ""phi_1020"", ""pi0"", ""pi_plus"", ""top""]",13,0.0002
cluster,"[""W"", ""Xi_minus"", ""Z"", ""eta"", ""rho_770""]",5,0.0002
cluster,"[""K_plus"", ""Lambda"", ""Sigma_plus"", ""Upsilon_1S"", ""neutron""]",5,0.0002
cluster,"[""B0"", ""B_plus"", ""Bs0"", ""Delta_1232"", ""Ds_plus"", ""muon"", ""phi_1020"", ""pi0"", ""pi_plus"", ""top""]",10,0.0002
cluster,"[""K_plus"", ""Lambda"", ""Sigma_plus"", ""Upsilon_1S"", ""W"", ""Xi_minus"", ""Z"", ""eta"", ""neutron"", ""proton"", ""rho_770"", ""tau""]",12,0.0002
cluster,"[""D0"", ""D_plus"", ""Higgs"", ""K_short"", ""Omega_minus"", ""electron""]",6,0.0002
cluster,"[""D0"", ""Higgs"", ""K_long"", ""Omega_minus""]",4,0.0002
cluster,"[""B0"", ""Bs0"", ""Ds_plus"", ""J_psi"", ""muon"", ""pi0"", ""pi_plus"", ""proton""]",8,0.0002
cluster,"[""B_plus"", ""Delta_1232"", ""Xi_minus"", ""neutron"", ""omega_782"", ""phi_1020"", ""top""]",7,0.0002
cluster,"[""K_plus"", ""Lambda"", ""Sigma_plus"", ""Upsilon_1S"", ""W"", ""Z"", ""electron"", ""eta"", ""rho_770"", ""tau""]",10,0.0002
cluster,"[""Higgs"", ""muon"", ""pi_plus""]",3,0.0002
cluster,"[""B0"", ""Bs0"", ""Ds_plus"", ""J_psi"", ""electron"", ""pi0""]",6,0.0002
cluster,"[""Delta_1232"", ""Xi_minus"", ""phi_1020"", ""top""]",4,0.0002
cluster,"[""K_plus"", ""Lambda"", ""Sigma_plus"", ""W"", ""Z"", ""eta"", ""omega_782"", ""tau""]",8,0.0002
cluster,"[""D_plus"", ""K_short"", ""Upsilon_1S"", ""proton"", ""rho_770""]",5,0.0002
cluster,"[""B0"", ""B_plus"", ""Bs0"", ""Ds_plus"", ""Higgs"", ""J_psi"", ""neutron"", ""pi0""]",8,0.0002
cluster,"[""Delta_1232"", ""K_plus"", ""Sigma_plus"", ""omega_782"", ""phi_1020"", ""tau"", ""top""]",7,0.0002
cluster,"[""D_plus"", ""K_short"", ""Upsilon_1S"", ""electron"", ""rho_770""]",5,0.0002
cluster,"[""B0"", ""B_plus"", ""Bs0"", ""Ds_plus"", ""Higgs"", ""J_psi"", ""Xi_minus"", ""pi0""]",8,0.0002
cluster,"[""Delta_1232"", ""K_plus"", ""Lambda"", ""Sigma_plus"", ""electron"", ""omega_782"", ""phi_1020"", ""tau"", ""top""]",9,0.0002
cluster,"[""D_plus"", ""K_short"", ""W"", ""Z"", ""eta""]",5,0.0002
cluster,"[""D0"", ""K_long"", ""Omega_minus"", ""Upsilon_1S"", ""muon"", ""neutron"", ""pi_plus"", ""proton"", ""rho_770""]",9,0.0002
cluster,"[""J_psi"", ""Xi_minus"", ""pi0""]",3,0.0002
cluster,"[""Delta_1232"", ""K_plus"", ""Lambda"", ""Sigma_plus"", ""phi_1020"", ""proton"", ""tau"", ""top""]",8,0.0002
cluster,"[""D0"", ""D_plus"", ""K_long"", ""K_short"", ""Omega_minus"", ""Upsilon_1S"", ""W"", ""Z"", ""eta"", ""muon"", ""neutron"", ""omega_782"", ""pi_plus"", ""rho_770""]",14,0.0002
cluster,"[""B0"", ""Bs0"", ""Ds_plus"", ""electron""]",4,0.0002
cluster,"[""K_plus"", ""Lambda"", ""Sigma_plus"", ""tau""]",4,0.0002
cluster,"[""Delta_1232"", ""phi_1020"", ""top""]",3,0.0002
cluster,"[""D0"", ""D_plus"", ""K_long"", ""K_short"", ""Omega_minus"", ""Upsilon_1S"", ""W"", ""Z"", ""electron"", ""eta"", ""muon"", ""neutron"", ""omega_782"", ""pi_plus""]",14,0.0002
cluster,"[""J_psi"", ""K_plus"", ""Lambda"", ""Sigma_plus"", ""electron"", ""tau""]",6,0.0002
cluster,"[""D0"", ""D_plus"", ""Delta_1232"", ""K_long"", ""K_short"", ""Omega_minus"", ""Upsilon_1S"", ""W"", ""Z"", ""eta"", ""muon"", ""neutron"", ""omega_782"", ""phi_1020"", ""pi_plus"", ""proton"", ""top""]",17,0.0002
cluster,"[""B0"", ""Bs0"", ""Ds_plus"", ""rho_770""]",4,0.0002
cluster,"[""D0"", ""D_plus"", ""Delta_1232"", ""K_long"", ""K_short"", ""Omega_minus"", ""eta"", ""muon"", ""omega_782"", ""phi_1020"", ""pi_plus"", ""top""]",12,0.0002
cluster,"[""B0"", ""B_plus"", ""Bs0"", ""Ds_plus"", ""Upsilon_1S"", ""W"", ""Xi_minus"", ""Z"", ""electron"", ""rho_770""]",10,0.0002
cluster,"[""Higgs"", ""J_psi"", ""K_plus"", ""Lambda"", ""Sigma_plus"", ""pi0"", ""proton"", ""tau""]",8,0.0002
cluster,"[""D_plus"", ""K_long"", ""K_short"", ""Omega_minus"", ""muon""]",5,0.0002
cluster,"[""D0"", ""Delta_1232"", ""electron"", ""eta"", ""omega_782"", ""phi_1020"", ""pi_plus"", ""top""]",8,0.0002
cluster,"[""B0"", ""B_plus"", ""Bs0"", ""Ds_plus"", ""Upsilon_1S"", ""W"", ""Xi_minus"", ""Z"", ""proton"", ""rho_770""]",10,0.0002
cluster,"[""Higgs"", ""J_psi"", ""K_plus"", ""Lambda"", ""Sigma_plus"", ""neutron"", ""pi0"", ""tau""]",8,0.0002
cluster,"[""D_plus"", ""K_long"", ""K_short"", ""Omega_minus"", ""muon"", ""proton""]",6,0.0002
cluster,"[""D0"", ""Delta_1232"", ""eta"", ""omega_782"", ""phi_1020"", ""pi_plus"", ""top""]",7,0.0002
cluster,"[""B0"", ""B_plus"", ""Bs0"", ""Ds_plus"", ""Upsilon_1S"", ""W"", ""Xi_minus"", ""Z""]",8,0.0002
cluster,"[""Higgs"", ""J_psi"", ""Lambda"", ""Sigma_plus"", ""electron"", ""neutron"", ""pi0"", ""tau""]",8,0.0002
cluster,"[""B0"", ""B_plus"", ""Bs0"", ""Delta_1232"", ""Ds_plus"", ""Upsilon_1S"", ""Xi_minus"", ""eta"", ""omega_782"", ""phi_1020"", ""top""]",11,0.0002
cluster,"[""K_plus"", ""W"", ""Z"", ""electron"", ""neutron"", ""proton""]",6,0.0002
cluster,"[""Higgs"", ""Lambda"", ""Sigma_plus"", ""pi0"", ""rho_770"", ""tau""]",6,0.0002
cluster,"[""D_plus"", ""J_psi"", ""K_long"", ""K_short"", ""Omega_minus"", ""muon""]",6,0.0002
cluster,"[""B0"", ""B_plus"", ""Bs0"", ""Delta_1232"", ""Ds_plus"", ""Upsilon_1S"", ""Xi_minus"", ""eta"", ""neutron"", ""omega_782"", ""phi_1020"", ""top""]",12,0.0002
cluster,"[""K_plus"", ""Lambda"", ""Sigma_plus"", ""W"", ""Z"", ""pi0"", ""rho_770"", ""tau""]",8,0.0002
cluster,"[""D_plus"", ""J_psi"", ""K_short"", ""Omega_minus"", ""muon"", ""pi_plus""]",6,0.0002
cluster,"[""B0"", ""B_plus"", ""Bs0"", ""Delta_1232"", ""Ds_plus"", ""K_plus"", ""Upsilon_1S"", ""Xi_minus"", ""eta"", ""neutron"", ""omega_782"", ""phi_1020"", ""top""]",13,0.0002
cluster,"[""Lambda"", ""Sigma_plus"", ""W"", ""Z""]",4,0.0002
cluster,"[""K_long"", ""pi0"", ""proton"", ""rho_770"", ""tau""]",5,0.0002
cluster,"[""D_plus"", ""Higgs"", ""J_psi"", ""K_short"", ""Omega_minus"", ""electron"", ""muon"", ""pi_plus""]",8,0.0002
cluster,"[""B0"", ""B_plus"", ""Bs0"", ""D_plus"", ""Delta_1232"", ""Ds_plus"", ""Higgs"", ""J_psi"", ""K_long"", ""K_plus"", ""K_short"", ""Lambda"", ""Omega_minus"", ""Sigma_plus"", ""Upsilon_1S"", ""W"", ""Xi_minus"", ""Z"", ""electron"", ""eta"", ""muon"", ""omega_782"", ""phi_1020"", ""pi0"", ""pi_plus"", ""proton"", ""rho_770"", ""tau"", ""top""]",29,0.0002
cluster,"[""B0"", ""B_plus"", ""Bs0"", ""Ds_plus"", ""K_plus"", ""Xi_minus"", ""electron"", ""eta""]",8,0.0002
cluster,"[""Delta_1232"", ""Lambda"", ""Sigma_plus"", ""Upsilon_1S"", ""omega_782"", ""top""]",6,0.0002
cluster,"[""D_plus"", ""Higgs"", ""K_long"", ""K_short"", ""Omega_minus"", ""W"", ""Z"", ""muon"", ""pi0"", ""pi_plus"", ""rho_770"", ""tau""]",12,0.0002
cluster,"[""D0"", ""J_psi"", ""neutron"", ""proton""]",4,0.0002
cluster,"[""D_plus"", ""Delta_1232"", ""Higgs"", ""K_long"", ""K_short"", ""Lambda"", ""Omega_minus"", ""Sigma_plus"", ""Upsilon_1S"", ""W"", ""Z"", ""electron"", ""muon"", ""neutron"", ""omega_782"", ""phi_1020"", ""pi0"", ""pi_plus"", ""proton"", ""rho_770"", ""tau"", ""top""]",22,0.0002
cluster,"[""B0"", ""B_plus"", ""Bs0"", ""Ds_plus"", ""K_plus"", ""Xi_minus"", ""eta""]",7,0.0002
cluster,"[""Lambda"", ""Sigma_plus"", ""phi_1020""]",3,0.0002
cluster,"[""Delta_1232"", ""K_long"", ""Upsilon_1S"", ""electron"", ""muon"", ""omega_782"", ""tau"", ""top""]",8,0.0002
cluster,"[""D_plus"", ""K_short"", ""Omega_minus"", ""W"", ""Z"", ""neutron"", ""pi0"", ""pi_plus""]",8,0.0002
cluster,"[""B0"", ""B_plus"", ""Bs0"", ""Ds_plus"", ""K_plus"", ""Xi_minus"", ""proton""]",7,0.0002
cluster,"[""D_plus"", ""Delta_1232"", ""K_long"", ""K_short"", ""Omega_minus"", ""Upsilon_1S"", ""W"", ""Z"", ""muon"", ""neutron"", ""omega_782"", ""phi_1020"", ""pi0"", ""pi_plus"", ""proton"", ""tau"", ""top""]",17,0.0002
cluster,"[""B0"", ""B_plus"", ""Bs0"", ""Ds_plus"", ""K_plus"", ""Xi_minus"", ""electron""]",7,0.0002
cluster,"[""Delta_1232"", ""K_long"", ""K_short"", ""Omega_minus"", ""Upsilon_1S"", ""muon"", ""neutron"", ""omega_782"", ""phi_1020"", ""pi_plus"", ""proton"", ""tau"", ""top""]",13,0.0002
cluster,"[""D0"", ""D_plus"", ""Higgs"", ""W"", ""Z"", ""electron"", ""pi0""]",7,0.0002
cluster,"[""B0"", ""B_plus"", ""Bs0"", ""Ds_plus"", ""J_psi"", ""K_plus"", ""Xi_minus"", ""rho_770""]",8,0.0002
cluster,"[""K_long"", ""eta"", ""muon"", ""neutron""]",4,0.0002
cluster,"[""K_short"", ""Omega_minus"", ""Upsilon_1S"", ""electron"", ""phi_1020"", ""pi_plus"", ""tau"", ""top""]",8,0.0002
cluster,"[""D_plus"", ""Delta_1232"", ""omega_782"", ""pi0""]",4,0.0002
cluster,"[""B0"", ""B_plus"", ""Bs0"", ""Ds_plus"", ""Higgs"", ""J_psi"", ""K_plus"", ""Xi_minus"", ""proton"", ""rho_770""]",10,0.0002
cluster,"[""K_short"", ""Omega_minus"", ""Upsilon_1S"", ""phi_1020"", ""pi_plus"", ""tau""]",6,0.0002
cluster,"[""D_plus"", ""Delta_1232"", ""omega_782"", ""pi0"", ""proton"", ""top""]",6,0.0002
cluster,"[""B0"", ""B_plus"", ""Bs0"", ""D0"", ""Ds_plus"", ""Higgs"", ""J_psi"", ""K_plus"", ""W"", ""Xi_minus"", ""Z"", ""rho_770""]",12,0.0002
cluster,"[""K_long"", ""Lambda"", ""Sigma_plus"", ""electron"", ""eta"", ""muon"", ""neutron""]",7,0.0002
cluster,"[""K_short"", ""Omega_minus"", ""pi_plus"", ""tau""]",4,0.0002
cluster,"[""D_plus"", ""Upsilon_1S"", ""phi_1020"", ""top""]",4,0.0002
cluster,"[""D0"", ""Delta_1232"", ""omega_782"", ""pi0""]",4,0.0002
cluster,"[""B0"", ""B_plus"", ""Bs0"", ""Ds_plus"", ""Higgs"", ""J_psi"", ""K_plus"", ""W"", ""Xi_minus"", ""Z"", ""electron""]",11,0.0002
cluster,"[""K_long"", ""Lambda"", ""Sigma_plus"", ""muon"", ""neutron"", ""rho_770""]",6,0.0002
cluster,"[""D0"", ""D_plus"", ""Delta_1232"", ""Upsilon_1S"", ""electron"", ""omega_782"", ""phi_1020"", ""pi0"", ""top""]",9,0.0002
cluster,"[""B0"", ""B_plus"", ""Bs0"", ""Ds_plus"", ""Higgs"", ""J_psi"", ""K_long"", ""K_plus"", ""Lambda"", ""Sigma_plus"", ""W"", ""Xi_minus"", ""Z"", ""muon"", ""neutron"", ""proton"", ""rho_770""]",17,0.0002
cluster,"[""K_short"", ""Omega_minus"", ""eta"", ""pi_plus"", ""tau""]",5,0.0002
cluster,"[""B0"", ""B_plus"", ""Bs0"", ""D0"", ""Delta_1232"", ""Ds_plus"", ""Higgs"", ""K_plus"", ""W"", ""Xi_minus"", ""Z"", ""neutron"", ""omega_782"", ""pi0"", ""top""]",15,0.0002
cluster,"[""J_psi"", ""K_long"", ""Lambda"", ""Sigma_plus"", ""muon""]",5,0.0002
cluster,"[""K_short"", ""Omega_minus"", ""electron"", ""eta"", ""pi_plus"", ""tau""]",6,0.0002
cluster,"[""B0"", ""B_plus"", ""Bs0"", ""D0"", ""Delta_1232"", ""Ds_plus"", ""Higgs"", ""J_psi"", ""K_long"", ""K_plus"", ""Lambda"", ""Sigma_plus"", ""W"", ""Xi_minus"", ""Z"", ""electron"", ""muon"", ""neutron"", ""omega_782"", ""phi_1020"", ""pi0"", ""top""]",22,0.0002
cluster,"[""K_short"", ""Omega_minus"", ""eta"", ""pi_plus"", ""proton"", ""tau""]",6,0.0002
cluster,"[""B0"", ""B_plus"", ""Bs0"", ""D0"", ""Delta_1232"", ""Ds_plus"", ""Higgs"", ""J_psi"", ""K_long"", ""K_plus"", ""Lambda"", ""Sigma_plus"", ""W"", ""Xi_minus"", ""Z"", ""electron"", ""muon"", ""neutron"", ""omega_782"", ""phi_1020"", ""pi0"", ""proton"", ""top""]",23,0.0002
cluster,"[""K_short"", ""Omega_minus"", ""pi_plus"", ""rho_770"", ""tau""]",5,0.0002
cluster,"[""K_short"", ""Omega_minus"", ""rho_770"", ""tau""]",4,0.0002
cluster,"[""B0"", ""B_plus"", ""Bs0"", ""D0"", ""Delta_1232"", ""Ds_plus"", ""K_long"", ""K_plus"", ""Lambda"", ""Sigma_plus"", ""Upsilon_1S"", ""Xi_minus"", ""muon"", ""neutron"", ""omega_782"", ""phi_1020"", ""pi0"", ""proton"", ""top""]",19,0.0002
cluster,"[""B0"", ""B_plus"", ""Bs0"", ""phi_1020"", ""pi0""]",5,0.0002
cluster,"[""Ds_plus"", ""K_long"", ""Lambda"", ""Sigma_plus"", ""muon"", ""omega_782"", ""top""]",7,0.0002
cluster,"[""Higgs"", ""J_psi"", ""W"", ""Z"", ""electron"", ""pi_plus""]",6,0.0002
cluster,"[""K_short"", ""Omega_minus"", ""proton"", ""tau""]",4,0.0002
cluster,"[""D_plus"", ""eta"", ""neutron""]",3,0.0002
cluster,"[""D0"", ""K_plus"", ""Upsilon_1S"", ""Xi_minus""]",4,0.0002
cluster,"[""Higgs"", ""J_psi"", ""K_short"", ""Omega_minus"", ""W"", ""Z"", ""pi_plus"", ""tau""]",8,0.0002
cluster,"[""B0"", ""B_plus"", ""Bs0"", ""D0"", ""Ds_plus"", ""K_long"", ""K_plus"", ""Lambda"", ""Sigma_plus"", ""Upsilon_1S"", ""Xi_minus"", ""electron"", ""muon"", ""omega_782"", ""phi_1020"", ""pi0"", ""proton"", ""top""]",18,0.0002
cluster,"[""Delta_1232"", ""Higgs"", ""J_psi"", ""K_short"", ""Omega_minus"", ""W"", ""Z"", ""neutron"", ""pi_plus"", ""tau""]",10,0.0002
cluster,"[""B0"", ""B_plus"", ""Bs0"", ""D0"", ""Ds_plus"", ""K_long"", ""K_plus"", ""Lambda"", ""Sigma_plus"", ""Upsilon_1S"", ""Xi_minus"", ""electron"", ""muon"", ""phi_1020"", ""pi0"", ""proton""]",16,0.0002
cluster,"[""Delta_1232"", ""Higgs"", ""K_short"", ""Omega_minus"", ""neutron""]",5,0.0002
cluster,"[""J_psi"", ""W"", ""Z"", ""proton"", ""tau""]",5,0.0002
cluster,"[""B0"", ""B_plus"", ""Bs0"", ""Ds_plus"", ""K_long"", ""Lambda"", ""Sigma_plus"", ""Upsilon_1S"", ""muon"", ""phi_1020"", ""pi0""]",11,0.0002
cluster,"[""Delta_1232"", ""Higgs"", ""J_psi"", ""K_short"", ""Omega_minus"", ""W"", ""Z"", ""electron"", ""neutron"", ""omega_782"", ""phi_1020"", ""pi_plus"", ""proton"", ""tau"", ""top""]",15,0.0002
cluster,"[""B0"", ""B_plus"", ""Bs0"", ""Ds_plus"", ""K_long"", ""Lambda"", ""Sigma_plus"", ""Upsilon_1S"", ""muon"", ""pi0""]",10,0.0002
cluster,"[""neutron"", ""phi_1020"", ""pi_plus""]",3,0.0002
cluster,"[""K_short"", ""Omega_minus"", ""omega_782"", ""top""]",4,0.0002
cluster,"[""Delta_1232"", ""Higgs"", ""tau""]",3,0.0002
cluster,"[""D_plus"", ""J_psi"", ""W"", ""Z""]",4,0.0002
cluster,"[""B0"", ""B_plus"", ""Bs0"", ""D0"", ""K_long"", ""Xi_minus"", ""eta"", ""muon"", ""proton"", ""rho_770""]",10,0.0002
cluster,"[""Ds_plus"", ""Lambda"", ""Sigma_plus"", ""Upsilon_1S"", ""electron"", ""pi0""]",6,0.0002
cluster,"[""K_short"", ""Omega_minus"", ""omega_782"", ""tau"", ""top""]",5,0.0002
cluster,"[""D_plus"", ""J_psi"", ""K_plus"", ""W"", ""Z"", ""proton""]",6,0.0002
cluster,"[""B0"", ""B_plus"", ""Bs0"", ""D0"", ""K_long"", ""electron"", ""eta"", ""muon"", ""rho_770""]",9,0.0002
cluster,"[""Ds_plus"", ""Lambda"", ""Sigma_plus"", ""Upsilon_1S"", ""neutron"", ""pi0""]",6,0.0002
cluster,"[""K_short"", ""Omega_minus"", ""phi_1020"", ""proton""]",4,0.0002
cluster,"[""D_plus"", ""Delta_1232"", ""Higgs"", ""J_psi"", ""K_plus"", ""W"", ""Xi_minus"", ""Z"", ""electron""]",9,0.0002
cluster,"[""B0"", ""B_plus"", ""Bs0"", ""D0"", ""K_long"", ""eta"", ""muon""]",7,0.0002
cluster,"[""Ds_plus"", ""Lambda"", ""Sigma_plus"", ""Upsilon_1S"", ""neutron"", ""pi0"", ""rho_770""]",7,0.0002
cluster,"[""B0"", ""B_plus"", ""Bs0"", ""D0"", ""D_plus"", ""Delta_1232"", ""Ds_plus"", ""Higgs"", ""J_psi"", ""K_long"", ""K_plus"", ""Lambda"", ""Sigma_plus"", ""W"", ""Xi_minus"", ""Z"", ""eta"", ""muon"", ""neutron"", ""omega_782"", ""proton"", ""rho_770"", ""tau"", ""top""]",24,0.0002
cluster,"[""Upsilon_1S"", ""pi0"", ""pi_plus""]",3,0.0002
cluster,"[""K_short"", ""Omega_minus"", ""electron"", ""phi_1020""]",4,0.0002
cluster,"[""D_plus"", ""Higgs"", ""K_plus"", ""omega_782"", ""top""]",5,0.0002
cluster,"[""B0"", ""B_plus"", ""Bs0"", ""D0"", ""Delta_1232"", ""Ds_plus"", ""J_psi"", ""K_long"", ""Lambda"", ""Sigma_plus"", ""W"", ""Xi_minus"", ""Z"", ""eta"", ""muon"", ""neutron"", ""proton""]",17,0.0002
cluster,"[""Upsilon_1S"", ""electron"", ""pi0"", ""pi_plus"", ""rho_770""]",5,0.0002
cluster,"[""B0"", ""B_plus"", ""Bs0"", ""D0"", ""D_plus"", ""Delta_1232"", ""Ds_plus"", ""Higgs"", ""J_psi"", ""K_long"", ""K_plus"", ""Lambda"", ""Sigma_plus"", ""W"", ""Xi_minus"", ""Z"", ""electron"", ""eta"", ""muon"", ""neutron"", ""omega_782"", ""top""]",22,0.0002
cluster,"[""Upsilon_1S"", ""pi0"", ""pi_plus"", ""rho_770""]",4,0.0002
cluster,"[""phi_1020"", ""proton"", ""tau""]",3,0.0002
cluster,"[""D_plus"", ""Higgs"", ""K_plus"", ""Xi_minus"", ""electron"", ""muon"", ""neutron"", ""omega_782"", ""phi_1020"", ""top""]",10,0.0002
cluster,"[""B0"", ""B_plus"", ""Bs0"", ""D0"", ""Delta_1232"", ""Ds_plus"", ""J_psi"", ""K_long"", ""Lambda"", ""Sigma_plus"", ""W"", ""Z"", ""eta""]",13,0.0002
cluster,"[""Upsilon_1S"", ""pi0"", ""pi_plus"", ""proton"", ""rho_770""]",5,0.0002
cluster,"[""B0"", ""B_plus"", ""Bs0"", ""D0"", ""D_plus"", ""Delta_1232"", ""Ds_plus"", ""Higgs"", ""J_psi"", ""K_long"", ""K_plus"", ""Lambda"", ""Sigma_plus"", ""W"", ""Xi_minus"", ""Z"", ""eta"", ""muon"", ""neutron"", ""omega_782"", ""phi_1020"", ""proton"", ""top""]",23,0.0002
cluster,"[""B0"", ""B_plus"", ""Bs0"", ""D0"", ""Delta_1232"", ""Higgs"", ""J_psi"", ""K_long"", ""Lambda"", ""Sigma_plus"", ""omega_782"", ""top""]",12,0.0002
cluster,"[""Ds_plus"", ""W"", ""Z"", ""eta"", ""pi_plus""]",5,0.0002
cluster,"[""D_plus"", ""K_plus"", ""Xi_minus"", ""muon"", ""neutron"", ""phi_1020"", ""proton""]",7,0.0002
cluster,"[""B0"", ""B_plus"", ""Bs0"", ""D0"", ""Higgs"", ""J_psi"", ""Lambda"", ""Sigma_plus"", ""electron"", ""omega_782"", ""top""]",11,0.0002
cluster,"[""Delta_1232"", ""Ds_plus"", ""W"", ""Z"", ""eta"", ""pi_plus""]",6,0.0002
cluster,"[""K_short"", ""Omega_minus"", ""Upsilon_1S"", ""pi0"", ""proton""]",5,0.0002
cluster,"[""B0"", ""B_plus"", ""Bs0"", ""D0"", ""Higgs"", ""J_psi"", ""Lambda"", ""Sigma_plus"", ""omega_782"", ""top""]",10,0.0002
cluster,"[""Delta_1232"", ""Ds_plus"", ""pi_plus"", ""proton""]",4,0.0002
cluster,"[""K_short"", ""Omega_minus"", ""pi0""]",3,0.0002
cluster,"[""B0"", ""B_plus"", ""Bs0"", ""D0"", ""Ds_plus"", ""Higgs"", ""J_psi"", ""Lambda"", ""Sigma_plus"", ""omega_782"", ""phi_1020"", ""pi_plus"", ""proton"", ""top""]",14,0.0002
cluster,"[""Delta_1232"", ""K_short"", ""Omega_minus"", ""W"", ""Z"", ""eta"", ""neutron"", ""pi0""]",8,0.0002
cluster,"[""D_plus"", ""K_plus"", ""Upsilon_1S"", ""Xi_minus"", ""electron"", ""muon"", ""rho_770"", ""tau""]",8,0.0002
cluster,"[""Delta_1232"", ""K_short"", ""Omega_minus"", ""W"", ""Z"", ""electron"", ""eta"", ""neutron""]",8,0.0002
cluster,"[""D_plus"", ""K_long"", ""K_plus"", ""Upsilon_1S"", ""Xi_minus"", ""muon"", ""proton"", ""rho_770"", ""tau""]",9,0.0002
cluster,"[""B0"", ""B_plus"", ""Bs0"", ""D0"", ""Ds_plus"", ""Higgs"", ""J_psi"", ""Lambda"", ""Sigma_plus"", ""omega_782"", ""phi_1020"", ""pi_plus"", ""top""]",13,0.0002
cluster,"[""Ds_plus"", ""Higgs"", ""J_psi"", ""electron"", ""omega_782"", ""pi_plus"", ""top""]",7,0.0002
cluster,"[""Delta_1232"", ""K_plus"", ""K_short"", ""Omega_minus"", ""Upsilon_1S"", ""W"", ""Z"", ""eta"", ""muon"", ""neutron"", ""pi0"", ""proton"", ""tau""]",13,0.0002
cluster,"[""D_plus"", ""K_long"", ""Xi_minus"", ""rho_770""]",4,0.0002
cluster,"[""B0"", ""B_plus"", ""Bs0"", ""D0"", ""Lambda"", ""Sigma_plus"", ""phi_1020""]",7,0.0002
cluster,"[""Delta_1232"", ""K_short"", ""Omega_minus"", ""eta""]",4,0.0002
cluster,"[""K_plus"", ""W"", ""Z"", ""pi0""]",4,0.0002
cluster,"[""Upsilon_1S"", ""muon"", ""tau""]",3,0.0002
cluster,"[""D_plus"", ""K_long"", ""Xi_minus""]",3,0.0002
cluster,"[""B0"", ""B_plus"", ""Bs0"", ""D0"", ""Ds_plus"", ""Higgs"", ""J_psi"", ""Lambda"", ""Sigma_plus"", ""electron"", ""neutron"", ""omega_782"", ""phi_1020"", ""pi_plus"", ""proton"", ""top""]",16,0.0002
cluster,"[""Delta_1232"", ""K_plus"", ""W"", ""Z"", ""muon"", ""pi0"", ""tau""]",7,0.0002
cluster,"[""D_plus"", ""K_long"", ""Upsilon_1S"", ""Xi_minus"", ""electron""]",5,0.0002
cluster,"[""B0"", ""B_plus"", ""Bs0"", ""D0"", ""Lambda"", ""Sigma_plus"", ""proton"", ""rho_770""]",8,0.0002
cluster,"[""Ds_plus"", ""Higgs"", ""J_psi"", ""K_short"", ""Omega_minus"", ""eta"", ""neutron"", ""omega_782"", ""phi_1020"", ""pi_plus"", ""top""]",11,0.0002
cluster,"[""J_psi"", ""K_short"", ""Omega_minus"", ""omega_782"", ""top""]",5,0.0002
cluster,"[""Delta_1232"", ""K_plus"", ""W"", ""Z"", ""electron"", ""eta"", ""muon"", ""pi0"", ""proton"", ""tau""]",10,0.0002
cluster,"[""B0"", ""B_plus"", ""Bs0"", ""D0"", ""Lambda"", ""Sigma_plus"", ""rho_770""]",7,0.0002
cluster,"[""Higgs"", ""J_psi"", ""K_short"", ""Omega_minus"", ""electron"", ""omega_782"", ""phi_1020"", ""proton"", ""top""]",9,0.0002
cluster,"[""D_plus"", ""Delta_1232"", ""K_long"", ""K_plus"", ""Upsilon_1S"", ""W"", ""Xi_minus"", ""Z"", ""eta"", ""muon"", ""pi0"", ""tau""]",12,0.0002
cluster,"[""B0"", ""B_plus"", ""Bs0"", ""D0"", ""Lambda"", ""Sigma_plus"", ""neutron"", ""pi_plus"", ""rho_770""]",9,0.0002
cluster,"[""D_plus"", ""Delta_1232"", ""K_long"", ""Upsilon_1S"", ""W"", ""Xi_minus"", ""Z"", ""pi0"", ""tau""]",9,0.0002
cluster,"[""B0"", ""B_plus"", ""Bs0"", ""D0"", ""Lambda"", ""Sigma_plus"", ""electron"", ""neutron"", ""pi_plus"", ""proton"", ""rho_770""]",11,0.0002
cluster,"[""Higgs"", ""J_psi"", ""K_plus"", ""K_short"", ""Omega_minus"", ""eta"", ""muon"", ""omega_782"", ""phi_1020"", ""top""]",10,0.0002
cluster,"[""J_psi"", ""K_plus"", ""eta"", ""muon"", ""omega_782"", ""top""]",6,0.0002
cluster,"[""B0"", ""B_plus"", ""Bs0"", ""D0"", ""D_plus"", ""Delta_1232"", ""K_long"", ""Lambda"", ""Sigma_plus"", ""Upsilon_1S"", ""W"", ""Xi_minus"", ""Z"", ""electron"", ""neutron"", ""pi0"", ""pi_plus"", ""proton"", ""tau""]",19,0.0002
cluster,"[""Higgs"", ""K_short"", ""Omega_minus"", ""phi_1020""]",4,0.0002
cluster,"[""B0"", ""B_plus"", ""Bs0"", ""D0"", ""D_plus"", ""Delta_1232"", ""Higgs"", ""J_psi"", ""K_long"", ""K_plus"", ""K_short"", ""Lambda"", ""Sigma_plus"", ""Upsilon_1S"", ""W"", ""Xi_minus"", ""Z"", ""electron"", ""eta"", ""muon"", ""neutron"", ""omega_782"", ""phi_1020"", ""pi0"", ""pi_plus"", ""proton"", ""tau"", ""top""]",28,0.0002
cluster,"[""J_psi"", ""K_long"", ""Xi_minus"", ""eta"", ""omega_782"", ""tau"", ""top""]",7,0.0002
cluster,"[""D_plus"", ""neutron"", ""pi0""]",3,0.0002
cluster,"[""Ds_plus"", ""K_short"", ""Omega_minus"", ""proton"", ""rho_770""]",5,0.0002
cluster,"[""Higgs"", ""K_plus"", ""electron"", ""muon"", ""phi_1020""]",5,0.0002
cluster,"[""D_plus"", ""J_psi"", ""K_long"", ""Xi_minus"", ""eta"", ""neutron"", ""omega_782"", ""pi0"", ""tau"", ""top""]",10,0.0002
cluster,"[""K_short"", ""Omega_minus"", ""rho_770""]",3,0.0002
cluster,"[""Higgs"", ""K_plus"", ""muon"", ""phi_1020""]",4,0.0002
cluster,"[""D_plus"", ""J_psi"", ""K_long"", ""Xi_minus"", ""eta"", ""neutron"", ""omega_782"", ""pi0"", ""proton"", ""tau"", ""top""]",11,0.0002
cluster,"[""B0"", ""B_plus"", ""Bs0"", ""D0"", ""Delta_1232"", ""Lambda"", ""Sigma_plus"", ""Upsilon_1S"", ""W"", ""Z"", ""electron"", ""pi_plus""]",12,0.0002
cluster,"[""J_psi"", ""Xi_minus"", ""tau""]",3,0.0002
cluster,"[""D_plus"", ""electron"", ""eta"", ""omega_782"", ""pi0"", ""top""]",6,0.0002
cluster,"[""K_plus"", ""muon"", ""rho_770""]",3,0.0002
cluster,"[""Higgs"", ""K_long"", ""neutron"", ""phi_1020"", ""proton""]",5,0.0002
cluster,"[""B0"", ""B_plus"", ""Bs0"", ""D0"", ""D_plus"", ""Delta_1232"", ""Lambda"", ""Sigma_plus"", ""Upsilon_1S"", ""W"", ""Z"", ""eta"", ""omega_782"", ""pi0"", ""pi_plus"", ""top""]",16,0.0002
cluster,"[""K_plus"", ""K_short"", ""muon"", ""proton""]",4,0.0002
cluster,"[""Higgs"", ""J_psi"", ""K_long"", ""Xi_minus"", ""electron"", ""phi_1020"", ""tau""]",7,0.0002
cluster,"[""Delta_1232"", ""Ds_plus"", ""Upsilon_1S"", ""W"", ""Z"", ""proton""]",6,0.0002
cluster,"[""K_plus"", ""K_short"", ""electron"", ""muon"", ""neutron""]",5,0.0002
cluster,"[""B0"", ""B_plus"", ""Bs0"", ""D0"", ""D_plus"", ""Higgs"", ""J_psi"", ""Lambda"", ""Sigma_plus"", ""Xi_minus"", ""eta"", ""omega_782"", ""phi_1020"", ""pi0"", ""pi_plus"", ""tau"", ""top""]",17,0.0002
cluster,"[""B0"", ""B_plus"", ""Bs0"", ""D0"", ""Lambda"", ""Sigma_plus"", ""eta"", ""omega_782"", ""pi0"", ""pi_plus"", ""proton"", ""top""]",12,0.0002
cluster,"[""Delta_1232"", ""Ds_plus"", ""Omega_minus"", ""Upsilon_1S"", ""W"", ""Z"", ""electron""]",7,0.0002
cluster,"[""K_plus"", ""K_short"", ""muon"", ""neutron""]",4,0.0002
cluster,"[""D_plus"", ""Higgs"", ""J_psi"", ""K_long"", ""Xi_minus"", ""phi_1020"", ""rho_770"", ""tau""]",8,0.0002
cluster,"[""B0"", ""B_plus"", ""Bs0"", ""D0"", ""Lambda"", ""Sigma_plus"", ""electron"", ""eta"", ""omega_782"", ""pi0"", ""pi_plus"", ""top""]",12,0.0002
cluster,"[""D_plus"", ""Higgs"", ""J_psi"", ""Xi_minus"", ""phi_1020"", ""proton"", ""rho_770"", ""tau""]",8,0.0002
cluster,"[""B0"", ""B_plus"", ""Bs0"", ""D0"", ""D_plus"", ""Higgs"", ""J_psi"", ""Lambda"", ""Sigma_plus"", ""electron"", ""eta"", ""omega_782"", ""phi_1020"", ""pi0"", ""pi_plus"", ""top""]",16,0.0002
cluster,"[""Delta_1232"", ""Ds_plus"", ""K_plus"", ""K_short"", ""Omega_minus"", ""Upsilon_1S"", ""W"", ""Z"", ""muon"", ""neutron"", ""proton""]",11,0.0002
cluster,"[""B0"", ""B_plus"", ""Bs0"", ""D0"", ""D_plus"", ""Higgs"", ""J_psi"", ""Lambda"", ""Sigma_plus"", ""eta"", ""omega_782"", ""phi_1020"", ""pi0"", ""pi_plus"", ""rho_770"", ""tau"", ""top""]",17,0.0002
cluster,"[""neutron"", ""omega_782"", ""top""]",3,0.0002
cluster,"[""Delta_1232"", ""Ds_plus"", ""K_long"", ""K_plus"", ""K_short"", ""Omega_minus"", ""Upsilon_1S"", ""W"", ""Z"", ""electron"", ""muon""]",11,0.0002
cluster,"[""B0"", ""B_plus"", ""Bs0"", ""D0"", ""D_plus"", ""Higgs"", ""J_psi"", ""Lambda"", ""Sigma_plus"", ""eta"", ""phi_1020"", ""pi0"", ""pi_plus"", ""proton"", ""rho_770""]",15,0.0002
cluster,"[""Ds_plus"", ""K_plus"", ""K_short"", ""Omega_minus"", ""Upsilon_1S"", ""electron"", ""muon"", ""omega_782"", ""top""]",9,0.0002
cluster,"[""Delta_1232"", ""K_long"", ""W"", ""Z""]",4,0.0002
cluster,"[""B0"", ""B_plus"", ""Bs0"", ""D0"", ""Higgs"", ""J_psi"", ""Lambda"", ""Sigma_plus"", ""eta"", ""neutron"", ""phi_1020"", ""pi0"", ""pi_plus"", ""rho_770""]",14,0.0002
cluster,"[""Ds_plus"", ""Omega_minus"", ""muon"", ""omega_782"", ""top""]",5,0.0002
cluster,"[""K_plus"", ""K_short"", ""Upsilon_1S""]",3,0.0002
cluster,"[""Delta_1232"", ""K_long"", ""W"", ""Z"", ""proton""]",5,0.0002
cluster,"[""B0"", ""B_plus"", ""Bs0"", ""D0"", ""Higgs"", ""J_psi"", ""Lambda"", ""Sigma_plus"", ""electron"", ""eta"", ""neutron"", ""phi_1020"", ""pi0"", ""pi_plus"", ""rho_770""]",15,0.0002
cluster,"[""B0"", ""B_plus"", ""Bs0"", ""D0"", ""D_plus"", ""Higgs"", ""J_psi"", ""Lambda"", ""Sigma_plus"", ""electron"", ""eta"", ""neutron"", ""phi_1020"", ""pi0"", ""pi_plus"", ""rho_770""]",16,0.0002
cluster,"[""Ds_plus"", ""K_plus"", ""K_short"", ""Omega_minus"", ""Upsilon_1S"", ""muon"", ""omega_782"", ""proton"", ""top""]",9,0.0002
cluster,"[""B0"", ""B_plus"", ""Bs0"", ""D0"", ""D_plus"", ""Higgs"", ""J_psi"", ""Lambda"", ""Sigma_plus"", ""eta"", ""neutron"", ""phi_1020"", ""pi0"", ""pi_plus"", ""proton"", ""rho_770""]",16,0.0002
cluster,"[""Ds_plus"", ""K_plus"", ""K_short"", ""Omega_minus"", ""muon"", ""omega_782"", ""top""]",7,0.0002
cluster,"[""D_plus"", ""Lambda"", ""neutron"", ""pi_plus"", ""proton""]",5,0.0002
cluster,"[""B0"", ""B_plus"", ""Bs0"", ""D0"", ""Ds_plus"", ""Higgs"", ""J_psi"", ""K_long"", ""K_plus"", ""K_short"", ""Omega_minus"", ""Sigma_plus"", ""Upsilon_1S"", ""eta"", ""muon"", ""omega_782"", ""phi_1020"", ""pi0"", ""rho_770"", ""top""]",20,0.0002
cluster,"[""D0"", ""Ds_plus"", ""Higgs"", ""J_psi"", ""K_long"", ""K_plus"", ""K_short"", ""Omega_minus"", ""Upsilon_1S"", ""electron"", ""eta"", ""muon"", ""omega_782"", ""phi_1020"", ""pi0"", ""rho_770"", ""top""]",17,0.0002
cluster,"[""D0"", ""Ds_plus"", ""Higgs"", ""J_psi"", ""K_plus"", ""K_short"", ""Omega_minus"", ""electron"", ""eta"", ""muon"", ""phi_1020"", ""pi0"", ""rho_770""]",13,0.0002
cluster,"[""K_long"", ""Upsilon_1S"", ""omega_782"", ""proton"", ""top""]",5,0.0002
cluster,"[""D_plus"", ""Delta_1232"", ""Lambda"", ""W"", ""Z"", ""pi_plus"", ""tau""]",7,0.0002
cluster,"[""B0"", ""B_plus"", ""Bs0"", ""Sigma_plus"", ""electron""]",5,0.0002
cluster,"[""Ds_plus"", ""Higgs"", ""J_psi"", ""K_plus"", ""K_short"", ""Omega_minus"", ""eta"", ""muon"", ""phi_1020"", ""pi0"", ""proton"", ""rho_770""]",12,0.0002
cluster,"[""Upsilon_1S"", ""Xi_minus"", ""omega_782"", ""top""]",4,0.0002
cluster,"[""B0"", ""B_plus"", ""Bs0"", ""D_plus"", ""Delta_1232"", ""Lambda"", ""Sigma_plus"", ""W"", ""Z"", ""electron"", ""pi_plus"", ""proton"", ""tau""]",13,0.0002
cluster,"[""Upsilon_1S"", ""Xi_minus"", ""neutron"", ""omega_782"", ""top""]",5,0.0002
cluster,"[""D_plus"", ""Lambda"", ""pi_plus"", ""proton"", ""tau""]",5,0.0002
cluster,"[""Upsilon_1S"", ""Xi_minus"", ""electron"", ""neutron"", ""omega_782"", ""top""]",6,0.0002
cluster,"[""Ds_plus"", ""Higgs"", ""J_psi"", ""K_long"", ""K_plus"", ""K_short"", ""Omega_minus"", ""electron"", ""eta"", ""phi_1020"", ""pi0"", ""rho_770""]",12,0.0002
cluster,"[""Upsilon_1S"", ""Xi_minus"", ""neutron"", ""omega_782"", ""proton"", ""top""]",6,0.0002
cluster,"[""B0"", ""B_plus"", ""Bs0"", ""D0"", ""Delta_1232"", ""Sigma_plus"", ""W"", ""Z"", ""muon""]",9,0.0002
cluster,"[""Ds_plus"", ""Higgs"", ""J_psi"", ""K_long"", ""K_short"", ""electron"", ""eta"", ""pi0"", ""proton""]",9,0.0002
cluster,"[""neutron"", ""phi_1020"", ""rho_770""]",3,0.0002
cluster,"[""Ds_plus"", ""Higgs"", ""K_long"", ""K_short"", ""pi0""]",5,0.0002
cluster,"[""J_psi"", ""eta"", ""neutron""]",3,0.0002
cluster,"[""Ds_plus"", ""Higgs"", ""K_long"", ""K_short"", ""neutron"", ""pi0""]",6,0.0002
cluster,"[""B0"", ""B_plus"", ""Bs0"", ""Sigma_plus"", ""muon""]",5,0.0002
cluster,"[""D0"", ""Delta_1232"", ""K_plus"", ""Omega_minus"", ""W"", ""Z""]",6,0.0002
cluster,"[""Ds_plus"", ""K_long"", ""K_short"", ""neutron""]",4,0.0002
cluster,"[""D_plus"", ""Lambda"", ""Upsilon_1S"", ""electron"", ""omega_782"", ""pi_plus"", ""proton"", ""tau"", ""top""]",9,0.0002
cluster,"[""B0"", ""B_plus"", ""Bs0"", ""muon""]",4,0.0002
cluster,"[""D0"", ""Delta_1232"", ""Ds_plus"", ""K_long"", ""K_plus"", ""K_short"", ""Omega_minus"", ""W"", ""Z"", ""neutron""]",10,0.0002
cluster,"[""Higgs"", ""J_psi"", ""Xi_minus"", ""electron"", ""eta"", ""phi_1020"", ""pi0"", ""proton"", ""rho_770""]",9,0.0002
cluster,"[""D_plus"", ""Lambda"", ""Sigma_plus"", ""Upsilon_1S"", ""omega_782"", ""pi_plus"", ""tau"", ""top""]",8,0.0002
cluster,"[""D0"", ""Delta_1232"", ""Ds_plus"", ""K_long"", ""K_plus"", ""K_short"", ""Omega_minus"", ""W"", ""Z"", ""neutron"", ""proton""]",11,0.0002
cluster,"[""Higgs"", ""J_psi"", ""Xi_minus"", ""electron"", ""eta"", ""pi0""]",6,0.0002
cluster,"[""B0"", ""B_plus"", ""Bs0"", ""D_plus"", ""Lambda"", ""Sigma_plus"", ""Upsilon_1S"", ""muon"", ""omega_782"", ""pi_plus"", ""tau"", ""top""]",12,0.0002
cluster,"[""D0"", ""K_plus"", ""Omega_minus"", ""neutron"", ""proton""]",5,0.0002
cluster,"[""Delta_1232"", ""Ds_plus"", ""K_long"", ""K_short"", ""W"", ""Z"", ""electron""]",7,0.0002
cluster,"[""B0"", ""B_plus"", ""Bs0"", ""D_plus"", ""Lambda"", ""Sigma_plus"", ""Upsilon_1S"", ""muon"", ""omega_782"", ""phi_1020"", ""pi_plus"", ""rho_770"", ""tau"", ""top""]",14,0.0002
cluster,"[""D0"", ""K_plus"", ""Omega_minus"", ""electron"", ""neutron""]",5,0.0002
cluster,"[""B0"", ""B_plus"", ""Bs0"", ""D_plus"", ""Lambda"", ""Sigma_plus"", ""Upsilon_1S"", ""muon"", ""omega_782"", ""phi_1020"", ""pi_plus"", ""proton"", ""rho_770"", ""tau"", ""top""]",15,0.0002
cluster,"[""D0"", ""K_plus"", ""Omega_minus""]",3,0.0002
cluster,"[""B0"", ""B_plus"", ""Bs0"", ""D_plus"", ""Lambda"", ""Sigma_plus"", ""Upsilon_1S"", ""electron"", ""muon"", ""neutron"", ""omega_782"", ""phi_1020"", ""pi_plus"", ""proton"", ""rho_770"", ""tau"", ""top""]",17,0.0002
cluster,"[""Xi_minus"", ""pi0"", ""proton""]",3,0.0002
cluster,"[""Higgs"", ""J_psi"", ""Lambda"", ""electron"", ""eta"", ""pi_plus""]",6,0.0002
cluster,"[""B0"", ""B_plus"", ""Bs0"", ""D0"", ""D_plus"", ""K_long"", ""K_plus"", ""Omega_minus"", ""Sigma_plus"", ""Upsilon_1S"", ""muon"", ""neutron"", ""omega_782"", ""phi_1020"", ""rho_770"", ""tau"", ""top""]",17,0.0002
cluster,"[""Delta_1232"", ""Higgs"", ""J_psi"", ""Lambda"", ""W"", ""Xi_minus"", ""Z"", ""electron"", ""eta"", ""pi0"", ""pi_plus""]",11,0.0002
cluster,"[""D0"", ""K_long"", ""K_plus"", ""Omega_minus"", ""omega_782"", ""top""]",6,0.0002
cluster,"[""Delta_1232"", ""W"", ""Xi_minus"", ""Z"", ""electron"", ""pi0""]",6,0.0002
cluster,"[""D0"", ""K_long"", ""K_plus"", ""Omega_minus"", ""omega_782"", ""proton"", ""top""]",7,0.0002
cluster,"[""Delta_1232"", ""W"", ""Xi_minus"", ""Z"", ""pi0""]",5,0.0002
cluster,"[""B0"", ""B_plus"", ""Bs0"", ""D_plus"", ""K_plus"", ""Sigma_plus"", ""Upsilon_1S"", ""muon"", ""neutron"", ""phi_1020"", ""proton"", ""rho_770"", ""tau""]",13,0.0002
cluster,"[""D0"", ""K_long"", ""K_short"", ""Omega_minus"", ""electron"", ""omega_782"", ""top""]",7,0.0002
cluster,"[""Delta_1232"", ""W"", ""Z"", ""pi0""]",4,0.0002
cluster,"[""D_plus"", ""Higgs"", ""J_psi"", ""Lambda"", ""Sigma_plus"", ""eta"", ""muon"", ""neutron"", ""proton"", ""tau""]",10,0.0002
cluster,"[""B0"", ""B_plus"", ""Bs0"", ""D0"", ""K_long"", ""K_plus"", ""K_short"", ""Omega_minus"", ""Upsilon_1S"", ""electron"", ""omega_782"", ""phi_1020"", ""rho_770"", ""top""]",14,0.0002
cluster,"[""Delta_1232"", ""W"", ""Xi_minus"", ""Z"", ""pi0"", ""pi_plus"", ""proton""]",7,0.0002
cluster,"[""Higgs"", ""Lambda"", ""eta"", ""neutron""]",4,0.0002
cluster,"[""D_plus"", ""J_psi"", ""Sigma_plus"", ""muon"", ""tau""]",5,0.0002
cluster,"[""B0"", ""B_plus"", ""Bs0"", ""D0"", ""K_long"", ""K_plus"", ""Omega_minus"", ""Upsilon_1S"", ""electron"", ""phi_1020"", ""rho_770""]",11,0.0002
cluster,"[""Ds_plus"", ""K_short"", ""omega_782"", ""top""]",4,0.0002
cluster,"[""Delta_1232"", ""Lambda"", ""W"", ""Z"", ""neutron"", ""pi0"", ""pi_plus""]",7,0.0002
cluster,"[""D_plus"", ""Higgs"", ""J_psi"", ""Sigma_plus"", ""electron"", ""eta"", ""muon"", ""tau""]",8,0.0002
cluster,"[""B0"", ""B_plus"", ""Bs0"", ""D0"", ""K_long"", ""K_plus"", ""Omega_minus"", ""Upsilon_1S"", ""phi_1020"", ""rho_770""]",10,0.0002
cluster,"[""Ds_plus"", ""K_short"", ""omega_782"", ""proton"", ""top""]",5,0.0002
cluster,"[""Delta_1232"", ""Lambda"", ""W"", ""Z"", ""electron"", ""neutron"", ""pi0"", ""pi_plus""]",8,0.0002
cluster,"[""D_plus"", ""Higgs"", ""J_psi"", ""Sigma_plus"", ""eta"", ""muon"", ""tau""]",7,0.0002
cluster,"[""B0"", ""B_plus"", ""Bs0"", ""K_plus""]",4,0.0002
cluster,"[""D0"", ""K_long"", ""Omega_minus"", ""Upsilon_1S"", ""phi_1020"", ""proton"", ""rho_770""]",7,0.0002
cluster,"[""B0"", ""B_plus"", ""Bs0"", ""D_plus"", ""Delta_1232"", ""Higgs"", ""J_psi"", ""K_plus"", ""Lambda"", ""Sigma_plus"", ""W"", ""Z"", ""eta"", ""muon"", ""pi0"", ""proton"", ""tau""]",17,0.0002
cluster,"[""D0"", ""K_long"", ""K_short"", ""Omega_minus"", ""Upsilon_1S"", ""phi_1020"", ""rho_770""]",7,0.0002
cluster,"[""Ds_plus"", ""Xi_minus"", ""electron"", ""omega_782"", ""top""]",5,0.0002
cluster,"[""D_plus"", ""Delta_1232"", ""Higgs"", ""Lambda"", ""Sigma_plus"", ""W"", ""Z"", ""eta"", ""muon"", ""pi0"", ""proton"", ""tau""]",12,0.0002
cluster,"[""B0"", ""B_plus"", ""Bs0"", ""J_psi"", ""K_plus""]",5,0.0002
cluster,"[""D0"", ""Ds_plus"", ""K_long"", ""K_short"", ""Omega_minus"", ""Upsilon_1S"", ""Xi_minus"", ""electron"", ""omega_782"", ""phi_1020"", ""rho_770"", ""top""]",12,0.0002
cluster,"[""B0"", ""B_plus"", ""Bs0"", ""D_plus"", ""Delta_1232"", ""Higgs"", ""J_psi"", ""K_plus"", ""Lambda"", ""Sigma_plus"", ""W"", ""Z"", ""eta"", ""muon"", ""pi0"", ""tau""]",16,0.0002
cluster,"[""D0"", ""Ds_plus"", ""K_long"", ""K_short"", ""Omega_minus"", ""Upsilon_1S"", ""electron"", ""phi_1020"", ""rho_770""]",9,0.0002
cluster,"[""B0"", ""B_plus"", ""Bs0"", ""D_plus"", ""Delta_1232"", ""Higgs"", ""J_psi"", ""K_plus"", ""Sigma_plus"", ""W"", ""Z"", ""electron"", ""eta"", ""tau""]",14,0.0002
cluster,"[""K_short"", ""Upsilon_1S"", ""phi_1020""]",3,0.0002
cluster,"[""Ds_plus"", ""Xi_minus"", ""neutron"", ""omega_782"", ""proton"", ""rho_770"", ""top""]",7,0.0002
cluster,"[""Lambda"", ""muon"", ""pi0""]",3,0.0002
cluster,"[""B0"", ""B_plus"", ""Bs0"", ""D_plus"", ""Delta_1232"", ""Higgs"", ""J_psi"", ""K_long"", ""K_plus"", ""Omega_minus"", ""Sigma_plus"", ""W"", ""Z"", ""electron"", ""eta"", ""tau""]",16,0.0002
cluster,"[""K_short"", ""Upsilon_1S"", ""phi_1020"", ""proton""]",4,0.0002
cluster,"[""Ds_plus"", ""Xi_minus"", ""neutron"", ""rho_770""]",4,0.0002
cluster,"[""Lambda"", ""electron"", ""muon""]",3,0.0002
cluster,"[""B0"", ""B_plus"", ""Bs0"", ""D_plus"", ""Delta_1232"", ""Higgs"", ""J_psi"", ""K_long"", ""K_plus"", ""Omega_minus"", ""Sigma_plus"", ""W"", ""Z"", ""eta"", ""pi0"", ""proton"", ""tau""]",17,0.0002
cluster,"[""Ds_plus"", ""Upsilon_1S"", ""neutron"", ""phi_1020""]",4,0.0002
cluster,"[""D_plus"", ""Sigma_plus"", ""pi0"", ""proton"", ""tau""]",5,0.0002
cluster,"[""Ds_plus"", ""Upsilon_1S"", ""phi_1020""]",3,0.0002
cluster,"[""Lambda"", ""electron"", ""muon"", ""omega_782"", ""pi_plus"", ""top""]",6,0.0002
cluster,"[""Ds_plus"", ""Upsilon_1S"", ""Xi_minus"", ""electron"", ""phi_1020""]",5,0.0002
cluster,"[""Lambda"", ""muon"", ""omega_782"", ""proton"", ""top""]",5,0.0002
cluster,"[""B0"", ""B_plus"", ""Bs0"", ""D_plus"", ""Delta_1232"", ""Higgs"", ""K_long"", ""K_plus"", ""Omega_minus"", ""Sigma_plus"", ""W"", ""Z"", ""eta"", ""pi0"", ""tau""]",15,0.0002
cluster,"[""D0"", ""J_psi"", ""K_short"", ""electron"", ""neutron""]",5,0.0002
cluster,"[""Ds_plus"", ""Upsilon_1S"", ""Xi_minus"", ""phi_1020""]",4,0.0002
cluster,"[""pi_plus"", ""proton"", ""rho_770""]",3,0.0002
cluster,"[""Lambda"", ""muon"", ""omega_782"", ""top""]",4,0.0002
cluster,"[""D0"", ""Delta_1232"", ""Higgs"", ""J_psi"", ""K_short"", ""Omega_minus"", ""W"", ""Z"", ""electron"", ""eta"", ""neutron""]",11,0.0002
cluster,"[""Ds_plus"", ""Upsilon_1S"", ""Xi_minus"", ""phi_1020"", ""proton""]",5,0.0002
cluster,"[""B0"", ""B_plus"", ""Bs0"", ""D_plus"", ""K_long"", ""K_plus"", ""Sigma_plus"", ""omega_782"", ""pi0"", ""tau"", ""top""]",11,0.0002
cluster,"[""B0"", ""B_plus"", ""Bs0"", ""D_plus"", ""K_long"", ""K_plus"", ""electron"", ""pi0"", ""tau""]",9,0.0002
cluster,"[""D0"", ""Delta_1232"", ""Higgs"", ""J_psi"", ""K_short"", ""Omega_minus"", ""W"", ""Z"", ""eta"", ""neutron"", ""proton""]",11,0.0002
cluster,"[""B0"", ""B_plus"", ""Bs0"", ""D0"", ""D_plus"", ""Delta_1232"", ""Higgs"", ""J_psi"", ""K_long"", ""K_plus"", ""K_short"", ""Omega_minus"", ""W"", ""Z"", ""eta"", ""neutron"", ""pi0"", ""proton"", ""tau""]",19,0.0002
cluster,"[""Ds_plus"", ""Upsilon_1S"", ""Xi_minus"", ""phi_1020"", ""pi_plus""]",5,0.0002
cluster,"[""Sigma_plus"", ""electron"", ""omega_782"", ""top""]",4,0.0002
cluster,"[""Lambda"", ""electron"", ""muon"", ""phi_1020""]",4,0.0002
cluster,"[""B0"", ""B_plus"", ""Bs0"", ""D_plus"", ""K_long"", ""K_plus"", ""Sigma_plus"", ""neutron"", ""omega_782"", ""pi0"", ""proton"", ""tau"", ""top""]",13,0.0002
cluster,"[""Upsilon_1S"", ""electron"", ""pi_plus""]",3,0.0002
cluster,"[""Lambda"", ""muon"", ""phi_1020"", ""proton""]",4,0.0002
cluster,"[""B0"", ""B_plus"", ""Bs0"", ""D_plus"", ""K_long"", ""K_plus"", ""neutron"", ""omega_782"", ""pi0"", ""tau"", ""top""]",11,0.0002
cluster,"[""Ds_plus"", ""Xi_minus"", ""electron""]",3,0.0002
cluster,"[""Lambda"", ""Upsilon_1S"", ""muon"", ""phi_1020"", ""pi_plus"", ""proton""]",6,0.0002
cluster,"[""B0"", ""B_plus"", ""Bs0"", ""D_plus"", ""K_long"", ""K_plus"", ""Omega_minus"", ""neutron"", ""omega_782"", ""pi0"", ""tau"", ""top""]",12,0.0002
cluster,"[""D0"", ""Delta_1232"", ""Ds_plus"", ""Higgs"", ""J_psi"", ""K_short"", ""W"", ""Xi_minus"", ""Z"", ""electron"", ""eta"", ""proton""]",12,0.0002
cluster,"[""B0"", ""B_plus"", ""Bs0"", ""D_plus"", ""K_long"", ""K_plus"", ""Omega_minus"", ""neutron"", ""omega_782"", ""pi0"", ""rho_770"", ""tau"", ""top""]",13,0.0002
cluster,"[""Delta_1232"", ""Ds_plus"", ""Higgs"", ""J_psi"", ""W"", ""Xi_minus"", ""Z""]",7,0.0002
cluster,"[""B0"", ""B_plus"", ""Bs0"", ""D_plus"", ""K_long"", ""K_plus"", ""Omega_minus"", ""Sigma_plus"", ""electron"", ""neutron"", ""omega_782"", ""pi0"", ""proton"", ""rho_770"", ""tau"", ""top""]",16,0.0002
cluster,"[""Delta_1232"", ""Ds_plus"", ""Higgs"", ""J_psi"", ""W"", ""Xi_minus"", ""Z"", ""pi_plus""]",8,0.0002
cluster,"[""B0"", ""B_plus"", ""Bs0"", ""D_plus"", ""K_long"", ""K_plus"", ""Omega_minus"", ""electron"", ""omega_782"", ""pi0"", ""proton"", ""rho_770"", ""tau"", ""top""]",14,0.0002
cluster,"[""B0"", ""B_plus"", ""Bs0"", ""D_plus"", ""K_long"", ""K_plus"", ""Omega_minus"", ""Sigma_plus"", ""electron"", ""neutron"", ""omega_782"", ""phi_1020"", ""pi0"", ""proton"", ""rho_770"", ""tau"", ""top""]",17,0.0002
cluster,"[""Lambda"", ""Upsilon_1S"", ""electron"", ""neutron"", ""proton""]",5,0.0002
cluster,"[""Delta_1232"", ""Ds_plus"", ""Higgs"", ""J_psi"", ""Lambda"", ""Upsilon_1S"", ""W"", ""Xi_minus"", ""Z"", ""electron"", ""eta"", ""muon"", ""neutron"", ""pi_plus"", ""proton""]",15,0.0002
cluster,"[""Delta_1232"", ""Ds_plus"", ""Higgs"", ""J_psi"", ""Lambda"", ""W"", ""Xi_minus"", ""Z"", ""electron"", ""eta"", ""muon"", ""neutron"", ""pi_plus""]",13,0.0002
cluster,"[""B0"", ""B_plus"", ""Bs0"", ""D0"", ""D_plus"", ""K_long"", ""K_plus"", ""K_short"", ""Omega_minus"", ""Sigma_plus"", ""Upsilon_1S"", ""omega_782"", ""phi_1020"", ""pi0"", ""rho_770"", ""tau"", ""top""]",17,0.0002
cluster,"[""Ds_plus"", ""Higgs"", ""Xi_minus"", ""eta"", ""muon"", ""pi_plus""]",6,0.0002
cluster,"[""Delta_1232"", ""J_psi"", ""Lambda"", ""W"", ""Z"", ""neutron""]",6,0.0002
cluster,"[""D0"", ""K_short"", ""electron"", ""omega_782"", ""pi0"", ""proton"", ""rho_770"", ""top""]",8,0.0002
cluster,"[""B0"", ""B_plus"", ""Bs0"", ""D_plus"", ""Omega_minus"", ""phi_1020"", ""proton"", ""tau""]",8,0.0002
cluster,"[""D0"", ""K_short"", ""electron"", ""omega_782"", ""pi0"", ""rho_770"", ""top""]",7,0.0002
cluster,"[""Delta_1232"", ""Ds_plus"", ""Higgs"", ""J_psi"", ""Lambda"", ""W"", ""Xi_minus"", ""Z"", ""eta"", ""muon"", ""neutron"", ""pi_plus""]",12,0.0002
cluster,"[""Delta_1232"", ""J_psi"", ""K_long"", ""K_plus"", ""Lambda"", ""Sigma_plus"", ""Upsilon_1S"", ""W"", ""Z"", ""proton""]",10,0.0002
cluster,"[""B0"", ""B_plus"", ""Bs0"", ""D_plus"", ""Omega_minus"", ""electron"", ""phi_1020"", ""tau""]",8,0.0002
cluster,"[""D0"", ""K_short"", ""omega_782"", ""pi0"", ""rho_770"", ""top""]",6,0.0002
cluster,"[""Ds_plus"", ""Higgs"", ""Xi_minus"", ""eta"", ""muon"", ""neutron"", ""pi_plus""]",7,0.0002
cluster,"[""B0"", ""B_plus"", ""Bs0"", ""D_plus"", ""Delta_1232"", ""Higgs"", ""J_psi"", ""K_long"", ""K_plus"", ""Lambda"", ""Omega_minus"", ""Sigma_plus"", ""Upsilon_1S"", ""W"", ""Z"", ""electron"", ""phi_1020"", ""proton"", ""tau""]",19,0.0002
cluster,"[""D0"", ""Ds_plus"", ""K_short"", ""Xi_minus"", ""eta"", ""muon"", ""neutron"", ""omega_782"", ""pi0"", ""pi_plus"", ""rho_770"", ""top""]",12,0.0002
cluster,"[""Delta_1232"", ""J_psi"", ""K_long"", ""K_plus"", ""Sigma_plus"", ""Upsilon_1S"", ""W"", ""Z"", ""electron""]",9,0.0002
cluster,"[""D0"", ""Ds_plus"", ""K_short"", ""Xi_minus"", ""eta"", ""muon"", ""neutron"", ""omega_782"", ""pi0"", ""pi_plus"", ""proton"", ""rho_770"", ""top""]",13,0.0002
cluster,"[""Delta_1232"", ""K_long"", ""K_plus"", ""Sigma_plus"", ""Upsilon_1S"", ""W"", ""Z""]",7,0.0002
cluster,"[""B0"", ""B_plus"", ""Bs0"", ""D_plus"", ""Omega_minus"", ""tau""]",6,0.0002
cluster,"[""D0"", ""Ds_plus"", ""K_short"", ""Xi_minus"", ""muon"", ""neutron"", ""omega_782"", ""pi0"", ""pi_plus"", ""proton"", ""rho_770"", ""top""]",12,0.0002
cluster,"[""K_long"", ""K_plus"", ""Sigma_plus"", ""W"", ""Z""]",5,0.0002
cluster,"[""B0"", ""B_plus"", ""Bs0"", ""D_plus"", ""Delta_1232"", ""Omega_minus"", ""Upsilon_1S"", ""tau""]",8,0.0002
cluster,"[""D0"", ""Ds_plus"", ""K_short"", ""Lambda"", ""Xi_minus"", ""electron"", ""eta"", ""muon"", ""neutron"", ""omega_782"", ""pi0"", ""pi_plus"", ""proton"", ""rho_770"", ""top""]",15,0.0002
cluster,"[""J_psi"", ""K_long"", ""K_plus"", ""Sigma_plus"", ""W"", ""Z""]",6,0.0002
cluster,"[""B0"", ""B_plus"", ""Bs0"", ""D_plus"", ""Delta_1232"", ""Omega_minus"", ""Upsilon_1S"", ""proton"", ""tau""]",9,0.0002
cluster,"[""Ds_plus"", ""Xi_minus"", ""electron"", ""muon"", ""omega_782"", ""pi_plus"", ""rho_770"", ""top""]",8,0.0002
cluster,"[""B0"", ""B_plus"", ""Bs0"", ""D_plus"", ""Delta_1232"", ""J_psi"", ""K_long"", ""K_plus"", ""Omega_minus"", ""Sigma_plus"", ""Upsilon_1S"", ""W"", ""Z"", ""proton"", ""tau""]",15,0.0002
cluster,"[""D0"", ""K_short"", ""electron"", ""neutron"", ""phi_1020"", ""pi0""]",6,0.0002
cluster,"[""Ds_plus"", ""Xi_minus"", ""muon"", ""omega_782"", ""pi_plus"", ""rho_770"", ""top""]",7,0.0002
cluster,"[""Xi_minus"", ""muon"", ""pi_plus""]",3,0.0002
cluster,"[""Ds_plus"", ""Lambda"", ""eta"", ""omega_782"", ""rho_770"", ""top""]",6,0.0002
cluster,"[""Higgs"", ""J_psi"", ""K_long"", ""K_plus"", ""Sigma_plus"", ""proton""]",6,0.0002
cluster,"[""B0"", ""B_plus"", ""Bs0"", ""D_plus"", ""Delta_1232"", ""Omega_minus"", ""Upsilon_1S"", ""W"", ""Z"", ""electron"", ""tau""]",11,0.0002
cluster,"[""D0"", ""K_short"", ""Xi_minus"", ""muon"", ""neutron"", ""phi_1020"", ""pi0"", ""pi_plus""]",8,0.0002
cluster,"[""Ds_plus"", ""Lambda"", ""eta"", ""omega_782"", ""proton"", ""rho_770"", ""top""]",7,0.0002
cluster,"[""Higgs"", ""J_psi"", ""K_long"", ""K_plus"", ""Sigma_plus""]",5,0.0002
cluster,"[""B0"", ""B_plus"", ""Bs0"", ""D_plus"", ""Delta_1232"", ""Omega_minus"", ""Upsilon_1S"", ""W"", ""Z"", ""neutron"", ""tau""]",11,0.0002
cluster,"[""D0"", ""Xi_minus"", ""muon"", ""phi_1020"", ""pi0"", ""pi_plus"", ""proton""]",7,0.0002
cluster,"[""Higgs"", ""K_long"", ""K_plus"", ""Sigma_plus"", ""electron""]",5,0.0002
cluster,"[""B0"", ""B_plus"", ""Bs0"", ""D_plus"", ""Delta_1232"", ""Omega_minus"", ""Upsilon_1S"", ""W"", ""Z"", ""neutron"", ""proton"", ""tau""]",12,0.0002
cluster,"[""K_long"", ""K_plus"", ""Sigma_plus"", ""electron"", ""eta"", ""omega_782"", ""rho_770"", ""top""]",8,0.0002
cluster,"[""B0"", ""B_plus"", ""Bs0"", ""D_plus"", ""J_psi"", ""Omega_minus"", ""Upsilon_1S"", ""W"", ""Z"", ""neutron"", ""proton"", ""tau""]",12,0.0002
cluster,"[""B0"", ""B_plus"", ""Bs0"", ""D_plus"", ""J_psi"", ""Omega_minus"", ""Upsilon_1S"", ""W"", ""Z"", ""neutron"", ""tau""]",11,0.0002
cluster,"[""D0"", ""Xi_minus"", ""electron"", ""muon"", ""phi_1020"", ""pi0"", ""pi_plus""]",7,0.0002
cluster,"[""D0"", ""Delta_1232"", ""K_short"", ""Upsilon_1S"", ""W"", ""Xi_minus"", ""Z"", ""electron"", ""muon"", ""pi_plus""]",10,0.0002
cluster,"[""K_long"", ""K_plus"", ""Sigma_plus"", ""eta"", ""omega_782"", ""proton"", ""rho_770"", ""top""]",8,0.0002
cluster,"[""K_short"", ""Upsilon_1S"", ""W"", ""Z"", ""electron""]",5,0.0002
cluster,"[""D0"", ""Delta_1232"", ""Xi_minus"", ""muon"", ""pi_plus""]",5,0.0002
cluster,"[""Ds_plus"", ""Lambda"", ""phi_1020"", ""proton""]",4,0.0002
cluster,"[""Ds_plus"", ""Lambda"", ""phi_1020""]",3,0.0002
cluster,"[""K_long"", ""K_plus"", ""Sigma_plus"", ""eta"", ""neutron"", ""omega_782"", ""rho_770"", ""top""]",8,0.0002
cluster,"[""B0"", ""B_plus"", ""Bs0"", ""D_plus"", ""Higgs"", ""J_psi"", ""Omega_minus"", ""electron"", ""tau""]",9,0.0002
cluster,"[""K_long"", ""K_plus"", ""Sigma_plus""]",3,0.0002
cluster,"[""electron"", ""eta"", ""neutron"", ""omega_782"", ""rho_770"", ""top""]",6,0.0002
cluster,"[""B0"", ""B_plus"", ""Bs0"", ""D_plus"", ""Higgs"", ""J_psi"", ""Omega_minus"", ""tau""]",8,0.0002
cluster,"[""K_long"", ""K_plus"", ""Sigma_plus"", ""electron"", ""neutron""]",5,0.0002
cluster,"[""eta"", ""omega_782"", ""rho_770"", ""top""]",4,0.0002
cluster,"[""B0"", ""B_plus"", ""Bs0"", ""D_plus"", ""Higgs"", ""J_psi"", ""Omega_minus"", ""proton"", ""tau""]",9,0.0002
cluster,"[""Ds_plus"", ""Lambda"", ""pi0""]",3,0.0002
cluster,"[""K_long"", ""K_plus"", ""electron"", ""phi_1020""]",4,0.0002
cluster,"[""B0"", ""B_plus"", ""Bs0"", ""D_plus"", ""Higgs"", ""J_psi"", ""Omega_minus"", ""eta"", ""omega_782"", ""proton"", ""rho_770"", ""tau"", ""top""]",13,0.0002
cluster,"[""Ds_plus"", ""Lambda"", ""electron"", ""pi0""]",4,0.0002
cluster,"[""B0"", ""B_plus"", ""Bs0"", ""D_plus"", ""Higgs"", ""J_psi"", ""Omega_minus"", ""eta"", ""omega_782"", ""rho_770"", ""tau"", ""top""]",12,0.0002
cluster,"[""K_long"", ""K_plus"", ""Sigma_plus"", ""neutron"", ""phi_1020"", ""proton""]",6,0.0002
cluster,"[""Delta_1232"", ""Ds_plus"", ""Lambda"", ""pi0"", ""proton""]",5,0.0002
cluster,"[""J_psi"", ""K_short"", ""muon""]",3,0.0002
cluster,"[""D0"", ""Upsilon_1S"", ""Xi_minus"", ""pi_plus""]",4,0.0002
cluster,"[""Delta_1232"", ""Ds_plus"", ""K_long"", ""K_plus"", ""Lambda"", ""neutron"", ""pi0""]",7,0.0002
cluster,"[""J_psi"", ""K_short"", ""electron"", ""muon""]",4,0.0002
cluster,"[""Delta_1232"", ""Ds_plus"", ""Lambda"", ""W"", ""Z"", ""neutron"", ""pi0""]",7,0.0002
cluster,"[""B0"", ""B_plus"", ""Bs0"", ""D_plus"", ""Omega_minus"", ""electron"", ""eta"", ""omega_782"", ""rho_770"", ""tau"", ""top""]",11,0.0002
cluster,"[""Higgs"", ""J_psi"", ""K_short"", ""muon""]",4,0.0002
cluster,"[""D0"", ""Upsilon_1S"", ""Xi_minus"", ""pi_plus"", ""proton""]",5,0.0002
cluster,"[""B0"", ""B_plus"", ""Bs0"", ""D_plus"", ""Higgs"", ""J_psi"", ""K_short"", ""Omega_minus"", ""Xi_minus"", ""electron"", ""eta"", ""muon"", ""omega_782"", ""pi_plus"", ""proton"", ""rho_770"", ""tau"", ""top""]",18,0.0002
cluster,"[""B0"", ""B_plus"", ""Bs0"", ""D_plus"", ""Higgs"", ""K_short"", ""Omega_minus"", ""eta"", ""muon"", ""omega_782"", ""proton"", ""rho_770"", ""tau"", ""top""]",14,0.0002
cluster,"[""J_psi"", ""Xi_minus"", ""pi_plus""]",3,0.0002
cluster,"[""Delta_1232"", ""Ds_plus"", ""K_long"", ""K_plus"", ""Lambda"", ""Sigma_plus"", ""Upsilon_1S"", ""W"", ""Z"", ""electron"", ""neutron"", ""pi0""]",12,0.0002
cluster,"[""D0"", ""Delta_1232"", ""Ds_plus"", ""K_long"", ""K_plus"", ""Lambda"", ""Sigma_plus"", ""Upsilon_1S"", ""W"", ""Z"", ""electron"", ""neutron"", ""pi0"", ""proton""]",14,0.0002
cluster,"[""Ds_plus"", ""K_long"", ""K_plus"", ""Lambda"", ""Upsilon_1S"", ""W"", ""Z"", ""electron"", ""pi0"", ""proton""]",10,0.0002
cluster,"[""B0"", ""B_plus"", ""Bs0"", ""D_plus"", ""Omega_minus"", ""eta"", ""muon"", ""tau""]",8,0.0002
cluster,"[""D0"", ""Higgs"", ""J_psi"", ""K_short"", ""Xi_minus"", ""neutron"", ""omega_782"", ""pi_plus"", ""rho_770"", ""top""]",10,0.0002
cluster,"[""Delta_1232"", ""Ds_plus"", ""K_long"", ""K_plus"", ""Sigma_plus"", ""W"", ""Z"", ""pi0""]",8,0.0002
cluster,"[""Higgs"", ""K_short"", ""Xi_minus"", ""omega_782"", ""pi_plus"", ""rho_770"", ""top""]",7,0.0002
cluster,"[""D0"", ""J_psi"", ""electron"", ""neutron""]",4,0.0002
cluster,"[""Lambda"", ""Upsilon_1S"", ""proton""]",3,0.0002
cluster,"[""D0"", ""Higgs"", ""J_psi"", ""K_short"", ""Xi_minus"", ""electron"", ""neutron"", ""omega_782"", ""pi_plus"", ""proton"", ""rho_770"", ""top""]",12,0.0002
cluster,"[""B0"", ""B_plus"", ""Bs0"", ""D_plus"", ""Delta_1232"", ""Omega_minus"", ""electron"", ""muon"", ""phi_1020"", ""proton"", ""tau""]",11,0.0002
cluster,"[""Sigma_plus"", ""W"", ""Z"", ""electron"", ""pi0"", ""proton""]",6,0.0002
cluster,"[""B0"", ""B_plus"", ""Bs0"", ""D_plus"", ""Delta_1232"", ""Omega_minus"", ""muon"", ""phi_1020"", ""tau""]",9,0.0002
cluster,"[""B0"", ""B_plus"", ""Bs0"", ""D_plus"", ""Delta_1232"", ""K_short"", ""Omega_minus"", ""eta"", ""muon"", ""neutron"", ""phi_1020"", ""pi_plus"", ""tau""]",13,0.0002
cluster,"[""Ds_plus"", ""K_long"", ""K_plus"", ""Sigma_plus"", ""Upsilon_1S"", ""W"", ""Z"", ""electron"", ""pi0"", ""proton""]",10,0.0002
cluster,"[""B0"", ""B_plus"", ""Bs0"", ""D_plus"", ""Delta_1232"", ""K_short"", ""Omega_minus"", ""Xi_minus"", ""eta"", ""muon"", ""neutron"", ""phi_1020"", ""pi_plus"", ""tau""]",14,0.0002
cluster,"[""D0"", ""Ds_plus"", ""Higgs"", ""J_psi"", ""K_long"", ""K_plus"", ""Lambda"", ""Upsilon_1S"", ""electron"", ""omega_782"", ""proton"", ""rho_770"", ""top""]",13,0.0002
cluster,"[""B0"", ""B_plus"", ""Bs0"", ""D_plus"", ""Delta_1232"", ""K_short"", ""Omega_minus"", ""W"", ""Z"", ""muon"", ""neutron"", ""phi_1020"", ""pi_plus"", ""tau""]",14,0.0002
cluster,"[""D0"", ""Ds_plus"", ""Higgs"", ""J_psi"", ""K_long"", ""K_plus"", ""Lambda"", ""electron"", ""omega_782"", ""proton"", ""rho_770"", ""top""]",12,0.0002
cluster,"[""K_short"", ""phi_1020"", ""pi_plus"", ""tau""]",4,0.0002
cluster,"[""Xi_minus"", ""eta"", ""proton""]",3,0.0002
cluster,"[""Ds_plus"", ""Higgs"", ""J_psi"", ""K_long"", ""K_plus"", ""Lambda"", ""omega_782"", ""rho_770"", ""top""]",9,0.0002
cluster,"[""K_short"", ""phi_1020"", ""pi_plus"", ""proton"", ""tau""]",5,0.0002
cluster,"[""Xi_minus"", ""electron"", ""eta""]",3,0.0002
cluster,"[""B0"", ""B_plus"", ""Bs0"", ""D_plus"", ""Delta_1232"", ""K_short"", ""Omega_minus"", ""W"", ""Xi_minus"", ""Z"", ""electron"", ""eta"", ""muon"", ""neutron"", ""phi_1020"", ""pi_plus"", ""proton"", ""tau""]",18,0.0002
cluster,"[""D0"", ""Ds_plus"", ""Higgs"", ""J_psi"", ""K_long"", ""K_plus"", ""Lambda"", ""Sigma_plus"", ""Upsilon_1S"", ""omega_782"", ""rho_770"", ""top""]",12,0.0002
cluster,"[""B0"", ""B_plus"", ""Bs0"", ""D_plus"", ""Delta_1232"", ""K_short"", ""Omega_minus"", ""W"", ""Z"", ""electron"", ""muon"", ""neutron"", ""pi0"", ""pi_plus"", ""proton"", ""tau""]",16,0.0002
cluster,"[""D0"", ""Ds_plus"", ""Higgs"", ""J_psi"", ""K_long"", ""K_plus"", ""Lambda"", ""Sigma_plus"", ""omega_782"", ""rho_770"", ""top""]",11,0.0002
cluster,"[""D0"", ""K_long"", ""K_plus"", ""Lambda""]",4,0.0002
cluster,"[""Ds_plus"", ""Higgs"", ""J_psi"", ""Sigma_plus"", ""omega_782"", ""proton"", ""rho_770"", ""top""]",8,0.0002
cluster,"[""Delta_1232"", ""K_short"", ""Xi_minus"", ""pi_plus"", ""tau""]",5,0.0002
cluster,"[""Ds_plus"", ""Higgs"", ""J_psi"", ""Sigma_plus"", ""Upsilon_1S"", ""electron"", ""omega_782"", ""rho_770"", ""top""]",9,0.0002
cluster,"[""B0"", ""B_plus"", ""Bs0"", ""D_plus"", ""Omega_minus"", ""W"", ""Z"", ""muon"", ""neutron"", ""pi0""]",10,0.0002
cluster,"[""Ds_plus"", ""Higgs"", ""J_psi"", ""Sigma_plus"", ""electron"", ""omega_782"", ""top""]",7,0.0002
cluster,"[""Upsilon_1S"", ""neutron"", ""rho_770""]",3,0.0002
cluster,"[""Delta_1232"", ""Xi_minus"", ""proton""]",3,0.0002
cluster,"[""Ds_plus"", ""Higgs"", ""J_psi"", ""Sigma_plus"", ""Upsilon_1S"", ""electron"", ""neutron"", ""omega_782"", ""rho_770"", ""top""]",10,0.0002
cluster,"[""K_short"", ""W"", ""Z"", ""pi_plus"", ""proton"", ""tau""]",6,0.0002
cluster,"[""D0"", ""K_long"", ""K_plus"", ""Lambda"", ""electron"", ""eta"", ""phi_1020""]",7,0.0002
cluster,"[""B0"", ""B_plus"", ""Bs0"", ""D_plus""]",4,0.0002
cluster,"[""K_short"", ""W"", ""Xi_minus"", ""Z"", ""pi_plus"", ""tau""]",6,0.0002
cluster,"[""B0"", ""B_plus"", ""Bs0"", ""D_plus"", ""proton""]",5,0.0002
cluster,"[""K_short"", ""W"", ""Xi_minus"", ""Z"", ""electron"", ""pi_plus"", ""tau""]",7,0.0002
cluster,"[""Higgs"", ""Sigma_plus"", ""neutron""]",3,0.0002
cluster,"[""J_psi"", ""omega_782"", ""top""]",3,0.0002
cluster,"[""B0"", ""B_plus"", ""Bs0"", ""D_plus"", ""Omega_minus"", ""Upsilon_1S"", ""muon"", ""pi0"", ""proton"", ""rho_770""]",10,0.0002
cluster,"[""Ds_plus"", ""Higgs"", ""Sigma_plus"", ""neutron""]",4,0.0002
cluster,"[""J_psi"", ""omega_782"", ""proton"", ""top""]",4,0.0002
cluster,"[""Omega_minus"", ""Upsilon_1S"", ""muon"", ""rho_770""]",4,0.0002
cluster,"[""Ds_plus"", ""Sigma_plus"", ""neutron"", ""proton""]",4,0.0002
cluster,"[""J_psi"", ""Omega_minus"", ""Upsilon_1S"", ""muon"", ""omega_782"", ""rho_770"", ""top""]",7,0.0002
cluster,"[""K_short"", ""W"", ""Xi_minus"", ""Z"", ""tau""]",5,0.0002
cluster,"[""D0"", ""Delta_1232"", ""K_long"", ""K_plus"", ""Lambda""]",5,0.0002
cluster,"[""Ds_plus"", ""eta"", ""neutron"", ""phi_1020"", ""proton""]",5,0.0002
cluster,"[""D0"", ""Delta_1232"", ""K_long"", ""K_plus"", ""Lambda"", ""proton""]",6,0.0002
cluster,"[""Ds_plus"", ""Sigma_plus"", ""eta"", ""neutron"", ""phi_1020""]",5,0.0002
cluster,"[""D0"", ""Delta_1232"", ""Ds_plus"", ""K_long"", ""K_plus"", ""Lambda"", ""Sigma_plus"", ""W"", ""Z"", ""eta"", ""neutron"", ""phi_1020"", ""proton""]",13,0.0002
cluster,"[""B0"", ""B_plus"", ""Bs0"", ""D_plus"", ""J_psi"", ""Omega_minus"", ""Upsilon_1S"", ""muon"", ""omega_782"", ""pi0"", ""pi_plus"", ""rho_770"", ""top""]",13,0.0002
cluster,"[""D0"", ""Delta_1232"", ""Ds_plus"", ""K_long"", ""K_plus"", ""Lambda"", ""Sigma_plus"", ""W"", ""Z"", ""electron"", ""eta"", ""neutron"", ""phi_1020""]",13,0.0002
cluster,"[""B0"", ""B_plus"", ""Bs0"", ""D_plus"", ""Higgs"", ""J_psi"", ""Omega_minus"", ""Upsilon_1S"", ""muon"", ""omega_782"", ""pi0"", ""pi_plus"", ""rho_770"", ""top""]",14,0.0002
cluster,"[""K_short"", ""Xi_minus"", ""proton"", ""tau""]",4,0.0002
cluster,"[""Delta_1232"", ""Ds_plus"", ""Sigma_plus"", ""electron"", ""eta"", ""phi_1020""]",6,0.0002
cluster,"[""B0"", ""B_plus"", ""Bs0"", ""D_plus"", ""J_psi"", ""Omega_minus"", ""Upsilon_1S"", ""omega_782"", ""pi0"", ""pi_plus"", ""proton"", ""rho_770"", ""top""]",13,0.0002
cluster,"[""Delta_1232"", ""Ds_plus"", ""Sigma_plus"", ""eta"", ""phi_1020"", ""proton""]",6,0.0002
cluster,"[""B0"", ""B_plus"", ""Bs0"", ""D_plus"", ""J_psi"", ""K_short"", ""Upsilon_1S"", ""Xi_minus"", ""omega_782"", ""pi0"", ""pi_plus"", ""rho_770"", ""tau"", ""top""]",14,0.0002
cluster,"[""Delta_1232"", ""Ds_plus"", ""Sigma_plus"", ""eta"", ""proton""]",5,0.0002
cluster,"[""D0"", ""W"", ""Z"", ""proton""]",4,0.0002
cluster,"[""B0"", ""B_plus"", ""Bs0"", ""D_plus"", ""Higgs"", ""J_psi"", ""K_long"", ""K_plus"", ""K_short"", ""Lambda"", ""Upsilon_1S"", ""Xi_minus"", ""electron"", ""neutron"", ""omega_782"", ""pi0"", ""pi_plus"", ""proton"", ""rho_770"", ""tau"", ""top""]",21,0.0002
cluster,"[""Delta_1232"", ""Ds_plus"", ""Sigma_plus"", ""W"", ""Z"", ""eta"", ""muon"", ""phi_1020""]",8,0.0002
cluster,"[""B0"", ""B_plus"", ""Bs0"", ""D_plus"", ""Higgs"", ""J_psi"", ""K_long"", ""K_short"", ""Upsilon_1S"", ""Xi_minus"", ""neutron"", ""omega_782"", ""pi0"", ""pi_plus"", ""proton"", ""rho_770"", ""tau"", ""top""]",18,0.0002
cluster,"[""Delta_1232"", ""electron"", ""eta"", ""muon"", ""phi_1020""]",5,0.0002
cluster,"[""B0"", ""B_plus"", ""Bs0"", ""D_plus"", ""Higgs"", ""J_psi"", ""pi_plus""]",7,0.0002
cluster,"[""K_short"", ""Upsilon_1S"", ""Xi_minus"", ""neutron"", ""omega_782"", ""pi0"", ""proton"", ""tau"", ""top""]",9,0.0002
cluster,"[""Delta_1232"", ""electron"", ""eta"", ""muon""]",4,0.0002
cluster,"[""B0"", ""B_plus"", ""Bs0"", ""D_plus"", ""Higgs"", ""J_psi"", ""pi_plus"", ""proton""]",8,0.0002
cluster,"[""K_short"", ""Upsilon_1S"", ""Xi_minus"", ""neutron"", ""omega_782"", ""pi0"", ""tau"", ""top""]",8,0.0002
cluster,"[""Ds_plus"", ""Sigma_plus"", ""W"", ""Z"", ""electron""]",5,0.0002
cluster,"[""Delta_1232"", ""Omega_minus"", ""eta"", ""muon"", ""phi_1020""]",5,0.0002
cluster,"[""B0"", ""B_plus"", ""Bs0"", ""D_plus"", ""Higgs"", ""J_psi"", ""K_short"", ""Upsilon_1S"", ""Xi_minus"", ""neutron"", ""omega_782"", ""pi0"", ""pi_plus"", ""tau"", ""top""]",15,0.0002
cluster,"[""K_plus"", ""Lambda"", ""rho_770""]",3,0.0002
cluster,"[""D0"", ""K_plus"", ""Lambda"", ""electron"", ""rho_770""]",5,0.0002
cluster,"[""Ds_plus"", ""Sigma_plus"", ""W"", ""Z"", ""eta"", ""muon"", ""proton""]",7,0.0002
cluster,"[""Ds_plus"", ""Sigma_plus"", ""W"", ""Z"", ""muon"", ""proton""]",6,0.0002
cluster,"[""Ds_plus"", ""Omega_minus"", ""Sigma_plus"", ""W"", ""Z"", ""eta"", ""muon""]",7,0.0002
cluster,"[""B0"", ""B_plus"", ""Bs0"", ""D_plus"", ""Delta_1232"", ""Higgs"", ""K_short"", ""Omega_minus"", ""W"", ""Xi_minus"", ""Z"", ""electron"", ""eta"", ""neutron"", ""phi_1020"", ""pi_plus"", ""proton""]",17,0.0002
cluster,"[""J_psi"", ""K_long"", ""K_plus"", ""Lambda"", ""Upsilon_1S"", ""omega_782"", ""pi0"", ""tau"", ""top""]",9,0.0002
cluster,"[""B0"", ""B_plus"", ""Bs0"", ""D_plus"", ""Delta_1232"", ""Higgs"", ""J_psi"", ""K_long"", ""K_plus"", ""K_short"", ""Lambda"", ""Omega_minus"", ""Upsilon_1S"", ""W"", ""Xi_minus"", ""Z"", ""electron"", ""eta"", ""neutron"", ""omega_782"", ""phi_1020"", ""pi0"", ""pi_plus"", ""proton"", ""tau"", ""top""]",26,0.0002
cluster,"[""B0"", ""B_plus"", ""Bs0"", ""D_plus"", ""Delta_1232"", ""K_short"", ""Xi_minus"", ""phi_1020"", ""pi_plus""]",9,0.0002
cluster,"[""Omega_minus"", ""W"", ""Z"", ""eta"", ""neutron"", ""proton""]",6,0.0002
cluster,"[""B0"", ""B_plus"", ""Bs0"", ""D_plus"", ""Delta_1232"", ""K_short"", ""Omega_minus"", ""W"", ""Xi_minus"", ""Z"", ""eta"", ""neutron"", ""phi_1020"", ""pi_plus""]",14,0.0002
cluster,"[""D0"", ""electron"", ""omega_782"", ""top""]",4,0.0002
cluster,"[""Ds_plus"", ""Sigma_plus"", ""muon"", ""proton"", ""rho_770""]",5,0.0002
cluster,"[""D0"", ""electron"", ""omega_782"", ""proton"", ""top""]",5,0.0002
cluster,"[""B0"", ""B_plus"", ""Bs0"", ""D_plus"", ""Delta_1232"", ""Higgs"", ""J_psi"", ""K_long"", ""K_plus"", ""K_short"", ""Lambda"", ""Upsilon_1S"", ""W"", ""Xi_minus"", ""Z"", ""electron"", ""eta"", ""phi_1020"", ""pi0"", ""pi_plus"", ""proton"", ""tau""]",22,0.0002
cluster,"[""Higgs"", ""J_psi"", ""K_plus"", ""Lambda"", ""Upsilon_1S"", ""electron"", ""pi0"", ""proton"", ""tau""]",9,0.0002
cluster,"[""D0"", ""Ds_plus"", ""Sigma_plus"", ""muon"", ""neutron"", ""omega_782"", ""rho_770"", ""top""]",8,0.0002
cluster,"[""B0"", ""B_plus"", ""Bs0"", ""D_plus"", ""Delta_1232"", ""K_long"", ""K_short"", ""W"", ""Xi_minus"", ""Z"", ""eta"", ""phi_1020"", ""pi_plus""]",13,0.0002
cluster,"[""Delta_1232"", ""Higgs"", ""J_psi"", ""K_long"", ""K_plus"", ""Lambda"", ""Upsilon_1S"", ""electron"", ""phi_1020"", ""pi0"", ""proton"", ""tau""]",12,0.0002
cluster,"[""D0"", ""Sigma_plus"", ""muon"", ""omega_782"", ""top""]",5,0.0002
cluster,"[""Ds_plus"", ""neutron"", ""rho_770""]",3,0.0002
cluster,"[""B0"", ""B_plus"", ""Bs0"", ""D_plus"", ""K_short"", ""W"", ""Xi_minus"", ""Z"", ""eta"", ""pi_plus""]",10,0.0002
cluster,"[""B0"", ""B_plus"", ""Bs0"", ""D_plus"", ""Delta_1232"", ""Higgs"", ""K_long"", ""K_plus"", ""K_short"", ""Lambda"", ""W"", ""Xi_minus"", ""Z"", ""electron"", ""eta"", ""phi_1020"", ""proton"", ""tau""]",18,0.0002
cluster,"[""Sigma_plus"", ""muon"", ""omega_782"", ""top""]",4,0.0002
cluster,"[""B0"", ""B_plus"", ""Bs0"", ""D_plus"", ""K_long"", ""K_short"", ""W"", ""Xi_minus"", ""Z"", ""electron"", ""eta"", ""proton""]",12,0.0002
cluster,"[""Delta_1232"", ""Higgs"", ""K_plus"", ""Lambda"", ""phi_1020"", ""tau""]",6,0.0002
cluster,"[""Delta_1232"", ""Higgs"", ""J_psi"", ""K_plus"", ""Lambda"", ""phi_1020"", ""pi0"", ""tau""]",8,0.0002
cluster,"[""electron"", ""pi_plus"", ""proton""]",3,0.0002
cluster,"[""D0"", ""Ds_plus"", ""Sigma_plus"", ""Upsilon_1S"", ""muon"", ""neutron"", ""omega_782"", ""top""]",8,0.0002
cluster,"[""Omega_minus"", ""electron"", ""proton"", ""rho_770""]",4,0.0002
cluster,"[""D0"", ""Sigma_plus"", ""Upsilon_1S"", ""muon"", ""neutron""]",5,0.0002
cluster,"[""Ds_plus"", ""electron"", ""omega_782"", ""proton"", ""top""]",5,0.0002
cluster,"[""Omega_minus"", ""pi_plus"", ""rho_770""]",3,0.0002
cluster,"[""D0"", ""Higgs"", ""J_psi"", ""Sigma_plus"", ""Upsilon_1S"", ""muon"", ""neutron"", ""pi0"", ""proton""]",9,0.0002
cluster,"[""Ds_plus"", ""electron"", ""omega_782"", ""top""]",4,0.0002
cluster,"[""D0"", ""Higgs"", ""J_psi"", ""Sigma_plus"", ""Upsilon_1S"", ""electron"", ""muon"", ""neutron"", ""pi0"", ""proton""]",10,0.0002
cluster,"[""B0"", ""B_plus"", ""Bs0"", ""D_plus"", ""Delta_1232"", ""K_long"", ""K_plus"", ""K_short"", ""Lambda"", ""W"", ""Xi_minus"", ""Z"", ""eta"", ""phi_1020"", ""tau""]",15,0.0002
cluster,"[""D0"", ""Delta_1232"", ""Higgs"", ""J_psi"", ""Sigma_plus"", ""Upsilon_1S"", ""electron"", ""muon"", ""neutron"", ""phi_1020"", ""pi0"", ""proton""]",12,0.0002
cluster,"[""B0"", ""B_plus"", ""Bs0"", ""D_plus"", ""K_long"", ""K_plus"", ""K_short"", ""Lambda"", ""W"", ""Xi_minus"", ""Z"", ""eta"", ""tau""]",13,0.0002
cluster,"[""B0"", ""B_plus"", ""Bs0"", ""D_plus"", ""K_long"", ""K_short"", ""Xi_minus"", ""eta""]",8,0.0002
cluster,"[""B0"", ""B_plus"", ""Bs0"", ""D_plus"", ""K_long"", ""K_short"", ""Xi_minus"", ""eta"", ""rho_770""]",9,0.0002
cluster,"[""K_plus"", ""Lambda"", ""W"", ""Z"", ""electron"", ""tau""]",6,0.0002
cluster,"[""B0"", ""B_plus"", ""Bs0"", ""D_plus"", ""K_long"", ""K_short"", ""Xi_minus"", ""eta"", ""proton"", ""rho_770""]",10,0.0002
cluster,"[""B0"", ""B_plus"", ""Bs0"", ""D_plus"", ""K_long"", ""K_plus"", ""K_short"", ""Lambda"", ""W"", ""Xi_minus"", ""Z"", ""electron"", ""eta"", ""proton"", ""rho_770"", ""tau""]",16,0.0002
cluster,"[""Lambda"", ""W"", ""Z"", ""tau""]",4,0.0002
cluster,"[""B0"", ""B_plus"", ""Bs0"", ""D_plus"", ""K_long"", ""K_plus"", ""K_short"", ""Xi_minus"", ""electron"", ""eta"", ""rho_770""]",11,0.0002
cluster,"[""B0"", ""B_plus"", ""Bs0"", ""D_plus"", ""K_long"", ""K_short"", ""Xi_minus"", ""electron"", ""rho_770""]",9,0.0002
cluster,"[""D0"", ""Delta_1232"", ""Higgs"", ""Sigma_plus"", ""phi_1020"", ""pi0"", ""proton""]",7,0.0002
cluster,"[""Ds_plus"", ""J_psi"", ""Upsilon_1S""]",3,0.0002
cluster,"[""B0"", ""B_plus"", ""Bs0"", ""D_plus"", ""K_long"", ""K_plus"", ""K_short"", ""Lambda"", ""Xi_minus"", ""eta"", ""neutron"", ""rho_770"", ""tau""]",13,0.0002
cluster,"[""W"", ""Z"", ""muon"", ""proton""]",4,0.0002
cluster,"[""B0"", ""B_plus"", ""Bs0"", ""D_plus"", ""K_long"", ""K_plus"", ""K_short"", ""Xi_minus"", ""omega_782"", ""rho_770"", ""top""]",11,0.0002
cluster,"[""Lambda"", ""eta"", ""neutron"", ""tau""]",4,0.0002
cluster,"[""B0"", ""B_plus"", ""Bs0"", ""D_plus"", ""K_long"", ""K_plus"", ""K_short"", ""Lambda"", ""W"", ""Xi_minus"", ""Z"", ""eta"", ""muon"", ""neutron"", ""omega_782"", ""proton"", ""rho_770"", ""tau"", ""top""]",19,0.0002
cluster,"[""B0"", ""B_plus"", ""Bs0"", ""D_plus"", ""K_long"", ""K_plus"", ""K_short"", ""Lambda"", ""Xi_minus"", ""eta"", ""neutron"", ""omega_782"", ""proton"", ""rho_770"", ""tau"", ""top""]",16,0.0002
cluster,"[""D0"", ""Delta_1232"", ""Ds_plus"", ""Higgs"", ""J_psi"", ""Omega_minus"", ""Sigma_plus"", ""Upsilon_1S"", ""phi_1020"", ""pi0"", ""pi_plus""]",11,0.0002
cluster,"[""W"", ""Z"", ""electron"", ""muon""]",4,0.0002
cluster,"[""D0"", ""Delta_1232"", ""Ds_plus"", ""Higgs"", ""J_psi"", ""Omega_minus"", ""Sigma_plus"", ""Upsilon_1S"", ""W"", ""Z"", ""electron"", ""muon"", ""phi_1020"", ""pi0"", ""pi_plus""]",15,0.0002
cluster,"[""eta"", ""rho_770"", ""tau""]",3,0.0002
cluster,"[""D0"", ""Delta_1232"", ""Ds_plus"", ""Higgs"", ""J_psi"", ""Omega_minus"", ""Sigma_plus"", ""Upsilon_1S"", ""W"", ""Z"", ""electron"", ""phi_1020"", ""pi0"", ""pi_plus""]",14,0.0002
cluster,"[""Delta_1232"", ""Ds_plus"", ""Higgs"", ""J_psi"", ""Omega_minus"", ""Upsilon_1S"", ""W"", ""Z"", ""electron"", ""phi_1020"", ""pi0"", ""pi_plus""]",12,0.0002
cluster,"[""B0"", ""B_plus"", ""Bs0"", ""D_plus"", ""K_long"", ""K_plus"", ""K_short"", ""Lambda"", ""Xi_minus"", ""neutron"", ""omega_782"", ""top""]",12,0.0002
cluster,"[""B0"", ""B_plus"", ""Bs0"", ""D_plus"", ""K_long"", ""K_plus"", ""K_short"", ""Xi_minus"", ""proton""]",9,0.0002
cluster,"[""D0"", ""Sigma_plus"", ""electron""]",3,0.0002
cluster,"[""Delta_1232"", ""Ds_plus"", ""Higgs"", ""J_psi"", ""Omega_minus"", ""Upsilon_1S"", ""W"", ""Z"", ""neutron"", ""phi_1020"", ""pi0"", ""pi_plus""]",12,0.0002
cluster,"[""D0"", ""Sigma_plus"", ""electron"", ""eta"", ""rho_770""]",5,0.0002
cluster,"[""D_plus"", ""Lambda"", ""electron""]",3,0.0002
cluster,"[""B0"", ""B_plus"", ""Bs0"", ""D_plus"", ""Delta_1232"", ""Higgs"", ""J_psi"", ""K_long"", ""K_plus"", ""K_short"", ""Upsilon_1S"", ""Xi_minus"", ""electron"", ""phi_1020""]",14,0.0002
cluster,"[""omega_782"", ""proton"", ""tau"", ""top""]",4,0.0002
cluster,"[""Ds_plus"", ""Omega_minus"", ""W"", ""Z"", ""neutron"", ""pi0"", ""pi_plus"", ""rho_770""]",8,0.0002
cluster,"[""B0"", ""B_plus"", ""Bs0"", ""Delta_1232"", ""Higgs"", ""J_psi"", ""K_long"", ""K_plus"", ""K_short"", ""Upsilon_1S"", ""W"", ""Xi_minus"", ""Z"", ""electron"", ""phi_1020"", ""pi0""]",16,0.0002
cluster,"[""Ds_plus"", ""Omega_minus"", ""neutron"", ""pi_plus"", ""rho_770""]",5,0.0002
cluster,"[""B0"", ""B_plus"", ""Bs0"", ""D_plus"", ""Delta_1232"", ""Higgs"", ""J_psi"", ""K_long"", ""K_plus"", ""K_short"", ""Lambda"", ""Upsilon_1S"", ""W"", ""Xi_minus"", ""Z"", ""electron"", ""phi_1020"", ""pi0"", ""proton""]",19,0.0002
cluster,"[""B0"", ""B_plus"", ""Bs0"", ""D_plus"", ""Delta_1232"", ""Higgs"", ""J_psi"", ""K_long"", ""K_plus"", ""K_short"", ""Lambda"", ""Upsilon_1S"", ""W"", ""Xi_minus"", ""Z"", ""phi_1020"", ""proton""]",17,0.0002
cluster,"[""D0"", ""Sigma_plus"", ""eta"", ""neutron""]",4,0.0002
cluster,"[""B0"", ""B_plus"", ""Bs0"", ""Higgs"", ""J_psi"", ""K_long"", ""K_plus"", ""K_short"", ""Upsilon_1S"", ""W"", ""Xi_minus"", ""Z"", ""phi_1020"", ""proton""]",14,0.0002
cluster,"[""D0"", ""eta"", ""neutron""]",3,0.0002
cluster,"[""D0"", ""electron"", ""eta"", ""neutron""]",4,0.0002
cluster,"[""D0"", ""Sigma_plus"", ""electron"", ""eta"", ""neutron"", ""omega_782"", ""top""]",7,0.0002
cluster,"[""Sigma_plus"", ""electron"", ""neutron"", ""omega_782"", ""top""]",5,0.0002
cluster,"[""D0"", ""Sigma_plus"", ""eta"", ""neutron"", ""omega_782"", ""top""]",6,0.0002
cluster,"[""D0"", ""Sigma_plus"", ""eta"", ""neutron"", ""omega_782"", ""proton"", ""top""]",7,0.0002
cluster,"[""D0"", ""Ds_plus"", ""Omega_minus"", ""Sigma_plus"", ""eta"", ""neutron"", ""omega_782"", ""pi_plus"", ""proton"", ""top""]",10,0.0002
cluster,"[""B0"", ""B_plus"", ""Bs0"", ""D_plus"", ""Delta_1232"", ""Higgs"", ""J_psi"", ""K_plus"", ""K_short"", ""Lambda"", ""Upsilon_1S"", ""W"", ""Xi_minus"", ""Z"", ""electron"", ""muon"", ""phi_1020""]",17,0.0002
cluster,"[""D0"", ""Sigma_plus"", ""omega_782"", ""top""]",4,0.0002
cluster,"[""B0"", ""B_plus"", ""Bs0"", ""D_plus"", ""Higgs"", ""J_psi"", ""K_plus"", ""K_short"", ""Lambda"", ""Upsilon_1S"", ""W"", ""Xi_minus"", ""Z"", ""electron"", ""muon"", ""phi_1020"", ""proton""]",17,0.0002
cluster,"[""B0"", ""B_plus"", ""Bs0"", ""D_plus"", ""Higgs"", ""J_psi"", ""K_plus"", ""K_short"", ""Lambda"", ""Upsilon_1S"", ""W"", ""Xi_minus"", ""Z"", ""electron"", ""muon"", ""phi_1020"", ""pi0"", ""proton"", ""rho_770""]",19,0.0002
cluster,"[""D_plus"", ""Higgs"", ""J_psi"", ""Lambda"", ""Upsilon_1S"", ""W"", ""Z"", ""muon"", ""phi_1020""]",9,0.0002
cluster,"[""D0"", ""Ds_plus"", ""K_long"", ""Omega_minus"", ""electron"", ""eta"", ""omega_782"", ""pi_plus"", ""top""]",9,0.0002
cluster,"[""D_plus"", ""Delta_1232"", ""Higgs"", ""J_psi"", ""Lambda"", ""Upsilon_1S"", ""W"", ""Z"", ""muon"", ""neutron"", ""phi_1020"", ""tau""]",12,0.0002
cluster,"[""Ds_plus"", ""Omega_minus"", ""electron"", ""eta"", ""omega_782"", ""pi_plus"", ""top""]",7,0.0002
cluster,"[""D0"", ""Ds_plus"", ""K_long"", ""Omega_minus"", ""electron"", ""eta"", ""omega_782"", ""pi_plus"", ""proton"", ""top""]",10,0.0002
cluster,"[""D0"", ""Ds_plus"", ""Omega_minus"", ""electron"", ""eta"", ""omega_782"", ""pi_plus"", ""proton"", ""top""]",9,0.0002
cluster,"[""electron"", ""phi_1020"", ""tau""]",3,0.0002
cluster,"[""Delta_1232"", ""Sigma_plus"", ""proton""]",3,0.0002
cluster,"[""D0"", ""Ds_plus"", ""K_long"", ""Omega_minus"", ""eta"", ""omega_782"", ""pi_plus"", ""top""]",8,0.0002
cluster,"[""B0"", ""B_plus"", ""Bs0"", ""D_plus"", ""Higgs"", ""J_psi"", ""K_plus"", ""K_short"", ""Lambda"", ""Upsilon_1S"", ""W"", ""Xi_minus"", ""Z"", ""muon"", ""neutron"", ""pi0"", ""rho_770""]",17,0.0002
cluster,"[""D0"", ""Omega_minus"", ""pi_plus""]",3,0.0002
cluster,"[""Higgs"", ""J_psi"", ""Upsilon_1S"", ""W"", ""Z"", ""electron"", ""phi_1020"", ""proton"", ""tau""]",9,0.0002
cluster,"[""Higgs"", ""J_psi"", ""Upsilon_1S"", ""W"", ""Z"", ""electron"", ""proton""]",7,0.0002
cluster,"[""B0"", ""B_plus"", ""Bs0"", ""D_plus"", ""Higgs"", ""J_psi"", ""K_plus"", ""K_short"", ""Lambda"", ""Upsilon_1S"", ""W"", ""Xi_minus"", ""Z"", ""electron"", ""muon"", ""neutron"", ""pi0"", ""proton"", ""rho_770""]",19,0.0002
cluster,"[""K_plus"", ""Xi_minus"", ""electron"", ""eta"", ""omega_782"", ""proton"", ""top""]",7,0.0002
cluster,"[""B0"", ""B_plus"", ""Bs0"", ""D_plus"", ""K_short"", ""Lambda"", ""muon"", ""neutron"", ""pi0"", ""rho_770""]",10,0.0002
cluster,"[""Ds_plus"", ""K_long"", ""electron"", ""proton""]",4,0.0002
cluster,"[""D0"", ""Delta_1232"", ""Ds_plus"", ""K_long"", ""Omega_minus"", ""electron"", ""phi_1020"", ""pi_plus"", ""proton""]",9,0.0002
cluster,"[""D0"", ""Delta_1232"", ""Ds_plus"", ""K_long"", ""Omega_minus"", ""electron"", ""phi_1020"", ""pi_plus""]",8,0.0002
cluster,"[""Higgs"", ""J_psi"", ""Sigma_plus"", ""Upsilon_1S"", ""W"", ""Z"", ""proton"", ""tau""]",8,0.0002
cluster,"[""D0"", ""Omega_minus"", ""phi_1020"", ""pi_plus""]",4,0.0002
cluster,"[""Delta_1232"", ""Ds_plus"", ""K_long""]",3,0.0002
cluster,"[""Higgs"", ""J_psi"", ""Sigma_plus"", ""Upsilon_1S"", ""W"", ""Z"", ""electron"", ""proton"", ""tau""]",9,0.0002
cluster,"[""D0"", ""Delta_1232"", ""Ds_plus"", ""K_long"", ""Omega_minus"", ""phi_1020"", ""pi_plus""]",7,0.0002
cluster,"[""Higgs"", ""J_psi"", ""Sigma_plus"", ""Upsilon_1S"", ""W"", ""Z"", ""electron"", ""tau""]",8,0.0002
cluster,"[""D0"", ""Delta_1232"", ""Ds_plus"", ""Higgs"", ""J_psi"", ""K_long"", ""Omega_minus"", ""Sigma_plus"", ""Upsilon_1S"", ""W"", ""Z"", ""electron"", ""phi_1020"", ""pi_plus"", ""rho_770"", ""tau""]",16,0.0002
cluster,"[""B0"", ""B_plus"", ""Bs0"", ""D_plus"", ""K_plus"", ""K_short"", ""Lambda"", ""Xi_minus"", ""eta"", ""muon"", ""neutron"", ""omega_782"", ""pi0"", ""proton"", ""top""]",15,0.0002
cluster,"[""D0"", ""Higgs"", ""J_psi"", ""K_long"", ""Omega_minus"", ""Sigma_plus"", ""Upsilon_1S"", ""W"", ""Z"", ""electron"", ""phi_1020"", ""pi_plus"", ""rho_770"", ""tau""]",14,0.0002
cluster,"[""B0"", ""B_plus"", ""Bs0"", ""D_plus"", ""Delta_1232"", ""Ds_plus"", ""K_plus"", ""K_short"", ""Lambda"", ""Xi_minus"", ""eta"", ""muon"", ""neutron"", ""omega_782"", ""pi0"", ""proton"", ""top""]",17,0.0002
cluster,"[""D0"", ""K_long"", ""Omega_minus"", ""phi_1020""]",4,0.0002
cluster,"[""Delta_1232"", ""Ds_plus"", ""K_plus"", ""Xi_minus"", ""neutron""]",5,0.0002
cluster,"[""B0"", ""B_plus"", ""Bs0"", ""K_short"", ""Lambda"", ""eta"", ""muon"", ""omega_782"", ""proton"", ""top""]",10,0.0002
cluster,"[""D_plus"", ""electron"", ""pi0""]",3,0.0002
cluster,"[""Higgs"", ""J_psi"", ""Sigma_plus"", ""Upsilon_1S"", ""W"", ""Z"", ""pi_plus"", ""rho_770"", ""tau""]",9,0.0002
cluster,"[""Delta_1232"", ""Ds_plus"", ""K_plus"", ""neutron""]",4,0.0002
cluster,"[""B0"", ""B_plus"", ""Bs0"", ""D_plus"", ""K_short"", ""Lambda"", ""Xi_minus"", ""electron"", ""eta"", ""muon"", ""omega_782"", ""pi0"", ""proton"", ""top""]",14,0.0002
cluster,"[""Delta_1232"", ""K_plus"", ""Xi_minus"", ""proton""]",4,0.0002
cluster,"[""B0"", ""B_plus"", ""Bs0"", ""K_short"", ""Lambda"", ""electron"", ""eta"", ""muon"", ""omega_782"", ""top""]",10,0.0002
cluster,"[""B0"", ""B_plus"", ""Bs0"", ""D_plus"", ""Delta_1232"", ""Ds_plus"", ""K_plus"", ""K_short"", ""Lambda"", ""Xi_minus"", ""electron"", ""eta"", ""muon"", ""neutron"", ""omega_782"", ""pi0"", ""proton"", ""top""]",18,0.0002
cluster,"[""D0"", ""Ds_plus"", ""Higgs"", ""J_psi"", ""K_long"", ""Omega_minus"", ""Sigma_plus"", ""Upsilon_1S"", ""W"", ""Z"", ""neutron"", ""phi_1020"", ""pi_plus"", ""proton"", ""rho_770"", ""tau""]",16,0.0002
cluster,"[""D0"", ""Higgs"", ""J_psi"", ""K_long"", ""Omega_minus"", ""Sigma_plus"", ""Upsilon_1S"", ""W"", ""Z"", ""neutron"", ""phi_1020"", ""pi_plus"", ""proton"", ""rho_770"", ""tau""]",15,0.0002
cluster,"[""Ds_plus"", ""K_plus"", ""electron""]",3,0.0002
cluster,"[""B0"", ""B_plus"", ""Bs0"", ""D_plus"", ""Delta_1232"", ""K_short"", ""Lambda"", ""Xi_minus"", ""eta"", ""muon"", ""omega_782"", ""pi0"", ""top""]",13,0.0002
cluster,"[""D0"", ""Higgs"", ""J_psi"", ""K_long"", ""Omega_minus"", ""Upsilon_1S"", ""W"", ""Z"", ""neutron"", ""phi_1020"", ""pi_plus"", ""proton"", ""rho_770""]",13,0.0002
cluster,"[""Ds_plus"", ""K_plus"", ""electron"", ""phi_1020""]",4,0.0002
cluster,"[""D0"", ""Higgs"", ""J_psi"", ""K_long"", ""Omega_minus"", ""Upsilon_1S"", ""W"", ""Z"", ""neutron"", ""pi_plus"", ""proton"", ""rho_770""]",12,0.0002
cluster,"[""B0"", ""B_plus"", ""Bs0"", ""Delta_1232"", ""K_short"", ""Lambda"", ""eta"", ""proton""]",8,0.0002
cluster,"[""D0"", ""Higgs"", ""J_psi"", ""K_long"", ""Omega_minus"", ""Upsilon_1S"", ""neutron"", ""pi_plus"", ""rho_770""]",9,0.0002
cluster,"[""D_plus"", ""electron"", ""eta""]",3,0.0002
cluster,"[""B0"", ""B_plus"", ""Bs0"", ""D_plus"", ""Delta_1232"", ""K_short"", ""Lambda"", ""electron"", ""eta""]",9,0.0002
cluster,"[""B0"", ""B_plus"", ""Bs0"", ""Delta_1232"", ""K_short"", ""Lambda"", ""electron""]",7,0.0002
cluster,"[""D0"", ""Higgs"", ""J_psi"", ""K_long"", ""Omega_minus"", ""Upsilon_1S"", ""proton"", ""rho_770""]",8,0.0002
cluster,"[""B0"", ""B_plus"", ""Bs0"", ""K_short"", ""Lambda"", ""electron""]",6,0.0002
cluster,"[""D0"", ""Ds_plus"", ""Higgs"", ""J_psi"", ""K_long"", ""K_plus"", ""Omega_minus"", ""Upsilon_1S"", ""W"", ""Xi_minus"", ""Z"", ""muon"", ""phi_1020"", ""proton"", ""rho_770""]",15,0.0002
cluster,"[""D0"", ""Ds_plus"", ""Higgs"", ""J_psi"", ""K_long"", ""K_plus"", ""Omega_minus"", ""Upsilon_1S"", ""proton"", ""rho_770""]",10,0.0002
cluster,"[""B0"", ""B_plus"", ""Bs0"", ""K_short"", ""Lambda"", ""W"", ""Xi_minus"", ""Z"", ""electron"", ""muon"", ""phi_1020""]",11,0.0002
cluster,"[""neutron"", ""pi0"", ""proton""]",3,0.0002
cluster,"[""Sigma_plus"", ""omega_782"", ""pi_plus"", ""tau"", ""top""]",5,0.0002
cluster,"[""D0"", ""Ds_plus"", ""Higgs"", ""J_psi"", ""K_long"", ""K_plus"", ""Omega_minus"", ""Upsilon_1S"", ""Xi_minus"", ""electron"", ""muon"", ""rho_770""]",12,0.0002
cluster,"[""D0"", ""K_long"", ""Omega_minus"", ""electron""]",4,0.0002
cluster,"[""Sigma_plus"", ""omega_782"", ""pi0"", ""pi_plus"", ""tau"", ""top""]",6,0.0002
cluster,"[""K_long"", ""Omega_minus"", ""electron""]",3,0.0002
cluster,"[""D_plus"", ""Delta_1232"", ""eta"", ""neutron""]",4,0.0002
cluster,"[""Ds_plus"", ""Higgs"", ""J_psi"", ""K_plus"", ""Upsilon_1S"", ""Xi_minus"", ""muon"", ""proton"", ""rho_770""]",9,0.0002
cluster,"[""Delta_1232"", ""electron"", ""eta""]",3,0.0002
cluster,"[""Sigma_plus"", ""pi0"", ""pi_plus"", ""tau""]",4,0.0002
cluster,"[""Delta_1232"", ""Sigma_plus"", ""electron"", ""eta"", ""pi0"", ""pi_plus"", ""tau""]",7,0.0002
cluster,"[""D0"", ""Ds_plus"", ""Higgs"", ""J_psi"", ""K_plus"", ""Upsilon_1S"", ""Xi_minus"", ""muon"", ""proton""]",9,0.0002
cluster,"[""B0"", ""B_plus"", ""Bs0"", ""K_short"", ""Lambda"", ""W"", ""Z"", ""phi_1020"", ""rho_770""]",9,0.0002
cluster,"[""D0"", ""K_long"", ""Omega_minus"", ""omega_782"", ""proton"", ""top""]",6,0.0002
cluster,"[""Ds_plus"", ""Higgs"", ""J_psi"", ""K_plus"", ""Upsilon_1S"", ""Xi_minus"", ""muon""]",7,0.0002
cluster,"[""D0"", ""Ds_plus"", ""Higgs"", ""J_psi"", ""K_plus"", ""Upsilon_1S"", ""Xi_minus"", ""muon""]",8,0.0002
cluster,"[""B0"", ""B_plus"", ""Bs0"", ""Ds_plus"", ""Higgs"", ""J_psi"", ""K_short"", ""Lambda"", ""Upsilon_1S"", ""Xi_minus"", ""electron"", ""rho_770""]",12,0.0002
cluster,"[""D_plus"", ""W"", ""Z"", ""neutron"", ""phi_1020""]",5,0.0002
cluster,"[""B0"", ""B_plus"", ""Bs0"", ""D_plus"", ""Ds_plus"", ""Higgs"", ""J_psi"", ""K_short"", ""Lambda"", ""Upsilon_1S"", ""W"", ""Xi_minus"", ""Z"", ""electron"", ""neutron"", ""phi_1020"", ""rho_770""]",17,0.0002
cluster,"[""D0"", ""Ds_plus"", ""K_plus"", ""Xi_minus"", ""electron"", ""muon"", ""omega_782"", ""top""]",8,0.0002
cluster,"[""B0"", ""B_plus"", ""Bs0"", ""Higgs"", ""J_psi"", ""K_short"", ""Lambda"", ""Upsilon_1S"", ""neutron"", ""rho_770""]",10,0.0002
cluster,"[""B0"", ""B_plus"", ""Bs0"", ""Higgs"", ""J_psi"", ""K_short"", ""Lambda"", ""Upsilon_1S"", ""neutron"", ""proton"", ""rho_770""]",11,0.0002
cluster,"[""Sigma_plus"", ""eta"", ""pi_plus""]",3,0.0002
cluster,"[""Delta_1232"", ""K_long"", ""pi0"", ""tau""]",4,0.0002
cluster,"[""D0"", ""K_plus"", ""Omega_minus"", ""electron"", ""muon"", ""omega_782"", ""top""]",7,0.0002
cluster,"[""Ds_plus"", ""Xi_minus"", ""proton""]",3,0.0002
cluster,"[""Delta_1232"", ""K_long"", ""Omega_minus"", ""eta"", ""pi0"", ""tau""]",6,0.0002
cluster,"[""Delta_1232"", ""K_long"", ""Omega_minus"", ""eta"", ""pi0"", ""proton"", ""tau""]",7,0.0002
cluster,"[""Delta_1232"", ""Omega_minus"", ""pi0"", ""proton""]",4,0.0002
cluster,"[""K_long"", ""eta"", ""proton"", ""tau""]",4,0.0002
cluster,"[""D0"", ""Delta_1232"", ""K_plus"", ""Omega_minus"", ""muon"", ""pi0""]",6,0.0002
cluster,"[""Sigma_plus"", ""W"", ""Z"", ""phi_1020"", ""pi_plus""]",5,0.0002
cluster,"[""K_long"", ""Sigma_plus"", ""W"", ""Z"", ""eta"", ""phi_1020"", ""pi_plus"", ""proton"", ""tau""]",9,0.0002
cluster,"[""Sigma_plus"", ""W"", ""Z"", ""phi_1020"", ""pi_plus"", ""proton""]",6,0.0002
cluster,"[""K_long"", ""Omega_minus"", ""eta"", ""pi0"", ""tau""]",5,0.0002
cluster,"[""Sigma_plus"", ""W"", ""Z"", ""phi_1020"", ""pi_plus"", ""proton"", ""rho_770""]",7,0.0002
cluster,"[""D_plus"", ""proton"", ""rho_770""]",3,0.0002
cluster,"[""B0"", ""B_plus"", ""Bs0"", ""D_plus"", ""Higgs"", ""J_psi"", ""K_short"", ""Lambda"", ""Upsilon_1S"", ""electron"", ""proton""]",11,0.0002
cluster,"[""B0"", ""B_plus"", ""Bs0"", ""Ds_plus"", ""Higgs"", ""J_psi"", ""K_short"", ""Lambda"", ""Upsilon_1S"", ""Xi_minus"", ""electron"", ""neutron"", ""omega_782"", ""proton"", ""top""]",15,0.0002
cluster,"[""B0"", ""B_plus"", ""Bs0"", ""Ds_plus"", ""Higgs"", ""J_psi"", ""K_short"", ""Lambda"", ""Upsilon_1S"", ""Xi_minus"", ""electron"", ""omega_782"", ""proton"", ""top""]",14,0.0002
cluster,"[""B0"", ""B_plus"", ""Bs0"", ""D_plus"", ""Ds_plus"", ""Higgs"", ""J_psi"", ""K_short"", ""Lambda"", ""Upsilon_1S"", ""Xi_minus"", ""electron"", ""omega_782"", ""proton"", ""top""]",15,0.0002
cluster,"[""K_plus"", ""Omega_minus"", ""W"", ""Z"", ""electron"", ""eta"", ""muon"", ""neutron"", ""phi_1020"", ""pi0"", ""tau""]",11,0.0002
cluster,"[""K_long"", ""Omega_minus"", ""Sigma_plus"", ""W"", ""Z"", ""electron"", ""phi_1020"", ""pi_plus"", ""proton"", ""rho_770"", ""tau""]",11,0.0002
cluster,"[""K_plus"", ""eta"", ""muon"", ""neutron"", ""pi0""]",5,0.0002
cluster,"[""K_long"", ""Sigma_plus"", ""electron"", ""pi_plus""]",4,0.0002
cluster,"[""K_plus"", ""Omega_minus"", ""W"", ""Z"", ""eta"", ""muon"", ""neutron"", ""phi_1020"", ""pi0"", ""proton"", ""rho_770"", ""tau""]",12,0.0002
cluster,"[""K_long"", ""K_plus"", ""Omega_minus"", ""Sigma_plus"", ""W"", ""Z"", ""electron"", ""eta"", ""muon"", ""neutron"", ""phi_1020"", ""pi0"", ""pi_plus"", ""proton"", ""rho_770"", ""tau""]",16,0.0002
cluster,"[""B0"", ""B_plus"", ""Bs0"", ""D_plus"", ""Delta_1232"", ""Higgs"", ""J_psi"", ""K_long"", ""K_short"", ""Lambda"", ""Sigma_plus"", ""Upsilon_1S"", ""electron"", ""omega_782"", ""pi_plus"", ""proton"", ""top""]",17,0.0002
cluster,"[""B0"", ""B_plus"", ""Bs0"", ""Delta_1232"", ""Ds_plus"", ""K_short"", ""Lambda"", ""electron"", ""proton""]",9,0.0002
cluster,"[""D0"", ""Ds_plus"", ""K_plus"", ""Omega_minus"", ""W"", ""Xi_minus"", ""Z"", ""electron"", ""eta"", ""muon"", ""phi_1020"", ""pi0"", ""proton"", ""rho_770"", ""tau""]",15,0.0002
cluster,"[""D0"", ""K_plus"", ""Omega_minus"", ""W"", ""Xi_minus"", ""Z"", ""electron"", ""eta"", ""muon"", ""phi_1020"", ""pi0"", ""proton"", ""rho_770"", ""tau""]",14,0.0002
cluster,"[""D0"", ""W"", ""Xi_minus"", ""Z"", ""electron"", ""eta"", ""phi_1020"", ""pi0"", ""rho_770""]",9,0.0002
cluster,"[""K_plus"", ""Omega_minus"", ""electron"", ""muon"", ""proton"", ""tau""]",6,0.0002
cluster,"[""D_plus"", ""Higgs"", ""J_psi"", ""K_long"", ""Sigma_plus"", ""Upsilon_1S"", ""electron"", ""neutron"", ""omega_782"", ""pi_plus"", ""proton"", ""top""]",12,0.0002
cluster,"[""D_plus"", ""K_long"", ""Sigma_plus"", ""Upsilon_1S"", ""neutron"", ""omega_782"", ""pi_plus"", ""proton"", ""top""]",9,0.0002
cluster,"[""Higgs"", ""J_psi"", ""electron""]",3,0.0002
cluster,"[""D_plus"", ""Higgs"", ""J_psi"", ""K_long"", ""K_plus"", ""Omega_minus"", ""Sigma_plus"", ""Upsilon_1S"", ""electron"", ""muon"", ""neutron"", ""omega_782"", ""pi_plus"", ""proton"", ""tau"", ""top""]",16,0.0002
cluster,"[""Ds_plus"", ""K_short"", ""Lambda"", ""W"", ""Z"", ""eta"", ""phi_1020"", ""pi0"", ""rho_770""]",9,0.0002
cluster,"[""D_plus"", ""Delta_1232"", ""K_long"", ""Sigma_plus"", ""Upsilon_1S"", ""omega_782"", ""pi_plus"", ""top""]",8,0.0002
cluster,"[""D_plus"", ""Delta_1232"", ""Higgs"", ""J_psi"", ""K_long"", ""K_plus"", ""Omega_minus"", ""Sigma_plus"", ""Upsilon_1S"", ""muon"", ""omega_782"", ""pi_plus"", ""tau"", ""top""]",14,0.0002
cluster,"[""Higgs"", ""J_psi"", ""K_plus"", ""Omega_minus"", ""tau""]",5,0.0002
cluster,"[""Higgs"", ""J_psi"", ""K_plus"", ""Omega_minus"", ""proton"", ""tau""]",6,0.0002
cluster,"[""D_plus"", ""Delta_1232"", ""K_long"", ""Sigma_plus"", ""electron"", ""muon"", ""pi_plus""]",7,0.0002
cluster,"[""Delta_1232"", ""Higgs"", ""J_psi"", ""K_plus"", ""Omega_minus"", ""Upsilon_1S"", ""muon"", ""omega_782"", ""tau"", ""top""]",10,0.0002
cluster,"[""Delta_1232"", ""Higgs"", ""J_psi"", ""K_plus"", ""Omega_minus"", ""Upsilon_1S"", ""omega_782"", ""tau"", ""top""]",9,0.0002
cluster,"[""B0"", ""B_plus"", ""Bs0"", ""D_plus"", ""Ds_plus"", ""K_long"", ""K_short"", ""Lambda"", ""Sigma_plus"", ""W"", ""Z"", ""electron"", ""eta"", ""neutron"", ""phi_1020"", ""pi0"", ""pi_plus"", ""rho_770""]",18,0.0002
cluster,"[""B0"", ""B_plus"", ""Bs0"", ""Ds_plus"", ""K_short"", ""Lambda"", ""eta"", ""neutron"", ""pi0""]",9,0.0002
cluster,"[""D0"", ""Ds_plus"", ""Higgs"", ""J_psi"", ""K_short"", ""Lambda"", ""Upsilon_1S"", ""Xi_minus"", ""neutron"", ""omega_782"", ""proton"", ""tau"", ""top""]",13,0.0002
cluster,"[""B0"", ""B_plus"", ""Bs0"", ""Ds_plus"", ""K_short"", ""Lambda"", ""electron"", ""eta"", ""pi0""]",9,0.0002
cluster,"[""K_long"", ""W"", ""Z"", ""phi_1020"", ""pi_plus"", ""rho_770""]",6,0.0002
cluster,"[""K_plus"", ""Omega_minus"", ""proton""]",3,0.0002
cluster,"[""D0"", ""Delta_1232"", ""Higgs"", ""J_psi"", ""Upsilon_1S"", ""Xi_minus"", ""neutron"", ""omega_782"", ""tau"", ""top""]",10,0.0002
cluster,"[""D0"", ""Delta_1232"", ""Ds_plus"", ""Higgs"", ""J_psi"", ""K_short"", ""Lambda"", ""Upsilon_1S"", ""Xi_minus"", ""electron"", ""neutron"", ""omega_782"", ""tau"", ""top""]",14,0.0002
cluster,"[""Delta_1232"", ""Upsilon_1S"", ""electron"", ""tau""]",4,0.0002
cluster,"[""D0"", ""Higgs"", ""J_psi"", ""Xi_minus"", ""neutron"", ""omega_782"", ""top""]",7,0.0002
cluster,"[""K_long"", ""eta"", ""pi_plus"", ""proton""]",4,0.0002
cluster,"[""B0"", ""B_plus"", ""Bs0"", ""eta"", ""pi0"", ""proton""]",6,0.0002
cluster,"[""D0"", ""Delta_1232"", ""Ds_plus"", ""Higgs"", ""J_psi"", ""K_short"", ""Lambda"", ""Upsilon_1S"", ""Xi_minus"", ""neutron"", ""omega_782"", ""proton"", ""top""]",13,0.0002
cluster,"[""Delta_1232"", ""Upsilon_1S"", ""Xi_minus"", ""neutron""]",4,0.0002
cluster,"[""Delta_1232"", ""Upsilon_1S"", ""Xi_minus"", ""neutron"", ""tau""]",5,0.0002
cluster,"[""D_plus"", ""Sigma_plus"", ""W"", ""Z"", ""electron"", ""muon"", ""phi_1020"", ""rho_770""]",8,0.0002
cluster,"[""D0"", ""Delta_1232"", ""Ds_plus"", ""Higgs"", ""J_psi"", ""K_short"", ""Lambda"", ""Upsilon_1S"", ""Xi_minus"", ""omega_782"", ""proton"", ""top""]",12,0.0002
cluster,"[""D_plus"", ""K_long"", ""K_plus"", ""Omega_minus"", ""Sigma_plus"", ""W"", ""Z"", ""electron"", ""eta"", ""muon"", ""phi_1020"", ""pi_plus"", ""rho_770""]",13,0.0002
cluster,"[""K_long"", ""electron"", ""eta"", ""pi_plus""]",4,0.0002
cluster,"[""B0"", ""B_plus"", ""Bs0"", ""K_long"", ""electron"", ""pi0"", ""pi_plus""]",7,0.0002
cluster,"[""Omega_minus"", ""W"", ""Z"", ""neutron"", ""phi_1020"", ""rho_770""]",6,0.0002
cluster,"[""B0"", ""B_plus"", ""Bs0"", ""D0"", ""Delta_1232"", ""Ds_plus"", ""Higgs"", ""J_psi"", ""K_long"", ""K_short"", ""Lambda"", ""Upsilon_1S"", ""omega_782"", ""pi0"", ""pi_plus"", ""proton"", ""top""]",17,0.0002
cluster,"[""W"", ""Z"", ""electron"", ""phi_1020"", ""rho_770"", ""tau""]",6,0.0002
cluster,"[""D_plus"", ""K_plus"", ""Omega_minus"", ""Sigma_plus"", ""electron"", ""eta"", ""neutron""]",7,0.0002
cluster,"[""D_plus"", ""K_plus"", ""Sigma_plus"", ""electron"", ""eta"", ""neutron""]",6,0.0002
cluster,"[""D_plus"", ""Sigma_plus"", ""electron"", ""muon"", ""neutron"", ""pi0""]",6,0.0002
cluster,"[""K_plus"", ""eta"", ""proton""]",3,0.0002
cluster,"[""B0"", ""B_plus"", ""Bs0"", ""D0"", ""D_plus"", ""Delta_1232"", ""Ds_plus"", ""Higgs"", ""J_psi"", ""K_long"", ""K_short"", ""Lambda"", ""Sigma_plus"", ""Upsilon_1S"", ""electron"", ""muon"", ""neutron"", ""omega_782"", ""pi0"", ""pi_plus"", ""top""]",21,0.0002
cluster,"[""D_plus"", ""K_plus"", ""Sigma_plus"", ""eta"", ""neutron"", ""pi0"", ""proton""]",7,0.0002
cluster,"[""B0"", ""B_plus"", ""Bs0"", ""D0"", ""Delta_1232"", ""Ds_plus"", ""Higgs"", ""J_psi"", ""K_long"", ""K_short"", ""Lambda"", ""Upsilon_1S"", ""electron"", ""muon"", ""omega_782"", ""pi_plus"", ""top""]",17,0.0002
cluster,"[""B0"", ""B_plus"", ""Bs0"", ""D_plus"", ""Delta_1232"", ""Ds_plus"", ""Higgs"", ""J_psi"", ""K_long"", ""K_plus"", ""Omega_minus"", ""Sigma_plus"", ""Upsilon_1S"", ""electron"", ""eta"", ""muon"", ""neutron"", ""omega_782"", ""pi0"", ""pi_plus"", ""proton"", ""top""]",22,0.0002
cluster,"[""D_plus"", ""K_plus"", ""Omega_minus"", ""Sigma_plus"", ""eta"", ""pi0""]",6,0.0002
cluster,"[""B0"", ""B_plus"", ""Bs0"", ""D0"", ""Delta_1232"", ""Ds_plus"", ""Higgs"", ""J_psi"", ""K_long"", ""K_short"", ""Lambda"", ""Upsilon_1S"", ""electron"", ""muon"", ""neutron"", ""omega_782"", ""pi_plus"", ""proton"", ""top""]",19,0.0002
cluster,"[""B0"", ""B_plus"", ""Bs0"", ""Delta_1232"", ""Ds_plus"", ""Higgs"", ""J_psi"", ""K_long"", ""Upsilon_1S"", ""muon"", ""neutron"", ""omega_782"", ""pi_plus"", ""proton"", ""top""]",15,0.0002
cluster,"[""D0"", ""K_short"", ""Lambda"", ""electron""]",4,0.0002
cluster,"[""D0"", ""K_short"", ""Lambda"", ""W"", ""Xi_minus"", ""Z"", ""electron"", ""phi_1020"", ""proton"", ""rho_770"", ""tau""]",11,0.0002
cluster,"[""D0"", ""K_short"", ""Lambda"", ""W"", ""Z"", ""phi_1020"", ""proton"", ""rho_770""]",8,0.0002
cluster,"[""Xi_minus"", ""phi_1020"", ""proton"", ""tau""]",4,0.0002
cluster,"[""Omega_minus"", ""electron"", ""eta"", ""proton""]",4,0.0002
cluster,"[""D_plus"", ""Delta_1232"", ""Higgs"", ""J_psi"", ""K_plus"", ""Omega_minus"", ""Sigma_plus"", ""electron"", ""eta"", ""omega_782"", ""pi0"", ""proton"", ""top""]",13,0.0002
cluster,"[""D_plus"", ""Delta_1232"", ""Higgs"", ""J_psi"", ""K_plus"", ""Sigma_plus"", ""electron"", ""omega_782"", ""pi0"", ""top""]",10,0.0002
cluster,"[""B0"", ""B_plus"", ""Bs0"", ""Ds_plus"", ""K_long"", ""Upsilon_1S"", ""W"", ""Z"", ""muon"", ""neutron"", ""pi_plus"", ""rho_770""]",12,0.0002
cluster,"[""D0"", ""K_short"", ""electron"", ""neutron"", ""phi_1020"", ""proton""]",6,0.0002
cluster,"[""B0"", ""B_plus"", ""Bs0"", ""Ds_plus"", ""K_long"", ""W"", ""Z"", ""muon"", ""pi_plus"", ""rho_770""]",10,0.0002
cluster,"[""D_plus"", ""Delta_1232"", ""Higgs"", ""J_psi"", ""K_plus"", ""Omega_minus"", ""Sigma_plus"", ""Upsilon_1S"", ""omega_782"", ""pi0"", ""top""]",11,0.0002
cluster,"[""D_plus"", ""Delta_1232"", ""Higgs"", ""J_psi"", ""Omega_minus"", ""Xi_minus"", ""electron"", ""eta"", ""omega_782"", ""pi0"", ""proton"", ""tau"", ""top""]",13,0.0002
cluster,"[""K_plus"", ""Sigma_plus"", ""Upsilon_1S"", ""W"", ""Z"", ""rho_770""]",6,0.0002
cluster,"[""D_plus"", ""Delta_1232"", ""Higgs"", ""J_psi"", ""Omega_minus"", ""Xi_minus"", ""electron"", ""eta"", ""neutron"", ""omega_782"", ""pi0"", ""tau"", ""top""]",13,0.0002
cluster,"[""Delta_1232"", ""Higgs"", ""J_psi"", ""Omega_minus"", ""Xi_minus"", ""omega_782"", ""pi0"", ""top""]",8,0.0002
cluster,"[""eta"", ""neutron"", ""tau""]",3,0.0002
cluster,"[""B0"", ""B_plus"", ""Bs0"", ""D0"", ""Ds_plus"", ""K_long"", ""K_short"", ""muon"", ""phi_1020"", ""pi_plus""]",10,0.0002
cluster,"[""B0"", ""B_plus"", ""Bs0"", ""Ds_plus"", ""muon"", ""phi_1020"", ""pi_plus""]",7,0.0002
cluster,"[""D_plus"", ""K_plus"", ""Sigma_plus"", ""Upsilon_1S"", ""W"", ""Z"", ""electron"", ""proton"", ""rho_770""]",9,0.0002
cluster,"[""B0"", ""B_plus"", ""Bs0"", ""Ds_plus"", ""K_plus"", ""Sigma_plus"", ""Upsilon_1S"", ""W"", ""Z"", ""electron"", ""muon"", ""phi_1020"", ""pi_plus"", ""proton"", ""rho_770""]",15,0.0002
cluster,"[""K_plus"", ""Sigma_plus"", ""Upsilon_1S"", ""W"", ""Z"", ""electron"", ""rho_770""]",7,0.0002
cluster,"[""Lambda"", ""eta"", ""tau""]",3,0.0002
cluster,"[""B0"", ""B_plus"", ""Bs0"", ""D0"", ""Ds_plus"", ""K_long"", ""K_short"", ""electron"", ""muon"", ""phi_1020"", ""pi_plus"", ""proton""]",12,0.0002
cluster,"[""D0"", ""Delta_1232"", ""Higgs"", ""J_psi"", ""K_long"", ""K_short"", ""Lambda"", ""Xi_minus"", ""eta"", ""neutron"", ""omega_782"", ""pi0"", ""proton"", ""tau"", ""top""]",15,0.0002
cluster,"[""Delta_1232"", ""Lambda"", ""eta"", ""omega_782"", ""tau"", ""top""]",6,0.0002
cluster,"[""D0"", ""Delta_1232"", ""K_long"", ""K_short"", ""Lambda"", ""electron"", ""eta"", ""omega_782"", ""tau"", ""top""]",10,0.0002
cluster,"[""D_plus"", ""Higgs"", ""J_psi"", ""Omega_minus"", ""Upsilon_1S"", ""W"", ""Xi_minus"", ""Z"", ""neutron"", ""pi0"", ""proton"", ""rho_770""]",12,0.0002
cluster,"[""D0"", ""Delta_1232"", ""K_long"", ""K_short"", ""Lambda"", ""electron"", ""eta"", ""muon"", ""omega_782"", ""pi_plus"", ""tau"", ""top""]",12,0.0002
cluster,"[""Higgs"", ""J_psi"", ""Lambda"", ""Upsilon_1S"", ""W"", ""Xi_minus"", ""Z"", ""pi0"", ""proton"", ""rho_770"", ""tau""]",11,0.0002
cluster,"[""B0"", ""B_plus"", ""Bs0"", ""D0"", ""Delta_1232"", ""Ds_plus"", ""Higgs"", ""J_psi"", ""K_long"", ""K_short"", ""Lambda"", ""Upsilon_1S"", ""W"", ""Xi_minus"", ""Z"", ""electron"", ""eta"", ""muon"", ""omega_782"", ""pi0"", ""pi_plus"", ""rho_770"", ""tau"", ""top""]",24,0.0002
cluster,"[""B0"", ""B_plus"", ""Bs0"", ""D0"", ""Delta_1232"", ""Ds_plus"", ""Higgs"", ""J_psi"", ""K_long"", ""K_short"", ""Lambda"", ""eta"", ""muon"", ""omega_782"", ""pi0"", ""pi_plus"", ""rho_770"", ""tau"", ""top""]",19,0.0002
cluster,"[""B0"", ""B_plus"", ""Bs0"", ""D0"", ""Delta_1232"", ""Ds_plus"", ""Higgs"", ""J_psi"", ""K_long"", ""K_plus"", ""K_short"", ""Lambda"", ""Sigma_plus"", ""eta"", ""muon"", ""neutron"", ""omega_782"", ""pi0"", ""pi_plus"", ""proton"", ""rho_770"", ""tau"", ""top""]",23,0.0002
cluster,"[""D0"", ""Higgs"", ""J_psi"", ""K_long"", ""K_short"", ""Lambda"", ""muon"", ""pi0"", ""pi_plus"", ""rho_770"", ""tau""]",11,0.0002
cluster,"[""B0"", ""B_plus"", ""Bs0"", ""Delta_1232"", ""Ds_plus"", ""eta"", ""omega_782"", ""proton"", ""top""]",9,0.0002
cluster,"[""B0"", ""B_plus"", ""Bs0"", ""Delta_1232"", ""Ds_plus"", ""K_plus"", ""eta"", ""neutron"", ""omega_782"", ""proton"", ""top""]",11,0.0002
cluster,"[""Higgs"", ""J_psi"", ""K_long"", ""K_short"", ""Lambda"", ""Upsilon_1S"", ""W"", ""Xi_minus"", ""Z"", ""muon"", ""pi0"", ""rho_770"", ""tau""]",13,0.0002
cluster,"[""B0"", ""B_plus"", ""Bs0"", ""D0"", ""Delta_1232"", ""Ds_plus"", ""Higgs"", ""J_psi"", ""K_long"", ""K_plus"", ""K_short"", ""Lambda"", ""Upsilon_1S"", ""W"", ""Xi_minus"", ""Z"", ""electron"", ""eta"", ""muon"", ""neutron"", ""omega_782"", ""phi_1020"", ""pi0"", ""pi_plus"", ""proton"", ""rho_770"", ""tau"", ""top""]",28,0.0002
cluster,"[""B0"", ""B_plus"", ""Bs0"", ""Delta_1232"", ""Ds_plus"", ""K_plus"", ""Sigma_plus"", ""eta"", ""neutron"", ""omega_782"", ""top""]",11,0.0002
cluster,"[""B0"", ""B_plus"", ""Bs0"", ""D0"", ""Delta_1232"", ""Ds_plus"", ""Higgs"", ""J_psi"", ""K_long"", ""K_plus"", ""K_short"", ""Lambda"", ""Sigma_plus"", ""Upsilon_1S"", ""W"", ""Xi_minus"", ""Z"", ""electron"", ""eta"", ""muon"", ""neutron"", ""omega_782"", ""phi_1020"", ""pi0"", ""pi_plus"", ""proton"", ""rho_770"", ""tau"", ""top""]",29,0.0002
cluster,"[""D0"", ""Higgs"", ""J_psi"", ""K_long"", ""K_short"", ""Lambda"", ""Upsilon_1S"", ""W"", ""Z"", ""muon"", ""neutron"", ""phi_1020"", ""pi0"", ""pi_plus"", ""rho_770"", ""tau""]",16,0.0002
cluster,"[""B0"", ""B_plus"", ""Bs0"", ""Ds_plus"", ""K_plus"", ""electron"", ""eta""]",7,0.0002
cluster,"[""B0"", ""B_plus"", ""Bs0"", ""D0"", ""Ds_plus"", ""Higgs"", ""J_psi"", ""K_plus"", ""W"", ""Z"", ""rho_770""]",11,0.0002
cluster,"[""D_plus"", ""Delta_1232"", ""omega_782"", ""proton"", ""top""]",5,0.0002
cluster,"[""Omega_minus"", ""eta"", ""proton""]",3,0.0002
cluster,"[""D0"", ""electron"", ""pi0""]",3,0.0002
cluster,"[""B0"", ""B_plus"", ""Bs0"", ""D0"", ""Ds_plus"", ""Higgs"", ""J_psi"", ""K_plus"", ""Sigma_plus"", ""Upsilon_1S"", ""W"", ""Z"", ""electron"", ""phi_1020"", ""pi0"", ""proton"", ""rho_770""]",17,0.0002
cluster,"[""B0"", ""B_plus"", ""Bs0"", ""D0"", ""Ds_plus"", ""Higgs"", ""J_psi"", ""K_plus"", ""K_short"", ""Sigma_plus"", ""Upsilon_1S"", ""W"", ""Z"", ""electron"", ""phi_1020"", ""pi0"", ""pi_plus"", ""proton"", ""rho_770"", ""tau""]",20,0.0002
cluster,"[""B0"", ""B_plus"", ""Bs0"", ""D0"", ""Ds_plus"", ""Higgs"", ""J_psi"", ""K_plus"", ""Sigma_plus"", ""Upsilon_1S"", ""W"", ""Z"", ""phi_1020"", ""pi0"", ""proton""]",15,0.0002
cluster,"[""Delta_1232"", ""K_long"", ""Lambda"", ""Xi_minus"", ""electron"", ""muon"", ""neutron"", ""omega_782"", ""top""]",9,0.0002
cluster,"[""D_plus"", ""Delta_1232"", ""K_long"", ""Lambda"", ""Omega_minus"", ""Xi_minus"", ""electron"", ""eta"", ""muon"", ""neutron"", ""omega_782"", ""proton"", ""rho_770"", ""top""]",14,0.0002
cluster,"[""D_plus"", ""Higgs"", ""J_psi"", ""Omega_minus"", ""W"", ""Z"", ""eta"", ""neutron"", ""rho_770""]",9,0.0002
cluster,"[""D_plus"", ""Higgs"", ""J_psi"", ""Omega_minus"", ""W"", ""Z"", ""neutron"", ""phi_1020""]",8,0.0002
cluster,"[""K_long"", ""Lambda"", ""Xi_minus"", ""eta"", ""muon"", ""rho_770""]",6,0.0002
cluster,"[""B0"", ""B_plus"", ""Bs0"", ""D0"", ""Ds_plus"", ""Omega_minus"", ""Sigma_plus"", ""Upsilon_1S"", ""electron"", ""neutron"", ""phi_1020"", ""pi0"", ""proton""]",13,0.0002
cluster,"[""B0"", ""B_plus"", ""Bs0"", ""D0"", ""Ds_plus"", ""Sigma_plus"", ""neutron"", ""proton""]",8,0.0002
cluster,"[""B0"", ""B_plus"", ""Bs0"", ""D0"", ""Delta_1232"", ""Ds_plus"", ""K_plus"", ""Sigma_plus"", ""neutron"", ""omega_782"", ""proton"", ""tau"", ""top""]",13,0.0002
cluster,"[""B0"", ""B_plus"", ""Bs0"", ""D0"", ""Delta_1232"", ""Ds_plus"", ""K_plus"", ""Sigma_plus"", ""electron"", ""neutron"", ""omega_782"", ""proton"", ""tau"", ""top""]",14,0.0002
cluster,"[""K_plus"", ""omega_782"", ""proton"", ""top""]",4,0.0002
cluster,"[""K_plus"", ""omega_782"", ""top""]",3,0.0002
cluster,"[""B0"", ""B_plus"", ""Bs0"", ""D0"", ""Delta_1232"", ""Ds_plus"", ""Sigma_plus"", ""neutron"", ""omega_782"", ""top""]",10,0.0002
cluster,"[""K_plus"", ""electron"", ""tau""]",3,0.0002
cluster,"[""B0"", ""B_plus"", ""Bs0"", ""D0"", ""Delta_1232"", ""Ds_plus"", ""K_plus"", ""Sigma_plus"", ""neutron"", ""omega_782"", ""tau"", ""top""]",12,0.0002
cluster,"[""D_plus"", ""Higgs"", ""J_psi"", ""K_long"", ""Lambda"", ""Xi_minus"", ""muon"", ""phi_1020""]",8,0.0002
cluster,"[""Higgs"", ""J_psi"", ""K_short"", ""Lambda"", ""W"", ""Z"", ""eta"", ""pi_plus""]",8,0.0002
cluster,"[""D_plus"", ""Higgs"", ""J_psi"", ""K_long"", ""K_short"", ""Lambda"", ""W"", ""Xi_minus"", ""Z"", ""electron"", ""eta"", ""muon"", ""neutron"", ""phi_1020"", ""pi_plus""]",15,0.0002
cluster,"[""D_plus"", ""Higgs"", ""J_psi"", ""K_long"", ""Lambda"", ""Omega_minus"", ""Upsilon_1S"", ""Xi_minus"", ""electron"", ""muon"", ""phi_1020"", ""pi0"", ""pi_plus""]",13,0.0002
cluster,"[""Omega_minus"", ""Upsilon_1S"", ""electron"", ""pi0""]",4,0.0002
cluster,"[""D_plus"", ""Higgs"", ""J_psi"", ""K_long"", ""Lambda"", ""Xi_minus"", ""muon"", ""phi_1020"", ""pi_plus""]",9,0.0002
cluster,"[""B0"", ""B_plus"", ""Bs0"", ""D0"", ""Delta_1232"", ""Ds_plus"", ""Omega_minus"", ""Sigma_plus"", ""Upsilon_1S"", ""electron"", ""omega_782"", ""pi0"", ""proton"", ""top""]",14,0.0002
cluster,"[""B0"", ""B_plus"", ""Bs0"", ""D0"", ""Ds_plus"", ""Sigma_plus"", ""omega_782"", ""proton"", ""top""]",9,0.0002
cluster,"[""D_plus"", ""Delta_1232"", ""K_long"", ""Omega_minus"", ""Upsilon_1S"", ""Xi_minus"", ""electron"", ""muon"", ""pi0""]",9,0.0002
cluster,"[""K_plus"", ""proton"", ""tau""]",3,0.0002
cluster,"[""K_short"", ""W"", ""Z"", ""eta"", ""neutron"", ""proton""]",6,0.0002
cluster,"[""Higgs"", ""J_psi"", ""neutron"", ""phi_1020"", ""pi_plus""]",5,0.0002
cluster,"[""Higgs"", ""J_psi"", ""K_short"", ""eta"", ""neutron"", ""phi_1020"", ""pi_plus""]",7,0.0002
cluster,"[""K_plus"", ""W"", ""Z"", ""electron"", ""tau""]",5,0.0002
cluster,"[""Delta_1232"", ""muon"", ""pi0""]",3,0.0002
cluster,"[""D_plus"", ""K_long"", ""Upsilon_1S"", ""Xi_minus"", ""proton""]",5,0.0002
cluster,"[""Delta_1232"", ""muon"", ""pi0"", ""proton""]",4,0.0002
cluster,"[""D_plus"", ""Delta_1232"", ""K_long"", ""Omega_minus"", ""Upsilon_1S"", ""Xi_minus"", ""muon"", ""omega_782"", ""pi0"", ""proton"", ""top""]",11,0.0002
cluster,"[""Higgs"", ""J_psi"", ""K_plus"", ""K_short"", ""electron"", ""eta"", ""phi_1020""]",7,0.0002
cluster,"[""Ds_plus"", ""Omega_minus"", ""omega_782"", ""proton"", ""top""]",5,0.0002
cluster,"[""D_plus"", ""Delta_1232"", ""Ds_plus"", ""K_long"", ""Omega_minus"", ""Upsilon_1S"", ""Xi_minus"", ""muon"", ""omega_782"", ""pi0"", ""proton"", ""top""]",12,0.0002
cluster,"[""Higgs"", ""J_psi"", ""K_plus"", ""K_short"", ""eta"", ""phi_1020""]",6,0.0002
cluster,"[""B0"", ""B_plus"", ""Bs0"", ""D0"", ""Sigma_plus"", ""W"", ""Z"", ""proton""]",8,0.0002
cluster,"[""Lambda"", ""Upsilon_1S"", ""neutron"", ""pi_plus""]",4,0.0002
cluster,"[""D_plus"", ""Delta_1232"", ""K_long"", ""Xi_minus"", ""electron"", ""muon"", ""omega_782"", ""pi0"", ""top""]",9,0.0002
cluster,"[""Ds_plus"", ""Omega_minus"", ""electron"", ""muon"", ""rho_770""]",5,0.0002
cluster,"[""B0"", ""B_plus"", ""Bs0"", ""D0"", ""Higgs"", ""J_psi"", ""Sigma_plus"", ""W"", ""Z"", ""electron"", ""eta"", ""phi_1020"", ""tau""]",13,0.0002
cluster,"[""Ds_plus"", ""Omega_minus"", ""W"", ""Z"", ""proton""]",5,0.0002
cluster,"[""B0"", ""B_plus"", ""Bs0"", ""D0"", ""Ds_plus"", ""Omega_minus"", ""Sigma_plus"", ""W"", ""Z"", ""muon"", ""neutron"", ""proton""]",12,0.0002
cluster,"[""Delta_1232"", ""K_plus"", ""K_short"", ""Upsilon_1S"", ""electron""]",5,0.0002
cluster,"[""D_plus"", ""Delta_1232"", ""Lambda"", ""Upsilon_1S"", ""electron"", ""omega_782"", ""pi0"", ""pi_plus"", ""top""]",9,0.0002
cluster,"[""D_plus"", ""Delta_1232"", ""K_plus"", ""K_short"", ""Lambda"", ""Upsilon_1S"", ""Xi_minus"", ""electron"", ""omega_782"", ""pi0"", ""pi_plus"", ""proton"", ""rho_770"", ""top""]",14,0.0002
cluster,"[""D_plus"", ""Delta_1232"", ""K_plus"", ""K_short"", ""Lambda"", ""Upsilon_1S"", ""omega_782"", ""pi0"", ""pi_plus"", ""proton"", ""rho_770"", ""top""]",12,0.0002
cluster,"[""D_plus"", ""Lambda"", ""Xi_minus"", ""pi_plus"", ""proton"", ""rho_770""]",6,0.0002
cluster,"[""B0"", ""B_plus"", ""Bs0"", ""D0"", ""Ds_plus"", ""Higgs"", ""J_psi"", ""Omega_minus"", ""Sigma_plus"", ""electron"", ""eta"", ""muon"", ""neutron"", ""phi_1020""]",14,0.0002
cluster,"[""D_plus"", ""Lambda"", ""pi0"", ""pi_plus"", ""rho_770""]",5,0.0002
cluster,"[""B0"", ""B_plus"", ""Bs0"", ""D0"", ""Higgs"", ""J_psi"", ""Sigma_plus"", ""electron"", ""eta"", ""neutron"", ""phi_1020"", ""tau""]",12,0.0002
cluster,"[""Delta_1232"", ""K_plus"", ""K_short"", ""Upsilon_1S"", ""electron"", ""omega_782"", ""tau"", ""top""]",8,0.0002
cluster,"[""K_plus"", ""K_short"", ""electron"", ""pi0"", ""proton"", ""rho_770""]",6,0.0002
cluster,"[""Delta_1232"", ""Upsilon_1S"", ""neutron"", ""omega_782"", ""tau"", ""top""]",6,0.0002
cluster,"[""B0"", ""B_plus"", ""Bs0"", ""D0"", ""Delta_1232"", ""Ds_plus"", ""Higgs"", ""J_psi"", ""K_long"", ""Omega_minus"", ""Sigma_plus"", ""Upsilon_1S"", ""eta"", ""muon"", ""neutron"", ""omega_782"", ""phi_1020"", ""tau"", ""top""]",19,0.0002
cluster,"[""Xi_minus"", ""electron"", ""proton""]",3,0.0002
cluster,"[""B0"", ""B_plus"", ""Bs0"", ""D0"", ""Delta_1232"", ""Sigma_plus"", ""muon""]",7,0.0002
cluster,"[""Ds_plus"", ""Higgs"", ""J_psi"", ""K_long"", ""Omega_minus"", ""Xi_minus"", ""electron"", ""eta"", ""phi_1020"", ""proton""]",10,0.0002
cluster,"[""B0"", ""B_plus"", ""Bs0"", ""D0"", ""Delta_1232"", ""Omega_minus"", ""Sigma_plus"", ""Upsilon_1S"", ""electron"", ""muon"", ""omega_782"", ""proton"", ""tau"", ""top""]",14,0.0002
cluster,"[""B0"", ""B_plus"", ""Bs0"", ""D0"", ""Delta_1232"", ""Ds_plus"", ""Higgs"", ""J_psi"", ""K_long"", ""Omega_minus"", ""Sigma_plus"", ""Upsilon_1S"", ""electron"", ""eta"", ""muon"", ""omega_782"", ""proton"", ""tau"", ""top""]",19,0.0002
cluster,"[""K_plus"", ""K_short"", ""W"", ""Z"", ""neutron""]",5,0.0002
cluster,"[""electron"", ""pi0"", ""proton""]",3,0.0002
cluster,"[""D0"", ""Delta_1232"", ""Ds_plus"", ""K_long"", ""Omega_minus""]",5,0.0002
cluster,"[""B0"", ""B_plus"", ""Bs0"", ""Sigma_plus"", ""Upsilon_1S"", ""muon"", ""omega_782"", ""rho_770"", ""tau"", ""top""]",10,0.0002
cluster,"[""D_plus"", ""Higgs"", ""J_psi"", ""K_plus"", ""Lambda"", ""Xi_minus"", ""electron"", ""eta"", ""neutron"", ""phi_1020"", ""pi_plus"", ""proton""]",12,0.0002
cluster,"[""D_plus"", ""Delta_1232"", ""Ds_plus"", ""Higgs"", ""J_psi"", ""Lambda"", ""Xi_minus"", ""electron"", ""eta"", ""neutron"", ""phi_1020"", ""pi_plus"", ""proton""]",13,0.0002
cluster,"[""D0"", ""K_long"", ""Omega_minus"", ""omega_782"", ""top""]",5,0.0002
cluster,"[""D0"", ""Ds_plus"", ""K_long"", ""Omega_minus"", ""electron"", ""omega_782"", ""top""]",7,0.0002
cluster,"[""B0"", ""B_plus"", ""Bs0"", ""D0"", ""K_long"", ""Omega_minus"", ""Sigma_plus"", ""Upsilon_1S"", ""electron"", ""muon"", ""omega_782"", ""proton"", ""rho_770"", ""tau"", ""top""]",15,0.0002
cluster,"[""B0"", ""B_plus"", ""Bs0"", ""Sigma_plus"", ""muon"", ""tau""]",6,0.0002
cluster,"[""B0"", ""B_plus"", ""Bs0"", ""D0"", ""K_long"", ""Omega_minus"", ""Sigma_plus"", ""Upsilon_1S"", ""muon"", ""rho_770"", ""tau""]",11,0.0002
cluster,"[""Ds_plus"", ""Lambda"", ""Upsilon_1S"", ""Xi_minus"", ""neutron"", ""omega_782"", ""pi_plus"", ""rho_770"", ""top""]",9,0.0002
cluster,"[""D_plus"", ""Delta_1232"", ""Ds_plus"", ""Higgs"", ""J_psi"", ""K_plus"", ""Lambda"", ""Upsilon_1S"", ""Xi_minus"", ""electron"", ""eta"", ""neutron"", ""omega_782"", ""pi_plus"", ""rho_770"", ""top""]",16,0.0002
cluster,"[""B0"", ""B_plus"", ""Bs0"", ""D0"", ""Ds_plus"", ""K_long"", ""Lambda"", ""Omega_minus"", ""Sigma_plus"", ""Upsilon_1S"", ""W"", ""Xi_minus"", ""Z"", ""electron"", ""neutron"", ""omega_782"", ""pi0"", ""pi_plus"", ""proton"", ""rho_770"", ""tau"", ""top""]",22,0.0002
cluster,"[""B0"", ""B_plus"", ""Bs0"", ""D0"", ""K_long"", ""Omega_minus"", ""Sigma_plus"", ""W"", ""Z"", ""muon"", ""neutron"", ""pi0"", ""proton"", ""tau""]",14,0.0002
cluster,"[""D_plus"", ""Delta_1232"", ""Higgs"", ""J_psi"", ""K_plus"", ""K_short"", ""Lambda"", ""eta"", ""omega_782"", ""proton"", ""rho_770"", ""top""]",12,0.0002
cluster,"[""D_plus"", ""Ds_plus"", ""K_plus"", ""Lambda"", ""Upsilon_1S"", ""Xi_minus"", ""omega_782"", ""pi_plus"", ""proton"", ""rho_770"", ""top""]",11,0.0002
cluster,"[""B0"", ""B_plus"", ""Bs0"", ""K_long"", ""Omega_minus"", ""Sigma_plus"", ""muon"", ""neutron"", ""phi_1020"", ""pi0"", ""tau""]",11,0.0002
cluster,"[""B0"", ""B_plus"", ""Bs0"", ""D0"", ""Ds_plus"", ""K_long"", ""Omega_minus"", ""Sigma_plus"", ""W"", ""Xi_minus"", ""Z"", ""neutron"", ""phi_1020"", ""pi0"", ""pi_plus"", ""proton"", ""tau""]",17,0.0002
cluster,"[""D_plus"", ""Delta_1232"", ""Higgs"", ""J_psi"", ""K_plus"", ""K_short"", ""Lambda"", ""Upsilon_1S"", ""electron"", ""eta"", ""muon"", ""omega_782"", ""rho_770"", ""top""]",14,0.0002
cluster,"[""B0"", ""B_plus"", ""Bs0"", ""Delta_1232"", ""Higgs"", ""J_psi"", ""K_long"", ""K_short"", ""Omega_minus"", ""Sigma_plus"", ""eta"", ""muon"", ""neutron"", ""omega_782"", ""phi_1020"", ""pi0"", ""proton"", ""rho_770"", ""tau"", ""top""]",20,0.0002
cluster,"[""Delta_1232"", ""Higgs"", ""J_psi"", ""K_short"", ""eta"", ""muon"", ""omega_782"", ""proton"", ""rho_770"", ""top""]",10,0.0002
cluster,"[""Delta_1232"", ""Higgs"", ""J_psi"", ""eta"", ""muon"", ""proton""]",6,0.0002
cluster,"[""B0"", ""B_plus"", ""Bs0"", ""D0"", ""K_long"", ""Omega_minus"", ""Sigma_plus"", ""electron"", ""phi_1020"", ""pi0"", ""tau""]",11,0.0002
cluster,"[""B0"", ""B_plus"", ""Bs0"", ""D0"", ""Delta_1232"", ""K_long"", ""Omega_minus"", ""Sigma_plus"", ""electron"", ""phi_1020"", ""pi0"", ""tau""]",12,0.0002
cluster,"[""B0"", ""B_plus"", ""Bs0"", ""Delta_1232"", ""K_long"", ""Omega_minus"", ""Sigma_plus"", ""electron"", ""phi_1020"", ""pi0"", ""tau""]",11,0.0002
cluster,"[""K_plus"", ""Upsilon_1S"", ""proton""]",3,0.0002
cluster,"[""B0"", ""B_plus"", ""Bs0"", ""D0"", ""Delta_1232"", ""Ds_plus"", ""Higgs"", ""J_psi"", ""K_long"", ""Omega_minus"", ""Sigma_plus"", ""Xi_minus"", ""electron"", ""eta"", ""muon"", ""neutron"", ""omega_782"", ""phi_1020"", ""pi0"", ""pi_plus"", ""proton"", ""rho_770"", ""tau"", ""top""]",24,0.0002
cluster,"[""B0"", ""B_plus"", ""Bs0"", ""D0"", ""Delta_1232"", ""Ds_plus"", ""Higgs"", ""J_psi"", ""K_long"", ""K_short"", ""Lambda"", ""Omega_minus"", ""Sigma_plus"", ""Xi_minus"", ""electron"", ""eta"", ""muon"", ""neutron"", ""omega_782"", ""phi_1020"", ""pi0"", ""pi_plus"", ""proton"", ""rho_770"", ""tau"", ""top""]",26,0.0002
cluster,"[""B0"", ""B_plus"", ""Bs0"", ""Delta_1232"", ""Higgs"", ""J_psi"", ""K_long"", ""K_short"", ""Omega_minus"", ""Sigma_plus"", ""electron"", ""eta"", ""muon"", ""neutron"", ""omega_782"", ""proton"", ""rho_770"", ""tau"", ""top""]",19,0.0002
cluster,"[""D_plus"", ""K_short"", ""Upsilon_1S"", ""W"", ""Z"", ""muon"", ""neutron""]",7,0.0002
cluster,"[""D0"", ""Delta_1232"", ""Ds_plus"", ""Lambda"", ""Xi_minus"", ""electron"", ""phi_1020"", ""pi0"", ""pi_plus"", ""proton""]",10,0.0002
cluster,"[""Ds_plus"", ""Lambda"", ""phi_1020"", ""pi0"", ""proton""]",5,0.0002
cluster,"[""Ds_plus"", ""K_plus"", ""Lambda"", ""phi_1020"", ""pi0""]",5,0.0002
cluster,"[""D_plus"", ""K_short"", ""Upsilon_1S"", ""W"", ""Z"", ""electron"", ""muon"", ""proton""]",8,0.0002
cluster,"[""D_plus"", ""K_short"", ""electron"", ""muon"", ""proton""]",5,0.0002
cluster,"[""D_plus"", ""K_short"", ""electron"", ""muon"", ""phi_1020"", ""proton""]",6,0.0002
cluster,"[""D_plus"", ""K_short"", ""muon"", ""proton""]",4,0.0002
cluster,"[""D_plus"", ""electron"", ""phi_1020"", ""proton""]",4,0.0002
cluster,"[""B0"", ""B_plus"", ""Bs0"", ""D0"", ""D_plus"", ""Delta_1232"", ""Ds_plus"", ""Higgs"", ""J_psi"", ""K_plus"", ""Lambda"", ""Omega_minus"", ""Xi_minus"", ""electron"", ""eta"", ""neutron"", ""omega_782"", ""phi_1020"", ""pi0"", ""pi_plus"", ""proton"", ""rho_770"", ""tau"", ""top""]",24,0.0002
cluster,"[""Sigma_plus"", ""W"", ""Z"", ""electron"", ""proton""]",5,0.0002
cluster,"[""B0"", ""B_plus"", ""Bs0"", ""D0"", ""D_plus"", ""Delta_1232"", ""Ds_plus"", ""Higgs"", ""J_psi"", ""K_plus"", ""K_short"", ""Lambda"", ""Omega_minus"", ""W"", ""Xi_minus"", ""Z"", ""electron"", ""eta"", ""muon"", ""neutron"", ""omega_782"", ""phi_1020"", ""pi0"", ""pi_plus"", ""proton"", ""rho_770"", ""tau"", ""top""]",28,0.0002
cluster,"[""D_plus"", ""Delta_1232"", ""K_short"", ""electron"", ""muon"", ""phi_1020"", ""pi0""]",7,0.0002
cluster,"[""Delta_1232"", ""K_short"", ""phi_1020""]",3,0.0002
cluster,"[""B0"", ""B_plus"", ""Bs0"", ""D0"", ""Ds_plus"", ""Higgs"", ""J_psi"", ""K_plus"", ""Lambda"", ""Omega_minus"", ""W"", ""Xi_minus"", ""Z"", ""electron"", ""eta"", ""omega_782"", ""pi_plus"", ""proton"", ""rho_770"", ""tau"", ""top""]",21,0.0002
cluster,"[""B0"", ""B_plus"", ""Bs0"", ""D0"", ""Ds_plus"", ""Higgs"", ""J_psi"", ""K_plus"", ""Lambda"", ""Omega_minus"", ""Upsilon_1S"", ""W"", ""Xi_minus"", ""Z"", ""electron"", ""eta"", ""neutron"", ""omega_782"", ""pi_plus"", ""proton"", ""rho_770"", ""tau"", ""top""]",23,0.0002
cluster,"[""Ds_plus"", ""Higgs"", ""J_psi"", ""muon"", ""omega_782"", ""pi0"", ""rho_770"", ""top""]",8,0.0002
cluster,"[""D_plus"", ""Higgs"", ""J_psi"", ""K_long"", ""K_short"", ""electron"", ""muon"", ""neutron"", ""omega_782"", ""pi0"", ""rho_770"", ""top""]",12,0.0002
cluster,"[""D0"", ""Ds_plus"", ""K_plus"", ""Lambda"", ""W"", ""Z"", ""eta"", ""muon""]",8,0.0002
cluster,"[""Delta_1232"", ""Omega_minus"", ""Sigma_plus"", ""phi_1020"", ""proton""]",5,0.0002
cluster,"[""B0"", ""B_plus"", ""Bs0"", ""K_plus"", ""Lambda"", ""Omega_minus"", ""Xi_minus"", ""neutron"", ""omega_782"", ""pi_plus"", ""rho_770"", ""tau"", ""top""]",13,0.0002
cluster,"[""D_plus"", ""Delta_1232"", ""Ds_plus"", ""K_long"", ""K_short"", ""Upsilon_1S"", ""electron"", ""phi_1020"", ""proton""]",9,0.0002
cluster,"[""B0"", ""B_plus"", ""Bs0"", ""D0"", ""D_plus"", ""Delta_1232"", ""Ds_plus"", ""Higgs"", ""J_psi"", ""K_long"", ""K_plus"", ""K_short"", ""Lambda"", ""Omega_minus"", ""Upsilon_1S"", ""W"", ""Xi_minus"", ""Z"", ""electron"", ""muon"", ""neutron"", ""omega_782"", ""phi_1020"", ""pi0"", ""pi_plus"", ""proton"", ""rho_770"", ""tau"", ""top""]",29,0.0002
cluster,"[""B0"", ""B_plus"", ""Bs0"", ""D0"", ""D_plus"", ""Delta_1232"", ""Ds_plus"", ""K_long"", ""K_plus"", ""K_short"", ""Lambda"", ""Upsilon_1S"", ""Xi_minus"", ""electron"", ""muon"", ""omega_782"", ""phi_1020"", ""proton"", ""rho_770"", ""tau"", ""top""]",21,0.0002
cluster,"[""B0"", ""B_plus"", ""Bs0"", ""Higgs"", ""J_psi"", ""K_plus"", ""Lambda"", ""Omega_minus"", ""W"", ""Xi_minus"", ""Z"", ""electron"", ""muon"", ""omega_782"", ""pi0"", ""pi_plus"", ""proton"", ""tau"", ""top""]",19,0.0002
cluster,"[""B0"", ""B_plus"", ""Bs0"", ""Higgs"", ""J_psi"", ""K_plus"", ""Omega_minus"", ""W"", ""Xi_minus"", ""Z"", ""pi0"", ""pi_plus"", ""proton""]",13,0.0002
cluster,"[""D_plus"", ""Delta_1232"", ""Upsilon_1S"", ""neutron"", ""phi_1020"", ""proton""]",6,0.0002
cluster,"[""D0"", ""D_plus"", ""Ds_plus"", ""Higgs"", ""J_psi"", ""K_long"", ""K_short"", ""W"", ""Z"", ""electron"", ""neutron"", ""omega_782"", ""proton"", ""tau"", ""top""]",15,0.0002
cluster,"[""D_plus"", ""Sigma_plus"", ""omega_782"", ""pi_plus"", ""proton"", ""top""]",6,0.0002
cluster,"[""D0"", ""Delta_1232"", ""K_long"", ""electron"", ""eta"", ""phi_1020"", ""pi0"", ""rho_770"", ""tau""]",9,0.0002
cluster,"[""B0"", ""B_plus"", ""Bs0"", ""Lambda"", ""Upsilon_1S"", ""electron"", ""rho_770""]",7,0.0002
cluster,"[""B0"", ""B_plus"", ""Bs0"", ""Delta_1232"", ""Higgs"", ""J_psi"", ""K_long"", ""Lambda"", ""electron""]",9,0.0002
pair,"[""B0"", ""Bs0""]",2,0.9972
pair,"[""W"", ""Z""]",2,0.9708
pair,"[""B_plus"", ""Bs0""]",2,0.9632
pair,"[""omega_782"", ""top""]",2,0.9606
pair,"[""B_plus"", ""B0""]",2,0.943
pair,"[""J_psi"", ""Higgs""]",2,0.9204
pair,"[""pi0"", ""eta""]",2,0.3484
pair,"[""Sigma_plus"", ""pi_plus""]",2,0.3422
pair,"[""muon"", ""K_plus""]",2,0.3406
pair,"[""Lambda"", ""B0""]",2,0.324
pair,"[""Lambda"", ""Bs0""]",2,0.3172
pair,"[""Omega_minus"", ""K_plus""]",2,0.2994
pair,"[""Lambda"", ""B_plus""]",2,0.294
pair,"[""K_short"", ""Ds_plus""]",2,0.2898
pair,"[""rho_770"", ""phi_1020""]",2,0.273
pair,"[""Xi_minus"", ""K_plus""]",2,0.2344
pair,"[""Upsilon_1S"", ""top""]",2,0.234
pair,"[""omega_782"", ""Upsilon_1S""]",2,0.2284
pair,"[""pi_plus"", ""D_plus""]",2,0.2268
pair,"[""Sigma_plus"", ""D_plus""]",2,0.224
pair,"[""Xi_minus"", ""B0""]",2,0.2224
pair,"[""Xi_minus"", ""Bs0""]",2,0.2178
pair,"[""Omega_minus"", ""pi_plus""]",2,0.2162
pair,"[""eta"", ""phi_1020""]",2,0.2162
pair,"[""muon"", ""Omega_minus""]",2,0.2138
pair,"[""Xi_minus"", ""B_plus""]",2,0.2014
pair,"[""K_short"", ""D_plus""]",2,0.1814
pair,"[""pi0"", ""Ds_plus""]",2,0.18
pair,"[""Delta_1232"", ""phi_1020""]",2,0.1798
pair,"[""eta"", ""rho_770""]",2,0.1764
pair,"[""pi0"", ""phi_1020""]",2,0.167
pair,"[""tau"", ""Upsilon_1S""]",2,0.164
pair,"[""pi0"", ""D0""]",2,0.164
pair,"[""muon"", ""Xi_minus""]",2,0.1624
pair,"[""Lambda"", ""K_plus""]",2,0.1602
pair,"[""muon"", ""Sigma_plus""]",2,0.159
pair,"[""pi0"", ""K_short""]",2,0.1584
pair,"[""eta"", ""Ds_plus""]",2,0.153
pair,"[""pi0"", ""rho_770""]",2,0.1496
pair,"[""phi_1020"", ""D_plus""]",2,0.1492
pair,"[""omega_782"", ""D0""]",2,0.1478
pair,"[""J_psi"", ""Z""]",2,0.1476
pair,"[""tau"", ""K_long""]",2,0.1456
pair,"[""Xi_minus"", ""Higgs""]",2,0.1426
pair,"[""eta"", ""D0""]",2,0.1426
pair,"[""J_psi"", ""W""]",2,0.142
pair,"[""Xi_minus"", ""J_psi""]",2,0.1418
pair,"[""K_short"", ""eta""]",2,0.1418
pair,"[""tau"", ""pi0""]",2,0.1412
pair,"[""Sigma_plus"", ""phi_1020""]",2,0.1408
pair,"[""muon"", ""D_plus""]",2,0.1406
pair,"[""rho_770"", ""D_plus""]",2,0.1406
pair,"[""pi_plus"", ""eta""]",2,0.1404
pair,"[""Lambda"", ""J_psi""]",2,0.14
pair,"[""tau"", ""top""]",2,0.139
pair,"[""D0"", ""top""]",2,0.1386
pair,"[""Z"", ""Higgs""]",2,0.1386
pair,"[""tau"", ""omega_782""]",2,0.1376
pair,"[""Xi_minus"", ""Delta_1232""]",2,0.1372
pair,"[""Sigma_plus"", ""rho_770""]",2,0.1366
pair,"[""muon"", ""Lambda""]",2,0.1358
pair,"[""W"", ""Higgs""]",2,0.1352
pair,"[""muon"", ""phi_1020""]",2,0.1346
pair,"[""Delta_1232"", ""eta""]",2,0.1334
pair,"[""tau"", ""neutron""]",2,0.133
pair,"[""Omega_minus"", ""Higgs""]",2,0.1326
pair,"[""pi_plus"", ""phi_1020""]",2,0.1326
pair,"[""K_plus"", ""B0""]",2,0.132
pair,"[""Omega_minus"", ""Delta_1232""]",2,0.131
pair,"[""muon"", ""rho_770""]",2,0.1308
pair,"[""K_plus"", ""Bs0""]",2,0.1308
pair,"[""Omega_minus"", ""J_psi""]",2,0.13
pair,"[""phi_1020"", ""Ds_plus""]",2,0.13
pair,"[""B_plus"", ""W""]",2,0.13
pair,"[""neutron"", ""K_short""]",2,0.1296
pair,"[""neutron"", ""D0""]",2,0.1296
pair,"[""K_long"", ""Z""]",2,0.1294
pair,"[""Bs0"", ""Z""]",2,0.1294
pair,"[""rho_770"", ""omega_782""]",2,0.1292
pair,"[""B_plus"", ""Z""]",2,0.129
pair,"[""B0"", ""Z""]",2,0.129
pair,"[""pi_plus"", ""rho_770""]",2,0.1288
pair,"[""tau"", ""eta""]",2,0.1284
pair,"[""B0"", ""W""]",2,0.1284
pair,"[""K_plus"", ""Higgs""]",2,0.1282
pair,"[""K_long"", ""W""]",2,0.1282
pair,"[""phi_1020"", ""Upsilon_1S""]",2,0.1282
pair,"[""Bs0"", ""W""]",2,0.1278
pair,"[""D_plus"", ""Higgs""]",2,0.127
pair,"[""rho_770"", ""Ds_plus""]",2,0.1266
pair,"[""Delta_1232"", ""K_plus""]",2,0.1264
pair,"[""K_short"", ""phi_1020""]",2,0.1262
pair,"[""Lambda"", ""Higgs""]",2,0.126
pair,"[""K_plus"", ""J_psi""]",2,0.126
pair,"[""K_plus"", ""B_plus""]",2,0.126
pair,"[""Delta_1232"", ""D_plus""]",2,0.1258
pair,"[""neutron"", ""Ds_plus""]",2,0.1256
pair,"[""rho_770"", ""Upsilon_1S""]",2,0.125
pair,"[""K_long"", ""D0""]",2,0.1248
pair,"[""neutron"", ""Upsilon_1S""]",2,0.1244
pair,"[""phi_1020"", ""D0""]",2,0.1242
pair,"[""Sigma_plus"", ""Delta_1232""]",2,0.124
pair,"[""D_plus"", ""J_psi""]",2,0.124
pair,"[""Delta_1232"", ""pi0""]",2,0.1238
pair,"[""Sigma_plus"", ""Higgs""]",2,0.1236
pair,"[""Omega_minus"", ""B0""]",2,0.1236
pair,"[""K_short"", ""rho_770""]",2,0.123
pair,"[""K_short"", ""omega_782""]",2,0.123
pair,"[""K_plus"", ""rho_770""]",2,0.1224
pair,"[""Lambda"", ""Z""]",2,0.122
pair,"[""neutron"", ""pi_plus""]",2,0.1218
pair,"[""Sigma_plus"", ""J_psi""]",2,0.1216
pair,"[""muon"", ""Delta_1232""]",2,0.1214
pair,"[""rho_770"", ""D0""]",2,0.121
pair,"[""Omega_minus"", ""Bs0""]",2,0.1208
pair,"[""muon"", ""Higgs""]",2,0.1204
pair,"[""neutron"", ""top""]",2,0.1204
pair,"[""Lambda"", ""W""]",2,0.1204
pair,"[""K_long"", ""Upsilon_1S""]",2,0.1204
pair,"[""electron"", ""K_long""]",2,0.1202
pair,"[""tau"", ""B_plus""]",2,0.1202
pair,"[""neutron"", ""omega_782""]",2,0.12
pair,"[""Xi_minus"", ""pi_plus""]",2,0.12
pair,"[""Delta_1232"", ""pi_plus""]",2,0.1194
pair,"[""muon"", ""J_psi""]",2,0.1192
pair,"[""rho_770"", ""top""]",2,0.119
pair,"[""muon"", ""neutron""]",2,0.1188
pair,"[""B_plus"", ""Upsilon_1S""]",2,0.1188
pair,"[""neutron"", ""pi0""]",2,0.1186
pair,"[""muon"", ""B0""]",2,0.1182
pair,"[""proton"", ""neutron""]",2,0.1182
pair,"[""B0"", ""Upsilon_1S""]",2,0.1182
pair,"[""Bs0"", ""Upsilon_1S""]",2,0.118
pair,"[""muon"", ""Bs0""]",2,0.1172
pair,"[""electron"", ""neutron""]",2,0.117
pair,"[""proton"", ""Z""]",2,0.117
pair,"[""Xi_minus"", ""Z""]",2,0.1168
pair,"[""electron"", ""B0""]",2,0.1166
pair,"[""K_long"", ""top""]",2,0.1166
pair,"[""pi_plus"", ""Higgs""]",2,0.1164
pair,"[""electron"", ""B_plus""]",2,0.1162
pair,"[""electron"", ""Bs0""]",2,0.1162
pair,"[""neutron"", ""Sigma_plus""]",2,0.1162
pair,"[""pi_plus"", ""J_psi""]",2,0.1162
pair,"[""K_long"", ""omega_782""]",2,0.116
pair,"[""tau"", ""proton""]",2,0.1158
pair,"[""tau"", ""phi_1020""]",2,0.1156
pair,"[""proton"", ""W""]",2,0.1156
pair,"[""neutron"", ""D_plus""]",2,0.1156
pair,"[""Xi_minus"", ""W""]",2,0.1154
pair,"[""electron"", ""Z""]",2,0.1152
pair,"[""muon"", ""B_plus""]",2,0.115
pair,"[""neutron"", ""eta""]",2,0.115
pair,"[""K_plus"", ""phi_1020""]",2,0.115
pair,"[""electron"", ""tau""]",2,0.1144
pair,"[""proton"", ""Ds_plus""]",2,0.1144
pair,"[""proton"", ""top""]",2,0.1144
pair,"[""tau"", ""rho_770""]",2,0.1142
pair,"[""proton"", ""D0""]",2,0.1142
pair,"[""K_short"", ""top""]",2,0.1142
pair,"[""B_plus"", ""top""]",2,0.114
pair,"[""electron"", ""W""]",2,0.1138
pair,"[""electron"", ""D0""]",2,0.1134
pair,"[""proton"", ""K_short""]",2,0.1132
pair,"[""neutron"", ""K_plus""]",2,0.1132
pair,"[""pi0"", ""pi_plus""]",2,0.1132
pair,"[""omega_782"", ""B_plus""]",2,0.1132
pair,"[""omega_782"", ""Bs0""]",2,0.1132
pair,"[""B0"", ""top""]",2,0.1132
pair,"[""electron"", ""Upsilon_1S""]",2,0.1128
pair,"[""proton"", ""pi0""]",2,0.1126
pair,"[""proton"", ""pi_plus""]",2,0.1126
pair,"[""proton"", ""Upsilon_1S""]",2,0.1126
pair,"[""K_long"", ""Ds_plus""]",2,0.1126
pair,"[""Bs0"", ""top""]",2,0.1126
pair,"[""neutron"", ""phi_1020""]",2,0.1124
pair,"[""Delta_1232"", ""Ds_plus""]",2,0.1124
pair,"[""proton"", ""Sigma_plus""]",2,0.112
pair,"[""proton"", ""eta""]",2,0.112
pair,"[""neutron"", ""rho_770""]",2,0.112
pair,"[""omega_782"", ""B0""]",2,0.112
pair,"[""Omega_minus"", ""B_plus""]",2,0.1118
pair,"[""proton"", ""rho_770""]",2,0.1116
pair,"[""proton"", ""omega_782""]",2,0.1116
pair,"[""proton"", ""phi_1020""]",2,0.1114
pair,"[""tau"", ""Bs0""]",2,0.1112
pair,"[""K_short"", ""K_long""]",2,0.1112
pair,"[""electron"", ""omega_782""]",2,0.111
pair,"[""Omega_minus"", ""rho_770""]",2,0.111
pair,"[""electron"", ""K_short""]",2,0.1108
pair,"[""Delta_1232"", ""K_short""]",2,0.1108
pair,"[""muon"", ""proton""]",2,0.1106
pair,"[""neutron"", ""Omega_minus""]",2,0.1106
pair,"[""pi0"", ""Higgs""]",2,0.1106
pair,"[""electron"", ""top""]",2,0.1104
pair,"[""tau"", ""Lambda""]",2,0.1104
pair,"[""Lambda"", ""Upsilon_1S""]",2,0.1104
pair,"[""omega_782"", ""Ds_plus""]",2,0.1104
pair,"[""electron"", ""D_plus""]",2,0.1102
pair,"[""electron"", ""Ds_plus""]",2,0.1102
pair,"[""proton"", ""Omega_minus""]",2,0.1102
pair,"[""electron"", ""pi0""]",2,0.11
pair,"[""electron"", ""Sigma_plus""]",2,0.1098
pair,"[""electron"", ""eta""]",2,0.1098
pair,"[""electron"", ""J_psi""]",2,0.1096
pair,"[""electron"", ""pi_plus""]",2,0.1094
pair,"[""Omega_minus"", ""W""]",2,0.1094
pair,"[""K_short"", ""Higgs""]",2,0.1092
pair,"[""Ds_plus"", ""Higgs""]",2,0.109
pair,"[""proton"", ""K_plus""]",2,0.1088
pair,"[""pi0"", ""K_long""]",2,0.1088
pair,"[""electron"", ""K_plus""]",2,0.1086
pair,"[""tau"", ""B0""]",2,0.1086
pair,"[""proton"", ""Lambda""]",2,0.1086
pair,"[""Delta_1232"", ""D0""]",2,0.1086
pair,"[""K_plus"", ""Z""]",2,0.1086
pair,"[""Lambda"", ""top""]",2,0.1084
pair,"[""D0"", ""Upsilon_1S""]",2,0.1084
pair,"[""neutron"", ""W""]",2,0.1082
pair,"[""electron"", ""Higgs""]",2,0.108
pair,"[""Omega_minus"", ""Z""]",2,0.108
pair,"[""proton"", ""Xi_minus""]",2,0.1078
pair,"[""proton"", ""D_plus""]",2,0.1078
pair,"[""proton"", ""J_psi""]",2,0.1078
pair,"[""Lambda"", ""omega_782""]",2,0.1078
pair,"[""electron"", ""phi_1020""]",2,0.1076
pair,"[""electron"", ""rho_770""]",2,0.1074
pair,"[""K_plus"", ""W""]",2,0.1072
pair,"[""proton"", ""Higgs""]",2,0.107
pair,"[""electron"", ""muon""]",2,0.1068
pair,"[""muon"", ""Z""]",2,0.1068
pair,"[""proton"", ""B0""]",2,0.1068
pair,"[""K_short"", ""J_psi""]",2,0.1066
pair,"[""proton"", ""Delta_1232""]",2,0.1062
pair,"[""proton"", ""Bs0""]",2,0.1062
pair,"[""Lambda"", ""Delta_1232""]",2,0.1062
pair,"[""Ds_plus"", ""J_psi""]",2,0.1062
pair,"[""muon"", ""W""]",2,0.106
pair,"[""K_long"", ""eta""]",2,0.1058
pair,"[""electron"", ""Omega_minus""]",2,0.1054
pair,"[""pi0"", ""J_psi""]",2,0.1054
pair,"[""proton"", ""K_long""]",2,0.1052
pair,"[""Sigma_plus"", ""Z""]",2,0.1052
pair,"[""neutron"", ""Delta_1232""]",2,0.105
pair,"[""neutron"", ""Xi_minus""]",2,0.1048
pair,"[""electron"", ""Delta_1232""]",2,0.1046
pair,"[""Sigma_plus"", ""W""]",2,0.1046
pair,"[""Xi_minus"", ""top""]",2,0.1046
pair,"[""Xi_minus"", ""Upsilon_1S""]",2,0.1044
pair,"[""muon"", ""eta""]",2,0.1042
pair,"[""proton"", ""B_plus""]",2,0.1042
pair,"[""neutron"", ""J_psi""]",2,0.1042
pair,"[""neutron"", ""Z""]",2,0.1038
pair,"[""neutron"", ""Higgs""]",2,0.1038
pair,"[""Xi_minus"", ""omega_782""]",2,0.1038
pair,"[""D0"", ""Higgs""]",2,0.1034
pair,"[""D_plus"", ""Z""]",2,0.1034
pair,"[""electron"", ""Lambda""]",2,0.1032
pair,"[""electron"", ""Xi_minus""]",2,0.103
pair,"[""K_long"", ""rho_770""]",2,0.1028
pair,"[""K_long"", ""phi_1020""]",2,0.1026
pair,"[""tau"", ""Delta_1232""]",2,0.1024
pair,"[""pi_plus"", ""Z""]",2,0.1018
pair,"[""D_plus"", ""W""]",2,0.1018
pair,"[""pi_plus"", ""W""]",2,0.101
pair,"[""Ds_plus"", ""top""]",2,0.101
pair,"[""neutron"", ""Lambda""]",2,0.1008
pair,"[""D0"", ""J_psi""]",2,0.1008
pair,"[""Omega_minus"", ""phi_1020""]",2,0.1
pair,"[""Sigma_plus"", ""eta""]",2,0.099
pair,"[""pi0"", ""B_plus""]",2,0.0988
pair,"[""Omega_minus"", ""top""]",2,0.0986
pair,"[""eta"", ""B_plus""]",2,0.0986
pair,"[""rho_770"", ""B_plus""]",2,0.0984
pair,"[""rho_770"", ""Bs0""]",2,0.0984
pair,"[""pi0"", ""Bs0""]",2,0.0976
pair,"[""neutron"", ""B0""]",2,0.0974
pair,"[""K_plus"", ""top""]",2,0.0974
pair,"[""rho_770"", ""B0""]",2,0.0972
pair,"[""neutron"", ""Bs0""]",2,0.097
pair,"[""Omega_minus"", ""omega_782""]",2,0.097
pair,"[""eta"", ""Bs0""]",2,0.097
pair,"[""phi_1020"", ""B_plus""]",2,0.097
pair,"[""pi_plus"", ""B0""]",2,0.0968
pair,"[""phi_1020"", ""Bs0""]",2,0.0966
pair,"[""neutron"", ""B_plus""]",2,0.0964
pair,"[""pi0"", ""B0""]",2,0.0964
pair,"[""Omega_minus"", ""Upsilon_1S""]",2,0.0962
pair,"[""K_plus"", ""Upsilon_1S""]",2,0.0962
pair,"[""muon"", ""Upsilon_1S""]",2,0.096
pair,"[""Lambda"", ""rho_770""]",2,0.096
pair,"[""eta"", ""B0""]",2,0.096
pair,"[""Delta_1232"", ""Upsilon_1S""]",2,0.0958
pair,"[""K_plus"", ""omega_782""]",2,0.0958
pair,"[""muon"", ""top""]",2,0.0956
pair,"[""Delta_1232"", ""K_long""]",2,0.0956
pair,"[""phi_1020"", ""B0""]",2,0.0956
pair,"[""Lambda"", ""eta""]",2,0.0952
pair,"[""eta"", ""D_plus""]",2,0.0952
pair,"[""pi_plus"", ""Bs0""]",2,0.095
pair,"[""muon"", ""omega_782""]",2,0.0948
pair,"[""Sigma_plus"", ""top""]",2,0.0944
pair,"[""tau"", ""Higgs""]",2,0.0942
pair,"[""Lambda"", ""pi0""]",2,0.094
pair,"[""K_short"", ""Z""]",2,0.0938
pair,"[""Ds_plus"", ""Z""]",2,0.0936
pair,"[""Lambda"", ""phi_1020""]",2,0.0934
pair,"[""tau"", ""J_psi""]",2,0.0932
pair,"[""Sigma_plus"", ""omega_782""]",2,0.093
pair,"[""K_short"", ""W""]",2,0.093
pair,"[""eta"", ""Higgs""]",2,0.0928
pair,"[""Xi_minus"", ""rho_770""]",2,0.0924
pair,"[""pi_plus"", ""B_plus""]",2,0.0918
pair,"[""Ds_plus"", ""W""]",2,0.0918
pair,"[""tau"", ""Xi_minus""]",2,0.0916
pair,"[""pi_plus"", ""top""]",2,0.0914
pair,"[""D_plus"", ""top""]",2,0.0908
pair,"[""Xi_minus"", ""phi_1020""]",2,0.0904
pair,"[""pi_plus"", ""omega_782""]",2,0.0904
pair,"[""Delta_1232"", ""B_plus""]",2,0.0902
pair,"[""Sigma_plus"", ""Upsilon_1S""]",2,0.09
pair,"[""K_long"", ""Higgs""]",2,0.0896
pair,"[""J_psi"", ""B0""]",2,0.0896
pair,"[""Xi_minus"", ""eta""]",2,0.0894
pair,"[""Delta_1232"", ""Bs0""]",2,0.089
pair,"[""neutron"", ""K_long""]",2,0.0888
pair,"[""pi_plus"", ""Upsilon_1S""]",2,0.0888
pair,"[""D0"", ""W""]",2,0.0884
pair,"[""K_short"", ""D0""]",2,0.0878
pair,"[""D0"", ""Z""]",2,0.0878
pair,"[""J_psi"", ""top""]",2,0.0876
pair,"[""Xi_minus"", ""pi0""]",2,0.0874
pair,"[""K_long"", ""J_psi""]",2,0.0874
pair,"[""Delta_1232"", ""B0""]",2,0.0872
pair,"[""omega_782"", ""D_plus""]",2,0.0872
pair,"[""Lambda"", ""D0""]",2,0.087
pair,"[""J_psi"", ""Bs0""]",2,0.0868
pair,"[""pi0"", ""Z""]",2,0.0864
pair,"[""K_long"", ""D_plus""]",2,0.086
pair,"[""muon"", ""tau""]",2,0.0858
pair,"[""pi0"", ""W""]",2,0.0858
pair,"[""electron"", ""proton""]",2,0.0856
pair,"[""K_plus"", ""eta""]",2,0.085
pair,"[""tau"", ""Z""]",2,0.0848
pair,"[""omega_782"", ""J_psi""]",2,0.0844
pair,"[""D_plus"", ""Upsilon_1S""]",2,0.0842
pair,"[""pi0"", ""K_plus""]",2,0.0838
pair,"[""tau"", ""K_plus""]",2,0.0834
pair,"[""muon"", ""pi0""]",2,0.083
pair,"[""tau"", ""W""]",2,0.0828
pair,"[""eta"", ""Z""]",2,0.0826
pair,"[""Higgs"", ""top""]",2,0.0826
pair,"[""eta"", ""J_psi""]",2,0.0816
pair,"[""Lambda"", ""pi_plus""]",2,0.081
pair,"[""Omega_minus"", ""eta""]",2,0.081
pair,"[""Delta_1232"", ""Higgs""]",2,0.0804
pair,"[""eta"", ""W""]",2,0.0804
pair,"[""Omega_minus"", ""pi0""]",2,0.0802
pair,"[""K_short"", ""Upsilon_1S""]",2,0.0802
pair,"[""B_plus"", ""Higgs""]",2,0.0796
pair,"[""omega_782"", ""Higgs""]",2,0.0794
pair,"[""J_psi"", ""B_plus""]",2,0.0792
pair,"[""Bs0"", ""Higgs""]",2,0.0788
pair,"[""B0"", ""Higgs""]",2,0.0782
pair,"[""Sigma_plus"", ""B0""]",2,0.0768
pair,"[""muon"", ""D0""]",2,0.0762
pair,"[""K_long"", ""B_plus""]",2,0.0754
pair,"[""Sigma_plus"", ""Bs0""]",2,0.0746
pair,"[""Sigma_plus"", ""pi0""]",2,0.0738
pair,"[""Lambda"", ""Ds_plus""]",2,0.0736
pair,"[""Ds_plus"", ""Upsilon_1S""]",2,0.0734
pair,"[""Xi_minus"", ""D0""]",2,0.0722
pair,"[""D0"", ""B_plus""]",2,0.0712
pair,"[""muon"", ""Ds_plus""]",2,0.071
pair,"[""K_plus"", ""D0""]",2,0.071
pair,"[""tau"", ""Omega_minus""]",2,0.069
pair,"[""Sigma_plus"", ""K_long""]",2,0.069
pair,"[""Sigma_plus"", ""B_plus""]",2,0.0686
pair,"[""pi0"", ""top""]",2,0.0678
pair,"[""tau"", ""pi_plus""]",2,0.0674
pair,"[""pi0"", ""omega_782""]",2,0.066
pair,"[""D0"", ""Bs0""]",2,0.0658
pair,"[""rho_770"", ""J_psi""]",2,0.0656
pair,"[""pi0"", ""D_plus""]",2,0.0648
pair,"[""rho_770"", ""Higgs""]",2,0.0644
pair,"[""K_plus"", ""Ds_plus""]",2,0.064
pair,"[""D0"", ""B0""]",2,0.064
pair,"[""Xi_minus"", ""Ds_plus""]",2,0.061
pair,"[""muon"", ""K_short""]",2,0.0596
pair,"[""pi_plus"", ""D0""]",2,0.0588
pair,"[""eta"", ""top""]",2,0.0588
pair,"[""Upsilon_1S"", ""Z""]",2,0.0588
pair,"[""Upsilon_1S"", ""W""]",2,0.057
pair,"[""eta"", ""omega_782""]",2,0.0568
pair,"[""Omega_minus"", ""K_long""]",2,0.0564
pair,"[""tau"", ""Sigma_plus""]",2,0.056
pair,"[""Omega_minus"", ""D0""]",2,0.0542
pair,"[""muon"", ""K_long""]",2,0.0532
pair,"[""pi_plus"", ""Ds_plus""]",2,0.053
pair,"[""Delta_1232"", ""omega_782""]",2,0.0502
pair,"[""Ds_plus"", ""B_plus""]",2,0.0496
pair,"[""K_plus"", ""D_plus""]",2,0.049
pair,"[""Delta_1232"", ""J_psi""]",2,0.0486
pair,"[""K_long"", ""B0""]",2,0.0486
pair,"[""K_long"", ""Bs0""]",2,0.0484
pair,"[""Lambda"", ""D_plus""]",2,0.0482
pair,"[""Omega_minus"", ""Ds_plus""]",2,0.046
pair,"[""K_plus"", ""K_short""]",2,0.046
pair,"[""phi_1020"", ""J_psi""]",2,0.0458
pair,"[""Delta_1232"", ""top""]",2,0.0456
pair,"[""Ds_plus"", ""Bs0""]",2,0.0456
pair,"[""Ds_plus"", ""B0""]",2,0.0452
pair,"[""phi_1020"", ""Higgs""]",2,0.0432
pair,"[""Sigma_plus"", ""D0""]",2,0.0428
pair,"[""Xi_minus"", ""K_long""]",2,0.0418
pair,"[""rho_770"", ""W""]",2,0.0398
pair,"[""Xi_minus"", ""D_plus""]",2,0.0396
pair,"[""Sigma_plus"", ""Ds_plus""]",2,0.0374
pair,"[""rho_770"", ""Z""]",2,0.037
pair,"[""pi0"", ""Upsilon_1S""]",2,0.0366
pair,"[""pi_plus"", ""K_long""]",2,0.036
pair,"[""Lambda"", ""K_long""]",2,0.034
pair,"[""tau"", ""K_short""]",2,0.0338
pair,"[""phi_1020"", ""Z""]",2,0.0334
pair,"[""Lambda"", ""K_short""]",2,0.0332
pair,"[""pi_plus"", ""K_short""]",2,0.0328
pair,"[""phi_1020"", ""W""]",2,0.031
pair,"[""Omega_minus"", ""D_plus""]",2,0.0298
pair,"[""Sigma_plus"", ""K_plus""]",2,0.0286
pair,"[""muon"", ""pi_plus""]",2,0.028
pair,"[""Upsilon_1S"", ""Higgs""]",2,0.0274
pair,"[""K_short"", ""B0""]",2,0.0264
pair,"[""K_short"", ""Bs0""]",2,0.0252
pair,"[""J_psi"", ""Upsilon_1S""]",2,0.0244
pair,"[""K_short"", ""B_plus""]",2,0.0232
pair,"[""Xi_minus"", ""K_short""]",2,0.0212
pair,"[""D_plus"", ""B_plus""]",2,0.0186
pair,"[""K_plus"", ""K_long""]",2,0.0168
pair,"[""D_plus"", ""Bs0""]",2,0.0168
pair,"[""D_plus"", ""B0""]",2,0.0162
pair,"[""tau"", ""D_plus""]",2,0.014
pair,"[""Delta_1232"", ""W""]",2,0.0134
pair,"[""Delta_1232"", ""Z""]",2,0.012
pair,"[""Lambda"", ""Sigma_plus""]",2,0.01
pair,"[""Omega_minus"", ""K_short""]",2,0.0096
pair,"[""phi_1020"", ""top""]",2,0.0078
pair,"[""omega_782"", ""phi_1020""]",2,0.0072
pair,"[""omega_782"", ""Z""]",2,0.0068
pair,"[""D0"", ""D_plus""]",2,0.0068
pair,"[""eta"", ""Upsilon_1S""]",2,0.006
pair,"[""Z"", ""top""]",2,0.006
pair,"[""omega_782"", ""W""]",2,0.0058
pair,"[""Sigma_plus"", ""Xi_minus""]",2,0.0056
pair,"[""W"", ""top""]",2,0.005
pair,"[""Lambda"", ""Omega_minus""]",2,0.0048
pair,"[""Sigma_plus"", ""K_short""]",2,0.0048
pair,"[""Delta_1232"", ""rho_770""]",2,0.0042
pair,"[""tau"", ""Ds_plus""]",2,0.0036
pair,"[""D_plus"", ""Ds_plus""]",2,0.0036
pair,"[""Xi_minus"", ""Omega_minus""]",2,0.0022
pair,"[""pi_plus"", ""K_plus""]",2,0.0022
pair,"[""tau"", ""D0""]",2,0.0016
pair,"[""Sigma_plus"", ""Omega_minus""]",2,0.0014
pair,"[""Lambda"", ""Xi_minus""]",2,0.001
pair,"[""D0"", ""Ds_plus""]",2,0.0008
triplet,"[""B_plus"", ""B0"", ""Bs0""]",3,0.943
triplet,"[""Lambda"", ""B0"", ""Bs0""]",3,0.3056
triplet,"[""Lambda"", ""B_plus"", ""Bs0""]",3,0.2518
triplet,"[""Lambda"", ""B_plus"", ""B0""]",3,0.24
triplet,"[""Xi_minus"", ""B0"", ""Bs0""]",3,0.2088
triplet,"[""omega_782"", ""Upsilon_1S"", ""top""]",3,0.1896
triplet,"[""muon"", ""Omega_minus"", ""K_plus""]",3,0.178
triplet,"[""Xi_minus"", ""B_plus"", ""Bs0""]",3,0.1676
triplet,"[""Xi_minus"", ""B_plus"", ""B0""]",3,0.1598
triplet,"[""Sigma_plus"", ""pi_plus"", ""D_plus""]",3,0.1432
triplet,"[""eta"", ""rho_770"", ""phi_1020""]",3,0.1272
triplet,"[""pi0"", ""eta"", ""phi_1020""]",3,0.1246
triplet,"[""K_plus"", ""B0"", ""Bs0""]",3,0.1238
triplet,"[""B0"", ""Bs0"", ""Z""]",3,0.1226
triplet,"[""B0"", ""Bs0"", ""W""]",3,0.1212
triplet,"[""J_psi"", ""W"", ""Z""]",3,0.1188
triplet,"[""omega_782"", ""D0"", ""top""]",3,0.118
triplet,"[""Omega_minus"", ""B0"", ""Bs0""]",3,0.1148
triplet,"[""Xi_minus"", ""K_plus"", ""B0""]",3,0.112
triplet,"[""B0"", ""Bs0"", ""Upsilon_1S""]",3,0.1114
triplet,"[""W"", ""Z"", ""Higgs""]",3,0.1112
triplet,"[""muon"", ""B0"", ""Bs0""]",3,0.111
triplet,"[""Xi_minus"", ""K_plus"", ""Bs0""]",3,0.1108
triplet,"[""electron"", ""B0"", ""Bs0""]",3,0.11
triplet,"[""tau"", ""omega_782"", ""top""]",3,0.1092
triplet,"[""B0"", ""Bs0"", ""top""]",3,0.107
triplet,"[""B_plus"", ""W"", ""Z""]",3,0.1062
triplet,"[""omega_782"", ""B0"", ""Bs0""]",3,0.1056
triplet,"[""B0"", ""W"", ""Z""]",3,0.105
triplet,"[""Bs0"", ""W"", ""Z""]",3,0.105
triplet,"[""K_long"", ""W"", ""Z""]",3,0.1048
triplet,"[""tau"", ""B0"", ""Bs0""]",3,0.103
triplet,"[""Xi_minus"", ""K_plus"", ""B_plus""]",3,0.1028
triplet,"[""B_plus"", ""Bs0"", ""Z""]",3,0.1028
triplet,"[""pi0"", ""K_short"", ""Ds_plus""]",3,0.1016
triplet,"[""B_plus"", ""Bs0"", ""W""]",3,0.1016
triplet,"[""proton"", ""B0"", ""Bs0""]",3,0.1008
triplet,"[""K_plus"", ""B_plus"", ""Bs0""]",3,0.1008
triplet,"[""Xi_minus"", ""J_psi"", ""Higgs""]",3,0.1
triplet,"[""J_psi"", ""Z"", ""Higgs""]",3,0.1
triplet,"[""Lambda"", ""W"", ""Z""]",3,0.0982
triplet,"[""Lambda"", ""J_psi"", ""Higgs""]",3,0.0972
triplet,"[""pi0"", ""eta"", ""Ds_plus""]",3,0.0972
triplet,"[""J_psi"", ""W"", ""Higgs""]",3,0.0962
triplet,"[""pi0"", ""eta"", ""rho_770""]",3,0.096
triplet,"[""B_plus"", ""B0"", ""Z""]",3,0.0958
triplet,"[""B_plus"", ""B0"", ""W""]",3,0.0954
triplet,"[""proton"", ""W"", ""Z""]",3,0.0952
triplet,"[""rho_770"", ""omega_782"", ""top""]",3,0.0942
triplet,"[""neutron"", ""omega_782"", ""top""]",3,0.0938
triplet,"[""Xi_minus"", ""W"", ""Z""]",3,0.0938
triplet,"[""K_plus"", ""B_plus"", ""B0""]",3,0.0936
triplet,"[""B_plus"", ""Bs0"", ""Upsilon_1S""]",3,0.0934
triplet,"[""K_short"", ""omega_782"", ""top""]",3,0.0932
triplet,"[""electron"", ""B_plus"", ""Bs0""]",3,0.0926
triplet,"[""neutron"", ""B0"", ""Bs0""]",3,0.0918
triplet,"[""rho_770"", ""B0"", ""Bs0""]",3,0.0918
triplet,"[""pi0"", ""eta"", ""D0""]",3,0.0916
triplet,"[""pi0"", ""B0"", ""Bs0""]",3,0.0916
triplet,"[""electron"", ""W"", ""Z""]",3,0.091
triplet,"[""Omega_minus"", ""J_psi"", ""Higgs""]",3,0.0908
triplet,"[""eta"", ""B0"", ""Bs0""]",3,0.0908
triplet,"[""muon"", ""Sigma_plus"", ""D_plus""]",3,0.0906
triplet,"[""muon"", ""B_plus"", ""Bs0""]",3,0.0904
triplet,"[""K_long"", ""omega_782"", ""top""]",3,0.09
triplet,"[""phi_1020"", ""B0"", ""Bs0""]",3,0.09
triplet,"[""pi_plus"", ""B0"", ""Bs0""]",3,0.0894
triplet,"[""B_plus"", ""Bs0"", ""top""]",3,0.0888
triplet,"[""Omega_minus"", ""B_plus"", ""Bs0""]",3,0.0886
triplet,"[""omega_782"", ""B_plus"", ""Bs0""]",3,0.0886
triplet,"[""omega_782"", ""B_plus"", ""top""]",3,0.0882
triplet,"[""tau"", ""B_plus"", ""Bs0""]",3,0.088
triplet,"[""omega_782"", ""Bs0"", ""top""]",3,0.0876
triplet,"[""Omega_minus"", ""W"", ""Z""]",3,0.0874
triplet,"[""K_plus"", ""J_psi"", ""Higgs""]",3,0.0874
triplet,"[""K_plus"", ""W"", ""Z""]",3,0.087
triplet,"[""B_plus"", ""B0"", ""Upsilon_1S""]",3,0.0868
triplet,"[""proton"", ""omega_782"", ""top""]",3,0.0866
triplet,"[""omega_782"", ""B0"", ""top""]",3,0.0866
triplet,"[""electron"", ""B_plus"", ""B0""]",3,0.0862
triplet,"[""D_plus"", ""J_psi"", ""Higgs""]",3,0.086
triplet,"[""pi0"", ""rho_770"", ""phi_1020""]",3,0.0854
triplet,"[""electron"", ""omega_782"", ""top""]",3,0.0848
triplet,"[""muon"", ""B_plus"", ""B0""]",3,0.0846
triplet,"[""muon"", ""W"", ""Z""]",3,0.0844
triplet,"[""neutron"", ""W"", ""Z""]",3,0.0842
triplet,"[""Sigma_plus"", ""J_psi"", ""Higgs""]",3,0.0842
triplet,"[""Sigma_plus"", ""W"", ""Z""]",3,0.0836
triplet,"[""Omega_minus"", ""B_plus"", ""B0""]",3,0.0834
triplet,"[""proton"", ""B_plus"", ""Bs0""]",3,0.0832
triplet,"[""Lambda"", ""omega_782"", ""top""]",3,0.0832
triplet,"[""Delta_1232"", ""B0"", ""Bs0""]",3,0.0826
triplet,"[""B_plus"", ""B0"", ""top""]",3,0.0824
triplet,"[""muon"", ""J_psi"", ""Higgs""]",3,0.082
triplet,"[""omega_782"", ""B_plus"", ""B0""]",3,0.0818
triplet,"[""D_plus"", ""W"", ""Z""]",3,0.0818
triplet,"[""pi_plus"", ""W"", ""Z""]",3,0.0812
triplet,"[""pi0"", ""phi_1020"", ""D0""]",3,0.081
triplet,"[""J_psi"", ""B0"", ""Bs0""]",3,0.081
triplet,"[""tau"", ""B_plus"", ""B0""]",3,0.0802
triplet,"[""omega_782"", ""Ds_plus"", ""top""]",3,0.0796
triplet,"[""tau"", ""Upsilon_1S"", ""top""]",3,0.0794
triplet,"[""K_short"", ""eta"", ""Ds_plus""]",3,0.0794
triplet,"[""Xi_minus"", ""omega_782"", ""top""]",3,0.0792
triplet,"[""pi_plus"", ""J_psi"", ""Higgs""]",3,0.079
triplet,"[""proton"", ""B_plus"", ""B0""]",3,0.0772
triplet,"[""pi0"", ""B_plus"", ""Bs0""]",3,0.0754
triplet,"[""rho_770"", ""B_plus"", ""Bs0""]",3,0.0754
triplet,"[""pi0"", ""phi_1020"", ""Ds_plus""]",3,0.0752
triplet,"[""K_short"", ""W"", ""Z""]",3,0.0748
triplet,"[""eta"", ""B_plus"", ""Bs0""]",3,0.0748
triplet,"[""Omega_minus"", ""omega_782"", ""top""]",3,0.0746
triplet,"[""pi0"", ""K_short"", ""eta""]",3,0.0746
triplet,"[""phi_1020"", ""B_plus"", ""Bs0""]",3,0.0746
triplet,"[""tau"", ""omega_782"", ""Upsilon_1S""]",3,0.0744
triplet,"[""neutron"", ""B_plus"", ""Bs0""]",3,0.0744
triplet,"[""K_plus"", ""omega_782"", ""top""]",3,0.0734
triplet,"[""Ds_plus"", ""W"", ""Z""]",3,0.073
triplet,"[""muon"", ""omega_782"", ""top""]",3,0.0726
triplet,"[""proton"", ""J_psi"", ""Higgs""]",3,0.0726
triplet,"[""electron"", ""J_psi"", ""Higgs""]",3,0.0724
triplet,"[""B0"", ""Bs0"", ""Higgs""]",3,0.0724
triplet,"[""eta"", ""phi_1020"", ""Ds_plus""]",3,0.0718
triplet,"[""K_short"", ""J_psi"", ""Higgs""]",3,0.0716
triplet,"[""Ds_plus"", ""J_psi"", ""Higgs""]",3,0.0714
triplet,"[""pi_plus"", ""B_plus"", ""Bs0""]",3,0.0712
triplet,"[""D0"", ""W"", ""Z""]",3,0.0704
triplet,"[""Sigma_plus"", ""B0"", ""Bs0""]",3,0.0702
triplet,"[""pi0"", ""J_psi"", ""Higgs""]",3,0.0702
triplet,"[""Sigma_plus"", ""omega_782"", ""top""]",3,0.07
triplet,"[""neutron"", ""J_psi"", ""Higgs""]",3,0.0696
triplet,"[""eta"", ""phi_1020"", ""D0""]",3,0.0696
triplet,"[""rho_770"", ""B_plus"", ""B0""]",3,0.0696
triplet,"[""tau"", ""pi0"", ""K_long""]",3,0.0694
triplet,"[""pi0"", ""B_plus"", ""B0""]",3,0.0692
triplet,"[""pi0"", ""K_short"", ""rho_770""]",3,0.069
triplet,"[""pi_plus"", ""omega_782"", ""top""]",3,0.069
triplet,"[""eta"", ""B_plus"", ""B0""]",3,0.069
triplet,"[""phi_1020"", ""B_plus"", ""B0""]",3,0.0688
triplet,"[""neutron"", ""B_plus"", ""B0""]",3,0.0686
triplet,"[""Delta_1232"", ""B_plus"", ""Bs0""]",3,0.0682
triplet,"[""pi0"", ""W"", ""Z""]",3,0.0676
triplet,"[""omega_782"", ""D_plus"", ""top""]",3,0.0674
triplet,"[""D0"", ""J_psi"", ""Higgs""]",3,0.0672
triplet,"[""pi_plus"", ""B_plus"", ""B0""]",3,0.066
triplet,"[""tau"", ""W"", ""Z""]",3,0.0656
triplet,"[""muon"", ""phi_1020"", ""D_plus""]",3,0.064
triplet,"[""omega_782"", ""J_psi"", ""top""]",3,0.064
triplet,"[""Sigma_plus"", ""phi_1020"", ""D_plus""]",3,0.0636
triplet,"[""eta"", ""W"", ""Z""]",3,0.063
triplet,"[""Delta_1232"", ""B_plus"", ""B0""]",3,0.0626
triplet,"[""rho_770"", ""phi_1020"", ""D_plus""]",3,0.0622
triplet,"[""muon"", ""Xi_minus"", ""B0""]",3,0.0612
triplet,"[""muon"", ""Xi_minus"", ""K_plus""]",3,0.061
triplet,"[""K_short"", ""K_long"", ""D_plus""]",3,0.061
triplet,"[""tau"", ""J_psi"", ""Higgs""]",3,0.0604
triplet,"[""tau"", ""pi0"", ""eta""]",3,0.06
triplet,"[""omega_782"", ""Higgs"", ""top""]",3,0.06
triplet,"[""D0"", ""B0"", ""Bs0""]",3,0.0596
triplet,"[""B_plus"", ""Bs0"", ""Higgs""]",3,0.0594
triplet,"[""muon"", ""Lambda"", ""B_plus""]",3,0.0588
triplet,"[""J_psi"", ""B_plus"", ""Bs0""]",3,0.0582
triplet,"[""K_long"", ""J_psi"", ""Higgs""]",3,0.0574
triplet,"[""tau"", ""Omega_minus"", ""B_plus""]",3,0.0568
triplet,"[""Omega_minus"", ""K_plus"", ""Higgs""]",3,0.0566
triplet,"[""eta"", ""rho_770"", ""Ds_plus""]",3,0.0564
triplet,"[""tau"", ""Omega_minus"", ""Bs0""]",3,0.0562
triplet,"[""pi0"", ""rho_770"", ""Ds_plus""]",3,0.0554
triplet,"[""Omega_minus"", ""K_plus"", ""J_psi""]",3,0.055
triplet,"[""Sigma_plus"", ""rho_770"", ""D_plus""]",3,0.0548
triplet,"[""tau"", ""Omega_minus"", ""B0""]",3,0.0546
triplet,"[""Sigma_plus"", ""rho_770"", ""phi_1020""]",3,0.054
triplet,"[""B_plus"", ""B0"", ""Higgs""]",3,0.054
triplet,"[""Lambda"", ""B0"", ""Upsilon_1S""]",3,0.0538
triplet,"[""Lambda"", ""Bs0"", ""Upsilon_1S""]",3,0.0534
triplet,"[""J_psi"", ""Higgs"", ""top""]",3,0.0534
triplet,"[""neutron"", ""Omega_minus"", ""Z""]",3,0.0532
triplet,"[""K_short"", ""phi_1020"", ""Ds_plus""]",3,0.0532
triplet,"[""eta"", ""J_psi"", ""Higgs""]",3,0.0532
triplet,"[""J_psi"", ""B_plus"", ""B0""]",3,0.053
triplet,"[""K_short"", ""eta"", ""phi_1020""]",3,0.0526
triplet,"[""Sigma_plus"", ""B_plus"", ""Bs0""]",3,0.052
triplet,"[""pi0"", ""rho_770"", ""D0""]",3,0.052
triplet,"[""neutron"", ""Omega_minus"", ""W""]",3,0.0518
triplet,"[""neutron"", ""Xi_minus"", ""top""]",3,0.0516
triplet,"[""muon"", ""Xi_minus"", ""Bs0""]",3,0.0514
triplet,"[""neutron"", ""Xi_minus"", ""omega_782""]",3,0.051
triplet,"[""Delta_1232"", ""phi_1020"", ""Upsilon_1S""]",3,0.0508
triplet,"[""omega_782"", ""J_psi"", ""Higgs""]",3,0.0508
triplet,"[""muon"", ""Omega_minus"", ""J_psi""]",3,0.0504
triplet,"[""neutron"", ""pi0"", ""K_short""]",3,0.0502
triplet,"[""eta"", ""rho_770"", ""D0""]",3,0.0502
triplet,"[""muon"", ""Sigma_plus"", ""phi_1020""]",3,0.05
triplet,"[""rho_770"", ""phi_1020"", ""Ds_plus""]",3,0.05
triplet,"[""J_psi"", ""B_plus"", ""Higgs""]",3,0.05
triplet,"[""muon"", ""Sigma_plus"", ""rho_770""]",3,0.0494
triplet,"[""Delta_1232"", ""pi0"", ""eta""]",3,0.0494
triplet,"[""K_short"", ""eta"", ""rho_770""]",3,0.0494
triplet,"[""J_psi"", ""Bs0"", ""Higgs""]",3,0.0492
triplet,"[""muon"", ""neutron"", ""K_plus""]",3,0.049
triplet,"[""J_psi"", ""B0"", ""Higgs""]",3,0.049
triplet,"[""D0"", ""B_plus"", ""Bs0""]",3,0.0488
triplet,"[""tau"", ""Lambda"", ""K_plus""]",3,0.0484
triplet,"[""K_short"", ""rho_770"", ""Ds_plus""]",3,0.0484
triplet,"[""pi0"", ""omega_782"", ""top""]",3,0.0482
triplet,"[""pi0"", ""K_short"", ""phi_1020""]",3,0.048
triplet,"[""Lambda"", ""K_plus"", ""D0""]",3,0.0478
triplet,"[""pi_plus"", ""rho_770"", ""phi_1020""]",3,0.0478
triplet,"[""Sigma_plus"", ""pi_plus"", ""J_psi""]",3,0.0472
triplet,"[""tau"", ""K_long"", ""eta""]",3,0.0466
triplet,"[""neutron"", ""K_short"", ""Ds_plus""]",3,0.0466
triplet,"[""muon"", ""Omega_minus"", ""Higgs""]",3,0.0464
triplet,"[""Sigma_plus"", ""B_plus"", ""B0""]",3,0.0462
triplet,"[""Omega_minus"", ""Delta_1232"", ""K_plus""]",3,0.0462
triplet,"[""Sigma_plus"", ""pi_plus"", ""Higgs""]",3,0.046
triplet,"[""K_long"", ""B0"", ""Bs0""]",3,0.0446
triplet,"[""K_short"", ""rho_770"", ""phi_1020""]",3,0.0444
triplet,"[""tau"", ""Delta_1232"", ""pi0""]",3,0.0442
triplet,"[""Lambda"", ""B_plus"", ""Upsilon_1S""]",3,0.0436
triplet,"[""Delta_1232"", ""pi_plus"", ""D_plus""]",3,0.0436
triplet,"[""rho_770"", ""omega_782"", ""J_psi""]",3,0.0436
triplet,"[""muon"", ""rho_770"", ""D_plus""]",3,0.0434
triplet,"[""muon"", ""neutron"", ""Omega_minus""]",3,0.0432
triplet,"[""rho_770"", ""omega_782"", ""Higgs""]",3,0.0432
triplet,"[""Upsilon_1S"", ""W"", ""Z""]",3,0.043
triplet,"[""Xi_minus"", ""pi0"", ""B0""]",3,0.0428
triplet,"[""muon"", ""rho_770"", ""phi_1020""]",3,0.0424
triplet,"[""D0"", ""B_plus"", ""B0""]",3,0.0424
triplet,"[""neutron"", ""pi0"", ""Ds_plus""]",3,0.0422
triplet,"[""pi0"", ""K_plus"", ""B0""]",3,0.0422
triplet,"[""electron"", ""neutron"", ""D0""]",3,0.0418
triplet,"[""Omega_minus"", ""rho_770"", ""Upsilon_1S""]",3,0.0418
triplet,"[""Ds_plus"", ""B0"", ""Bs0""]",3,0.0412
triplet,"[""neutron"", ""pi_plus"", ""D_plus""]",3,0.041
triplet,"[""K_short"", ""omega_782"", ""D0""]",3,0.041
triplet,"[""rho_770"", ""phi_1020"", ""D0""]",3,0.041
triplet,"[""eta"", ""omega_782"", ""top""]",3,0.0408
triplet,"[""Lambda"", ""eta"", ""B_plus""]",3,0.0404
triplet,"[""Xi_minus"", ""pi0"", ""Bs0""]",3,0.0402
triplet,"[""Xi_minus"", ""pi_plus"", ""D0""]",3,0.04
triplet,"[""pi0"", ""pi_plus"", ""eta""]",3,0.0396
triplet,"[""D0"", ""Upsilon_1S"", ""top""]",3,0.0396
triplet,"[""Xi_minus"", ""pi0"", ""K_plus""]",3,0.0392
triplet,"[""Lambda"", ""omega_782"", ""B0""]",3,0.039
triplet,"[""tau"", ""K_long"", ""phi_1020""]",3,0.0386
triplet,"[""neutron"", ""Sigma_plus"", ""pi_plus""]",3,0.0386
triplet,"[""neutron"", ""pi_plus"", ""Higgs""]",3,0.0386
triplet,"[""K_long"", ""omega_782"", ""Upsilon_1S""]",3,0.0386
triplet,"[""rho_770"", ""J_psi"", ""Higgs""]",3,0.0386
triplet,"[""pi0"", ""K_plus"", ""Bs0""]",3,0.0384
triplet,"[""Lambda"", ""B0"", ""top""]",3,0.0376
triplet,"[""Lambda"", ""omega_782"", ""Bs0""]",3,0.037
triplet,"[""pi_plus"", ""phi_1020"", ""D_plus""]",3,0.0368
triplet,"[""Sigma_plus"", ""pi_plus"", ""Z""]",3,0.0366
triplet,"[""Delta_1232"", ""pi0"", ""K_long""]",3,0.0366
triplet,"[""Lambda"", ""phi_1020"", ""B_plus""]",3,0.0364
triplet,"[""pi_plus"", ""D_plus"", ""Higgs""]",3,0.0364
triplet,"[""Sigma_plus"", ""pi_plus"", ""W""]",3,0.0362
triplet,"[""Lambda"", ""pi0"", ""B_plus""]",3,0.036
triplet,"[""Sigma_plus"", ""Delta_1232"", ""D_plus""]",3,0.036
triplet,"[""muon"", ""Delta_1232"", ""K_plus""]",3,0.0358
triplet,"[""muon"", ""K_plus"", ""J_psi""]",3,0.0356
triplet,"[""Lambda"", ""Bs0"", ""top""]",3,0.0356
triplet,"[""muon"", ""pi0"", ""B_plus""]",3,0.0352
triplet,"[""tau"", ""J_psi"", ""Z""]",3,0.0352
triplet,"[""rho_770"", ""Higgs"", ""top""]",3,0.0352
triplet,"[""muon"", ""Omega_minus"", ""Z""]",3,0.035
triplet,"[""muon"", ""K_plus"", ""Higgs""]",3,0.035
triplet,"[""tau"", ""J_psi"", ""W""]",3,0.035
triplet,"[""neutron"", ""Lambda"", ""B0""]",3,0.035
triplet,"[""neutron"", ""Lambda"", ""Bs0""]",3,0.035
triplet,"[""Sigma_plus"", ""D0"", ""B_plus""]",3,0.0348
triplet,"[""Omega_minus"", ""pi0"", ""pi_plus""]",3,0.0348
triplet,"[""K_long"", ""D0"", ""Higgs""]",3,0.0348
triplet,"[""Lambda"", ""rho_770"", ""Bs0""]",3,0.0338
triplet,"[""pi_plus"", ""rho_770"", ""D_plus""]",3,0.0338
triplet,"[""K_long"", ""D0"", ""J_psi""]",3,0.0336
triplet,"[""K_long"", ""B_plus"", ""Bs0""]",3,0.0334
triplet,"[""muon"", ""Omega_minus"", ""W""]",3,0.0332
triplet,"[""Lambda"", ""phi_1020"", ""Bs0""]",3,0.0332
triplet,"[""muon"", ""K_plus"", ""W""]",3,0.033
triplet,"[""K_plus"", ""Bs0"", ""Higgs""]",3,0.033
triplet,"[""muon"", ""pi0"", ""Bs0""]",3,0.0328
triplet,"[""Lambda"", ""rho_770"", ""B0""]",3,0.0328
triplet,"[""pi0"", ""K_long"", ""eta""]",3,0.0326
triplet,"[""muon"", ""K_plus"", ""Z""]",3,0.0324
triplet,"[""K_short"", ""phi_1020"", ""Upsilon_1S""]",3,0.0324
triplet,"[""muon"", ""Xi_minus"", ""phi_1020""]",3,0.0322
triplet,"[""muon"", ""eta"", ""B0""]",3,0.0322
triplet,"[""neutron"", ""D0"", ""J_psi""]",3,0.0322
triplet,"[""K_long"", ""Upsilon_1S"", ""top""]",3,0.0322
triplet,"[""B_plus"", ""W"", ""Higgs""]",3,0.0322
triplet,"[""Sigma_plus"", ""D0"", ""Bs0""]",3,0.032
triplet,"[""K_plus"", ""B0"", ""Higgs""]",3,0.032
triplet,"[""muon"", ""eta"", ""Bs0""]",3,0.0318
triplet,"[""K_short"", ""D0"", ""top""]",3,0.0318
triplet,"[""tau"", ""Z"", ""Higgs""]",3,0.0316
triplet,"[""Lambda"", ""rho_770"", ""B_plus""]",3,0.0316
triplet,"[""K_plus"", ""J_psi"", ""B_plus""]",3,0.0316
triplet,"[""muon"", ""proton"", ""K_plus""]",3,0.0314
triplet,"[""neutron"", ""Omega_minus"", ""K_plus""]",3,0.0314
triplet,"[""Lambda"", ""phi_1020"", ""B0""]",3,0.0314
triplet,"[""Sigma_plus"", ""Delta_1232"", ""pi_plus""]",3,0.0314
triplet,"[""rho_770"", ""J_psi"", ""top""]",3,0.0314
triplet,"[""muon"", ""Xi_minus"", ""Upsilon_1S""]",3,0.0312
triplet,"[""tau"", ""Delta_1232"", ""K_long""]",3,0.0312
triplet,"[""Xi_minus"", ""B0"", ""Higgs""]",3,0.0312
triplet,"[""Delta_1232"", ""K_short"", ""Ds_plus""]",3,0.0312
triplet,"[""K_plus"", ""J_psi"", ""Bs0""]",3,0.0312
triplet,"[""K_short"", ""omega_782"", ""Ds_plus""]",3,0.0312
triplet,"[""phi_1020"", ""D_plus"", ""Upsilon_1S""]",3,0.0312
triplet,"[""Bs0"", ""W"", ""Higgs""]",3,0.0312
triplet,"[""Lambda"", ""eta"", ""Bs0""]",3,0.031
triplet,"[""Sigma_plus"", ""D0"", ""B0""]",3,0.031
triplet,"[""Xi_minus"", ""J_psi"", ""Bs0""]",3,0.031
triplet,"[""Xi_minus"", ""Bs0"", ""Higgs""]",3,0.031
triplet,"[""Ds_plus"", ""B_plus"", ""Bs0""]",3,0.031
triplet,"[""proton"", ""pi0"", ""eta""]",3,0.0308
triplet,"[""neutron"", ""Lambda"", ""B_plus""]",3,0.0308
triplet,"[""neutron"", ""pi0"", ""eta""]",3,0.0308
triplet,"[""Xi_minus"", ""pi0"", ""B_plus""]",3,0.0308
triplet,"[""Xi_minus"", ""K_plus"", ""eta""]",3,0.0308
triplet,"[""Delta_1232"", ""omega_782"", ""top""]",3,0.0308
triplet,"[""tau"", ""rho_770"", ""phi_1020""]",3,0.0306
triplet,"[""Lambda"", ""B0"", ""W""]",3,0.0306
triplet,"[""Xi_minus"", ""J_psi"", ""B0""]",3,0.0306
triplet,"[""D0"", ""J_psi"", ""Z""]",3,0.0306
triplet,"[""K_plus"", ""rho_770"", ""phi_1020""]",3,0.0302
triplet,"[""K_plus"", ""J_psi"", ""B0""]",3,0.0302
triplet,"[""K_plus"", ""B_plus"", ""Higgs""]",3,0.0302
triplet,"[""K_short"", ""eta"", ""D_plus""]",3,0.0302
triplet,"[""electron"", ""muon"", ""K_plus""]",3,0.03
triplet,"[""muon"", ""pi0"", ""B0""]",3,0.03
triplet,"[""neutron"", ""omega_782"", ""D0""]",3,0.03
triplet,"[""Lambda"", ""B0"", ""Z""]",3,0.03
triplet,"[""B0"", ""W"", ""Higgs""]",3,0.03
triplet,"[""neutron"", ""Sigma_plus"", ""Higgs""]",3,0.0298
triplet,"[""electron"", ""Sigma_plus"", ""pi_plus""]",3,0.0296
triplet,"[""muon"", ""K_plus"", ""top""]",3,0.0296
triplet,"[""proton"", ""K_short"", ""Ds_plus""]",3,0.0296
triplet,"[""Lambda"", ""omega_782"", ""B_plus""]",3,0.0296
triplet,"[""pi0"", ""omega_782"", ""D_plus""]",3,0.0296
triplet,"[""K_long"", ""B_plus"", ""B0""]",3,0.0296
triplet,"[""eta"", ""rho_770"", ""top""]",3,0.0296
triplet,"[""Lambda"", ""Delta_1232"", ""B_plus""]",3,0.0294
triplet,"[""Lambda"", ""B_plus"", ""top""]",3,0.0294
triplet,"[""neutron"", ""K_short"", ""eta""]",3,0.0292
triplet,"[""Lambda"", ""eta"", ""B0""]",3,0.0292
triplet,"[""Xi_minus"", ""eta"", ""B0""]",3,0.0292
triplet,"[""Lambda"", ""Bs0"", ""W""]",3,0.029
triplet,"[""electron"", ""pi0"", ""eta""]",3,0.0288
triplet,"[""Omega_minus"", ""pi_plus"", ""eta""]",3,0.0288
triplet,"[""Omega_minus"", ""K_plus"", ""Z""]",3,0.0288
triplet,"[""Omega_minus"", ""K_plus"", ""W""]",3,0.0284
triplet,"[""muon"", ""K_plus"", ""omega_782""]",3,0.028
triplet,"[""muon"", ""K_plus"", ""Upsilon_1S""]",3,0.028
triplet,"[""neutron"", ""Sigma_plus"", ""J_psi""]",3,0.0278
triplet,"[""Xi_minus"", ""eta"", ""Bs0""]",3,0.0278
triplet,"[""Ds_plus"", ""B_plus"", ""B0""]",3,0.0278
triplet,"[""B_plus"", ""Z"", ""Higgs""]",3,0.0276
triplet,"[""neutron"", ""Sigma_plus"", ""D_plus""]",3,0.0274
triplet,"[""muon"", ""Lambda"", ""pi0""]",3,0.0272
triplet,"[""tau"", ""Delta_1232"", ""eta""]",3,0.0272
triplet,"[""pi_plus"", ""D_plus"", ""J_psi""]",3,0.0272
triplet,"[""muon"", ""Lambda"", ""Bs0""]",3,0.027
triplet,"[""muon"", ""eta"", ""B_plus""]",3,0.027
triplet,"[""proton"", ""Omega_minus"", ""K_plus""]",3,0.027
triplet,"[""Lambda"", ""Bs0"", ""Z""]",3,0.027
triplet,"[""Sigma_plus"", ""rho_770"", ""Upsilon_1S""]",3,0.027
triplet,"[""Omega_minus"", ""K_long"", ""D0""]",3,0.027
triplet,"[""electron"", ""Lambda"", ""B0""]",3,0.0268
triplet,"[""Sigma_plus"", ""eta"", ""D_plus""]",3,0.0268
triplet,"[""Xi_minus"", ""pi_plus"", ""Ds_plus""]",3,0.0268
triplet,"[""K_long"", ""D0"", ""Z""]",3,0.0268
triplet,"[""eta"", ""rho_770"", ""omega_782""]",3,0.0268
triplet,"[""neutron"", ""eta"", ""Ds_plus""]",3,0.0266
triplet,"[""Sigma_plus"", ""pi0"", ""Higgs""]",3,0.0266
triplet,"[""Xi_minus"", ""K_plus"", ""Higgs""]",3,0.0266
triplet,"[""K_plus"", ""B0"", ""Z""]",3,0.0266
triplet,"[""K_plus"", ""Bs0"", ""Z""]",3,0.0266
triplet,"[""rho_770"", ""W"", ""Z""]",3,0.0266
triplet,"[""electron"", ""Lambda"", ""Bs0""]",3,0.0264
triplet,"[""tau"", ""W"", ""Higgs""]",3,0.0264
triplet,"[""proton"", ""Sigma_plus"", ""pi_plus""]",3,0.0264
triplet,"[""neutron"", ""K_long"", ""D0""]",3,0.0264
triplet,"[""Lambda"", ""pi_plus"", ""D_plus""]",3,0.0264
triplet,"[""K_long"", ""D0"", ""W""]",3,0.0264
triplet,"[""neutron"", ""Delta_1232"", ""D_plus""]",3,0.0262
triplet,"[""K_plus"", ""Bs0"", ""W""]",3,0.0262
triplet,"[""D0"", ""J_psi"", ""W""]",3,0.0262
triplet,"[""neutron"", ""Lambda"", ""rho_770""]",3,0.026
triplet,"[""Xi_minus"", ""K_plus"", ""rho_770""]",3,0.026
triplet,"[""Xi_minus"", ""J_psi"", ""B_plus""]",3,0.026
triplet,"[""K_plus"", ""B0"", ""W""]",3,0.026
triplet,"[""pi_plus"", ""rho_770"", ""Upsilon_1S""]",3,0.0258
triplet,"[""neutron"", ""Upsilon_1S"", ""top""]",3,0.0256
triplet,"[""Lambda"", ""W"", ""Higgs""]",3,0.0256
triplet,"[""K_short"", ""K_long"", ""eta""]",3,0.0256
triplet,"[""electron"", ""K_short"", ""Ds_plus""]",3,0.0254
triplet,"[""muon"", ""Lambda"", ""Higgs""]",3,0.0254
triplet,"[""Lambda"", ""Z"", ""Higgs""]",3,0.0254
triplet,"[""Delta_1232"", ""J_psi"", ""Higgs""]",3,0.0254
triplet,"[""muon"", ""Lambda"", ""J_psi""]",3,0.0252
triplet,"[""Xi_minus"", ""B_plus"", ""Higgs""]",3,0.0252
triplet,"[""Bs0"", ""Z"", ""Higgs""]",3,0.0252
triplet,"[""tau"", ""eta"", ""phi_1020""]",3,0.025
triplet,"[""proton"", ""Lambda"", ""B_plus""]",3,0.025
triplet,"[""neutron"", ""rho_770"", ""phi_1020""]",3,0.025
triplet,"[""Omega_minus"", ""K_plus"", ""rho_770""]",3,0.025
triplet,"[""pi0"", ""D_plus"", ""top""]",3,0.025
triplet,"[""muon"", ""Xi_minus"", ""eta""]",3,0.0248
triplet,"[""Xi_minus"", ""K_plus"", ""J_psi""]",3,0.0246
triplet,"[""Xi_minus"", ""B0"", ""Z""]",3,0.0246
triplet,"[""muon"", ""neutron"", ""W""]",3,0.0244
triplet,"[""muon"", ""neutron"", ""Z""]",3,0.0244
triplet,"[""neutron"", ""Lambda"", ""Upsilon_1S""]",3,0.0244
triplet,"[""neutron"", ""K_plus"", ""W""]",3,0.0244
triplet,"[""Lambda"", ""pi0"", ""Ds_plus""]",3,0.0244
triplet,"[""Xi_minus"", ""B0"", ""W""]",3,0.0244
triplet,"[""pi0"", ""pi_plus"", ""Z""]",3,0.0244
triplet,"[""electron"", ""Omega_minus"", ""K_plus""]",3,0.0242
triplet,"[""proton"", ""neutron"", ""Sigma_plus""]",3,0.0242
triplet,"[""pi0"", ""pi_plus"", ""W""]",3,0.0242
triplet,"[""K_plus"", ""W"", ""Higgs""]",3,0.0242
triplet,"[""B0"", ""Z"", ""Higgs""]",3,0.0242
triplet,"[""tau"", ""K_long"", ""B0""]",3,0.024
triplet,"[""proton"", ""rho_770"", ""phi_1020""]",3,0.024
triplet,"[""neutron"", ""K_plus"", ""Z""]",3,0.024
triplet,"[""Sigma_plus"", ""pi_plus"", ""top""]",3,0.024
triplet,"[""eta"", ""phi_1020"", ""J_psi""]",3,0.024
triplet,"[""muon"", ""Xi_minus"", ""rho_770""]",3,0.0238
triplet,"[""Sigma_plus"", ""pi_plus"", ""omega_782""]",3,0.0238
triplet,"[""Omega_minus"", ""pi_plus"", ""Higgs""]",3,0.0238
triplet,"[""K_long"", ""Ds_plus"", ""top""]",3,0.0238
triplet,"[""neutron"", ""Delta_1232"", ""pi_plus""]",3,0.0236
triplet,"[""Xi_minus"", ""Bs0"", ""W""]",3,0.0236
triplet,"[""phi_1020"", ""J_psi"", ""Higgs""]",3,0.0236
triplet,"[""neutron"", ""Omega_minus"", ""pi_plus""]",3,0.0234
triplet,"[""Lambda"", ""Delta_1232"", ""Bs0""]",3,0.0234
triplet,"[""Xi_minus"", ""Bs0"", ""Z""]",3,0.0234
triplet,"[""K_plus"", ""rho_770"", ""Upsilon_1S""]",3,0.0234
triplet,"[""electron"", ""pi_plus"", ""top""]",3,0.0232
triplet,"[""proton"", ""Lambda"", ""B0""]",3,0.0232
triplet,"[""Omega_minus"", ""pi0"", ""W""]",3,0.0232
triplet,"[""K_long"", ""omega_782"", ""Ds_plus""]",3,0.0232
triplet,"[""electron"", ""Lambda"", ""B_plus""]",3,0.023
triplet,"[""Xi_minus"", ""W"", ""Higgs""]",3,0.023
triplet,"[""Delta_1232"", ""eta"", ""Higgs""]",3,0.023
triplet,"[""pi_plus"", ""B_plus"", ""Upsilon_1S""]",3,0.023
triplet,"[""muon"", ""Sigma_plus"", ""eta""]",3,0.0228
triplet,"[""proton"", ""Lambda"", ""Bs0""]",3,0.0228
triplet,"[""neutron"", ""eta"", ""rho_770""]",3,0.0228
triplet,"[""neutron"", ""D0"", ""Higgs""]",3,0.0228
triplet,"[""neutron"", ""B0"", ""Upsilon_1S""]",3,0.0228
triplet,"[""Lambda"", ""Delta_1232"", ""B0""]",3,0.0228
triplet,"[""K_short"", ""eta"", ""Z""]",3,0.0228
triplet,"[""K_short"", ""B0"", ""Bs0""]",3,0.0228
triplet,"[""muon"", ""Xi_minus"", ""Delta_1232""]",3,0.0226
triplet,"[""neutron"", ""omega_782"", ""Upsilon_1S""]",3,0.0226
triplet,"[""Omega_minus"", ""pi0"", ""Z""]",3,0.0226
triplet,"[""Omega_minus"", ""pi_plus"", ""J_psi""]",3,0.0226
triplet,"[""K_long"", ""eta"", ""D_plus""]",3,0.0226
triplet,"[""muon"", ""Delta_1232"", ""D0""]",3,0.0224
triplet,"[""K_plus"", ""B_plus"", ""W""]",3,0.0224
triplet,"[""K_long"", ""phi_1020"", ""Upsilon_1S""]",3,0.0224
triplet,"[""electron"", ""Xi_minus"", ""K_plus""]",3,0.0222
triplet,"[""neutron"", ""eta"", ""phi_1020""]",3,0.0222
triplet,"[""Xi_minus"", ""B_plus"", ""top""]",3,0.0222
triplet,"[""tau"", ""K_long"", ""Bs0""]",3,0.022
triplet,"[""neutron"", ""K_short"", ""omega_782""]",3,0.022
triplet,"[""K_long"", ""J_psi"", ""Z""]",3,0.022
triplet,"[""electron"", ""Upsilon_1S"", ""top""]",3,0.0218
triplet,"[""tau"", ""Delta_1232"", ""phi_1020""]",3,0.0218
triplet,"[""Sigma_plus"", ""pi0"", ""J_psi""]",3,0.0218
triplet,"[""Xi_minus"", ""K_plus"", ""Z""]",3,0.0218
triplet,"[""electron"", ""pi_plus"", ""D_plus""]",3,0.0216
triplet,"[""muon"", ""eta"", ""D_plus""]",3,0.0216
triplet,"[""muon"", ""rho_770"", ""Upsilon_1S""]",3,0.0216
triplet,"[""Lambda"", ""J_psi"", ""W""]",3,0.0216
triplet,"[""Xi_minus"", ""omega_782"", ""B_plus""]",3,0.0216
triplet,"[""pi0"", ""K_short"", ""D_plus""]",3,0.0216
triplet,"[""muon"", ""Lambda"", ""Z""]",3,0.0214
triplet,"[""Sigma_plus"", ""D_plus"", ""Higgs""]",3,0.0212
triplet,"[""Xi_minus"", ""K_plus"", ""W""]",3,0.0212
triplet,"[""K_plus"", ""B_plus"", ""Z""]",3,0.0212
triplet,"[""rho_770"", ""Ds_plus"", ""J_psi""]",3,0.0212
triplet,"[""electron"", ""muon"", ""Omega_minus""]",3,0.021
triplet,"[""muon"", ""Lambda"", ""W""]",3,0.021
triplet,"[""muon"", ""Delta_1232"", ""Bs0""]",3,0.021
triplet,"[""muon"", ""W"", ""Higgs""]",3,0.021
triplet,"[""muon"", ""Z"", ""Higgs""]",3,0.021
triplet,"[""neutron"", ""Bs0"", ""Upsilon_1S""]",3,0.021
triplet,"[""Lambda"", ""Delta_1232"", ""eta""]",3,0.021
triplet,"[""Delta_1232"", ""phi_1020"", ""D0""]",3,0.021
triplet,"[""omega_782"", ""Ds_plus"", ""J_psi""]",3,0.021
triplet,"[""electron"", ""pi_plus"", ""phi_1020""]",3,0.0208
triplet,"[""electron"", ""omega_782"", ""Upsilon_1S""]",3,0.0208
triplet,"[""muon"", ""Delta_1232"", ""B0""]",3,0.0208
triplet,"[""tau"", ""Xi_minus"", ""Upsilon_1S""]",3,0.0208
triplet,"[""Sigma_plus"", ""pi_plus"", ""rho_770""]",3,0.0208
triplet,"[""Delta_1232"", ""K_short"", ""Upsilon_1S""]",3,0.0208
triplet,"[""Delta_1232"", ""Ds_plus"", ""Upsilon_1S""]",3,0.0208
triplet,"[""eta"", ""D_plus"", ""Z""]",3,0.0208
triplet,"[""electron"", ""rho_770"", ""phi_1020""]",3,0.0206
triplet,"[""muon"", ""Omega_minus"", ""Delta_1232""]",3,0.0206
triplet,"[""Lambda"", ""eta"", ""D0""]",3,0.0206
triplet,"[""Omega_minus"", ""pi_plus"", ""W""]",3,0.0206
triplet,"[""Omega_minus"", ""pi_plus"", ""Z""]",3,0.0206
triplet,"[""pi0"", ""K_plus"", ""B_plus""]",3,0.0206
triplet,"[""rho_770"", ""D0"", ""Higgs""]",3,0.0204
triplet,"[""Ds_plus"", ""Higgs"", ""top""]",3,0.0204
triplet,"[""Xi_minus"", ""K_plus"", ""phi_1020""]",3,0.0202
triplet,"[""electron"", ""eta"", ""phi_1020""]",3,0.02
triplet,"[""muon"", ""D0"", ""Upsilon_1S""]",3,0.02
triplet,"[""tau"", ""K_long"", ""rho_770""]",3,0.02
triplet,"[""proton"", ""pi_plus"", ""D_plus""]",3,0.02
triplet,"[""Omega_minus"", ""pi0"", ""Higgs""]",3,0.02
triplet,"[""Delta_1232"", ""phi_1020"", ""Ds_plus""]",3,0.02
triplet,"[""K_short"", ""Ds_plus"", ""top""]",3,0.02
triplet,"[""K_long"", ""rho_770"", ""phi_1020""]",3,0.02
triplet,"[""phi_1020"", ""W"", ""Z""]",3,0.02
triplet,"[""proton"", ""Sigma_plus"", ""D_plus""]",3,0.0198
triplet,"[""neutron"", ""Xi_minus"", ""B_plus""]",3,0.0198
triplet,"[""Xi_minus"", ""pi0"", ""D0""]",3,0.0198
triplet,"[""pi_plus"", ""Bs0"", ""Upsilon_1S""]",3,0.0198
triplet,"[""K_short"", ""D_plus"", ""Z""]",3,0.0198
triplet,"[""K_short"", ""D_plus"", ""Higgs""]",3,0.0198
triplet,"[""proton"", ""Omega_minus"", ""Delta_1232""]",3,0.0196
triplet,"[""neutron"", ""D0"", ""top""]",3,0.0196
triplet,"[""Xi_minus"", ""Delta_1232"", ""K_plus""]",3,0.0196
triplet,"[""Omega_minus"", ""K_long"", ""B_plus""]",3,0.0196
triplet,"[""K_plus"", ""Ds_plus"", ""J_psi""]",3,0.0196
triplet,"[""K_short"", ""D_plus"", ""W""]",3,0.0196
triplet,"[""omega_782"", ""D0"", ""Higgs""]",3,0.0196
triplet,"[""tau"", ""neutron"", ""Upsilon_1S""]",3,0.0194
triplet,"[""proton"", ""Upsilon_1S"", ""top""]",3,0.0194
triplet,"[""Lambda"", ""Delta_1232"", ""Higgs""]",3,0.0194
triplet,"[""Xi_minus"", ""K_long"", ""D_plus""]",3,0.0194
triplet,"[""Xi_minus"", ""Z"", ""Higgs""]",3,0.0194
triplet,"[""Delta_1232"", ""K_long"", ""phi_1020""]",3,0.0194
triplet,"[""D0"", ""Higgs"", ""top""]",3,0.0194
triplet,"[""muon"", ""K_plus"", ""rho_770""]",3,0.0192
triplet,"[""proton"", ""Xi_minus"", ""K_plus""]",3,0.0192
triplet,"[""proton"", ""Xi_minus"", ""B0""]",3,0.0192
triplet,"[""Xi_minus"", ""B_plus"", ""W""]",3,0.0192
triplet,"[""K_plus"", ""Z"", ""Higgs""]",3,0.0192
triplet,"[""muon"", ""tau"", ""top""]",3,0.019
triplet,"[""neutron"", ""rho_770"", ""B_plus""]",3,0.019
triplet,"[""muon"", ""tau"", ""omega_782""]",3,0.0188
triplet,"[""tau"", ""Xi_minus"", ""pi_plus""]",3,0.0188
triplet,"[""proton"", ""Xi_minus"", ""J_psi""]",3,0.0188
triplet,"[""neutron"", ""rho_770"", ""Bs0""]",3,0.0188
triplet,"[""Lambda"", ""K_plus"", ""Upsilon_1S""]",3,0.0188
triplet,"[""Xi_minus"", ""B_plus"", ""Z""]",3,0.0188
triplet,"[""K_short"", ""D_plus"", ""Upsilon_1S""]",3,0.0188
triplet,"[""rho_770"", ""D0"", ""J_psi""]",3,0.0188
triplet,"[""J_psi"", ""B_plus"", ""W""]",3,0.0188
triplet,"[""electron"", ""muon"", ""neutron""]",3,0.0186
triplet,"[""electron"", ""eta"", ""rho_770""]",3,0.0186
triplet,"[""electron"", ""eta"", ""D0""]",3,0.0186
triplet,"[""muon"", ""K_plus"", ""phi_1020""]",3,0.0186
triplet,"[""proton"", ""neutron"", ""W""]",3,0.0186
triplet,"[""neutron"", ""K_short"", ""top""]",3,0.0186
triplet,"[""neutron"", ""K_long"", ""J_psi""]",3,0.0186
triplet,"[""neutron"", ""D0"", ""W""]",3,0.0186
triplet,"[""Xi_minus"", ""Bs0"", ""top""]",3,0.0186
triplet,"[""pi_plus"", ""phi_1020"", ""B0""]",3,0.0186
triplet,"[""tau"", ""pi_plus"", ""B_plus""]",3,0.0184
triplet,"[""Lambda"", ""J_psi"", ""Z""]",3,0.0184
triplet,"[""Omega_minus"", ""pi_plus"", ""phi_1020""]",3,0.0184
triplet,"[""Delta_1232"", ""K_long"", ""Upsilon_1S""]",3,0.0184
triplet,"[""Xi_minus"", ""Delta_1232"", ""B0""]",3,0.0182
triplet,"[""Xi_minus"", ""omega_782"", ""Bs0""]",3,0.0182
triplet,"[""electron"", ""Xi_minus"", ""B_plus""]",3,0.018
triplet,"[""tau"", ""Lambda"", ""rho_770""]",3,0.018
triplet,"[""tau"", ""eta"", ""B_plus""]",3,0.018
triplet,"[""neutron"", ""pi0"", ""pi_plus""]",3,0.018
triplet,"[""Omega_minus"", ""Delta_1232"", ""pi_plus""]",3,0.018
triplet,"[""pi0"", ""rho_770"", ""omega_782""]",3,0.018
triplet,"[""K_short"", ""D_plus"", ""J_psi""]",3,0.018
triplet,"[""electron"", ""neutron"", ""omega_782""]",3,0.0178
triplet,"[""muon"", ""tau"", ""rho_770""]",3,0.0178
triplet,"[""muon"", ""Lambda"", ""K_long""]",3,0.0178
triplet,"[""tau"", ""proton"", ""neutron""]",3,0.0178
triplet,"[""proton"", ""omega_782"", ""Upsilon_1S""]",3,0.0178
triplet,"[""neutron"", ""rho_770"", ""B0""]",3,0.0178
triplet,"[""Lambda"", ""Delta_1232"", ""phi_1020""]",3,0.0178
triplet,"[""Xi_minus"", ""B0"", ""top""]",3,0.0178
triplet,"[""pi0"", ""K_short"", ""omega_782""]",3,0.0178
triplet,"[""pi_plus"", ""B0"", ""Upsilon_1S""]",3,0.0178
triplet,"[""electron"", ""Omega_minus"", ""pi_plus""]",3,0.0176
triplet,"[""electron"", ""pi_plus"", ""omega_782""]",3,0.0176
triplet,"[""muon"", ""tau"", ""Sigma_plus""]",3,0.0176
triplet,"[""muon"", ""J_psi"", ""W""]",3,0.0176
triplet,"[""tau"", ""Lambda"", ""Delta_1232""]",3,0.0176
triplet,"[""tau"", ""Lambda"", ""phi_1020""]",3,0.0176
triplet,"[""tau"", ""pi0"", ""B0""]",3,0.0176
triplet,"[""tau"", ""K_plus"", ""phi_1020""]",3,0.0176
triplet,"[""proton"", ""Omega_minus"", ""pi_plus""]",3,0.0176
triplet,"[""neutron"", ""Xi_minus"", ""Bs0""]",3,0.0176
triplet,"[""neutron"", ""D0"", ""Z""]",3,0.0176
triplet,"[""Omega_minus"", ""rho_770"", ""phi_1020""]",3,0.0176
triplet,"[""Delta_1232"", ""eta"", ""B_plus""]",3,0.0176
triplet,"[""Delta_1232"", ""phi_1020"", ""B_plus""]",3,0.0176
triplet,"[""K_plus"", ""eta"", ""D0""]",3,0.0176
triplet,"[""Ds_plus"", ""J_psi"", ""top""]",3,0.0176
triplet,"[""muon"", ""Lambda"", ""B0""]",3,0.0174
triplet,"[""proton"", ""D0"", ""top""]",3,0.0174
triplet,"[""neutron"", ""K_long"", ""Higgs""]",3,0.0174
triplet,"[""pi_plus"", ""phi_1020"", ""Bs0""]",3,0.0174
triplet,"[""eta"", ""D_plus"", ""W""]",3,0.0174
triplet,"[""tau"", ""neutron"", ""Lambda""]",3,0.0172
triplet,"[""tau"", ""J_psi"", ""B_plus""]",3,0.0172
triplet,"[""tau"", ""B_plus"", ""Higgs""]",3,0.0172
triplet,"[""proton"", ""Xi_minus"", ""Higgs""]",3,0.0172
triplet,"[""proton"", ""pi_plus"", ""phi_1020""]",3,0.0172
triplet,"[""Xi_minus"", ""Delta_1232"", ""Bs0""]",3,0.0172
triplet,"[""Xi_minus"", ""rho_770"", ""B_plus""]",3,0.0172
triplet,"[""Omega_minus"", ""eta"", ""B0""]",3,0.0172
triplet,"[""Delta_1232"", ""K_long"", ""eta""]",3,0.0172
triplet,"[""pi0"", ""K_short"", ""top""]",3,0.0172
triplet,"[""electron"", ""tau"", ""Upsilon_1S""]",3,0.017
triplet,"[""electron"", ""Xi_minus"", ""B0""]",3,0.017
triplet,"[""proton"", ""Xi_minus"", ""Bs0""]",3,0.017
triplet,"[""Lambda"", ""K_plus"", ""rho_770""]",3,0.017
triplet,"[""J_psi"", ""Bs0"", ""W""]",3,0.017
triplet,"[""electron"", ""Xi_minus"", ""Bs0""]",3,0.0168
triplet,"[""muon"", ""J_psi"", ""Z""]",3,0.0168
triplet,"[""proton"", ""eta"", ""phi_1020""]",3,0.0168
triplet,"[""neutron"", ""Xi_minus"", ""B0""]",3,0.0168
triplet,"[""neutron"", ""Delta_1232"", ""eta""]",3,0.0168
triplet,"[""Lambda"", ""K_plus"", ""Ds_plus""]",3,0.0168
triplet,"[""Xi_minus"", ""Delta_1232"", ""phi_1020""]",3,0.0168
triplet,"[""Xi_minus"", ""omega_782"", ""B0""]",3,0.0168
triplet,"[""Delta_1232"", ""phi_1020"", ""Bs0""]",3,0.0168
triplet,"[""K_long"", ""J_psi"", ""W""]",3,0.0168
triplet,"[""electron"", ""neutron"", ""top""]",3,0.0166
triplet,"[""muon"", ""neutron"", ""D0""]",3,0.0166
triplet,"[""Omega_minus"", ""pi_plus"", ""rho_770""]",3,0.0166
triplet,"[""Omega_minus"", ""eta"", ""Bs0""]",3,0.0166
triplet,"[""pi0"", ""rho_770"", ""D_plus""]",3,0.0166
triplet,"[""K_plus"", ""rho_770"", ""J_psi""]",3,0.0166
triplet,"[""tau"", ""pi0"", ""Bs0""]",3,0.0164
triplet,"[""proton"", ""phi_1020"", ""D_plus""]",3,0.0164
triplet,"[""Lambda"", ""Higgs"", ""top""]",3,0.0164
triplet,"[""Omega_minus"", ""K_plus"", ""phi_1020""]",3,0.0164
triplet,"[""Delta_1232"", ""phi_1020"", ""B0""]",3,0.0164
triplet,"[""electron"", ""neutron"", ""K_plus""]",3,0.0162
triplet,"[""electron"", ""neutron"", ""Upsilon_1S""]",3,0.0162
triplet,"[""proton"", ""Xi_minus"", ""B_plus""]",3,0.0162
triplet,"[""neutron"", ""K_long"", ""W""]",3,0.0162
triplet,"[""Lambda"", ""pi0"", ""Bs0""]",3,0.0162
triplet,"[""Xi_minus"", ""pi0"", ""pi_plus""]",3,0.0162
triplet,"[""K_short"", ""eta"", ""W""]",3,0.0162
triplet,"[""electron"", ""J_psi"", ""B0""]",3,0.016
triplet,"[""tau"", ""Delta_1232"", ""K_plus""]",3,0.016
triplet,"[""proton"", ""Sigma_plus"", ""phi_1020""]",3,0.016
triplet,"[""Delta_1232"", ""K_plus"", ""phi_1020""]",3,0.016
triplet,"[""K_plus"", ""B_plus"", ""top""]",3,0.016
triplet,"[""K_short"", ""phi_1020"", ""D_plus""]",3,0.016
triplet,"[""K_long"", ""D_plus"", ""Z""]",3,0.016
triplet,"[""tau"", ""pi_plus"", ""K_short""]",3,0.0158
triplet,"[""proton"", ""Xi_minus"", ""W""]",3,0.0158
triplet,"[""neutron"", ""K_long"", ""Z""]",3,0.0158
triplet,"[""K_plus"", ""Ds_plus"", ""Higgs""]",3,0.0158
triplet,"[""rho_770"", ""phi_1020"", ""Z""]",3,0.0158
triplet,"[""J_psi"", ""B0"", ""W""]",3,0.0158
triplet,"[""muon"", ""phi_1020"", ""D0""]",3,0.0156
triplet,"[""proton"", ""pi0"", ""rho_770""]",3,0.0156
triplet,"[""proton"", ""pi0"", ""D0""]",3,0.0156
triplet,"[""proton"", ""pi_plus"", ""eta""]",3,0.0156
triplet,"[""proton"", ""K_short"", ""omega_782""]",3,0.0156
triplet,"[""Xi_minus"", ""omega_782"", ""Higgs""]",3,0.0156
triplet,"[""Xi_minus"", ""J_psi"", ""W""]",3,0.0156
triplet,"[""Delta_1232"", ""K_short"", ""D_plus""]",3,0.0156
triplet,"[""omega_782"", ""Ds_plus"", ""Higgs""]",3,0.0156
triplet,"[""electron"", ""J_psi"", ""Bs0""]",3,0.0154
triplet,"[""proton"", ""neutron"", ""pi_plus""]",3,0.0154
triplet,"[""proton"", ""pi0"", ""phi_1020""]",3,0.0154
triplet,"[""proton"", ""pi_plus"", ""rho_770""]",3,0.0154
triplet,"[""proton"", ""omega_782"", ""D0""]",3,0.0154
triplet,"[""neutron"", ""Xi_minus"", ""K_plus""]",3,0.0154
triplet,"[""neutron"", ""Omega_minus"", ""pi0""]",3,0.0154
triplet,"[""neutron"", ""pi_plus"", ""J_psi""]",3,0.0154
triplet,"[""neutron"", ""rho_770"", ""D_plus""]",3,0.0154
triplet,"[""pi_plus"", ""rho_770"", ""Higgs""]",3,0.0154
triplet,"[""electron"", ""K_long"", ""Upsilon_1S""]",3,0.0152
triplet,"[""tau"", ""Omega_minus"", ""J_psi""]",3,0.0152
triplet,"[""proton"", ""neutron"", ""D_plus""]",3,0.0152
triplet,"[""proton"", ""rho_770"", ""D_plus""]",3,0.0152
triplet,"[""Lambda"", ""omega_782"", ""Higgs""]",3,0.0152
triplet,"[""Omega_minus"", ""B0"", ""Higgs""]",3,0.0152
triplet,"[""Omega_minus"", ""Bs0"", ""Higgs""]",3,0.0152
triplet,"[""pi0"", ""pi_plus"", ""D0""]",3,0.0152
triplet,"[""electron"", ""proton"", ""B0""]",3,0.015
triplet,"[""electron"", ""pi0"", ""D0""]",3,0.015
triplet,"[""electron"", ""omega_782"", ""D0""]",3,0.015
triplet,"[""muon"", ""Omega_minus"", ""Ds_plus""]",3,0.015
triplet,"[""neutron"", ""K_long"", ""Ds_plus""]",3,0.015
triplet,"[""Lambda"", ""K_plus"", ""eta""]",3,0.015
triplet,"[""Omega_minus"", ""pi0"", ""B_plus""]",3,0.015
triplet,"[""Delta_1232"", ""K_short"", ""phi_1020""]",3,0.015
triplet,"[""pi0"", ""pi_plus"", ""Higgs""]",3,0.015
triplet,"[""pi0"", ""K_long"", ""J_psi""]",3,0.015
triplet,"[""K_plus"", ""rho_770"", ""Ds_plus""]",3,0.015
triplet,"[""K_long"", ""D_plus"", ""W""]",3,0.015
triplet,"[""electron"", ""Lambda"", ""W""]",3,0.0148
triplet,"[""Omega_minus"", ""J_psi"", ""Bs0""]",3,0.0148
triplet,"[""pi0"", ""K_long"", ""top""]",3,0.0148
triplet,"[""omega_782"", ""D0"", ""J_psi""]",3,0.0148
triplet,"[""electron"", ""proton"", ""Bs0""]",3,0.0146
triplet,"[""electron"", ""neutron"", ""K_long""]",3,0.0146
triplet,"[""electron"", ""pi0"", ""K_short""]",3,0.0146
triplet,"[""electron"", ""K_long"", ""top""]",3,0.0146
triplet,"[""muon"", ""Sigma_plus"", ""Delta_1232""]",3,0.0146
triplet,"[""muon"", ""Sigma_plus"", ""B0""]",3,0.0146
triplet,"[""proton"", ""neutron"", ""Lambda""]",3,0.0146
triplet,"[""proton"", ""neutron"", ""rho_770""]",3,0.0146
triplet,"[""proton"", ""Lambda"", ""K_plus""]",3,0.0146
triplet,"[""proton"", ""Sigma_plus"", ""Z""]",3,0.0146
triplet,"[""proton"", ""Delta_1232"", ""phi_1020""]",3,0.0146
triplet,"[""Xi_minus"", ""K_plus"", ""top""]",3,0.0146
triplet,"[""K_plus"", ""omega_782"", ""B_plus""]",3,0.0146
triplet,"[""K_short"", ""K_long"", ""Z""]",3,0.0146
triplet,"[""electron"", ""Sigma_plus"", ""D_plus""]",3,0.0144
triplet,"[""electron"", ""Xi_minus"", ""rho_770""]",3,0.0144
triplet,"[""electron"", ""pi0"", ""Ds_plus""]",3,0.0144
triplet,"[""electron"", ""rho_770"", ""D0""]",3,0.0144
triplet,"[""muon"", ""Delta_1232"", ""phi_1020""]",3,0.0144
triplet,"[""proton"", ""eta"", ""Ds_plus""]",3,0.0144
triplet,"[""Lambda"", ""omega_782"", ""J_psi""]",3,0.0144
triplet,"[""Omega_minus"", ""J_psi"", ""B0""]",3,0.0144
triplet,"[""Delta_1232"", ""pi_plus"", ""D0""]",3,0.0144
triplet,"[""K_short"", ""rho_770"", ""omega_782""]",3,0.0144
triplet,"[""K_long"", ""eta"", ""omega_782""]",3,0.0144
triplet,"[""eta"", ""B0"", ""top""]",3,0.0144
triplet,"[""electron"", ""neutron"", ""Higgs""]",3,0.0142
triplet,"[""electron"", ""Lambda"", ""Z""]",3,0.0142
triplet,"[""electron"", ""K_long"", ""omega_782""]",3,0.0142
triplet,"[""tau"", ""neutron"", ""pi0""]",3,0.0142
triplet,"[""proton"", ""neutron"", ""Z""]",3,0.0142
triplet,"[""proton"", ""K_short"", ""rho_770""]",3,0.0142
triplet,"[""proton"", ""B_plus"", ""Z""]",3,0.0142
triplet,"[""Xi_minus"", ""K_plus"", ""omega_782""]",3,0.0142
triplet,"[""Delta_1232"", ""phi_1020"", ""D_plus""]",3,0.0142
triplet,"[""K_short"", ""K_long"", ""W""]",3,0.0142
triplet,"[""eta"", ""Bs0"", ""top""]",3,0.0142
triplet,"[""electron"", ""tau"", ""eta""]",3,0.014
triplet,"[""electron"", ""neutron"", ""J_psi""]",3,0.014
triplet,"[""muon"", ""Lambda"", ""top""]",3,0.014
triplet,"[""proton"", ""Xi_minus"", ""omega_782""]",3,0.014
triplet,"[""proton"", ""K_short"", ""phi_1020""]",3,0.014
triplet,"[""Lambda"", ""D0"", ""W""]",3,0.014
triplet,"[""Omega_minus"", ""pi_plus"", ""top""]",3,0.014
triplet,"[""Delta_1232"", ""pi_plus"", ""B0""]",3,0.014
triplet,"[""Delta_1232"", ""pi_plus"", ""Bs0""]",3,0.014
triplet,"[""K_long"", ""eta"", ""Z""]",3,0.014
triplet,"[""D_plus"", ""Upsilon_1S"", ""W""]",3,0.014
triplet,"[""Ds_plus"", ""J_psi"", ""Z""]",3,0.014
triplet,"[""electron"", ""muon"", ""Delta_1232""]",3,0.0138
triplet,"[""electron"", ""tau"", ""K_long""]",3,0.0138
triplet,"[""electron"", ""Omega_minus"", ""Delta_1232""]",3,0.0138
triplet,"[""electron"", ""Omega_minus"", ""Higgs""]",3,0.0138
triplet,"[""electron"", ""Delta_1232"", ""phi_1020""]",3,0.0138
triplet,"[""electron"", ""pi0"", ""phi_1020""]",3,0.0138
triplet,"[""electron"", ""K_long"", ""B_plus""]",3,0.0138
triplet,"[""electron"", ""phi_1020"", ""D0""]",3,0.0138
triplet,"[""electron"", ""phi_1020"", ""B0""]",3,0.0138
triplet,"[""muon"", ""proton"", ""Sigma_plus""]",3,0.0138
triplet,"[""tau"", ""eta"", ""Bs0""]",3,0.0138
triplet,"[""tau"", ""J_psi"", ""Bs0""]",3,0.0138
triplet,"[""proton"", ""pi0"", ""Ds_plus""]",3,0.0138
triplet,"[""proton"", ""eta"", ""rho_770""]",3,0.0138
triplet,"[""proton"", ""Ds_plus"", ""Higgs""]",3,0.0138
triplet,"[""proton"", ""J_psi"", ""W""]",3,0.0138
triplet,"[""neutron"", ""J_psi"", ""Z""]",3,0.0138
triplet,"[""Lambda"", ""K_plus"", ""phi_1020""]",3,0.0138
triplet,"[""Xi_minus"", ""pi0"", ""phi_1020""]",3,0.0138
triplet,"[""Xi_minus"", ""rho_770"", ""Bs0""]",3,0.0138
triplet,"[""pi0"", ""K_long"", ""omega_782""]",3,0.0138
triplet,"[""rho_770"", ""omega_782"", ""D0""]",3,0.0138
triplet,"[""D_plus"", ""J_psi"", ""top""]",3,0.0138
triplet,"[""D_plus"", ""B0"", ""Bs0""]",3,0.0138
triplet,"[""electron"", ""proton"", ""B_plus""]",3,0.0136
triplet,"[""electron"", ""phi_1020"", ""Bs0""]",3,0.0136
triplet,"[""muon"", ""proton"", ""D_plus""]",3,0.0136
triplet,"[""muon"", ""Sigma_plus"", ""Bs0""]",3,0.0136
triplet,"[""muon"", ""J_psi"", ""top""]",3,0.0136
triplet,"[""tau"", ""rho_770"", ""omega_782""]",3,0.0136
triplet,"[""proton"", ""B0"", ""Z""]",3,0.0136
triplet,"[""neutron"", ""Delta_1232"", ""phi_1020""]",3,0.0136
triplet,"[""neutron"", ""pi0"", ""rho_770""]",3,0.0136
triplet,"[""neutron"", ""pi0"", ""W""]",3,0.0136
triplet,"[""neutron"", ""pi0"", ""Z""]",3,0.0136
triplet,"[""neutron"", ""pi_plus"", ""Z""]",3,0.0136
triplet,"[""Sigma_plus"", ""K_long"", ""Higgs""]",3,0.0136
triplet,"[""Omega_minus"", ""pi_plus"", ""omega_782""]",3,0.0136
triplet,"[""K_short"", ""B_plus"", ""Bs0""]",3,0.0136
triplet,"[""electron"", ""K_plus"", ""Higgs""]",3,0.0134
triplet,"[""electron"", ""D0"", ""top""]",3,0.0134
triplet,"[""electron"", ""D_plus"", ""J_psi""]",3,0.0134
triplet,"[""electron"", ""D_plus"", ""Higgs""]",3,0.0134
triplet,"[""electron"", ""Bs0"", ""Upsilon_1S""]",3,0.0134
triplet,"[""tau"", ""pi_plus"", ""W""]",3,0.0134
triplet,"[""tau"", ""omega_782"", ""Higgs""]",3,0.0134
triplet,"[""tau"", ""Bs0"", ""Higgs""]",3,0.0134
triplet,"[""proton"", ""neutron"", ""B_plus""]",3,0.0134
triplet,"[""proton"", ""Delta_1232"", ""K_plus""]",3,0.0134
triplet,"[""proton"", ""Delta_1232"", ""D0""]",3,0.0134
triplet,"[""proton"", ""K_short"", ""eta""]",3,0.0134
triplet,"[""proton"", ""K_short"", ""D_plus""]",3,0.0134
triplet,"[""proton"", ""Bs0"", ""W""]",3,0.0134
triplet,"[""neutron"", ""pi_plus"", ""W""]",3,0.0134
triplet,"[""neutron"", ""B_plus"", ""top""]",3,0.0134
triplet,"[""Lambda"", ""K_plus"", ""Z""]",3,0.0134
triplet,"[""Delta_1232"", ""pi_plus"", ""phi_1020""]",3,0.0134
triplet,"[""pi0"", ""K_short"", ""J_psi""]",3,0.0134
triplet,"[""K_plus"", ""D0"", ""W""]",3,0.0134
triplet,"[""K_plus"", ""J_psi"", ""W""]",3,0.0134
triplet,"[""K_long"", ""eta"", ""W""]",3,0.0134
triplet,"[""electron"", ""K_plus"", ""eta""]",3,0.0132
triplet,"[""electron"", ""K_short"", ""D_plus""]",3,0.0132
triplet,"[""electron"", ""D0"", ""J_psi""]",3,0.0132
triplet,"[""electron"", ""D_plus"", ""W""]",3,0.0132
triplet,"[""muon"", ""proton"", ""Omega_minus""]",3,0.0132
triplet,"[""tau"", ""Omega_minus"", ""Higgs""]",3,0.0132
triplet,"[""proton"", ""B0"", ""top""]",3,0.0132
triplet,"[""proton"", ""Z"", ""Higgs""]",3,0.0132
triplet,"[""neutron"", ""K_plus"", ""B_plus""]",3,0.0132
triplet,"[""Lambda"", ""D0"", ""Z""]",3,0.0132
triplet,"[""Xi_minus"", ""rho_770"", ""B0""]",3,0.0132
triplet,"[""Xi_minus"", ""phi_1020"", ""B_plus""]",3,0.0132
triplet,"[""Omega_minus"", ""Delta_1232"", ""phi_1020""]",3,0.0132
triplet,"[""Delta_1232"", ""pi0"", ""Ds_plus""]",3,0.0132
triplet,"[""electron"", ""Omega_minus"", ""W""]",3,0.013
triplet,"[""electron"", ""pi0"", ""K_long""]",3,0.013
triplet,"[""muon"", ""Ds_plus"", ""Z""]",3,0.013
triplet,"[""tau"", ""Xi_minus"", ""Z""]",3,0.013
triplet,"[""tau"", ""K_plus"", ""Upsilon_1S""]",3,0.013
triplet,"[""tau"", ""K_long"", ""B_plus""]",3,0.013
triplet,"[""proton"", ""Sigma_plus"", ""W""]",3,0.013
triplet,"[""proton"", ""phi_1020"", ""Ds_plus""]",3,0.013
triplet,"[""proton"", ""B0"", ""W""]",3,0.013
triplet,"[""proton"", ""Bs0"", ""Z""]",3,0.013
triplet,"[""Lambda"", ""Delta_1232"", ""K_plus""]",3,0.013
triplet,"[""Lambda"", ""phi_1020"", ""Ds_plus""]",3,0.013
triplet,"[""Lambda"", ""D0"", ""Higgs""]",3,0.013
triplet,"[""Xi_minus"", ""pi_plus"", ""W""]",3,0.013
triplet,"[""Xi_minus"", ""pi_plus"", ""Z""]",3,0.013
triplet,"[""electron"", ""muon"", ""Sigma_plus""]",3,0.0128
triplet,"[""electron"", ""Lambda"", ""K_plus""]",3,0.0128
triplet,"[""electron"", ""Delta_1232"", ""K_short""]",3,0.0128
triplet,"[""muon"", ""neutron"", ""Ds_plus""]",3,0.0128
triplet,"[""tau"", ""proton"", ""rho_770""]",3,0.0128
triplet,"[""tau"", ""pi_plus"", ""Z""]",3,0.0128
triplet,"[""tau"", ""eta"", ""B0""]",3,0.0128
triplet,"[""tau"", ""J_psi"", ""B0""]",3,0.0128
triplet,"[""neutron"", ""Lambda"", ""K_plus""]",3,0.0128
triplet,"[""Sigma_plus"", ""K_long"", ""J_psi""]",3,0.0128
triplet,"[""Omega_minus"", ""D0"", ""Upsilon_1S""]",3,0.0128
triplet,"[""Omega_minus"", ""J_psi"", ""B_plus""]",3,0.0128
triplet,"[""K_plus"", ""D0"", ""Z""]",3,0.0128
triplet,"[""K_short"", ""D_plus"", ""top""]",3,0.0128
triplet,"[""K_long"", ""eta"", ""top""]",3,0.0128
triplet,"[""eta"", ""D_plus"", ""Higgs""]",3,0.0128
triplet,"[""electron"", ""K_plus"", ""B0""]",3,0.0126
triplet,"[""electron"", ""K_plus"", ""Bs0""]",3,0.0126
triplet,"[""electron"", ""B_plus"", ""Upsilon_1S""]",3,0.0126
triplet,"[""muon"", ""rho_770"", ""omega_782""]",3,0.0126
triplet,"[""tau"", ""Lambda"", ""omega_782""]",3,0.0126
triplet,"[""tau"", ""pi0"", ""B_plus""]",3,0.0126
triplet,"[""tau"", ""omega_782"", ""B_plus""]",3,0.0126
triplet,"[""proton"", ""rho_770"", ""Ds_plus""]",3,0.0126
triplet,"[""proton"", ""B_plus"", ""W""]",3,0.0126
triplet,"[""proton"", ""B_plus"", ""top""]",3,0.0126
triplet,"[""neutron"", ""D_plus"", ""J_psi""]",3,0.0126
triplet,"[""neutron"", ""B0"", ""top""]",3,0.0126
triplet,"[""neutron"", ""Bs0"", ""top""]",3,0.0126
triplet,"[""Lambda"", ""K_plus"", ""W""]",3,0.0126
triplet,"[""Sigma_plus"", ""K_long"", ""eta""]",3,0.0126
triplet,"[""Xi_minus"", ""pi_plus"", ""J_psi""]",3,0.0126
triplet,"[""Omega_minus"", ""pi_plus"", ""Upsilon_1S""]",3,0.0126
triplet,"[""K_plus"", ""Ds_plus"", ""B_plus""]",3,0.0126
triplet,"[""K_short"", ""J_psi"", ""top""]",3,0.0126
triplet,"[""rho_770"", ""omega_782"", ""Ds_plus""]",3,0.0126
triplet,"[""electron"", ""Sigma_plus"", ""J_psi""]",3,0.0124
triplet,"[""electron"", ""rho_770"", ""Upsilon_1S""]",3,0.0124
triplet,"[""electron"", ""B0"", ""Upsilon_1S""]",3,0.0124
triplet,"[""tau"", ""B_plus"", ""top""]",3,0.0124
triplet,"[""tau"", ""B0"", ""Higgs""]",3,0.0124
triplet,"[""proton"", ""Xi_minus"", ""top""]",3,0.0124
triplet,"[""proton"", ""Delta_1232"", ""eta""]",3,0.0124
triplet,"[""proton"", ""omega_782"", ""B_plus""]",3,0.0124
triplet,"[""neutron"", ""rho_770"", ""omega_782""]",3,0.0124
triplet,"[""neutron"", ""omega_782"", ""B_plus""]",3,0.0124
triplet,"[""Xi_minus"", ""Ds_plus"", ""Upsilon_1S""]",3,0.0124
triplet,"[""Omega_minus"", ""B0"", ""top""]",3,0.0124
triplet,"[""pi0"", ""K_long"", ""B0""]",3,0.0124
triplet,"[""pi0"", ""K_long"", ""Bs0""]",3,0.0124
triplet,"[""K_plus"", ""rho_770"", ""top""]",3,0.0124
triplet,"[""electron"", ""muon"", ""Lambda""]",3,0.0122
triplet,"[""electron"", ""neutron"", ""Xi_minus""]",3,0.0122
triplet,"[""electron"", ""Lambda"", ""omega_782""]",3,0.0122
triplet,"[""electron"", ""pi0"", ""rho_770""]",3,0.0122
triplet,"[""electron"", ""K_plus"", ""J_psi""]",3,0.0122
triplet,"[""electron"", ""K_long"", ""eta""]",3,0.0122
triplet,"[""electron"", ""K_long"", ""D0""]",3,0.0122
triplet,"[""electron"", ""Ds_plus"", ""Higgs""]",3,0.0122
triplet,"[""muon"", ""proton"", ""phi_1020""]",3,0.0122
triplet,"[""muon"", ""proton"", ""B0""]",3,0.0122
triplet,"[""tau"", ""proton"", ""K_long""]",3,0.0122
triplet,"[""tau"", ""proton"", ""phi_1020""]",3,0.0122
triplet,"[""tau"", ""Xi_minus"", ""W""]",3,0.0122
triplet,"[""proton"", ""neutron"", ""Bs0""]",3,0.0122
triplet,"[""proton"", ""D0"", ""Upsilon_1S""]",3,0.0122
triplet,"[""proton"", ""Bs0"", ""top""]",3,0.0122
triplet,"[""neutron"", ""K_long"", ""B0""]",3,0.0122
triplet,"[""Xi_minus"", ""Delta_1232"", ""B_plus""]",3,0.0122
triplet,"[""Xi_minus"", ""Higgs"", ""top""]",3,0.0122
triplet,"[""Omega_minus"", ""omega_782"", ""Bs0""]",3,0.0122
triplet,"[""Omega_minus"", ""B_plus"", ""Higgs""]",3,0.0122
triplet,"[""K_plus"", ""Higgs"", ""top""]",3,0.0122
triplet,"[""K_short"", ""omega_782"", ""D_plus""]",3,0.0122
triplet,"[""K_short"", ""B_plus"", ""B0""]",3,0.0122
triplet,"[""electron"", ""Delta_1232"", ""eta""]",3,0.012
triplet,"[""muon"", ""proton"", ""Lambda""]",3,0.012
triplet,"[""muon"", ""proton"", ""top""]",3,0.012
triplet,"[""muon"", ""neutron"", ""Upsilon_1S""]",3,0.012
triplet,"[""muon"", ""Lambda"", ""omega_782""]",3,0.012
triplet,"[""tau"", ""proton"", ""omega_782""]",3,0.012
triplet,"[""tau"", ""neutron"", ""B_plus""]",3,0.012
triplet,"[""tau"", ""rho_770"", ""top""]",3,0.012
triplet,"[""proton"", ""Sigma_plus"", ""Higgs""]",3,0.012
triplet,"[""proton"", ""pi_plus"", ""W""]",3,0.012
triplet,"[""proton"", ""pi_plus"", ""Z""]",3,0.012
triplet,"[""proton"", ""K_short"", ""top""]",3,0.012
triplet,"[""neutron"", ""Omega_minus"", ""Bs0""]",3,0.012
triplet,"[""neutron"", ""K_plus"", ""rho_770""]",3,0.012
triplet,"[""neutron"", ""phi_1020"", ""Upsilon_1S""]",3,0.012
triplet,"[""neutron"", ""D0"", ""Upsilon_1S""]",3,0.012
triplet,"[""Lambda"", ""rho_770"", ""J_psi""]",3,0.012
triplet,"[""Omega_minus"", ""eta"", ""B_plus""]",3,0.012
triplet,"[""Omega_minus"", ""omega_782"", ""B0""]",3,0.012
triplet,"[""Omega_minus"", ""W"", ""Higgs""]",3,0.012
triplet,"[""K_plus"", ""omega_782"", ""J_psi""]",3,0.012
triplet,"[""K_short"", ""Upsilon_1S"", ""Z""]",3,0.012
triplet,"[""rho_770"", ""omega_782"", ""Bs0""]",3,0.012
triplet,"[""electron"", ""tau"", ""pi0""]",3,0.0118
triplet,"[""electron"", ""Delta_1232"", ""pi0""]",3,0.0118
triplet,"[""electron"", ""pi_plus"", ""rho_770""]",3,0.0118
triplet,"[""electron"", ""K_short"", ""J_psi""]",3,0.0118
triplet,"[""electron"", ""J_psi"", ""W""]",3,0.0118
triplet,"[""muon"", ""Xi_minus"", ""D_plus""]",3,0.0118
triplet,"[""proton"", ""Sigma_plus"", ""rho_770""]",3,0.0118
triplet,"[""proton"", ""Sigma_plus"", ""top""]",3,0.0118
triplet,"[""neutron"", ""K_short"", ""D_plus""]",3,0.0118
triplet,"[""neutron"", ""K_long"", ""Bs0""]",3,0.0118
triplet,"[""neutron"", ""J_psi"", ""W""]",3,0.0118
triplet,"[""Xi_minus"", ""pi_plus"", ""eta""]",3,0.0118
triplet,"[""Xi_minus"", ""rho_770"", ""Higgs""]",3,0.0118
triplet,"[""Omega_minus"", ""B0"", ""Upsilon_1S""]",3,0.0118
triplet,"[""Omega_minus"", ""Bs0"", ""top""]",3,0.0118
triplet,"[""Delta_1232"", ""pi_plus"", ""B_plus""]",3,0.0118
triplet,"[""K_plus"", ""D_plus"", ""top""]",3,0.0118
triplet,"[""rho_770"", ""omega_782"", ""B_plus""]",3,0.0118
triplet,"[""phi_1020"", ""Ds_plus"", ""Upsilon_1S""]",3,0.0118
triplet,"[""electron"", ""Sigma_plus"", ""Upsilon_1S""]",3,0.0116
triplet,"[""electron"", ""Omega_minus"", ""Z""]",3,0.0116
triplet,"[""electron"", ""J_psi"", ""Z""]",3,0.0116
triplet,"[""electron"", ""Bs0"", ""W""]",3,0.0116
triplet,"[""tau"", ""proton"", ""Delta_1232""]",3,0.0116
triplet,"[""tau"", ""Sigma_plus"", ""pi0""]",3,0.0116
triplet,"[""tau"", ""phi_1020"", ""Bs0""]",3,0.0116
triplet,"[""proton"", ""neutron"", ""B0""]",3,0.0116
triplet,"[""proton"", ""K_long"", ""J_psi""]",3,0.0116
triplet,"[""proton"", ""rho_770"", ""Upsilon_1S""]",3,0.0116
triplet,"[""proton"", ""J_psi"", ""Z""]",3,0.0116
triplet,"[""neutron"", ""Lambda"", ""Ds_plus""]",3,0.0116
triplet,"[""neutron"", ""Sigma_plus"", ""eta""]",3,0.0116
triplet,"[""Lambda"", ""Delta_1232"", ""Ds_plus""]",3,0.0116
triplet,"[""Lambda"", ""rho_770"", ""top""]",3,0.0116
triplet,"[""Xi_minus"", ""pi_plus"", ""Higgs""]",3,0.0116
triplet,"[""Xi_minus"", ""phi_1020"", ""D0""]",3,0.0116
triplet,"[""Omega_minus"", ""K_long"", ""Upsilon_1S""]",3,0.0116
triplet,"[""K_short"", ""Upsilon_1S"", ""W""]",3,0.0116
triplet,"[""eta"", ""B_plus"", ""top""]",3,0.0116
triplet,"[""rho_770"", ""omega_782"", ""B0""]",3,0.0116
triplet,"[""electron"", ""tau"", ""B_plus""]",3,0.0114
triplet,"[""electron"", ""Delta_1232"", ""K_long""]",3,0.0114
triplet,"[""muon"", ""eta"", ""W""]",3,0.0114
triplet,"[""tau"", ""rho_770"", ""Higgs""]",3,0.0114
triplet,"[""tau"", ""phi_1020"", ""B0""]",3,0.0114
triplet,"[""proton"", ""rho_770"", ""D0""]",3,0.0114
triplet,"[""Sigma_plus"", ""pi_plus"", ""phi_1020""]",3,0.0114
triplet,"[""Sigma_plus"", ""eta"", ""omega_782""]",3,0.0114
triplet,"[""Sigma_plus"", ""eta"", ""top""]",3,0.0114
triplet,"[""Xi_minus"", ""rho_770"", ""omega_782""]",3,0.0114
triplet,"[""Omega_minus"", ""rho_770"", ""B0""]",3,0.0114
triplet,"[""Delta_1232"", ""eta"", ""J_psi""]",3,0.0114
triplet,"[""pi_plus"", ""omega_782"", ""Higgs""]",3,0.0114
triplet,"[""pi_plus"", ""phi_1020"", ""B_plus""]",3,0.0114
triplet,"[""K_plus"", ""omega_782"", ""D_plus""]",3,0.0114
triplet,"[""K_plus"", ""omega_782"", ""Ds_plus""]",3,0.0114
triplet,"[""rho_770"", ""B0"", ""top""]",3,0.0114
triplet,"[""rho_770"", ""Bs0"", ""top""]",3,0.0114
triplet,"[""J_psi"", ""Upsilon_1S"", ""Higgs""]",3,0.0114
triplet,"[""electron"", ""K_short"", ""Higgs""]",3,0.0112
triplet,"[""electron"", ""rho_770"", ""omega_782""]",3,0.0112
triplet,"[""electron"", ""B0"", ""W""]",3,0.0112
triplet,"[""tau"", ""proton"", ""pi0""]",3,0.0112
triplet,"[""tau"", ""proton"", ""Upsilon_1S""]",3,0.0112
triplet,"[""tau"", ""rho_770"", ""B_plus""]",3,0.0112
triplet,"[""proton"", ""neutron"", ""Upsilon_1S""]",3,0.0112
triplet,"[""proton"", ""Lambda"", ""eta""]",3,0.0112
triplet,"[""proton"", ""K_long"", ""Ds_plus""]",3,0.0112
triplet,"[""Lambda"", ""Delta_1232"", ""pi0""]",3,0.0112
triplet,"[""Lambda"", ""K_plus"", ""Higgs""]",3,0.0112
triplet,"[""Lambda"", ""rho_770"", ""omega_782""]",3,0.0112
triplet,"[""Sigma_plus"", ""Delta_1232"", ""phi_1020""]",3,0.0112
triplet,"[""Sigma_plus"", ""K_long"", ""omega_782""]",3,0.0112
triplet,"[""electron"", ""muon"", ""Xi_minus""]",3,0.011
triplet,"[""electron"", ""muon"", ""rho_770""]",3,0.011
triplet,"[""electron"", ""Lambda"", ""top""]",3,0.011
triplet,"[""electron"", ""Xi_minus"", ""top""]",3,0.011
triplet,"[""electron"", ""Delta_1232"", ""K_plus""]",3,0.011
triplet,"[""electron"", ""pi_plus"", ""J_psi""]",3,0.011
triplet,"[""electron"", ""K_plus"", ""rho_770""]",3,0.011
triplet,"[""electron"", ""K_long"", ""Z""]",3,0.011
triplet,"[""electron"", ""W"", ""Higgs""]",3,0.011
triplet,"[""muon"", ""K_short"", ""Upsilon_1S""]",3,0.011
triplet,"[""proton"", ""Lambda"", ""Upsilon_1S""]",3,0.011
triplet,"[""proton"", ""Sigma_plus"", ""J_psi""]",3,0.011
triplet,"[""proton"", ""Xi_minus"", ""Z""]",3,0.011
triplet,"[""proton"", ""Omega_minus"", ""B0""]",3,0.011
triplet,"[""proton"", ""rho_770"", ""omega_782""]",3,0.011
triplet,"[""neutron"", ""B_plus"", ""Upsilon_1S""]",3,0.011
triplet,"[""Sigma_plus"", ""K_long"", ""top""]",3,0.011
triplet,"[""Omega_minus"", ""eta"", ""top""]",3,0.011
triplet,"[""K_plus"", ""omega_782"", ""Higgs""]",3,0.011
triplet,"[""eta"", ""Ds_plus"", ""J_psi""]",3,0.011
triplet,"[""electron"", ""tau"", ""proton""]",3,0.0108
triplet,"[""electron"", ""tau"", ""B0""]",3,0.0108
triplet,"[""electron"", ""proton"", ""Omega_minus""]",3,0.0108
triplet,"[""electron"", ""Z"", ""Higgs""]",3,0.0108
triplet,"[""muon"", ""Delta_1232"", ""D_plus""]",3,0.0108
triplet,"[""tau"", ""Delta_1232"", ""Bs0""]",3,0.0108
triplet,"[""proton"", ""Delta_1232"", ""D_plus""]",3,0.0108
triplet,"[""proton"", ""pi0"", ""K_short""]",3,0.0108
triplet,"[""Lambda"", ""K_short"", ""Ds_plus""]",3,0.0108
triplet,"[""Omega_minus"", ""rho_770"", ""Bs0""]",3,0.0108
triplet,"[""Omega_minus"", ""phi_1020"", ""B_plus""]",3,0.0108
triplet,"[""Delta_1232"", ""pi0"", ""K_plus""]",3,0.0108
triplet,"[""pi_plus"", ""Ds_plus"", ""Z""]",3,0.0108
triplet,"[""pi_plus"", ""B_plus"", ""Z""]",3,0.0108
triplet,"[""rho_770"", ""D0"", ""Upsilon_1S""]",3,0.0108
triplet,"[""rho_770"", ""B_plus"", ""top""]",3,0.0108
triplet,"[""electron"", ""neutron"", ""K_short""]",3,0.0106
triplet,"[""electron"", ""neutron"", ""Z""]",3,0.0106
triplet,"[""electron"", ""Lambda"", ""Upsilon_1S""]",3,0.0106
triplet,"[""electron"", ""Xi_minus"", ""pi_plus""]",3,0.0106
triplet,"[""electron"", ""K_long"", ""Higgs""]",3,0.0106
triplet,"[""electron"", ""B0"", ""Z""]",3,0.0106
triplet,"[""tau"", ""Delta_1232"", ""B_plus""]",3,0.0106
triplet,"[""proton"", ""Xi_minus"", ""pi_plus""]",3,0.0106
triplet,"[""proton"", ""Xi_minus"", ""phi_1020""]",3,0.0106
triplet,"[""proton"", ""Omega_minus"", ""rho_770""]",3,0.0106
triplet,"[""proton"", ""Omega_minus"", ""Bs0""]",3,0.0106
triplet,"[""proton"", ""pi0"", ""K_long""]",3,0.0106
triplet,"[""proton"", ""K_plus"", ""Bs0""]",3,0.0106
triplet,"[""Lambda"", ""rho_770"", ""Higgs""]",3,0.0106
triplet,"[""Lambda"", ""D0"", ""top""]",3,0.0106
triplet,"[""Lambda"", ""B_plus"", ""Z""]",3,0.0106
triplet,"[""Sigma_plus"", ""rho_770"", ""top""]",3,0.0106
triplet,"[""Xi_minus"", ""Delta_1232"", ""D0""]",3,0.0106
triplet,"[""Xi_minus"", ""rho_770"", ""Upsilon_1S""]",3,0.0106
triplet,"[""Omega_minus"", ""rho_770"", ""omega_782""]",3,0.0106
triplet,"[""pi_plus"", ""rho_770"", ""omega_782""]",3,0.0106
triplet,"[""K_plus"", ""Ds_plus"", ""top""]",3,0.0106
triplet,"[""K_short"", ""rho_770"", ""D_plus""]",3,0.0106
triplet,"[""K_long"", ""D0"", ""Upsilon_1S""]",3,0.0106
triplet,"[""electron"", ""proton"", ""Sigma_plus""]",3,0.0104
triplet,"[""electron"", ""proton"", ""Xi_minus""]",3,0.0104
triplet,"[""electron"", ""neutron"", ""W""]",3,0.0104
triplet,"[""electron"", ""Omega_minus"", ""B0""]",3,0.0104
triplet,"[""electron"", ""Delta_1232"", ""B_plus""]",3,0.0104
triplet,"[""electron"", ""K_plus"", ""Upsilon_1S""]",3,0.0104
triplet,"[""electron"", ""rho_770"", ""top""]",3,0.0104
triplet,"[""muon"", ""omega_782"", ""J_psi""]",3,0.0104
triplet,"[""tau"", ""Omega_minus"", ""Delta_1232""]",3,0.0104
triplet,"[""tau"", ""omega_782"", ""Bs0""]",3,0.0104
triplet,"[""proton"", ""neutron"", ""Higgs""]",3,0.0104
triplet,"[""proton"", ""K_plus"", ""phi_1020""]",3,0.0104
triplet,"[""proton"", ""K_plus"", ""B_plus""]",3,0.0104
triplet,"[""proton"", ""K_plus"", ""B0""]",3,0.0104
triplet,"[""proton"", ""D0"", ""Z""]",3,0.0104
triplet,"[""proton"", ""Ds_plus"", ""J_psi""]",3,0.0104
triplet,"[""neutron"", ""K_plus"", ""omega_782""]",3,0.0104
triplet,"[""neutron"", ""K_short"", ""J_psi""]",3,0.0104
triplet,"[""neutron"", ""eta"", ""W""]",3,0.0104
triplet,"[""neutron"", ""rho_770"", ""Ds_plus""]",3,0.0104
triplet,"[""neutron"", ""omega_782"", ""Bs0""]",3,0.0104
triplet,"[""Lambda"", ""D0"", ""J_psi""]",3,0.0104
triplet,"[""Sigma_plus"", ""eta"", ""rho_770""]",3,0.0104
triplet,"[""Xi_minus"", ""D0"", ""J_psi""]",3,0.0104
triplet,"[""Omega_minus"", ""pi0"", ""Bs0""]",3,0.0104
triplet,"[""Omega_minus"", ""rho_770"", ""top""]",3,0.0104
triplet,"[""Omega_minus"", ""B0"", ""W""]",3,0.0104
triplet,"[""Delta_1232"", ""eta"", ""D_plus""]",3,0.0104
triplet,"[""K_plus"", ""J_psi"", ""top""]",3,0.0104
triplet,"[""rho_770"", ""omega_782"", ""D_plus""]",3,0.0104
triplet,"[""rho_770"", ""D0"", ""top""]",3,0.0104
triplet,"[""omega_782"", ""D0"", ""Upsilon_1S""]",3,0.0104
triplet,"[""electron"", ""K_long"", ""J_psi""]",3,0.0102
triplet,"[""electron"", ""phi_1020"", ""Upsilon_1S""]",3,0.0102
triplet,"[""muon"", ""Xi_minus"", ""B_plus""]",3,0.0102
triplet,"[""muon"", ""D0"", ""B_plus""]",3,0.0102
triplet,"[""tau"", ""proton"", ""B_plus""]",3,0.0102
triplet,"[""tau"", ""Delta_1232"", ""B0""]",3,0.0102
triplet,"[""proton"", ""neutron"", ""D0""]",3,0.0102
triplet,"[""proton"", ""Omega_minus"", ""J_psi""]",3,0.0102
triplet,"[""proton"", ""K_plus"", ""top""]",3,0.0102
triplet,"[""neutron"", ""Lambda"", ""Delta_1232""]",3,0.0102
triplet,"[""neutron"", ""Xi_minus"", ""pi_plus""]",3,0.0102
triplet,"[""neutron"", ""pi0"", ""omega_782""]",3,0.0102
triplet,"[""Lambda"", ""K_plus"", ""J_psi""]",3,0.0102
triplet,"[""Omega_minus"", ""Delta_1232"", ""B_plus""]",3,0.0102
triplet,"[""Delta_1232"", ""eta"", ""Bs0""]",3,0.0102
triplet,"[""pi0"", ""pi_plus"", ""phi_1020""]",3,0.0102
triplet,"[""pi_plus"", ""B_plus"", ""W""]",3,0.0102
triplet,"[""electron"", ""proton"", ""K_plus""]",3,0.01
triplet,"[""electron"", ""proton"", ""eta""]",3,0.01
triplet,"[""electron"", ""neutron"", ""Sigma_plus""]",3,0.01
triplet,"[""electron"", ""omega_782"", ""D_plus""]",3,0.01
triplet,"[""electron"", ""Bs0"", ""Z""]",3,0.01
triplet,"[""muon"", ""pi0"", ""rho_770""]",3,0.01
triplet,"[""muon"", ""eta"", ""Higgs""]",3,0.01
triplet,"[""proton"", ""neutron"", ""Xi_minus""]",3,0.01
triplet,"[""proton"", ""neutron"", ""K_long""]",3,0.01
triplet,"[""proton"", ""Lambda"", ""rho_770""]",3,0.01
triplet,"[""proton"", ""Omega_minus"", ""B_plus""]",3,0.01
triplet,"[""proton"", ""Delta_1232"", ""pi0""]",3,0.01
triplet,"[""proton"", ""K_short"", ""K_long""]",3,0.01
triplet,"[""proton"", ""D0"", ""J_psi""]",3,0.01
triplet,"[""proton"", ""W"", ""Higgs""]",3,0.01
triplet,"[""Xi_minus"", ""pi_plus"", ""phi_1020""]",3,0.01
triplet,"[""Xi_minus"", ""K_short"", ""B_plus""]",3,0.01
triplet,"[""Omega_minus"", ""B0"", ""Z""]",3,0.01
triplet,"[""pi0"", ""K_long"", ""B_plus""]",3,0.01
triplet,"[""K_plus"", ""rho_770"", ""omega_782""]",3,0.01
triplet,"[""K_short"", ""eta"", ""Higgs""]",3,0.01
triplet,"[""omega_782"", ""B_plus"", ""Higgs""]",3,0.01
triplet,"[""electron"", ""tau"", ""J_psi""]",3,0.0098
triplet,"[""electron"", ""proton"", ""Lambda""]",3,0.0098
triplet,"[""electron"", ""Omega_minus"", ""Bs0""]",3,0.0098
triplet,"[""electron"", ""pi0"", ""B0""]",3,0.0098
triplet,"[""electron"", ""K_short"", ""K_long""]",3,0.0098
triplet,"[""electron"", ""K_long"", ""W""]",3,0.0098
triplet,"[""electron"", ""D_plus"", ""Upsilon_1S""]",3,0.0098
triplet,"[""muon"", ""proton"", ""J_psi""]",3,0.0098
triplet,"[""muon"", ""Ds_plus"", ""W""]",3,0.0098
triplet,"[""tau"", ""proton"", ""eta""]",3,0.0098
triplet,"[""tau"", ""omega_782"", ""B0""]",3,0.0098
triplet,"[""tau"", ""B_plus"", ""W""]",3,0.0098
triplet,"[""tau"", ""Bs0"", ""top""]",3,0.0098
triplet,"[""proton"", ""pi0"", ""B_plus""]",3,0.0098
triplet,"[""proton"", ""K_long"", ""Z""]",3,0.0098
triplet,"[""proton"", ""rho_770"", ""top""]",3,0.0098
triplet,"[""neutron"", ""Delta_1232"", ""pi0""]",3,0.0098
triplet,"[""neutron"", ""K_short"", ""Higgs""]",3,0.0098
triplet,"[""Lambda"", ""omega_782"", ""D0""]",3,0.0098
triplet,"[""Xi_minus"", ""Delta_1232"", ""pi_plus""]",3,0.0098
triplet,"[""Xi_minus"", ""pi_plus"", ""omega_782""]",3,0.0098
triplet,"[""Omega_minus"", ""pi0"", ""B0""]",3,0.0098
triplet,"[""Omega_minus"", ""omega_782"", ""B_plus""]",3,0.0098
triplet,"[""pi_plus"", ""Higgs"", ""top""]",3,0.0098
triplet,"[""K_long"", ""eta"", ""phi_1020""]",3,0.0098
triplet,"[""rho_770"", ""Ds_plus"", ""top""]",3,0.0098
triplet,"[""electron"", ""tau"", ""Bs0""]",3,0.0096
triplet,"[""electron"", ""proton"", ""pi_plus""]",3,0.0096
triplet,"[""electron"", ""proton"", ""Higgs""]",3,0.0096
triplet,"[""electron"", ""Sigma_plus"", ""rho_770""]",3,0.0096
triplet,"[""electron"", ""Delta_1232"", ""pi_plus""]",3,0.0096
triplet,"[""electron"", ""pi_plus"", ""Higgs""]",3,0.0096
triplet,"[""electron"", ""K_short"", ""top""]",3,0.0096
triplet,"[""electron"", ""phi_1020"", ""B_plus""]",3,0.0096
triplet,"[""electron"", ""Ds_plus"", ""W""]",3,0.0096
triplet,"[""muon"", ""proton"", ""Xi_minus""]",3,0.0096
triplet,"[""tau"", ""proton"", ""Lambda""]",3,0.0096
triplet,"[""tau"", ""B_plus"", ""Z""]",3,0.0096
triplet,"[""proton"", ""Omega_minus"", ""Upsilon_1S""]",3,0.0096
triplet,"[""proton"", ""Delta_1232"", ""Bs0""]",3,0.0096
triplet,"[""proton"", ""pi_plus"", ""Bs0""]",3,0.0096
triplet,"[""proton"", ""K_plus"", ""rho_770""]",3,0.0096
triplet,"[""proton"", ""K_plus"", ""omega_782""]",3,0.0096
triplet,"[""proton"", ""K_short"", ""Z""]",3,0.0096
triplet,"[""proton"", ""D0"", ""W""]",3,0.0096
triplet,"[""neutron"", ""Omega_minus"", ""Higgs""]",3,0.0096
triplet,"[""neutron"", ""pi_plus"", ""eta""]",3,0.0096
triplet,"[""neutron"", ""K_short"", ""rho_770""]",3,0.0096
triplet,"[""neutron"", ""eta"", ""Z""]",3,0.0096
triplet,"[""neutron"", ""D_plus"", ""Upsilon_1S""]",3,0.0096
triplet,"[""neutron"", ""D_plus"", ""Higgs""]",3,0.0096
triplet,"[""Lambda"", ""eta"", ""Higgs""]",3,0.0096
triplet,"[""Lambda"", ""rho_770"", ""D0""]",3,0.0096
triplet,"[""Lambda"", ""J_psi"", ""top""]",3,0.0096
triplet,"[""Xi_minus"", ""pi_plus"", ""top""]",3,0.0096
triplet,"[""Omega_minus"", ""eta"", ""rho_770""]",3,0.0096
triplet,"[""Omega_minus"", ""Bs0"", ""Z""]",3,0.0096
triplet,"[""pi0"", ""K_long"", ""Higgs""]",3,0.0096
triplet,"[""pi_plus"", ""Ds_plus"", ""W""]",3,0.0096
triplet,"[""pi_plus"", ""W"", ""Higgs""]",3,0.0096
triplet,"[""omega_782"", ""Bs0"", ""Higgs""]",3,0.0096
triplet,"[""D0"", ""J_psi"", ""top""]",3,0.0096
triplet,"[""electron"", ""muon"", ""tau""]",3,0.0094
triplet,"[""electron"", ""muon"", ""proton""]",3,0.0094
triplet,"[""electron"", ""muon"", ""B_plus""]",3,0.0094
triplet,"[""electron"", ""muon"", ""Upsilon_1S""]",3,0.0094
triplet,"[""electron"", ""pi0"", ""Bs0""]",3,0.0094
triplet,"[""electron"", ""D_plus"", ""top""]",3,0.0094
triplet,"[""muon"", ""proton"", ""Bs0""]",3,0.0094
triplet,"[""muon"", ""Upsilon_1S"", ""Z""]",3,0.0094
triplet,"[""tau"", ""proton"", ""B0""]",3,0.0094
triplet,"[""tau"", ""proton"", ""Bs0""]",3,0.0094
triplet,"[""proton"", ""Lambda"", ""Delta_1232""]",3,0.0094
triplet,"[""neutron"", ""Xi_minus"", ""rho_770""]",3,0.0094
triplet,"[""Sigma_plus"", ""pi0"", ""W""]",3,0.0094
triplet,"[""Xi_minus"", ""rho_770"", ""J_psi""]",3,0.0094
triplet,"[""Omega_minus"", ""Delta_1232"", ""Bs0""]",3,0.0094
triplet,"[""Omega_minus"", ""B_plus"", ""top""]",3,0.0094
triplet,"[""Omega_minus"", ""Bs0"", ""W""]",3,0.0094
triplet,"[""pi0"", ""K_plus"", ""Ds_plus""]",3,0.0094
triplet,"[""K_plus"", ""eta"", ""B0""]",3,0.0094
triplet,"[""eta"", ""rho_770"", ""B0""]",3,0.0094
triplet,"[""rho_770"", ""B_plus"", ""Higgs""]",3,0.0094
triplet,"[""omega_782"", ""B0"", ""Higgs""]",3,0.0094
triplet,"[""D_plus"", ""Upsilon_1S"", ""Z""]",3,0.0094
triplet,"[""electron"", ""muon"", ""pi0""]",3,0.0092
triplet,"[""electron"", ""muon"", ""top""]",3,0.0092
triplet,"[""electron"", ""neutron"", ""Omega_minus""]",3,0.0092
triplet,"[""electron"", ""Xi_minus"", ""omega_782""]",3,0.0092
triplet,"[""electron"", ""Xi_minus"", ""phi_1020""]",3,0.0092
triplet,"[""electron"", ""Omega_minus"", ""B_plus""]",3,0.0092
triplet,"[""electron"", ""pi0"", ""J_psi""]",3,0.0092
triplet,"[""electron"", ""D0"", ""Z""]",3,0.0092
triplet,"[""electron"", ""D0"", ""Higgs""]",3,0.0092
triplet,"[""electron"", ""Ds_plus"", ""top""]",3,0.0092
triplet,"[""muon"", ""Delta_1232"", ""B_plus""]",3,0.0092
triplet,"[""muon"", ""K_short"", ""Z""]",3,0.0092
triplet,"[""muon"", ""B_plus"", ""Z""]",3,0.0092
triplet,"[""tau"", ""B0"", ""top""]",3,0.0092
triplet,"[""proton"", ""neutron"", ""Ds_plus""]",3,0.0092
triplet,"[""proton"", ""Delta_1232"", ""B_plus""]",3,0.0092
triplet,"[""proton"", ""pi_plus"", ""Higgs""]",3,0.0092
triplet,"[""proton"", ""K_short"", ""D0""]",3,0.0092
triplet,"[""proton"", ""K_long"", ""D0""]",3,0.0092
triplet,"[""proton"", ""rho_770"", ""B_plus""]",3,0.0092
triplet,"[""proton"", ""phi_1020"", ""Upsilon_1S""]",3,0.0092
triplet,"[""proton"", ""Bs0"", ""Higgs""]",3,0.0092
triplet,"[""neutron"", ""Omega_minus"", ""B0""]",3,0.0092
triplet,"[""neutron"", ""K_long"", ""B_plus""]",3,0.0092
triplet,"[""Lambda"", ""K_plus"", ""top""]",3,0.0092
triplet,"[""Xi_minus"", ""rho_770"", ""top""]",3,0.0092
triplet,"[""Xi_minus"", ""Ds_plus"", ""Z""]",3,0.0092
triplet,"[""Delta_1232"", ""eta"", ""top""]",3,0.0092
triplet,"[""pi_plus"", ""Ds_plus"", ""B0""]",3,0.0092
triplet,"[""K_long"", ""eta"", ""rho_770""]",3,0.0092
triplet,"[""eta"", ""D0"", ""B_plus""]",3,0.0092
triplet,"[""D_plus"", ""B_plus"", ""Bs0""]",3,0.0092
triplet,"[""electron"", ""muon"", ""Bs0""]",3,0.009
triplet,"[""electron"", ""Omega_minus"", ""J_psi""]",3,0.009
triplet,"[""electron"", ""pi0"", ""pi_plus""]",3,0.009
triplet,"[""electron"", ""pi_plus"", ""B0""]",3,0.009
triplet,"[""electron"", ""D0"", ""W""]",3,0.009
triplet,"[""electron"", ""J_psi"", ""B_plus""]",3,0.009
triplet,"[""muon"", ""K_short"", ""W""]",3,0.009
triplet,"[""tau"", ""eta"", ""top""]",3,0.009
triplet,"[""tau"", ""rho_770"", ""Bs0""]",3,0.009
triplet,"[""tau"", ""phi_1020"", ""B_plus""]",3,0.009
triplet,"[""proton"", ""Sigma_plus"", ""omega_782""]",3,0.009
triplet,"[""proton"", ""Delta_1232"", ""Ds_plus""]",3,0.009
triplet,"[""proton"", ""eta"", ""D0""]",3,0.009
triplet,"[""proton"", ""omega_782"", ""Ds_plus""]",3,0.009
triplet,"[""proton"", ""J_psi"", ""B_plus""]",3,0.009
triplet,"[""proton"", ""B0"", ""Higgs""]",3,0.009
triplet,"[""Lambda"", ""Delta_1232"", ""pi_plus""]",3,0.009
triplet,"[""Lambda"", ""K_plus"", ""omega_782""]",3,0.009
triplet,"[""Sigma_plus"", ""rho_770"", ""omega_782""]",3,0.009
triplet,"[""Xi_minus"", ""pi_plus"", ""rho_770""]",3,0.009
triplet,"[""pi0"", ""J_psi"", ""top""]",3,0.009
triplet,"[""pi_plus"", ""rho_770"", ""top""]",3,0.009
triplet,"[""pi_plus"", ""omega_782"", ""J_psi""]",3,0.009
triplet,"[""pi_plus"", ""phi_1020"", ""D0""]",3,0.009
triplet,"[""K_plus"", ""K_short"", ""Upsilon_1S""]",3,0.009
triplet,"[""K_plus"", ""rho_770"", ""Higgs""]",3,0.009
triplet,"[""K_long"", ""rho_770"", ""top""]",3,0.009
triplet,"[""eta"", ""D_plus"", ""J_psi""]",3,0.009
triplet,"[""phi_1020"", ""J_psi"", ""B_plus""]",3,0.009
triplet,"[""phi_1020"", ""J_psi"", ""B0""]",3,0.009
triplet,"[""phi_1020"", ""J_psi"", ""Bs0""]",3,0.009
triplet,"[""electron"", ""proton"", ""Upsilon_1S""]",3,0.0088
triplet,"[""electron"", ""D_plus"", ""Z""]",3,0.0088
triplet,"[""electron"", ""Bs0"", ""Higgs""]",3,0.0088
triplet,"[""tau"", ""proton"", ""W""]",3,0.0088
triplet,"[""proton"", ""Delta_1232"", ""K_long""]",3,0.0088
triplet,"[""proton"", ""pi0"", ""Bs0""]",3,0.0088
triplet,"[""proton"", ""pi_plus"", ""omega_782""]",3,0.0088
triplet,"[""proton"", ""K_long"", ""W""]",3,0.0088
triplet,"[""proton"", ""rho_770"", ""Bs0""]",3,0.0088
triplet,"[""proton"", ""D_plus"", ""J_psi""]",3,0.0088
triplet,"[""neutron"", ""pi0"", ""top""]",3,0.0088
triplet,"[""neutron"", ""rho_770"", ""Higgs""]",3,0.0088
triplet,"[""neutron"", ""rho_770"", ""top""]",3,0.0088
triplet,"[""Sigma_plus"", ""eta"", ""B0""]",3,0.0088
triplet,"[""Sigma_plus"", ""eta"", ""Bs0""]",3,0.0088
triplet,"[""Xi_minus"", ""eta"", ""J_psi""]",3,0.0088
triplet,"[""Xi_minus"", ""Ds_plus"", ""W""]",3,0.0088
triplet,"[""Omega_minus"", ""Delta_1232"", ""B0""]",3,0.0088
triplet,"[""pi0"", ""W"", ""Higgs""]",3,0.0088
triplet,"[""K_plus"", ""eta"", ""Higgs""]",3,0.0088
triplet,"[""eta"", ""D0"", ""J_psi""]",3,0.0088
triplet,"[""rho_770"", ""Ds_plus"", ""Higgs""]",3,0.0088
triplet,"[""electron"", ""proton"", ""pi0""]",3,0.0086
triplet,"[""electron"", ""neutron"", ""eta""]",3,0.0086
triplet,"[""electron"", ""Xi_minus"", ""J_psi""]",3,0.0086
triplet,"[""electron"", ""pi0"", ""Higgs""]",3,0.0086
triplet,"[""electron"", ""pi_plus"", ""B_plus""]",3,0.0086
triplet,"[""electron"", ""K_plus"", ""B_plus""]",3,0.0086
triplet,"[""electron"", ""phi_1020"", ""D_plus""]",3,0.0086
triplet,"[""electron"", ""B0"", ""Higgs""]",3,0.0086
triplet,"[""muon"", ""Upsilon_1S"", ""W""]",3,0.0086
triplet,"[""tau"", ""Omega_minus"", ""rho_770""]",3,0.0086
triplet,"[""tau"", ""pi_plus"", ""eta""]",3,0.0086
triplet,"[""proton"", ""neutron"", ""K_plus""]",3,0.0086
triplet,"[""proton"", ""Sigma_plus"", ""Upsilon_1S""]",3,0.0086
triplet,"[""proton"", ""K_long"", ""rho_770""]",3,0.0086
triplet,"[""proton"", ""rho_770"", ""B0""]",3,0.0086
triplet,"[""proton"", ""omega_782"", ""Bs0""]",3,0.0086
triplet,"[""proton"", ""B0"", ""Upsilon_1S""]",3,0.0086
triplet,"[""neutron"", ""omega_782"", ""B0""]",3,0.0086
triplet,"[""neutron"", ""W"", ""Higgs""]",3,0.0086
triplet,"[""Lambda"", ""pi_plus"", ""omega_782""]",3,0.0086
triplet,"[""Sigma_plus"", ""K_long"", ""rho_770""]",3,0.0086
triplet,"[""Sigma_plus"", ""B0"", ""Higgs""]",3,0.0086
triplet,"[""Xi_minus"", ""omega_782"", ""J_psi""]",3,0.0086
triplet,"[""Omega_minus"", ""eta"", ""omega_782""]",3,0.0086
triplet,"[""K_plus"", ""Ds_plus"", ""Bs0""]",3,0.0086
triplet,"[""electron"", ""muon"", ""phi_1020""]",3,0.0084
triplet,"[""electron"", ""muon"", ""D0""]",3,0.0084
triplet,"[""electron"", ""tau"", ""Delta_1232""]",3,0.0084
triplet,"[""electron"", ""tau"", ""W""]",3,0.0084
triplet,"[""electron"", ""proton"", ""W""]",3,0.0084
triplet,"[""electron"", ""proton"", ""Z""]",3,0.0084
triplet,"[""electron"", ""Sigma_plus"", ""top""]",3,0.0084
triplet,"[""electron"", ""Xi_minus"", ""pi0""]",3,0.0084
triplet,"[""electron"", ""pi0"", ""B_plus""]",3,0.0084
triplet,"[""electron"", ""pi_plus"", ""Bs0""]",3,0.0084
triplet,"[""tau"", ""Lambda"", ""top""]",3,0.0084
triplet,"[""tau"", ""Omega_minus"", ""omega_782""]",3,0.0084
triplet,"[""tau"", ""Omega_minus"", ""phi_1020""]",3,0.0084
triplet,"[""tau"", ""rho_770"", ""B0""]",3,0.0084
triplet,"[""proton"", ""pi0"", ""Higgs""]",3,0.0084
triplet,"[""proton"", ""K_plus"", ""J_psi""]",3,0.0084
triplet,"[""proton"", ""K_short"", ""W""]",3,0.0084
triplet,"[""proton"", ""omega_782"", ""D_plus""]",3,0.0084
triplet,"[""neutron"", ""Xi_minus"", ""Higgs""]",3,0.0084
triplet,"[""neutron"", ""phi_1020"", ""B_plus""]",3,0.0084
triplet,"[""Lambda"", ""pi_plus"", ""top""]",3,0.0084
triplet,"[""Lambda"", ""D_plus"", ""Z""]",3,0.0084
triplet,"[""Xi_minus"", ""rho_770"", ""D0""]",3,0.0084
triplet,"[""Omega_minus"", ""eta"", ""Ds_plus""]",3,0.0084
triplet,"[""Omega_minus"", ""rho_770"", ""D0""]",3,0.0084
triplet,"[""Delta_1232"", ""K_short"", ""J_psi""]",3,0.0084
triplet,"[""Delta_1232"", ""D_plus"", ""Higgs""]",3,0.0084
triplet,"[""K_long"", ""eta"", ""Ds_plus""]",3,0.0084
triplet,"[""eta"", ""rho_770"", ""Bs0""]",3,0.0084
triplet,"[""phi_1020"", ""D0"", ""J_psi""]",3,0.0084
triplet,"[""J_psi"", ""B_plus"", ""Z""]",3,0.0084
triplet,"[""electron"", ""muon"", ""omega_782""]",3,0.0082
triplet,"[""electron"", ""muon"", ""B0""]",3,0.0082
triplet,"[""electron"", ""proton"", ""J_psi""]",3,0.0082
triplet,"[""electron"", ""Sigma_plus"", ""Delta_1232""]",3,0.0082
triplet,"[""muon"", ""proton"", ""B_plus""]",3,0.0082
triplet,"[""tau"", ""neutron"", ""pi_plus""]",3,0.0082
triplet,"[""proton"", ""pi0"", ""Z""]",3,0.0082
triplet,"[""proton"", ""Bs0"", ""Upsilon_1S""]",3,0.0082
triplet,"[""neutron"", ""K_plus"", ""top""]",3,0.0082
triplet,"[""Sigma_plus"", ""pi0"", ""Ds_plus""]",3,0.0082
triplet,"[""Sigma_plus"", ""Bs0"", ""Higgs""]",3,0.0082
triplet,"[""Xi_minus"", ""K_plus"", ""Upsilon_1S""]",3,0.0082
triplet,"[""Omega_minus"", ""eta"", ""J_psi""]",3,0.0082
triplet,"[""Omega_minus"", ""rho_770"", ""B_plus""]",3,0.0082
triplet,"[""Delta_1232"", ""eta"", ""B0""]",3,0.0082
triplet,"[""pi_plus"", ""eta"", ""Higgs""]",3,0.0082
triplet,"[""K_short"", ""rho_770"", ""top""]",3,0.0082
triplet,"[""rho_770"", ""Bs0"", ""Higgs""]",3,0.0082
triplet,"[""electron"", ""tau"", ""Xi_minus""]",3,0.008
triplet,"[""electron"", ""tau"", ""omega_782""]",3,0.008
triplet,"[""electron"", ""proton"", ""D0""]",3,0.008
triplet,"[""electron"", ""Lambda"", ""Delta_1232""]",3,0.008
triplet,"[""electron"", ""Sigma_plus"", ""phi_1020""]",3,0.008
triplet,"[""electron"", ""Xi_minus"", ""Higgs""]",3,0.008
triplet,"[""electron"", ""pi0"", ""Z""]",3,0.008
triplet,"[""muon"", ""proton"", ""pi0""]",3,0.008
triplet,"[""muon"", ""pi_plus"", ""Ds_plus""]",3,0.008
triplet,"[""proton"", ""Delta_1232"", ""B0""]",3,0.008
triplet,"[""proton"", ""pi0"", ""J_psi""]",3,0.008
triplet,"[""proton"", ""K_plus"", ""Higgs""]",3,0.008
triplet,"[""proton"", ""J_psi"", ""Bs0""]",3,0.008
triplet,"[""proton"", ""B_plus"", ""Higgs""]",3,0.008
triplet,"[""neutron"", ""Delta_1232"", ""Ds_plus""]",3,0.008
triplet,"[""neutron"", ""pi0"", ""K_plus""]",3,0.008
triplet,"[""neutron"", ""pi0"", ""J_psi""]",3,0.008
triplet,"[""neutron"", ""K_long"", ""rho_770""]",3,0.008
triplet,"[""neutron"", ""B0"", ""W""]",3,0.008
triplet,"[""Lambda"", ""B_plus"", ""Higgs""]",3,0.008
triplet,"[""Sigma_plus"", ""J_psi"", ""Bs0""]",3,0.008
triplet,"[""Sigma_plus"", ""Bs0"", ""top""]",3,0.008
triplet,"[""Xi_minus"", ""Delta_1232"", ""Higgs""]",3,0.008
triplet,"[""Omega_minus"", ""omega_782"", ""D0""]",3,0.008
triplet,"[""Omega_minus"", ""omega_782"", ""Higgs""]",3,0.008
triplet,"[""Omega_minus"", ""phi_1020"", ""Bs0""]",3,0.008
triplet,"[""Omega_minus"", ""D0"", ""top""]",3,0.008
triplet,"[""pi0"", ""Ds_plus"", ""Upsilon_1S""]",3,0.008
triplet,"[""D0"", ""J_psi"", ""B_plus""]",3,0.008
triplet,"[""electron"", ""tau"", ""top""]",3,0.0078
triplet,"[""electron"", ""Delta_1232"", ""Bs0""]",3,0.0078
triplet,"[""electron"", ""K_long"", ""Ds_plus""]",3,0.0078
triplet,"[""electron"", ""rho_770"", ""B_plus""]",3,0.0078
triplet,"[""muon"", ""K_short"", ""K_long""]",3,0.0078
triplet,"[""muon"", ""B0"", ""Upsilon_1S""]",3,0.0078
triplet,"[""muon"", ""Bs0"", ""Upsilon_1S""]",3,0.0078
triplet,"[""tau"", ""proton"", ""J_psi""]",3,0.0078
triplet,"[""tau"", ""Sigma_plus"", ""Upsilon_1S""]",3,0.0078
triplet,"[""tau"", ""Sigma_plus"", ""Z""]",3,0.0078
triplet,"[""tau"", ""phi_1020"", ""Higgs""]",3,0.0078
triplet,"[""proton"", ""Xi_minus"", ""Upsilon_1S""]",3,0.0078
triplet,"[""proton"", ""Delta_1232"", ""pi_plus""]",3,0.0078
triplet,"[""proton"", ""pi0"", ""B0""]",3,0.0078
triplet,"[""proton"", ""K_long"", ""omega_782""]",3,0.0078
triplet,"[""proton"", ""Ds_plus"", ""top""]",3,0.0078
triplet,"[""proton"", ""J_psi"", ""B0""]",3,0.0078
triplet,"[""neutron"", ""eta"", ""Higgs""]",3,0.0078
triplet,"[""neutron"", ""omega_782"", ""Higgs""]",3,0.0078
triplet,"[""neutron"", ""Bs0"", ""W""]",3,0.0078
triplet,"[""Lambda"", ""eta"", ""J_psi""]",3,0.0078
triplet,"[""Lambda"", ""D_plus"", ""W""]",3,0.0078
triplet,"[""Sigma_plus"", ""rho_770"", ""B0""]",3,0.0078
triplet,"[""Sigma_plus"", ""rho_770"", ""Bs0""]",3,0.0078
triplet,"[""Sigma_plus"", ""J_psi"", ""B0""]",3,0.0078
triplet,"[""Xi_minus"", ""D0"", ""Higgs""]",3,0.0078
triplet,"[""Omega_minus"", ""K_long"", ""rho_770""]",3,0.0078
triplet,"[""Omega_minus"", ""phi_1020"", ""B0""]",3,0.0078
triplet,"[""Delta_1232"", ""K_short"", ""Higgs""]",3,0.0078
triplet,"[""Delta_1232"", ""D0"", ""B_plus""]",3,0.0078
triplet,"[""Delta_1232"", ""D_plus"", ""Upsilon_1S""]",3,0.0078
triplet,"[""K_short"", ""K_long"", ""Higgs""]",3,0.0078
triplet,"[""K_long"", ""rho_770"", ""Upsilon_1S""]",3,0.0078
triplet,"[""K_long"", ""B0"", ""Z""]",3,0.0078
triplet,"[""rho_770"", ""B_plus"", ""Upsilon_1S""]",3,0.0078
triplet,"[""electron"", ""Lambda"", ""eta""]",3,0.0076
triplet,"[""electron"", ""K_long"", ""D_plus""]",3,0.0076
triplet,"[""electron"", ""eta"", ""Higgs""]",3,0.0076
triplet,"[""electron"", ""omega_782"", ""Ds_plus""]",3,0.0076
triplet,"[""electron"", ""omega_782"", ""Higgs""]",3,0.0076
triplet,"[""muon"", ""pi_plus"", ""B0""]",3,0.0076
triplet,"[""tau"", ""proton"", ""Xi_minus""]",3,0.0076
triplet,"[""tau"", ""neutron"", ""K_long""]",3,0.0076
triplet,"[""tau"", ""neutron"", ""eta""]",3,0.0076
triplet,"[""tau"", ""neutron"", ""Bs0""]",3,0.0076
triplet,"[""tau"", ""Sigma_plus"", ""W""]",3,0.0076
triplet,"[""tau"", ""Omega_minus"", ""top""]",3,0.0076
triplet,"[""proton"", ""pi_plus"", ""B0""]",3,0.0076
triplet,"[""proton"", ""pi_plus"", ""top""]",3,0.0076
triplet,"[""proton"", ""K_long"", ""Upsilon_1S""]",3,0.0076
triplet,"[""proton"", ""omega_782"", ""J_psi""]",3,0.0076
triplet,"[""proton"", ""D0"", ""Higgs""]",3,0.0076
triplet,"[""neutron"", ""B0"", ""Z""]",3,0.0076
triplet,"[""Sigma_plus"", ""Delta_1232"", ""K_long""]",3,0.0076
triplet,"[""Sigma_plus"", ""eta"", ""B_plus""]",3,0.0076
triplet,"[""Sigma_plus"", ""B0"", ""Upsilon_1S""]",3,0.0076
triplet,"[""Xi_minus"", ""eta"", ""Higgs""]",3,0.0076
triplet,"[""pi_plus"", ""K_long"", ""B_plus""]",3,0.0076
triplet,"[""pi_plus"", ""Ds_plus"", ""Bs0""]",3,0.0076
triplet,"[""K_plus"", ""rho_770"", ""D_plus""]",3,0.0076
triplet,"[""K_plus"", ""Ds_plus"", ""B0""]",3,0.0076
triplet,"[""K_long"", ""rho_770"", ""omega_782""]",3,0.0076
triplet,"[""K_long"", ""Ds_plus"", ""Higgs""]",3,0.0076
triplet,"[""K_long"", ""Bs0"", ""Z""]",3,0.0076
triplet,"[""eta"", ""Ds_plus"", ""Higgs""]",3,0.0076
triplet,"[""eta"", ""J_psi"", ""B_plus""]",3,0.0076
triplet,"[""rho_770"", ""B0"", ""Higgs""]",3,0.0076
triplet,"[""D0"", ""B_plus"", ""Higgs""]",3,0.0076
triplet,"[""D_plus"", ""B_plus"", ""B0""]",3,0.0076
triplet,"[""electron"", ""B_plus"", ""W""]",3,0.0074
triplet,"[""muon"", ""proton"", ""omega_782""]",3,0.0074
triplet,"[""muon"", ""Delta_1232"", ""J_psi""]",3,0.0074
triplet,"[""muon"", ""pi0"", ""Z""]",3,0.0074
triplet,"[""muon"", ""omega_782"", ""Bs0""]",3,0.0074
triplet,"[""muon"", ""Higgs"", ""top""]",3,0.0074
triplet,"[""proton"", ""Delta_1232"", ""Upsilon_1S""]",3,0.0074
triplet,"[""proton"", ""K_long"", ""Higgs""]",3,0.0074
triplet,"[""proton"", ""eta"", ""B_plus""]",3,0.0074
triplet,"[""proton"", ""omega_782"", ""B0""]",3,0.0074
triplet,"[""neutron"", ""Sigma_plus"", ""phi_1020""]",3,0.0074
triplet,"[""neutron"", ""pi_plus"", ""top""]",3,0.0074
triplet,"[""neutron"", ""Bs0"", ""Z""]",3,0.0074
triplet,"[""Sigma_plus"", ""Delta_1232"", ""B_plus""]",3,0.0074
triplet,"[""Sigma_plus"", ""omega_782"", ""Bs0""]",3,0.0074
triplet,"[""Sigma_plus"", ""D0"", ""W""]",3,0.0074
triplet,"[""K_long"", ""rho_770"", ""D0""]",3,0.0074
triplet,"[""K_long"", ""B_plus"", ""Z""]",3,0.0074
triplet,"[""eta"", ""omega_782"", ""B0""]",3,0.0074
triplet,"[""eta"", ""J_psi"", ""Bs0""]",3,0.0074
triplet,"[""rho_770"", ""Bs0"", ""Upsilon_1S""]",3,0.0074
triplet,"[""electron"", ""tau"", ""Lambda""]",3,0.0072
triplet,"[""electron"", ""neutron"", ""Delta_1232""]",3,0.0072
triplet,"[""electron"", ""Sigma_plus"", ""pi0""]",3,0.0072
triplet,"[""electron"", ""Sigma_plus"", ""B0""]",3,0.0072
triplet,"[""electron"", ""Xi_minus"", ""eta""]",3,0.0072
triplet,"[""electron"", ""K_short"", ""eta""]",3,0.0072
triplet,"[""electron"", ""eta"", ""W""]",3,0.0072
triplet,"[""electron"", ""Ds_plus"", ""Z""]",3,0.0072
triplet,"[""muon"", ""tau"", ""proton""]",3,0.0072
triplet,"[""muon"", ""proton"", ""Delta_1232""]",3,0.0072
triplet,"[""muon"", ""neutron"", ""eta""]",3,0.0072
triplet,"[""muon"", ""Sigma_plus"", ""Z""]",3,0.0072
triplet,"[""muon"", ""pi_plus"", ""D0""]",3,0.0072
triplet,"[""muon"", ""B0"", ""top""]",3,0.0072
triplet,"[""muon"", ""Bs0"", ""top""]",3,0.0072
triplet,"[""tau"", ""Sigma_plus"", ""B0""]",3,0.0072
triplet,"[""proton"", ""K_plus"", ""eta""]",3,0.0072
triplet,"[""proton"", ""eta"", ""D_plus""]",3,0.0072
triplet,"[""proton"", ""eta"", ""J_psi""]",3,0.0072
triplet,"[""proton"", ""eta"", ""Z""]",3,0.0072
triplet,"[""proton"", ""eta"", ""Higgs""]",3,0.0072
triplet,"[""neutron"", ""D0"", ""B_plus""]",3,0.0072
triplet,"[""Lambda"", ""pi_plus"", ""eta""]",3,0.0072
triplet,"[""Lambda"", ""pi_plus"", ""rho_770""]",3,0.0072
triplet,"[""Sigma_plus"", ""Bs0"", ""Upsilon_1S""]",3,0.0072
triplet,"[""Xi_minus"", ""pi0"", ""K_long""]",3,0.0072
triplet,"[""Xi_minus"", ""pi0"", ""D_plus""]",3,0.0072
triplet,"[""Xi_minus"", ""D_plus"", ""Upsilon_1S""]",3,0.0072
triplet,"[""Delta_1232"", ""K_plus"", ""eta""]",3,0.0072
triplet,"[""pi_plus"", ""eta"", ""J_psi""]",3,0.0072
triplet,"[""K_long"", ""eta"", ""J_psi""]",3,0.0072
triplet,"[""K_long"", ""omega_782"", ""D0""]",3,0.0072
triplet,"[""K_long"", ""B_plus"", ""W""]",3,0.0072
triplet,"[""K_long"", ""Bs0"", ""W""]",3,0.0072
triplet,"[""eta"", ""phi_1020"", ""B_plus""]",3,0.0072
triplet,"[""rho_770"", ""B0"", ""Upsilon_1S""]",3,0.0072
triplet,"[""phi_1020"", ""D0"", ""B0""]",3,0.0072
triplet,"[""electron"", ""Lambda"", ""pi0""]",3,0.007
triplet,"[""electron"", ""Lambda"", ""pi_plus""]",3,0.007
triplet,"[""electron"", ""Delta_1232"", ""Upsilon_1S""]",3,0.007
triplet,"[""electron"", ""pi_plus"", ""Z""]",3,0.007
triplet,"[""electron"", ""phi_1020"", ""Ds_plus""]",3,0.007
triplet,"[""electron"", ""D0"", ""Upsilon_1S""]",3,0.007
triplet,"[""electron"", ""J_psi"", ""top""]",3,0.007
triplet,"[""muon"", ""tau"", ""K_long""]",3,0.007
triplet,"[""muon"", ""neutron"", ""Delta_1232""]",3,0.007
triplet,"[""muon"", ""neutron"", ""Higgs""]",3,0.007
triplet,"[""muon"", ""Sigma_plus"", ""Upsilon_1S""]",3,0.007
triplet,"[""muon"", ""rho_770"", ""top""]",3,0.007
triplet,"[""muon"", ""omega_782"", ""B0""]",3,0.007
triplet,"[""tau"", ""proton"", ""Z""]",3,0.007
triplet,"[""tau"", ""Sigma_plus"", ""rho_770""]",3,0.007
triplet,"[""tau"", ""B0"", ""W""]",3,0.007
triplet,"[""proton"", ""neutron"", ""J_psi""]",3,0.007
triplet,"[""proton"", ""Xi_minus"", ""D0""]",3,0.007
triplet,"[""proton"", ""Omega_minus"", ""Higgs""]",3,0.007
triplet,"[""proton"", ""pi0"", ""W""]",3,0.007
triplet,"[""neutron"", ""Lambda"", ""pi0""]",3,0.007
triplet,"[""neutron"", ""Sigma_plus"", ""B_plus""]",3,0.007
triplet,"[""neutron"", ""Upsilon_1S"", ""W""]",3,0.007
triplet,"[""Lambda"", ""pi_plus"", ""J_psi""]",3,0.007
triplet,"[""Lambda"", ""rho_770"", ""Ds_plus""]",3,0.007
triplet,"[""Omega_minus"", ""K_long"", ""omega_782""]",3,0.007
triplet,"[""Delta_1232"", ""K_plus"", ""Higgs""]",3,0.007
triplet,"[""Delta_1232"", ""K_short"", ""K_long""]",3,0.007
triplet,"[""pi_plus"", ""rho_770"", ""J_psi""]",3,0.007
triplet,"[""eta"", ""J_psi"", ""B0""]",3,0.007
triplet,"[""rho_770"", ""D_plus"", ""top""]",3,0.007
triplet,"[""B0"", ""Upsilon_1S"", ""top""]",3,0.007
triplet,"[""electron"", ""proton"", ""Delta_1232""]",3,0.0068
triplet,"[""electron"", ""Sigma_plus"", ""W""]",3,0.0068
triplet,"[""electron"", ""Delta_1232"", ""D_plus""]",3,0.0068
triplet,"[""electron"", ""pi0"", ""W""]",3,0.0068
triplet,"[""electron"", ""rho_770"", ""B0""]",3,0.0068
triplet,"[""electron"", ""rho_770"", ""Bs0""]",3,0.0068
triplet,"[""muon"", ""Sigma_plus"", ""W""]",3,0.0068
triplet,"[""muon"", ""pi_plus"", ""Bs0""]",3,0.0068
triplet,"[""tau"", ""proton"", ""top""]",3,0.0068
triplet,"[""tau"", ""neutron"", ""B0""]",3,0.0068
triplet,"[""tau"", ""Lambda"", ""Upsilon_1S""]",3,0.0068
triplet,"[""proton"", ""Lambda"", ""pi_plus""]",3,0.0068
triplet,"[""proton"", ""Lambda"", ""D0""]",3,0.0068
triplet,"[""proton"", ""Xi_minus"", ""eta""]",3,0.0068
triplet,"[""proton"", ""pi_plus"", ""J_psi""]",3,0.0068
triplet,"[""proton"", ""pi_plus"", ""B_plus""]",3,0.0068
triplet,"[""proton"", ""omega_782"", ""Higgs""]",3,0.0068
triplet,"[""proton"", ""phi_1020"", ""D0""]",3,0.0068
triplet,"[""proton"", ""D_plus"", ""Upsilon_1S""]",3,0.0068
triplet,"[""neutron"", ""Xi_minus"", ""D0""]",3,0.0068
triplet,"[""neutron"", ""eta"", ""J_psi""]",3,0.0068
triplet,"[""neutron"", ""D0"", ""B0""]",3,0.0068
triplet,"[""neutron"", ""Ds_plus"", ""Upsilon_1S""]",3,0.0068
triplet,"[""Lambda"", ""pi_plus"", ""Higgs""]",3,0.0068
triplet,"[""Lambda"", ""Ds_plus"", ""J_psi""]",3,0.0068
triplet,"[""Lambda"", ""B_plus"", ""W""]",3,0.0068
triplet,"[""Omega_minus"", ""K_long"", ""top""]",3,0.0068
triplet,"[""Delta_1232"", ""eta"", ""omega_782""]",3,0.0068
triplet,"[""pi_plus"", ""K_long"", ""Bs0""]",3,0.0068
triplet,"[""K_long"", ""D0"", ""top""]",3,0.0068
triplet,"[""K_long"", ""Ds_plus"", ""J_psi""]",3,0.0068
triplet,"[""K_long"", ""B0"", ""W""]",3,0.0068
triplet,"[""eta"", ""omega_782"", ""Bs0""]",3,0.0068
triplet,"[""eta"", ""Ds_plus"", ""W""]",3,0.0068
triplet,"[""electron"", ""muon"", ""W""]",3,0.0066
triplet,"[""electron"", ""proton"", ""phi_1020""]",3,0.0066
triplet,"[""electron"", ""eta"", ""J_psi""]",3,0.0066
triplet,"[""electron"", ""omega_782"", ""J_psi""]",3,0.0066
triplet,"[""muon"", ""tau"", ""W""]",3,0.0066
triplet,"[""muon"", ""proton"", ""Ds_plus""]",3,0.0066
triplet,"[""muon"", ""rho_770"", ""B0""]",3,0.0066
triplet,"[""muon"", ""rho_770"", ""Bs0""]",3,0.0066
triplet,"[""tau"", ""B0"", ""Z""]",3,0.0066
triplet,"[""tau"", ""Bs0"", ""Z""]",3,0.0066
triplet,"[""tau"", ""Higgs"", ""top""]",3,0.0066
triplet,"[""proton"", ""Lambda"", ""Ds_plus""]",3,0.0066
triplet,"[""proton"", ""pi0"", ""omega_782""]",3,0.0066
triplet,"[""proton"", ""pi0"", ""top""]",3,0.0066
triplet,"[""proton"", ""K_plus"", ""D0""]",3,0.0066
triplet,"[""proton"", ""K_short"", ""J_psi""]",3,0.0066
triplet,"[""proton"", ""B_plus"", ""Upsilon_1S""]",3,0.0066
triplet,"[""proton"", ""Higgs"", ""top""]",3,0.0066
triplet,"[""neutron"", ""Xi_minus"", ""J_psi""]",3,0.0066
triplet,"[""neutron"", ""Omega_minus"", ""B_plus""]",3,0.0066
triplet,"[""neutron"", ""pi0"", ""Bs0""]",3,0.0066
triplet,"[""neutron"", ""K_short"", ""phi_1020""]",3,0.0066
triplet,"[""Lambda"", ""pi_plus"", ""phi_1020""]",3,0.0066
triplet,"[""Sigma_plus"", ""phi_1020"", ""J_psi""]",3,0.0066
triplet,"[""Sigma_plus"", ""phi_1020"", ""B0""]",3,0.0066
triplet,"[""Sigma_plus"", ""phi_1020"", ""Bs0""]",3,0.0066
triplet,"[""Sigma_plus"", ""D0"", ""Z""]",3,0.0066
triplet,"[""Xi_minus"", ""K_short"", ""D_plus""]",3,0.0066
triplet,"[""Xi_minus"", ""K_short"", ""Bs0""]",3,0.0066
triplet,"[""Omega_minus"", ""K_long"", ""W""]",3,0.0066
triplet,"[""Omega_minus"", ""eta"", ""phi_1020""]",3,0.0066
triplet,"[""Omega_minus"", ""B_plus"", ""W""]",3,0.0066
triplet,"[""pi_plus"", ""K_long"", ""B0""]",3,0.0066
triplet,"[""K_long"", ""phi_1020"", ""Ds_plus""]",3,0.0066
triplet,"[""eta"", ""D0"", ""B0""]",3,0.0066
triplet,"[""eta"", ""D0"", ""Bs0""]",3,0.0066
triplet,"[""B_plus"", ""Higgs"", ""top""]",3,0.0066
triplet,"[""Bs0"", ""Upsilon_1S"", ""top""]",3,0.0066
triplet,"[""electron"", ""tau"", ""K_plus""]",3,0.0064
triplet,"[""electron"", ""Sigma_plus"", ""K_long""]",3,0.0064
triplet,"[""electron"", ""Sigma_plus"", ""Bs0""]",3,0.0064
triplet,"[""electron"", ""Sigma_plus"", ""Higgs""]",3,0.0064
triplet,"[""electron"", ""Omega_minus"", ""top""]",3,0.0064
triplet,"[""electron"", ""K_plus"", ""W""]",3,0.0064
triplet,"[""electron"", ""K_short"", ""omega_782""]",3,0.0064
triplet,"[""electron"", ""K_short"", ""Z""]",3,0.0064
triplet,"[""muon"", ""Ds_plus"", ""B0""]",3,0.0064
triplet,"[""tau"", ""Sigma_plus"", ""top""]",3,0.0064
triplet,"[""proton"", ""Xi_minus"", ""Delta_1232""]",3,0.0064
triplet,"[""neutron"", ""Lambda"", ""pi_plus""]",3,0.0064
triplet,"[""neutron"", ""K_plus"", ""phi_1020""]",3,0.0064
triplet,"[""Lambda"", ""pi0"", ""pi_plus""]",3,0.0064
triplet,"[""Sigma_plus"", ""pi0"", ""Upsilon_1S""]",3,0.0064
triplet,"[""Sigma_plus"", ""Ds_plus"", ""Upsilon_1S""]",3,0.0064
triplet,"[""Delta_1232"", ""K_plus"", ""K_short""]",3,0.0064
triplet,"[""Delta_1232"", ""W"", ""Z""]",3,0.0064
triplet,"[""pi0"", ""K_plus"", ""rho_770""]",3,0.0064
triplet,"[""pi0"", ""B_plus"", ""Upsilon_1S""]",3,0.0064
triplet,"[""K_plus"", ""eta"", ""J_psi""]",3,0.0064
triplet,"[""K_plus"", ""Bs0"", ""top""]",3,0.0064
triplet,"[""electron"", ""tau"", ""Sigma_plus""]",3,0.0062
triplet,"[""electron"", ""tau"", ""Omega_minus""]",3,0.0062
triplet,"[""electron"", ""tau"", ""Z""]",3,0.0062
triplet,"[""electron"", ""neutron"", ""phi_1020""]",3,0.0062
triplet,"[""electron"", ""Lambda"", ""Ds_plus""]",3,0.0062
triplet,"[""electron"", ""Omega_minus"", ""Upsilon_1S""]",3,0.0062
triplet,"[""electron"", ""omega_782"", ""B0""]",3,0.0062
triplet,"[""muon"", ""neutron"", ""omega_782""]",3,0.0062
triplet,"[""muon"", ""neutron"", ""phi_1020""]",3,0.0062
triplet,"[""muon"", ""Omega_minus"", ""eta""]",3,0.0062
triplet,"[""muon"", ""pi0"", ""W""]",3,0.0062
triplet,"[""muon"", ""B_plus"", ""Upsilon_1S""]",3,0.0062
triplet,"[""muon"", ""Upsilon_1S"", ""top""]",3,0.0062
triplet,"[""tau"", ""Sigma_plus"", ""omega_782""]",3,0.0062
triplet,"[""tau"", ""phi_1020"", ""J_psi""]",3,0.0062
triplet,"[""tau"", ""Bs0"", ""W""]",3,0.0062
triplet,"[""proton"", ""neutron"", ""phi_1020""]",3,0.0062
triplet,"[""proton"", ""Lambda"", ""pi0""]",3,0.0062
triplet,"[""proton"", ""Sigma_plus"", ""Bs0""]",3,0.0062
triplet,"[""proton"", ""K_long"", ""eta""]",3,0.0062
triplet,"[""proton"", ""K_long"", ""D_plus""]",3,0.0062
triplet,"[""proton"", ""rho_770"", ""J_psi""]",3,0.0062
triplet,"[""proton"", ""D_plus"", ""Z""]",3,0.0062
triplet,"[""proton"", ""D_plus"", ""Higgs""]",3,0.0062
triplet,"[""proton"", ""J_psi"", ""top""]",3,0.0062
triplet,"[""neutron"", ""Xi_minus"", ""Ds_plus""]",3,0.0062
triplet,"[""neutron"", ""Omega_minus"", ""Ds_plus""]",3,0.0062
triplet,"[""neutron"", ""pi0"", ""D_plus""]",3,0.0062
triplet,"[""neutron"", ""pi0"", ""Higgs""]",3,0.0062
triplet,"[""neutron"", ""rho_770"", ""J_psi""]",3,0.0062
triplet,"[""neutron"", ""D0"", ""Bs0""]",3,0.0062
triplet,"[""neutron"", ""J_psi"", ""top""]",3,0.0062
triplet,"[""Lambda"", ""pi0"", ""phi_1020""]",3,0.0062
triplet,"[""Lambda"", ""pi_plus"", ""Z""]",3,0.0062
triplet,"[""Sigma_plus"", ""eta"", ""J_psi""]",3,0.0062
triplet,"[""Sigma_plus"", ""J_psi"", ""B_plus""]",3,0.0062
triplet,"[""Sigma_plus"", ""B_plus"", ""Higgs""]",3,0.0062
triplet,"[""Sigma_plus"", ""Upsilon_1S"", ""top""]",3,0.0062
triplet,"[""Xi_minus"", ""omega_782"", ""D0""]",3,0.0062
triplet,"[""Omega_minus"", ""Ds_plus"", ""J_psi""]",3,0.0062
triplet,"[""Omega_minus"", ""Ds_plus"", ""W""]",3,0.0062
triplet,"[""Omega_minus"", ""Ds_plus"", ""Higgs""]",3,0.0062
triplet,"[""Omega_minus"", ""B_plus"", ""Z""]",3,0.0062
triplet,"[""eta"", ""phi_1020"", ""B0""]",3,0.0062
triplet,"[""eta"", ""phi_1020"", ""Bs0""]",3,0.0062
triplet,"[""eta"", ""phi_1020"", ""Z""]",3,0.0062
triplet,"[""phi_1020"", ""Ds_plus"", ""J_psi""]",3,0.0062
triplet,"[""D0"", ""B_plus"", ""W""]",3,0.0062
triplet,"[""electron"", ""Sigma_plus"", ""eta""]",3,0.006
triplet,"[""electron"", ""Xi_minus"", ""D0""]",3,0.006
triplet,"[""electron"", ""Xi_minus"", ""Upsilon_1S""]",3,0.006
triplet,"[""electron"", ""Delta_1232"", ""B0""]",3,0.006
triplet,"[""electron"", ""K_short"", ""W""]",3,0.006
triplet,"[""electron"", ""K_long"", ""rho_770""]",3,0.006
triplet,"[""electron"", ""eta"", ""Z""]",3,0.006
triplet,"[""electron"", ""rho_770"", ""J_psi""]",3,0.006
triplet,"[""electron"", ""D0"", ""B_plus""]",3,0.006
triplet,"[""electron"", ""D0"", ""B0""]",3,0.006
triplet,"[""electron"", ""Higgs"", ""top""]",3,0.006
triplet,"[""muon"", ""proton"", ""rho_770""]",3,0.006
triplet,"[""muon"", ""eta"", ""J_psi""]",3,0.006
triplet,"[""muon"", ""omega_782"", ""B_plus""]",3,0.006
triplet,"[""muon"", ""Ds_plus"", ""Bs0""]",3,0.006
triplet,"[""tau"", ""neutron"", ""K_plus""]",3,0.006
triplet,"[""tau"", ""Omega_minus"", ""eta""]",3,0.006
triplet,"[""proton"", ""neutron"", ""omega_782""]",3,0.006
triplet,"[""proton"", ""K_plus"", ""Ds_plus""]",3,0.006
triplet,"[""proton"", ""K_short"", ""Higgs""]",3,0.006
triplet,"[""neutron"", ""pi0"", ""K_long""]",3,0.006
triplet,"[""neutron"", ""pi0"", ""B0""]",3,0.006
triplet,"[""neutron"", ""rho_770"", ""D0""]",3,0.006
triplet,"[""Lambda"", ""pi0"", ""top""]",3,0.006
triplet,"[""Sigma_plus"", ""Delta_1232"", ""B0""]",3,0.006
triplet,"[""Sigma_plus"", ""Delta_1232"", ""Bs0""]",3,0.006
triplet,"[""Sigma_plus"", ""eta"", ""D0""]",3,0.006
triplet,"[""Sigma_plus"", ""omega_782"", ""B0""]",3,0.006
triplet,"[""Xi_minus"", ""K_long"", ""Upsilon_1S""]",3,0.006
triplet,"[""Omega_minus"", ""K_long"", ""Z""]",3,0.006
triplet,"[""Omega_minus"", ""Ds_plus"", ""Z""]",3,0.006
triplet,"[""Delta_1232"", ""pi_plus"", ""Upsilon_1S""]",3,0.006
triplet,"[""Delta_1232"", ""K_plus"", ""D_plus""]",3,0.006
triplet,"[""pi0"", ""K_plus"", ""K_short""]",3,0.006
triplet,"[""pi0"", ""Ds_plus"", ""B_plus""]",3,0.006
triplet,"[""pi_plus"", ""D_plus"", ""Z""]",3,0.006
triplet,"[""K_long"", ""D_plus"", ""Upsilon_1S""]",3,0.006
triplet,"[""phi_1020"", ""D0"", ""B_plus""]",3,0.006
triplet,"[""D0"", ""B_plus"", ""Z""]",3,0.006
triplet,"[""electron"", ""Sigma_plus"", ""Z""]",3,0.0058
triplet,"[""electron"", ""pi_plus"", ""eta""]",3,0.0058
triplet,"[""electron"", ""K_short"", ""rho_770""]",3,0.0058
triplet,"[""electron"", ""K_short"", ""phi_1020""]",3,0.0058
triplet,"[""electron"", ""eta"", ""D_plus""]",3,0.0058
triplet,"[""electron"", ""Upsilon_1S"", ""Z""]",3,0.0058
triplet,"[""muon"", ""tau"", ""Lambda""]",3,0.0058
triplet,"[""muon"", ""proton"", ""D0""]",3,0.0058
triplet,"[""muon"", ""neutron"", ""top""]",3,0.0058
triplet,"[""tau"", ""proton"", ""pi_plus""]",3,0.0058
triplet,"[""tau"", ""proton"", ""K_plus""]",3,0.0058
triplet,"[""tau"", ""eta"", ""J_psi""]",3,0.0058
triplet,"[""proton"", ""Sigma_plus"", ""K_long""]",3,0.0058
triplet,"[""proton"", ""Sigma_plus"", ""B0""]",3,0.0058
triplet,"[""proton"", ""D0"", ""B_plus""]",3,0.0058
triplet,"[""proton"", ""Ds_plus"", ""Upsilon_1S""]",3,0.0058
triplet,"[""neutron"", ""Sigma_plus"", ""B0""]",3,0.0058
triplet,"[""neutron"", ""Sigma_plus"", ""Bs0""]",3,0.0058
triplet,"[""neutron"", ""Delta_1232"", ""D0""]",3,0.0058
triplet,"[""neutron"", ""pi_plus"", ""omega_782""]",3,0.0058
triplet,"[""neutron"", ""phi_1020"", ""D0""]",3,0.0058
triplet,"[""neutron"", ""Higgs"", ""top""]",3,0.0058
triplet,"[""Lambda"", ""Delta_1232"", ""Upsilon_1S""]",3,0.0058
triplet,"[""Lambda"", ""pi0"", ""omega_782""]",3,0.0058
triplet,"[""Lambda"", ""pi_plus"", ""W""]",3,0.0058
triplet,"[""Lambda"", ""phi_1020"", ""D_plus""]",3,0.0058
triplet,"[""Sigma_plus"", ""eta"", ""phi_1020""]",3,0.0058
triplet,"[""Sigma_plus"", ""D0"", ""J_psi""]",3,0.0058
triplet,"[""Xi_minus"", ""Ds_plus"", ""top""]",3,0.0058
triplet,"[""Omega_minus"", ""pi0"", ""Upsilon_1S""]",3,0.0058
triplet,"[""Omega_minus"", ""eta"", ""Higgs""]",3,0.0058
triplet,"[""Omega_minus"", ""rho_770"", ""Higgs""]",3,0.0058
triplet,"[""Omega_minus"", ""phi_1020"", ""Ds_plus""]",3,0.0058
triplet,"[""Omega_minus"", ""phi_1020"", ""J_psi""]",3,0.0058
triplet,"[""pi0"", ""K_plus"", ""D0""]",3,0.0058
triplet,"[""pi_plus"", ""D_plus"", ""W""]",3,0.0058
triplet,"[""K_plus"", ""K_short"", ""omega_782""]",3,0.0058
triplet,"[""K_plus"", ""K_short"", ""B_plus""]",3,0.0058
triplet,"[""K_plus"", ""D0"", ""B0""]",3,0.0058
triplet,"[""K_short"", ""phi_1020"", ""Higgs""]",3,0.0058
triplet,"[""eta"", ""Ds_plus"", ""B_plus""]",3,0.0058
triplet,"[""D0"", ""J_psi"", ""Bs0""]",3,0.0058
triplet,"[""electron"", ""muon"", ""eta""]",3,0.0056
triplet,"[""electron"", ""Sigma_plus"", ""omega_782""]",3,0.0056
triplet,"[""electron"", ""Sigma_plus"", ""B_plus""]",3,0.0056
triplet,"[""electron"", ""pi0"", ""D_plus""]",3,0.0056
triplet,"[""electron"", ""eta"", ""omega_782""]",3,0.0056
triplet,"[""electron"", ""eta"", ""Ds_plus""]",3,0.0056
triplet,"[""electron"", ""D0"", ""Bs0""]",3,0.0056
triplet,"[""muon"", ""Omega_minus"", ""phi_1020""]",3,0.0056
triplet,"[""muon"", ""K_long"", ""J_psi""]",3,0.0056
triplet,"[""muon"", ""phi_1020"", ""Ds_plus""]",3,0.0056
triplet,"[""muon"", ""D0"", ""Higgs""]",3,0.0056
triplet,"[""tau"", ""Omega_minus"", ""K_plus""]",3,0.0056
triplet,"[""proton"", ""D0"", ""Bs0""]",3,0.0056
triplet,"[""neutron"", ""Lambda"", ""eta""]",3,0.0056
triplet,"[""neutron"", ""Lambda"", ""Higgs""]",3,0.0056
triplet,"[""neutron"", ""pi0"", ""phi_1020""]",3,0.0056
triplet,"[""neutron"", ""K_short"", ""W""]",3,0.0056
triplet,"[""neutron"", ""omega_782"", ""J_psi""]",3,0.0056
triplet,"[""neutron"", ""phi_1020"", ""D_plus""]",3,0.0056
triplet,"[""neutron"", ""Upsilon_1S"", ""Z""]",3,0.0056
triplet,"[""Sigma_plus"", ""pi_plus"", ""Upsilon_1S""]",3,0.0056
triplet,"[""Sigma_plus"", ""omega_782"", ""Upsilon_1S""]",3,0.0056
triplet,"[""Sigma_plus"", ""D_plus"", ""J_psi""]",3,0.0056
triplet,"[""Sigma_plus"", ""B_plus"", ""W""]",3,0.0056
triplet,"[""Sigma_plus"", ""B0"", ""top""]",3,0.0056
triplet,"[""Delta_1232"", ""pi0"", ""D_plus""]",3,0.0056
triplet,"[""Delta_1232"", ""K_plus"", ""J_psi""]",3,0.0056
triplet,"[""pi0"", ""pi_plus"", ""omega_782""]",3,0.0056
triplet,"[""K_plus"", ""K_short"", ""top""]",3,0.0056
triplet,"[""K_short"", ""omega_782"", ""Upsilon_1S""]",3,0.0056
triplet,"[""K_long"", ""eta"", ""Higgs""]",3,0.0056
triplet,"[""K_long"", ""Ds_plus"", ""B0""]",3,0.0056
triplet,"[""D0"", ""J_psi"", ""B0""]",3,0.0056
triplet,"[""electron"", ""muon"", ""D_plus""]",3,0.0054
triplet,"[""electron"", ""proton"", ""rho_770""]",3,0.0054
triplet,"[""electron"", ""neutron"", ""rho_770""]",3,0.0054
triplet,"[""electron"", ""Omega_minus"", ""pi0""]",3,0.0054
triplet,"[""electron"", ""pi_plus"", ""W""]",3,0.0054
triplet,"[""electron"", ""eta"", ""B_plus""]",3,0.0054
triplet,"[""electron"", ""Upsilon_1S"", ""W""]",3,0.0054
triplet,"[""muon"", ""proton"", ""Higgs""]",3,0.0054
triplet,"[""muon"", ""neutron"", ""rho_770""]",3,0.0054
triplet,"[""muon"", ""K_long"", ""phi_1020""]",3,0.0054
triplet,"[""muon"", ""eta"", ""Z""]",3,0.0054
triplet,"[""muon"", ""B_plus"", ""W""]",3,0.0054
triplet,"[""tau"", ""proton"", ""Omega_minus""]",3,0.0054
triplet,"[""tau"", ""Delta_1232"", ""omega_782""]",3,0.0054
triplet,"[""proton"", ""neutron"", ""eta""]",3,0.0054
triplet,"[""proton"", ""Lambda"", ""Z""]",3,0.0054
triplet,"[""proton"", ""Sigma_plus"", ""B_plus""]",3,0.0054
triplet,"[""proton"", ""Xi_minus"", ""Ds_plus""]",3,0.0054
triplet,"[""proton"", ""Delta_1232"", ""K_short""]",3,0.0054
triplet,"[""proton"", ""pi0"", ""D_plus""]",3,0.0054
triplet,"[""proton"", ""D0"", ""B0""]",3,0.0054
triplet,"[""neutron"", ""Omega_minus"", ""K_long""]",3,0.0054
triplet,"[""Lambda"", ""eta"", ""Z""]",3,0.0054
triplet,"[""Sigma_plus"", ""B_plus"", ""Z""]",3,0.0054
triplet,"[""Sigma_plus"", ""Bs0"", ""Z""]",3,0.0054
triplet,"[""Xi_minus"", ""pi_plus"", ""Upsilon_1S""]",3,0.0054
triplet,"[""pi0"", ""K_long"", ""D_plus""]",3,0.0054
triplet,"[""pi_plus"", ""K_short"", ""phi_1020""]",3,0.0054
triplet,"[""pi_plus"", ""eta"", ""Z""]",3,0.0054
triplet,"[""K_plus"", ""D_plus"", ""Higgs""]",3,0.0054
triplet,"[""eta"", ""phi_1020"", ""W""]",3,0.0054
triplet,"[""rho_770"", ""Upsilon_1S"", ""W""]",3,0.0054
triplet,"[""phi_1020"", ""D0"", ""Bs0""]",3,0.0054
triplet,"[""phi_1020"", ""J_psi"", ""Upsilon_1S""]",3,0.0054
triplet,"[""D0"", ""B0"", ""top""]",3,0.0054
triplet,"[""D0"", ""Bs0"", ""Higgs""]",3,0.0054
triplet,"[""B_plus"", ""Upsilon_1S"", ""top""]",3,0.0054
triplet,"[""electron"", ""proton"", ""Ds_plus""]",3,0.0052
triplet,"[""electron"", ""Omega_minus"", ""D0""]",3,0.0052
triplet,"[""electron"", ""Delta_1232"", ""D0""]",3,0.0052
triplet,"[""electron"", ""pi0"", ""K_plus""]",3,0.0052
triplet,"[""electron"", ""pi0"", ""top""]",3,0.0052
triplet,"[""electron"", ""K_plus"", ""D0""]",3,0.0052
triplet,"[""electron"", ""K_plus"", ""Ds_plus""]",3,0.0052
triplet,"[""electron"", ""Ds_plus"", ""J_psi""]",3,0.0052
triplet,"[""muon"", ""neutron"", ""J_psi""]",3,0.0052
triplet,"[""muon"", ""K_long"", ""Z""]",3,0.0052
triplet,"[""muon"", ""K_long"", ""Higgs""]",3,0.0052
triplet,"[""muon"", ""eta"", ""phi_1020""]",3,0.0052
triplet,"[""muon"", ""B_plus"", ""top""]",3,0.0052
triplet,"[""tau"", ""neutron"", ""rho_770""]",3,0.0052
triplet,"[""proton"", ""neutron"", ""top""]",3,0.0052
triplet,"[""proton"", ""pi_plus"", ""Ds_plus""]",3,0.0052
triplet,"[""proton"", ""K_long"", ""top""]",3,0.0052
triplet,"[""proton"", ""eta"", ""omega_782""]",3,0.0052
triplet,"[""proton"", ""Ds_plus"", ""W""]",3,0.0052
triplet,"[""neutron"", ""Lambda"", ""J_psi""]",3,0.0052
triplet,"[""neutron"", ""Xi_minus"", ""K_long""]",3,0.0052
triplet,"[""neutron"", ""pi0"", ""B_plus""]",3,0.0052
triplet,"[""neutron"", ""eta"", ""B_plus""]",3,0.0052
triplet,"[""neutron"", ""B_plus"", ""W""]",3,0.0052
triplet,"[""Lambda"", ""rho_770"", ""D_plus""]",3,0.0052
triplet,"[""Sigma_plus"", ""pi0"", ""Z""]",3,0.0052
triplet,"[""Sigma_plus"", ""phi_1020"", ""D0""]",3,0.0052
triplet,"[""Sigma_plus"", ""phi_1020"", ""B_plus""]",3,0.0052
triplet,"[""Sigma_plus"", ""phi_1020"", ""Higgs""]",3,0.0052
triplet,"[""Sigma_plus"", ""B0"", ""Z""]",3,0.0052
triplet,"[""Xi_minus"", ""Delta_1232"", ""pi0""]",3,0.0052
triplet,"[""Xi_minus"", ""K_short"", ""K_long""]",3,0.0052
triplet,"[""Xi_minus"", ""K_short"", ""B0""]",3,0.0052
triplet,"[""Omega_minus"", ""D_plus"", ""B0""]",3,0.0052
triplet,"[""Delta_1232"", ""K_plus"", ""Ds_plus""]",3,0.0052
triplet,"[""pi0"", ""Bs0"", ""Upsilon_1S""]",3,0.0052
triplet,"[""K_long"", ""phi_1020"", ""B0""]",3,0.0052
triplet,"[""eta"", ""Ds_plus"", ""Bs0""]",3,0.0052
triplet,"[""rho_770"", ""phi_1020"", ""W""]",3,0.0052
triplet,"[""rho_770"", ""D0"", ""Bs0""]",3,0.0052
triplet,"[""omega_782"", ""D0"", ""B0""]",3,0.0052
triplet,"[""omega_782"", ""D0"", ""Bs0""]",3,0.0052
triplet,"[""phi_1020"", ""D0"", ""Higgs""]",3,0.0052
triplet,"[""D0"", ""B0"", ""W""]",3,0.0052
triplet,"[""D0"", ""Bs0"", ""W""]",3,0.0052
triplet,"[""D0"", ""Bs0"", ""Z""]",3,0.0052
triplet,"[""D0"", ""Bs0"", ""top""]",3,0.0052
triplet,"[""Ds_plus"", ""B_plus"", ""Higgs""]",3,0.0052
triplet,"[""Ds_plus"", ""W"", ""Higgs""]",3,0.0052
triplet,"[""electron"", ""muon"", ""K_long""]",3,0.005
triplet,"[""electron"", ""tau"", ""pi_plus""]",3,0.005
triplet,"[""electron"", ""Lambda"", ""D0""]",3,0.005
triplet,"[""electron"", ""Xi_minus"", ""Z""]",3,0.005
triplet,"[""electron"", ""pi0"", ""omega_782""]",3,0.005
triplet,"[""muon"", ""tau"", ""Z""]",3,0.005
triplet,"[""muon"", ""K_long"", ""eta""]",3,0.005
triplet,"[""muon"", ""K_long"", ""omega_782""]",3,0.005
triplet,"[""muon"", ""K_long"", ""W""]",3,0.005
triplet,"[""muon"", ""phi_1020"", ""J_psi""]",3,0.005
triplet,"[""tau"", ""pi0"", ""Higgs""]",3,0.005
triplet,"[""tau"", ""phi_1020"", ""Upsilon_1S""]",3,0.005
triplet,"[""proton"", ""neutron"", ""Delta_1232""]",3,0.005
triplet,"[""proton"", ""Xi_minus"", ""rho_770""]",3,0.005
triplet,"[""proton"", ""Omega_minus"", ""D0""]",3,0.005
triplet,"[""proton"", ""eta"", ""W""]",3,0.005
triplet,"[""proton"", ""D_plus"", ""top""]",3,0.005
triplet,"[""neutron"", ""K_short"", ""Z""]",3,0.005
triplet,"[""neutron"", ""D_plus"", ""Z""]",3,0.005
triplet,"[""Lambda"", ""Delta_1232"", ""omega_782""]",3,0.005
triplet,"[""Lambda"", ""pi0"", ""B0""]",3,0.005
triplet,"[""Lambda"", ""eta"", ""W""]",3,0.005
triplet,"[""Sigma_plus"", ""rho_770"", ""D0""]",3,0.005
triplet,"[""Sigma_plus"", ""Ds_plus"", ""B_plus""]",3,0.005
triplet,"[""Sigma_plus"", ""Bs0"", ""W""]",3,0.005
triplet,"[""Xi_minus"", ""Delta_1232"", ""D_plus""]",3,0.005
triplet,"[""Xi_minus"", ""K_long"", ""omega_782""]",3,0.005
triplet,"[""Xi_minus"", ""rho_770"", ""Ds_plus""]",3,0.005
triplet,"[""Delta_1232"", ""K_short"", ""omega_782""]",3,0.005
triplet,"[""pi0"", ""pi_plus"", ""top""]",3,0.005
triplet,"[""pi0"", ""D0"", ""B0""]",3,0.005
triplet,"[""pi0"", ""D_plus"", ""J_psi""]",3,0.005
triplet,"[""pi0"", ""B0"", ""Upsilon_1S""]",3,0.005
triplet,"[""pi_plus"", ""eta"", ""W""]",3,0.005
triplet,"[""K_plus"", ""D0"", ""Upsilon_1S""]",3,0.005
triplet,"[""K_long"", ""phi_1020"", ""J_psi""]",3,0.005
triplet,"[""eta"", ""rho_770"", ""D_plus""]",3,0.005
triplet,"[""eta"", ""rho_770"", ""B_plus""]",3,0.005
triplet,"[""rho_770"", ""D0"", ""B_plus""]",3,0.005
triplet,"[""phi_1020"", ""B0"", ""Higgs""]",3,0.005
triplet,"[""phi_1020"", ""Bs0"", ""Higgs""]",3,0.005
triplet,"[""D_plus"", ""J_psi"", ""Z""]",3,0.005
triplet,"[""Ds_plus"", ""B0"", ""W""]",3,0.005
triplet,"[""electron"", ""muon"", ""K_short""]",3,0.0048
triplet,"[""electron"", ""proton"", ""K_long""]",3,0.0048
triplet,"[""electron"", ""proton"", ""omega_782""]",3,0.0048
triplet,"[""electron"", ""proton"", ""top""]",3,0.0048
triplet,"[""electron"", ""Lambda"", ""D_plus""]",3,0.0048
triplet,"[""electron"", ""Xi_minus"", ""W""]",3,0.0048
triplet,"[""electron"", ""Omega_minus"", ""Ds_plus""]",3,0.0048
triplet,"[""electron"", ""K_plus"", ""D_plus""]",3,0.0048
triplet,"[""electron"", ""B_plus"", ""Higgs""]",3,0.0048
triplet,"[""muon"", ""Sigma_plus"", ""top""]",3,0.0048
triplet,"[""muon"", ""Xi_minus"", ""J_psi""]",3,0.0048
triplet,"[""muon"", ""pi_plus"", ""B_plus""]",3,0.0048
triplet,"[""muon"", ""K_long"", ""rho_770""]",3,0.0048
triplet,"[""tau"", ""K_short"", ""Upsilon_1S""]",3,0.0048
triplet,"[""proton"", ""Omega_minus"", ""omega_782""]",3,0.0048
triplet,"[""proton"", ""Omega_minus"", ""phi_1020""]",3,0.0048
triplet,"[""proton"", ""Omega_minus"", ""top""]",3,0.0048
triplet,"[""proton"", ""K_plus"", ""W""]",3,0.0048
triplet,"[""proton"", ""K_long"", ""B0""]",3,0.0048
triplet,"[""proton"", ""eta"", ""top""]",3,0.0048
triplet,"[""proton"", ""Upsilon_1S"", ""W""]",3,0.0048
triplet,"[""neutron"", ""Xi_minus"", ""eta""]",3,0.0048
triplet,"[""neutron"", ""Ds_plus"", ""B_plus""]",3,0.0048
triplet,"[""Lambda"", ""pi_plus"", ""Upsilon_1S""]",3,0.0048
triplet,"[""Sigma_plus"", ""Delta_1232"", ""top""]",3,0.0048
triplet,"[""Sigma_plus"", ""rho_770"", ""B_plus""]",3,0.0048
triplet,"[""Sigma_plus"", ""B0"", ""W""]",3,0.0048
triplet,"[""Xi_minus"", ""Delta_1232"", ""omega_782""]",3,0.0048
triplet,"[""Xi_minus"", ""K_plus"", ""K_short""]",3,0.0048
triplet,"[""Xi_minus"", ""K_long"", ""top""]",3,0.0048
triplet,"[""Omega_minus"", ""Delta_1232"", ""D0""]",3,0.0048
triplet,"[""Omega_minus"", ""D_plus"", ""Bs0""]",3,0.0048
triplet,"[""Delta_1232"", ""K_plus"", ""omega_782""]",3,0.0048
triplet,"[""Delta_1232"", ""K_short"", ""eta""]",3,0.0048
triplet,"[""Delta_1232"", ""K_long"", ""D_plus""]",3,0.0048
triplet,"[""Delta_1232"", ""K_long"", ""Ds_plus""]",3,0.0048
triplet,"[""Delta_1232"", ""D_plus"", ""top""]",3,0.0048
triplet,"[""pi0"", ""K_plus"", ""D_plus""]",3,0.0048
triplet,"[""pi0"", ""eta"", ""W""]",3,0.0048
triplet,"[""pi0"", ""phi_1020"", ""B_plus""]",3,0.0048
triplet,"[""pi0"", ""phi_1020"", ""B0""]",3,0.0048
triplet,"[""pi0"", ""phi_1020"", ""Bs0""]",3,0.0048
triplet,"[""pi_plus"", ""K_short"", ""Upsilon_1S""]",3,0.0048
triplet,"[""pi_plus"", ""K_long"", ""Ds_plus""]",3,0.0048
triplet,"[""K_plus"", ""phi_1020"", ""Higgs""]",3,0.0048
triplet,"[""K_long"", ""Ds_plus"", ""Bs0""]",3,0.0048
triplet,"[""rho_770"", ""D0"", ""B0""]",3,0.0048
triplet,"[""D0"", ""B0"", ""Z""]",3,0.0048
triplet,"[""Ds_plus"", ""J_psi"", ""B_plus""]",3,0.0048
triplet,"[""electron"", ""tau"", ""Higgs""]",3,0.0046
triplet,"[""electron"", ""neutron"", ""pi_plus""]",3,0.0046
triplet,"[""electron"", ""Lambda"", ""phi_1020""]",3,0.0046
triplet,"[""electron"", ""Lambda"", ""J_psi""]",3,0.0046
triplet,"[""electron"", ""Xi_minus"", ""Ds_plus""]",3,0.0046
triplet,"[""electron"", ""Omega_minus"", ""omega_782""]",3,0.0046
triplet,"[""electron"", ""pi_plus"", ""Ds_plus""]",3,0.0046
triplet,"[""electron"", ""rho_770"", ""Higgs""]",3,0.0046
triplet,"[""electron"", ""phi_1020"", ""J_psi""]",3,0.0046
triplet,"[""muon"", ""proton"", ""K_long""]",3,0.0046
triplet,"[""muon"", ""neutron"", ""K_long""]",3,0.0046
triplet,"[""muon"", ""Sigma_plus"", ""pi0""]",3,0.0046
triplet,"[""muon"", ""Sigma_plus"", ""omega_782""]",3,0.0046
triplet,"[""muon"", ""Xi_minus"", ""K_long""]",3,0.0046
triplet,"[""muon"", ""Delta_1232"", ""pi0""]",3,0.0046
triplet,"[""muon"", ""K_long"", ""top""]",3,0.0046
triplet,"[""muon"", ""eta"", ""omega_782""]",3,0.0046
triplet,"[""tau"", ""proton"", ""Sigma_plus""]",3,0.0046
triplet,"[""tau"", ""Lambda"", ""pi0""]",3,0.0046
triplet,"[""tau"", ""K_plus"", ""rho_770""]",3,0.0046
triplet,"[""proton"", ""Lambda"", ""D_plus""]",3,0.0046
triplet,"[""proton"", ""Xi_minus"", ""pi0""]",3,0.0046
triplet,"[""proton"", ""Omega_minus"", ""K_long""]",3,0.0046
triplet,"[""proton"", ""K_long"", ""phi_1020""]",3,0.0046
triplet,"[""proton"", ""phi_1020"", ""J_psi""]",3,0.0046
triplet,"[""proton"", ""Ds_plus"", ""B_plus""]",3,0.0046
triplet,"[""proton"", ""Upsilon_1S"", ""Z""]",3,0.0046
triplet,"[""neutron"", ""phi_1020"", ""Higgs""]",3,0.0046
triplet,"[""neutron"", ""D_plus"", ""top""]",3,0.0046
triplet,"[""Sigma_plus"", ""Z"", ""Higgs""]",3,0.0046
triplet,"[""Xi_minus"", ""eta"", ""rho_770""]",3,0.0046
triplet,"[""Omega_minus"", ""pi_plus"", ""Ds_plus""]",3,0.0046
triplet,"[""Delta_1232"", ""pi_plus"", ""omega_782""]",3,0.0046
triplet,"[""Delta_1232"", ""K_long"", ""omega_782""]",3,0.0046
triplet,"[""Delta_1232"", ""D0"", ""Bs0""]",3,0.0046
triplet,"[""pi0"", ""eta"", ""Z""]",3,0.0046
triplet,"[""pi0"", ""phi_1020"", ""Z""]",3,0.0046
triplet,"[""pi_plus"", ""K_long"", ""D_plus""]",3,0.0046
triplet,"[""K_plus"", ""omega_782"", ""Upsilon_1S""]",3,0.0046
triplet,"[""eta"", ""D0"", ""Higgs""]",3,0.0046
triplet,"[""eta"", ""Ds_plus"", ""B0""]",3,0.0046
triplet,"[""rho_770"", ""Ds_plus"", ""Bs0""]",3,0.0046
triplet,"[""Ds_plus"", ""Bs0"", ""Z""]",3,0.0046
triplet,"[""electron"", ""proton"", ""neutron""]",3,0.0044
triplet,"[""electron"", ""Delta_1232"", ""Higgs""]",3,0.0044
triplet,"[""electron"", ""K_long"", ""B0""]",3,0.0044
triplet,"[""electron"", ""Ds_plus"", ""B0""]",3,0.0044
triplet,"[""muon"", ""tau"", ""Omega_minus""]",3,0.0044
triplet,"[""muon"", ""tau"", ""Upsilon_1S""]",3,0.0044
triplet,"[""muon"", ""proton"", ""K_short""]",3,0.0044
triplet,"[""muon"", ""K_short"", ""J_psi""]",3,0.0044
triplet,"[""tau"", ""Lambda"", ""J_psi""]",3,0.0044
triplet,"[""proton"", ""Lambda"", ""phi_1020""]",3,0.0044
triplet,"[""proton"", ""pi0"", ""K_plus""]",3,0.0044
triplet,"[""proton"", ""K_plus"", ""K_short""]",3,0.0044
triplet,"[""proton"", ""K_long"", ""B_plus""]",3,0.0044
triplet,"[""proton"", ""K_long"", ""Bs0""]",3,0.0044
triplet,"[""proton"", ""rho_770"", ""Higgs""]",3,0.0044
triplet,"[""proton"", ""Ds_plus"", ""B0""]",3,0.0044
triplet,"[""neutron"", ""Delta_1232"", ""J_psi""]",3,0.0044
triplet,"[""neutron"", ""eta"", ""Bs0""]",3,0.0044
triplet,"[""neutron"", ""B_plus"", ""Higgs""]",3,0.0044
triplet,"[""neutron"", ""B0"", ""Higgs""]",3,0.0044
triplet,"[""Lambda"", ""K_short"", ""B0""]",3,0.0044
triplet,"[""Sigma_plus"", ""phi_1020"", ""Ds_plus""]",3,0.0044
triplet,"[""Sigma_plus"", ""B_plus"", ""top""]",3,0.0044
triplet,"[""Xi_minus"", ""Delta_1232"", ""K_long""]",3,0.0044
triplet,"[""Omega_minus"", ""Delta_1232"", ""top""]",3,0.0044
triplet,"[""Omega_minus"", ""J_psi"", ""W""]",3,0.0044
triplet,"[""Omega_minus"", ""J_psi"", ""Z""]",3,0.0044
triplet,"[""Delta_1232"", ""K_plus"", ""top""]",3,0.0044
triplet,"[""Delta_1232"", ""D0"", ""B0""]",3,0.0044
triplet,"[""pi0"", ""pi_plus"", ""K_short""]",3,0.0044
triplet,"[""pi0"", ""K_short"", ""Z""]",3,0.0044
triplet,"[""K_plus"", ""K_short"", ""Higgs""]",3,0.0044
triplet,"[""K_short"", ""rho_770"", ""Higgs""]",3,0.0044
triplet,"[""rho_770"", ""J_psi"", ""B_plus""]",3,0.0044
triplet,"[""rho_770"", ""Upsilon_1S"", ""Higgs""]",3,0.0044
triplet,"[""phi_1020"", ""B_plus"", ""Higgs""]",3,0.0044
triplet,"[""D0"", ""B0"", ""Upsilon_1S""]",3,0.0044
triplet,"[""D0"", ""Bs0"", ""Upsilon_1S""]",3,0.0044
triplet,"[""D_plus"", ""J_psi"", ""W""]",3,0.0044
triplet,"[""Ds_plus"", ""B_plus"", ""Upsilon_1S""]",3,0.0044
triplet,"[""Ds_plus"", ""Bs0"", ""W""]",3,0.0044
triplet,"[""J_psi"", ""Upsilon_1S"", ""W""]",3,0.0044
triplet,"[""J_psi"", ""Upsilon_1S"", ""Z""]",3,0.0044
triplet,"[""electron"", ""Sigma_plus"", ""D0""]",3,0.0042
triplet,"[""electron"", ""Omega_minus"", ""K_long""]",3,0.0042
triplet,"[""electron"", ""pi_plus"", ""D0""]",3,0.0042
triplet,"[""electron"", ""K_long"", ""Bs0""]",3,0.0042
triplet,"[""muon"", ""neutron"", ""Lambda""]",3,0.0042
triplet,"[""muon"", ""Xi_minus"", ""Higgs""]",3,0.0042
triplet,"[""muon"", ""Delta_1232"", ""K_long""]",3,0.0042
triplet,"[""muon"", ""Delta_1232"", ""omega_782""]",3,0.0042
triplet,"[""muon"", ""pi0"", ""K_short""]",3,0.0042
triplet,"[""muon"", ""eta"", ""Ds_plus""]",3,0.0042
triplet,"[""muon"", ""B_plus"", ""Higgs""]",3,0.0042
triplet,"[""tau"", ""neutron"", ""Delta_1232""]",3,0.0042
triplet,"[""tau"", ""Lambda"", ""Higgs""]",3,0.0042
triplet,"[""tau"", ""eta"", ""rho_770""]",3,0.0042
triplet,"[""proton"", ""pi_plus"", ""D0""]",3,0.0042
triplet,"[""proton"", ""Ds_plus"", ""Bs0""]",3,0.0042
triplet,"[""neutron"", ""Sigma_plus"", ""pi0""]",3,0.0042
triplet,"[""neutron"", ""Delta_1232"", ""K_plus""]",3,0.0042
triplet,"[""neutron"", ""Delta_1232"", ""top""]",3,0.0042
triplet,"[""neutron"", ""pi_plus"", ""rho_770""]",3,0.0042
triplet,"[""neutron"", ""eta"", ""D0""]",3,0.0042
triplet,"[""neutron"", ""J_psi"", ""B_plus""]",3,0.0042
triplet,"[""neutron"", ""J_psi"", ""B0""]",3,0.0042
triplet,"[""neutron"", ""B_plus"", ""Z""]",3,0.0042
triplet,"[""neutron"", ""Bs0"", ""Higgs""]",3,0.0042
triplet,"[""Lambda"", ""Delta_1232"", ""K_long""]",3,0.0042
triplet,"[""Lambda"", ""pi0"", ""Higgs""]",3,0.0042
triplet,"[""Lambda"", ""K_long"", ""top""]",3,0.0042
triplet,"[""Sigma_plus"", ""omega_782"", ""B_plus""]",3,0.0042
triplet,"[""Sigma_plus"", ""W"", ""Higgs""]",3,0.0042
triplet,"[""Xi_minus"", ""Delta_1232"", ""top""]",3,0.0042
triplet,"[""Xi_minus"", ""K_long"", ""rho_770""]",3,0.0042
triplet,"[""Xi_minus"", ""phi_1020"", ""D_plus""]",3,0.0042
triplet,"[""Omega_minus"", ""Z"", ""Higgs""]",3,0.0042
triplet,"[""pi_plus"", ""eta"", ""D0""]",3,0.0042
triplet,"[""K_plus"", ""K_short"", ""phi_1020""]",3,0.0042
triplet,"[""K_plus"", ""eta"", ""Ds_plus""]",3,0.0042
triplet,"[""K_plus"", ""eta"", ""B_plus""]",3,0.0042
triplet,"[""K_plus"", ""rho_770"", ""B_plus""]",3,0.0042
triplet,"[""eta"", ""D0"", ""top""]",3,0.0042
triplet,"[""rho_770"", ""Ds_plus"", ""B0""]",3,0.0042
triplet,"[""rho_770"", ""J_psi"", ""Bs0""]",3,0.0042
triplet,"[""omega_782"", ""D0"", ""B_plus""]",3,0.0042
triplet,"[""D0"", ""B_plus"", ""top""]",3,0.0042
triplet,"[""Ds_plus"", ""Z"", ""Higgs""]",3,0.0042
triplet,"[""electron"", ""tau"", ""phi_1020""]",3,0.004
triplet,"[""electron"", ""neutron"", ""B_plus""]",3,0.004
triplet,"[""electron"", ""eta"", ""top""]",3,0.004
triplet,"[""electron"", ""rho_770"", ""D_plus""]",3,0.004
triplet,"[""electron"", ""phi_1020"", ""Higgs""]",3,0.004
triplet,"[""electron"", ""Ds_plus"", ""Bs0""]",3,0.004
triplet,"[""muon"", ""Xi_minus"", ""W""]",3,0.004
triplet,"[""muon"", ""pi0"", ""K_long""]",3,0.004
triplet,"[""muon"", ""K_short"", ""B0""]",3,0.004
triplet,"[""muon"", ""K_short"", ""Bs0""]",3,0.004
triplet,"[""muon"", ""phi_1020"", ""Upsilon_1S""]",3,0.004
triplet,"[""tau"", ""pi0"", ""rho_770""]",3,0.004
triplet,"[""tau"", ""D_plus"", ""B0""]",3,0.004
triplet,"[""proton"", ""Xi_minus"", ""K_long""]",3,0.004
triplet,"[""proton"", ""Omega_minus"", ""Ds_plus""]",3,0.004
triplet,"[""proton"", ""Delta_1232"", ""J_psi""]",3,0.004
triplet,"[""proton"", ""eta"", ""Bs0""]",3,0.004
triplet,"[""neutron"", ""Lambda"", ""K_long""]",3,0.004
triplet,"[""neutron"", ""Sigma_plus"", ""Ds_plus""]",3,0.004
triplet,"[""neutron"", ""Omega_minus"", ""D0""]",3,0.004
triplet,"[""neutron"", ""eta"", ""B0""]",3,0.004
triplet,"[""neutron"", ""Ds_plus"", ""B0""]",3,0.004
triplet,"[""neutron"", ""Ds_plus"", ""Z""]",3,0.004
triplet,"[""neutron"", ""Ds_plus"", ""top""]",3,0.004
triplet,"[""neutron"", ""J_psi"", ""Bs0""]",3,0.004
triplet,"[""Lambda"", ""pi0"", ""rho_770""]",3,0.004
triplet,"[""Sigma_plus"", ""rho_770"", ""W""]",3,0.004
triplet,"[""Sigma_plus"", ""J_psi"", ""W""]",3,0.004
triplet,"[""Xi_minus"", ""K_long"", ""B_plus""]",3,0.004
triplet,"[""Xi_minus"", ""J_psi"", ""Z""]",3,0.004
triplet,"[""Omega_minus"", ""Bs0"", ""Upsilon_1S""]",3,0.004
triplet,"[""Delta_1232"", ""eta"", ""D0""]",3,0.004
triplet,"[""Delta_1232"", ""omega_782"", ""D_plus""]",3,0.004
triplet,"[""Delta_1232"", ""omega_782"", ""Ds_plus""]",3,0.004
triplet,"[""Delta_1232"", ""D0"", ""top""]",3,0.004
triplet,"[""pi0"", ""K_plus"", ""Upsilon_1S""]",3,0.004
triplet,"[""pi_plus"", ""phi_1020"", ""Upsilon_1S""]",3,0.004
triplet,"[""pi_plus"", ""phi_1020"", ""Higgs""]",3,0.004
triplet,"[""K_plus"", ""K_short"", ""Bs0""]",3,0.004
triplet,"[""K_plus"", ""eta"", ""D_plus""]",3,0.004
triplet,"[""K_plus"", ""rho_770"", ""Bs0""]",3,0.004
triplet,"[""K_plus"", ""phi_1020"", ""D0""]",3,0.004
triplet,"[""eta"", ""omega_782"", ""D0""]",3,0.004
triplet,"[""rho_770"", ""Ds_plus"", ""B_plus""]",3,0.004
triplet,"[""rho_770"", ""Ds_plus"", ""Z""]",3,0.004
triplet,"[""phi_1020"", ""Ds_plus"", ""B_plus""]",3,0.004
triplet,"[""Ds_plus"", ""B_plus"", ""W""]",3,0.004
triplet,"[""Ds_plus"", ""B_plus"", ""top""]",3,0.004
triplet,"[""Ds_plus"", ""B0"", ""Z""]",3,0.004
triplet,"[""electron"", ""Xi_minus"", ""Delta_1232""]",3,0.0038
triplet,"[""electron"", ""Omega_minus"", ""phi_1020""]",3,0.0038
triplet,"[""electron"", ""K_plus"", ""K_short""]",3,0.0038
triplet,"[""electron"", ""B_plus"", ""Z""]",3,0.0038
triplet,"[""muon"", ""Xi_minus"", ""Z""]",3,0.0038
triplet,"[""muon"", ""K_short"", ""Higgs""]",3,0.0038
triplet,"[""muon"", ""K_long"", ""Upsilon_1S""]",3,0.0038
triplet,"[""tau"", ""pi0"", ""W""]",3,0.0038
triplet,"[""tau"", ""pi_plus"", ""Upsilon_1S""]",3,0.0038
triplet,"[""tau"", ""K_plus"", ""W""]",3,0.0038
triplet,"[""tau"", ""K_long"", ""Upsilon_1S""]",3,0.0038
triplet,"[""proton"", ""neutron"", ""K_short""]",3,0.0038
triplet,"[""proton"", ""Lambda"", ""W""]",3,0.0038
triplet,"[""proton"", ""Omega_minus"", ""eta""]",3,0.0038
triplet,"[""proton"", ""Delta_1232"", ""omega_782""]",3,0.0038
triplet,"[""proton"", ""rho_770"", ""Z""]",3,0.0038
triplet,"[""proton"", ""phi_1020"", ""Higgs""]",3,0.0038
triplet,"[""neutron"", ""Delta_1232"", ""omega_782""]",3,0.0038
triplet,"[""neutron"", ""pi_plus"", ""K_short""]",3,0.0038
triplet,"[""neutron"", ""phi_1020"", ""J_psi""]",3,0.0038
triplet,"[""neutron"", ""phi_1020"", ""B0""]",3,0.0038
triplet,"[""neutron"", ""phi_1020"", ""Bs0""]",3,0.0038
triplet,"[""neutron"", ""Ds_plus"", ""Bs0""]",3,0.0038
triplet,"[""Lambda"", ""pi0"", ""K_short""]",3,0.0038
triplet,"[""Lambda"", ""K_short"", ""J_psi""]",3,0.0038
triplet,"[""Sigma_plus"", ""Delta_1232"", ""Ds_plus""]",3,0.0038
triplet,"[""Sigma_plus"", ""pi_plus"", ""K_long""]",3,0.0038
triplet,"[""Xi_minus"", ""pi0"", ""omega_782""]",3,0.0038
triplet,"[""Xi_minus"", ""pi0"", ""J_psi""]",3,0.0038
triplet,"[""Xi_minus"", ""D0"", ""top""]",3,0.0038
triplet,"[""Xi_minus"", ""D_plus"", ""top""]",3,0.0038
triplet,"[""Omega_minus"", ""Delta_1232"", ""K_long""]",3,0.0038
triplet,"[""Omega_minus"", ""pi0"", ""top""]",3,0.0038
triplet,"[""Omega_minus"", ""rho_770"", ""W""]",3,0.0038
triplet,"[""Delta_1232"", ""pi0"", ""top""]",3,0.0038
triplet,"[""Delta_1232"", ""omega_782"", ""B0""]",3,0.0038
triplet,"[""Delta_1232"", ""B_plus"", ""Higgs""]",3,0.0038
triplet,"[""pi0"", ""K_plus"", ""phi_1020""]",3,0.0038
triplet,"[""pi0"", ""K_short"", ""W""]",3,0.0038
triplet,"[""pi0"", ""phi_1020"", ""W""]",3,0.0038
triplet,"[""K_plus"", ""K_short"", ""rho_770""]",3,0.0038
triplet,"[""K_plus"", ""K_short"", ""B0""]",3,0.0038
triplet,"[""K_plus"", ""phi_1020"", ""B0""]",3,0.0038
triplet,"[""K_plus"", ""B0"", ""Upsilon_1S""]",3,0.0038
triplet,"[""K_long"", ""phi_1020"", ""Bs0""]",3,0.0038
triplet,"[""K_long"", ""B_plus"", ""Higgs""]",3,0.0038
triplet,"[""rho_770"", ""J_psi"", ""B0""]",3,0.0038
triplet,"[""omega_782"", ""D_plus"", ""J_psi""]",3,0.0038
triplet,"[""omega_782"", ""Ds_plus"", ""B_plus""]",3,0.0038
triplet,"[""omega_782"", ""Ds_plus"", ""Bs0""]",3,0.0038
triplet,"[""Ds_plus"", ""J_psi"", ""Bs0""]",3,0.0038
triplet,"[""Ds_plus"", ""B0"", ""Higgs""]",3,0.0038
triplet,"[""Ds_plus"", ""B0"", ""top""]",3,0.0038
triplet,"[""Ds_plus"", ""Bs0"", ""Higgs""]",3,0.0038
triplet,"[""Ds_plus"", ""Bs0"", ""top""]",3,0.0038
triplet,"[""electron"", ""tau"", ""K_short""]",3,0.0036
triplet,"[""electron"", ""neutron"", ""D_plus""]",3,0.0036
triplet,"[""electron"", ""Omega_minus"", ""rho_770""]",3,0.0036
triplet,"[""electron"", ""Delta_1232"", ""omega_782""]",3,0.0036
triplet,"[""electron"", ""Delta_1232"", ""J_psi""]",3,0.0036
triplet,"[""electron"", ""rho_770"", ""W""]",3,0.0036
triplet,"[""electron"", ""rho_770"", ""Z""]",3,0.0036
triplet,"[""muon"", ""tau"", ""pi0""]",3,0.0036
triplet,"[""muon"", ""Lambda"", ""Delta_1232""]",3,0.0036
triplet,"[""muon"", ""Lambda"", ""D_plus""]",3,0.0036
triplet,"[""muon"", ""K_plus"", ""D0""]",3,0.0036
triplet,"[""muon"", ""eta"", ""top""]",3,0.0036
triplet,"[""muon"", ""omega_782"", ""D0""]",3,0.0036
triplet,"[""tau"", ""proton"", ""Higgs""]",3,0.0036
triplet,"[""tau"", ""Delta_1232"", ""K_short""]",3,0.0036
triplet,"[""proton"", ""Sigma_plus"", ""pi0""]",3,0.0036
triplet,"[""proton"", ""Sigma_plus"", ""Ds_plus""]",3,0.0036
triplet,"[""proton"", ""Delta_1232"", ""Higgs""]",3,0.0036
triplet,"[""proton"", ""Ds_plus"", ""Z""]",3,0.0036
triplet,"[""neutron"", ""Sigma_plus"", ""Upsilon_1S""]",3,0.0036
triplet,"[""neutron"", ""Xi_minus"", ""Delta_1232""]",3,0.0036
triplet,"[""neutron"", ""Xi_minus"", ""D_plus""]",3,0.0036
triplet,"[""neutron"", ""Omega_minus"", ""J_psi""]",3,0.0036
triplet,"[""neutron"", ""Delta_1232"", ""B0""]",3,0.0036
triplet,"[""neutron"", ""pi_plus"", ""K_long""]",3,0.0036
triplet,"[""neutron"", ""K_long"", ""omega_782""]",3,0.0036
triplet,"[""neutron"", ""eta"", ""D_plus""]",3,0.0036
triplet,"[""neutron"", ""rho_770"", ""Upsilon_1S""]",3,0.0036
triplet,"[""Lambda"", ""phi_1020"", ""Upsilon_1S""]",3,0.0036
triplet,"[""Sigma_plus"", ""K_plus"", ""Z""]",3,0.0036
triplet,"[""Xi_minus"", ""rho_770"", ""Z""]",3,0.0036
triplet,"[""Omega_minus"", ""Upsilon_1S"", ""W""]",3,0.0036
triplet,"[""Delta_1232"", ""omega_782"", ""Bs0""]",3,0.0036
triplet,"[""pi_plus"", ""K_long"", ""phi_1020""]",3,0.0036
triplet,"[""pi_plus"", ""K_long"", ""Upsilon_1S""]",3,0.0036
triplet,"[""K_short"", ""K_long"", ""top""]",3,0.0036
triplet,"[""K_short"", ""eta"", ""top""]",3,0.0036
triplet,"[""rho_770"", ""D0"", ""Z""]",3,0.0036
triplet,"[""rho_770"", ""D_plus"", ""W""]",3,0.0036
triplet,"[""rho_770"", ""B_plus"", ""Z""]",3,0.0036
triplet,"[""omega_782"", ""Ds_plus"", ""B0""]",3,0.0036
triplet,"[""D0"", ""B0"", ""Higgs""]",3,0.0036
triplet,"[""D0"", ""Z"", ""Higgs""]",3,0.0036
triplet,"[""Ds_plus"", ""B_plus"", ""Z""]",3,0.0036
triplet,"[""electron"", ""neutron"", ""Bs0""]",3,0.0034
triplet,"[""electron"", ""Lambda"", ""K_long""]",3,0.0034
triplet,"[""electron"", ""Xi_minus"", ""K_long""]",3,0.0034
triplet,"[""electron"", ""Xi_minus"", ""D_plus""]",3,0.0034
triplet,"[""electron"", ""Delta_1232"", ""top""]",3,0.0034
triplet,"[""electron"", ""K_long"", ""phi_1020""]",3,0.0034
triplet,"[""muon"", ""eta"", ""D0""]",3,0.0034
triplet,"[""muon"", ""rho_770"", ""Z""]",3,0.0034
triplet,"[""muon"", ""D0"", ""top""]",3,0.0034
triplet,"[""tau"", ""proton"", ""K_short""]",3,0.0034
triplet,"[""tau"", ""Xi_minus"", ""phi_1020""]",3,0.0034
triplet,"[""tau"", ""K_short"", ""phi_1020""]",3,0.0034
triplet,"[""tau"", ""phi_1020"", ""Z""]",3,0.0034
triplet,"[""proton"", ""Omega_minus"", ""pi0""]",3,0.0034
triplet,"[""proton"", ""pi_plus"", ""Upsilon_1S""]",3,0.0034
triplet,"[""proton"", ""K_plus"", ""Z""]",3,0.0034
triplet,"[""proton"", ""D_plus"", ""W""]",3,0.0034
triplet,"[""neutron"", ""pi_plus"", ""phi_1020""]",3,0.0034
triplet,"[""neutron"", ""K_short"", ""Upsilon_1S""]",3,0.0034
triplet,"[""neutron"", ""K_long"", ""top""]",3,0.0034
triplet,"[""neutron"", ""rho_770"", ""W""]",3,0.0034
triplet,"[""neutron"", ""omega_782"", ""D_plus""]",3,0.0034
triplet,"[""Lambda"", ""K_short"", ""Upsilon_1S""]",3,0.0034
triplet,"[""Lambda"", ""K_short"", ""Higgs""]",3,0.0034
triplet,"[""Lambda"", ""K_long"", ""omega_782""]",3,0.0034
triplet,"[""Sigma_plus"", ""Delta_1232"", ""omega_782""]",3,0.0034
triplet,"[""Sigma_plus"", ""K_plus"", ""W""]",3,0.0034
triplet,"[""Sigma_plus"", ""K_long"", ""phi_1020""]",3,0.0034
triplet,"[""Xi_minus"", ""pi0"", ""Higgs""]",3,0.0034
triplet,"[""Xi_minus"", ""omega_782"", ""D_plus""]",3,0.0034
triplet,"[""Xi_minus"", ""omega_782"", ""Ds_plus""]",3,0.0034
triplet,"[""Xi_minus"", ""D_plus"", ""Higgs""]",3,0.0034
triplet,"[""Delta_1232"", ""omega_782"", ""B_plus""]",3,0.0034
triplet,"[""Delta_1232"", ""Ds_plus"", ""Bs0""]",3,0.0034
triplet,"[""Delta_1232"", ""Ds_plus"", ""top""]",3,0.0034
triplet,"[""Delta_1232"", ""J_psi"", ""top""]",3,0.0034
triplet,"[""Delta_1232"", ""B_plus"", ""top""]",3,0.0034
triplet,"[""Delta_1232"", ""B0"", ""top""]",3,0.0034
triplet,"[""Delta_1232"", ""Bs0"", ""top""]",3,0.0034
triplet,"[""pi_plus"", ""K_short"", ""Z""]",3,0.0034
triplet,"[""pi_plus"", ""K_long"", ""omega_782""]",3,0.0034
triplet,"[""pi_plus"", ""K_long"", ""Higgs""]",3,0.0034
triplet,"[""pi_plus"", ""rho_770"", ""Z""]",3,0.0034
triplet,"[""pi_plus"", ""D0"", ""top""]",3,0.0034
triplet,"[""pi_plus"", ""D_plus"", ""B_plus""]",3,0.0034
triplet,"[""K_plus"", ""rho_770"", ""B0""]",3,0.0034
triplet,"[""K_plus"", ""phi_1020"", ""J_psi""]",3,0.0034
triplet,"[""K_plus"", ""phi_1020"", ""Bs0""]",3,0.0034
triplet,"[""K_short"", ""K_long"", ""omega_782""]",3,0.0034
triplet,"[""K_short"", ""eta"", ""omega_782""]",3,0.0034
triplet,"[""K_short"", ""phi_1020"", ""D0""]",3,0.0034
triplet,"[""K_short"", ""D_plus"", ""B_plus""]",3,0.0034
triplet,"[""K_long"", ""Ds_plus"", ""Z""]",3,0.0034
triplet,"[""rho_770"", ""D_plus"", ""Upsilon_1S""]",3,0.0034
triplet,"[""rho_770"", ""B_plus"", ""W""]",3,0.0034
triplet,"[""Upsilon_1S"", ""Z"", ""Higgs""]",3,0.0034
triplet,"[""electron"", ""neutron"", ""B0""]",3,0.0032
triplet,"[""electron"", ""Lambda"", ""Higgs""]",3,0.0032
triplet,"[""electron"", ""omega_782"", ""Bs0""]",3,0.0032
triplet,"[""electron"", ""Ds_plus"", ""B_plus""]",3,0.0032
triplet,"[""muon"", ""rho_770"", ""B_plus""]",3,0.0032
triplet,"[""muon"", ""rho_770"", ""W""]",3,0.0032
triplet,"[""muon"", ""D_plus"", ""Upsilon_1S""]",3,0.0032
triplet,"[""muon"", ""Bs0"", ""Z""]",3,0.0032
triplet,"[""tau"", ""Sigma_plus"", ""D_plus""]",3,0.0032
triplet,"[""tau"", ""Delta_1232"", ""top""]",3,0.0032
triplet,"[""tau"", ""K_long"", ""W""]",3,0.0032
triplet,"[""tau"", ""K_long"", ""Z""]",3,0.0032
triplet,"[""tau"", ""K_long"", ""Higgs""]",3,0.0032
triplet,"[""proton"", ""Omega_minus"", ""W""]",3,0.0032
triplet,"[""proton"", ""Delta_1232"", ""top""]",3,0.0032
triplet,"[""proton"", ""K_plus"", ""D_plus""]",3,0.0032
triplet,"[""proton"", ""phi_1020"", ""B_plus""]",3,0.0032
triplet,"[""neutron"", ""Lambda"", ""K_short""]",3,0.0032
triplet,"[""neutron"", ""Sigma_plus"", ""D0""]",3,0.0032
triplet,"[""neutron"", ""Delta_1232"", ""Bs0""]",3,0.0032
triplet,"[""neutron"", ""K_short"", ""D0""]",3,0.0032
triplet,"[""neutron"", ""Ds_plus"", ""W""]",3,0.0032
triplet,"[""Lambda"", ""Delta_1232"", ""K_short""]",3,0.0032
triplet,"[""Lambda"", ""K_short"", ""omega_782""]",3,0.0032
triplet,"[""Lambda"", ""K_short"", ""top""]",3,0.0032
triplet,"[""Lambda"", ""rho_770"", ""Z""]",3,0.0032
triplet,"[""Sigma_plus"", ""K_plus"", ""Upsilon_1S""]",3,0.0032
triplet,"[""Sigma_plus"", ""omega_782"", ""Ds_plus""]",3,0.0032
triplet,"[""Sigma_plus"", ""phi_1020"", ""Z""]",3,0.0032
triplet,"[""Sigma_plus"", ""D0"", ""Higgs""]",3,0.0032
triplet,"[""Sigma_plus"", ""D_plus"", ""Z""]",3,0.0032
triplet,"[""Sigma_plus"", ""Ds_plus"", ""Z""]",3,0.0032
triplet,"[""Sigma_plus"", ""J_psi"", ""top""]",3,0.0032
triplet,"[""Xi_minus"", ""rho_770"", ""W""]",3,0.0032
triplet,"[""Omega_minus"", ""Delta_1232"", ""pi0""]",3,0.0032
triplet,"[""Omega_minus"", ""Delta_1232"", ""omega_782""]",3,0.0032
triplet,"[""Omega_minus"", ""pi0"", ""omega_782""]",3,0.0032
triplet,"[""Omega_minus"", ""rho_770"", ""Ds_plus""]",3,0.0032
triplet,"[""Omega_minus"", ""phi_1020"", ""D_plus""]",3,0.0032
triplet,"[""Delta_1232"", ""K_short"", ""top""]",3,0.0032
triplet,"[""Delta_1232"", ""omega_782"", ""D0""]",3,0.0032
triplet,"[""Delta_1232"", ""Ds_plus"", ""B_plus""]",3,0.0032
triplet,"[""Delta_1232"", ""Ds_plus"", ""Higgs""]",3,0.0032
triplet,"[""pi0"", ""K_long"", ""rho_770""]",3,0.0032
triplet,"[""pi0"", ""D0"", ""Upsilon_1S""]",3,0.0032
triplet,"[""pi_plus"", ""K_short"", ""W""]",3,0.0032
triplet,"[""pi_plus"", ""K_short"", ""Higgs""]",3,0.0032
triplet,"[""pi_plus"", ""K_long"", ""rho_770""]",3,0.0032
triplet,"[""pi_plus"", ""K_long"", ""J_psi""]",3,0.0032
triplet,"[""pi_plus"", ""K_long"", ""top""]",3,0.0032
triplet,"[""pi_plus"", ""eta"", ""omega_782""]",3,0.0032
triplet,"[""pi_plus"", ""rho_770"", ""B0""]",3,0.0032
triplet,"[""pi_plus"", ""rho_770"", ""W""]",3,0.0032
triplet,"[""K_plus"", ""rho_770"", ""W""]",3,0.0032
triplet,"[""K_plus"", ""Ds_plus"", ""W""]",3,0.0032
triplet,"[""K_short"", ""K_long"", ""B_plus""]",3,0.0032
triplet,"[""K_short"", ""rho_770"", ""Z""]",3,0.0032
triplet,"[""K_long"", ""rho_770"", ""W""]",3,0.0032
triplet,"[""K_long"", ""rho_770"", ""Z""]",3,0.0032
triplet,"[""K_long"", ""rho_770"", ""Higgs""]",3,0.0032
triplet,"[""eta"", ""rho_770"", ""Z""]",3,0.0032
triplet,"[""eta"", ""Ds_plus"", ""top""]",3,0.0032
triplet,"[""rho_770"", ""B0"", ""Z""]",3,0.0032
triplet,"[""rho_770"", ""Bs0"", ""Z""]",3,0.0032
triplet,"[""omega_782"", ""J_psi"", ""B_plus""]",3,0.0032
triplet,"[""phi_1020"", ""D0"", ""Upsilon_1S""]",3,0.0032
triplet,"[""phi_1020"", ""Ds_plus"", ""B0""]",3,0.0032
triplet,"[""phi_1020"", ""Ds_plus"", ""W""]",3,0.0032
triplet,"[""phi_1020"", ""B_plus"", ""W""]",3,0.0032
triplet,"[""phi_1020"", ""B0"", ""W""]",3,0.0032
triplet,"[""D0"", ""W"", ""Higgs""]",3,0.0032
triplet,"[""Ds_plus"", ""J_psi"", ""B0""]",3,0.0032
triplet,"[""Ds_plus"", ""B0"", ""Upsilon_1S""]",3,0.0032
triplet,"[""Bs0"", ""Higgs"", ""top""]",3,0.0032
triplet,"[""electron"", ""muon"", ""Ds_plus""]",3,0.003
triplet,"[""electron"", ""pi_plus"", ""K_long""]",3,0.003
triplet,"[""electron"", ""K_plus"", ""omega_782""]",3,0.003
triplet,"[""electron"", ""K_plus"", ""Z""]",3,0.003
triplet,"[""electron"", ""rho_770"", ""Ds_plus""]",3,0.003
triplet,"[""electron"", ""Ds_plus"", ""Upsilon_1S""]",3,0.003
triplet,"[""muon"", ""Delta_1232"", ""top""]",3,0.003
triplet,"[""muon"", ""pi_plus"", ""eta""]",3,0.003
triplet,"[""muon"", ""phi_1020"", ""Z""]",3,0.003
triplet,"[""muon"", ""B0"", ""Z""]",3,0.003
triplet,"[""tau"", ""pi_plus"", ""phi_1020""]",3,0.003
triplet,"[""tau"", ""K_plus"", ""Z""]",3,0.003
triplet,"[""tau"", ""K_plus"", ""Higgs""]",3,0.003
triplet,"[""tau"", ""K_short"", ""omega_782""]",3,0.003
triplet,"[""tau"", ""rho_770"", ""Z""]",3,0.003
triplet,"[""proton"", ""Lambda"", ""K_short""]",3,0.003
triplet,"[""proton"", ""Lambda"", ""J_psi""]",3,0.003
triplet,"[""proton"", ""Xi_minus"", ""D_plus""]",3,0.003
triplet,"[""proton"", ""pi_plus"", ""K_short""]",3,0.003
triplet,"[""proton"", ""K_short"", ""Upsilon_1S""]",3,0.003
triplet,"[""proton"", ""rho_770"", ""W""]",3,0.003
triplet,"[""neutron"", ""Delta_1232"", ""Upsilon_1S""]",3,0.003
triplet,"[""neutron"", ""pi0"", ""Upsilon_1S""]",3,0.003
triplet,"[""neutron"", ""pi_plus"", ""Upsilon_1S""]",3,0.003
triplet,"[""neutron"", ""K_plus"", ""Ds_plus""]",3,0.003
triplet,"[""neutron"", ""K_long"", ""Upsilon_1S""]",3,0.003
triplet,"[""neutron"", ""rho_770"", ""Z""]",3,0.003
triplet,"[""neutron"", ""omega_782"", ""Ds_plus""]",3,0.003
triplet,"[""Lambda"", ""K_plus"", ""K_long""]",3,0.003
triplet,"[""Lambda"", ""K_short"", ""eta""]",3,0.003
triplet,"[""Lambda"", ""eta"", ""rho_770""]",3,0.003
triplet,"[""Lambda"", ""eta"", ""Ds_plus""]",3,0.003
triplet,"[""Lambda"", ""omega_782"", ""Ds_plus""]",3,0.003
triplet,"[""Lambda"", ""D0"", ""Upsilon_1S""]",3,0.003
triplet,"[""Sigma_plus"", ""K_plus"", ""K_long""]",3,0.003
triplet,"[""Sigma_plus"", ""phi_1020"", ""W""]",3,0.003
triplet,"[""Xi_minus"", ""K_long"", ""phi_1020""]",3,0.003
triplet,"[""Xi_minus"", ""Upsilon_1S"", ""Z""]",3,0.003
triplet,"[""Omega_minus"", ""rho_770"", ""D_plus""]",3,0.003
triplet,"[""Omega_minus"", ""D0"", ""W""]",3,0.003
triplet,"[""Delta_1232"", ""K_long"", ""B_plus""]",3,0.003
triplet,"[""Delta_1232"", ""K_long"", ""Higgs""]",3,0.003
triplet,"[""Delta_1232"", ""Ds_plus"", ""B0""]",3,0.003
triplet,"[""Delta_1232"", ""Bs0"", ""Higgs""]",3,0.003
triplet,"[""pi0"", ""pi_plus"", ""K_long""]",3,0.003
triplet,"[""pi_plus"", ""K_long"", ""W""]",3,0.003
triplet,"[""pi_plus"", ""K_long"", ""Z""]",3,0.003
triplet,"[""pi_plus"", ""eta"", ""top""]",3,0.003
triplet,"[""pi_plus"", ""phi_1020"", ""Ds_plus""]",3,0.003
triplet,"[""pi_plus"", ""B_plus"", ""Higgs""]",3,0.003
triplet,"[""pi_plus"", ""Bs0"", ""W""]",3,0.003
triplet,"[""K_short"", ""K_long"", ""J_psi""]",3,0.003
triplet,"[""K_short"", ""omega_782"", ""J_psi""]",3,0.003
triplet,"[""K_short"", ""phi_1020"", ""B0""]",3,0.003
triplet,"[""K_short"", ""D0"", ""W""]",3,0.003
triplet,"[""K_short"", ""D0"", ""Z""]",3,0.003
triplet,"[""K_short"", ""J_psi"", ""B0""]",3,0.003
triplet,"[""K_short"", ""Higgs"", ""top""]",3,0.003
triplet,"[""K_long"", ""omega_782"", ""J_psi""]",3,0.003
triplet,"[""K_long"", ""phi_1020"", ""W""]",3,0.003
triplet,"[""K_long"", ""phi_1020"", ""Z""]",3,0.003
triplet,"[""K_long"", ""B0"", ""Upsilon_1S""]",3,0.003
triplet,"[""eta"", ""omega_782"", ""B_plus""]",3,0.003
triplet,"[""omega_782"", ""phi_1020"", ""Z""]",3,0.003
triplet,"[""omega_782"", ""J_psi"", ""B0""]",3,0.003
triplet,"[""omega_782"", ""J_psi"", ""Bs0""]",3,0.003
triplet,"[""phi_1020"", ""D_plus"", ""Z""]",3,0.003
triplet,"[""D_plus"", ""Upsilon_1S"", ""Higgs""]",3,0.003
triplet,"[""Ds_plus"", ""Upsilon_1S"", ""Higgs""]",3,0.003
triplet,"[""J_psi"", ""Bs0"", ""top""]",3,0.003
triplet,"[""Upsilon_1S"", ""W"", ""Higgs""]",3,0.003
triplet,"[""electron"", ""neutron"", ""Lambda""]",3,0.0028
triplet,"[""electron"", ""Sigma_plus"", ""K_plus""]",3,0.0028
triplet,"[""electron"", ""Sigma_plus"", ""Ds_plus""]",3,0.0028
triplet,"[""electron"", ""Delta_1232"", ""Ds_plus""]",3,0.0028
triplet,"[""electron"", ""pi0"", ""Upsilon_1S""]",3,0.0028
triplet,"[""muon"", ""tau"", ""phi_1020""]",3,0.0028
triplet,"[""muon"", ""proton"", ""neutron""]",3,0.0028
triplet,"[""muon"", ""proton"", ""Upsilon_1S""]",3,0.0028
triplet,"[""muon"", ""Xi_minus"", ""pi_plus""]",3,0.0028
triplet,"[""muon"", ""Delta_1232"", ""eta""]",3,0.0028
triplet,"[""muon"", ""K_short"", ""B_plus""]",3,0.0028
triplet,"[""muon"", ""phi_1020"", ""B_plus""]",3,0.0028
triplet,"[""muon"", ""phi_1020"", ""Bs0""]",3,0.0028
triplet,"[""muon"", ""phi_1020"", ""W""]",3,0.0028
triplet,"[""muon"", ""B0"", ""W""]",3,0.0028
triplet,"[""muon"", ""Bs0"", ""W""]",3,0.0028
triplet,"[""tau"", ""pi0"", ""Z""]",3,0.0028
triplet,"[""tau"", ""rho_770"", ""W""]",3,0.0028
triplet,"[""tau"", ""D_plus"", ""Bs0""]",3,0.0028
triplet,"[""proton"", ""Sigma_plus"", ""D0""]",3,0.0028
triplet,"[""proton"", ""pi0"", ""pi_plus""]",3,0.0028
triplet,"[""proton"", ""pi0"", ""Upsilon_1S""]",3,0.0028
triplet,"[""proton"", ""K_plus"", ""Upsilon_1S""]",3,0.0028
triplet,"[""proton"", ""phi_1020"", ""Z""]",3,0.0028
triplet,"[""neutron"", ""Xi_minus"", ""pi0""]",3,0.0028
triplet,"[""neutron"", ""Omega_minus"", ""rho_770""]",3,0.0028
triplet,"[""neutron"", ""Omega_minus"", ""phi_1020""]",3,0.0028
triplet,"[""neutron"", ""Omega_minus"", ""D_plus""]",3,0.0028
triplet,"[""neutron"", ""pi_plus"", ""B0""]",3,0.0028
triplet,"[""neutron"", ""K_plus"", ""eta""]",3,0.0028
triplet,"[""neutron"", ""K_plus"", ""Bs0""]",3,0.0028
triplet,"[""neutron"", ""D_plus"", ""W""]",3,0.0028
triplet,"[""Lambda"", ""K_long"", ""rho_770""]",3,0.0028
triplet,"[""Lambda"", ""K_long"", ""phi_1020""]",3,0.0028
triplet,"[""Lambda"", ""phi_1020"", ""W""]",3,0.0028
triplet,"[""Sigma_plus"", ""pi0"", ""D_plus""]",3,0.0028
triplet,"[""Sigma_plus"", ""K_plus"", ""rho_770""]",3,0.0028
triplet,"[""Sigma_plus"", ""K_plus"", ""phi_1020""]",3,0.0028
triplet,"[""Sigma_plus"", ""rho_770"", ""Z""]",3,0.0028
triplet,"[""Xi_minus"", ""eta"", ""Z""]",3,0.0028
triplet,"[""Xi_minus"", ""phi_1020"", ""W""]",3,0.0028
triplet,"[""Omega_minus"", ""phi_1020"", ""Z""]",3,0.0028
triplet,"[""Omega_minus"", ""D_plus"", ""Upsilon_1S""]",3,0.0028
triplet,"[""Omega_minus"", ""D_plus"", ""Z""]",3,0.0028
triplet,"[""Delta_1232"", ""pi_plus"", ""K_long""]",3,0.0028
triplet,"[""Delta_1232"", ""pi_plus"", ""eta""]",3,0.0028
triplet,"[""Delta_1232"", ""pi_plus"", ""top""]",3,0.0028
triplet,"[""Delta_1232"", ""K_plus"", ""Upsilon_1S""]",3,0.0028
triplet,"[""Delta_1232"", ""K_long"", ""top""]",3,0.0028
triplet,"[""Delta_1232"", ""phi_1020"", ""Higgs""]",3,0.0028
triplet,"[""Delta_1232"", ""D0"", ""Upsilon_1S""]",3,0.0028
triplet,"[""Delta_1232"", ""D_plus"", ""J_psi""]",3,0.0028
triplet,"[""Delta_1232"", ""J_psi"", ""Upsilon_1S""]",3,0.0028
triplet,"[""Delta_1232"", ""B0"", ""Higgs""]",3,0.0028
triplet,"[""pi0"", ""K_long"", ""W""]",3,0.0028
triplet,"[""pi0"", ""rho_770"", ""Z""]",3,0.0028
triplet,"[""pi_plus"", ""omega_782"", ""D0""]",3,0.0028
triplet,"[""pi_plus"", ""phi_1020"", ""Z""]",3,0.0028
triplet,"[""pi_plus"", ""D0"", ""J_psi""]",3,0.0028
triplet,"[""pi_plus"", ""B0"", ""W""]",3,0.0028
triplet,"[""pi_plus"", ""Bs0"", ""Z""]",3,0.0028
triplet,"[""K_plus"", ""D_plus"", ""J_psi""]",3,0.0028
triplet,"[""K_short"", ""K_long"", ""rho_770""]",3,0.0028
triplet,"[""K_short"", ""rho_770"", ""D0""]",3,0.0028
triplet,"[""K_short"", ""J_psi"", ""Bs0""]",3,0.0028
triplet,"[""K_long"", ""omega_782"", ""B_plus""]",3,0.0028
triplet,"[""K_long"", ""B_plus"", ""Upsilon_1S""]",3,0.0028
triplet,"[""K_long"", ""Bs0"", ""Upsilon_1S""]",3,0.0028
triplet,"[""rho_770"", ""D0"", ""W""]",3,0.0028
triplet,"[""rho_770"", ""Ds_plus"", ""W""]",3,0.0028
triplet,"[""rho_770"", ""Bs0"", ""W""]",3,0.0028
triplet,"[""omega_782"", ""B0"", ""Upsilon_1S""]",3,0.0028
triplet,"[""phi_1020"", ""D_plus"", ""W""]",3,0.0028
triplet,"[""phi_1020"", ""Ds_plus"", ""Bs0""]",3,0.0028
triplet,"[""phi_1020"", ""Bs0"", ""W""]",3,0.0028
triplet,"[""D0"", ""J_psi"", ""Upsilon_1S""]",3,0.0028
triplet,"[""J_psi"", ""B_plus"", ""top""]",3,0.0028
triplet,"[""J_psi"", ""B0"", ""top""]",3,0.0028
triplet,"[""J_psi"", ""Bs0"", ""Z""]",3,0.0028
triplet,"[""electron"", ""muon"", ""pi_plus""]",3,0.0026
triplet,"[""electron"", ""proton"", ""K_short""]",3,0.0026
triplet,"[""electron"", ""Lambda"", ""rho_770""]",3,0.0026
triplet,"[""electron"", ""pi_plus"", ""K_short""]",3,0.0026
triplet,"[""electron"", ""K_plus"", ""top""]",3,0.0026
triplet,"[""electron"", ""K_short"", ""D0""]",3,0.0026
triplet,"[""electron"", ""phi_1020"", ""Z""]",3,0.0026
triplet,"[""muon"", ""Delta_1232"", ""Higgs""]",3,0.0026
triplet,"[""muon"", ""pi_plus"", ""phi_1020""]",3,0.0026
triplet,"[""muon"", ""K_short"", ""rho_770""]",3,0.0026
triplet,"[""muon"", ""rho_770"", ""Higgs""]",3,0.0026
triplet,"[""muon"", ""phi_1020"", ""B0""]",3,0.0026
triplet,"[""muon"", ""D_plus"", ""Z""]",3,0.0026
triplet,"[""muon"", ""Ds_plus"", ""J_psi""]",3,0.0026
triplet,"[""tau"", ""neutron"", ""K_short""]",3,0.0026
triplet,"[""tau"", ""Lambda"", ""eta""]",3,0.0026
triplet,"[""tau"", ""K_plus"", ""J_psi""]",3,0.0026
triplet,"[""tau"", ""K_short"", ""top""]",3,0.0026
triplet,"[""proton"", ""neutron"", ""pi0""]",3,0.0026
triplet,"[""proton"", ""Lambda"", ""K_long""]",3,0.0026
triplet,"[""proton"", ""Omega_minus"", ""D_plus""]",3,0.0026
triplet,"[""proton"", ""pi_plus"", ""K_long""]",3,0.0026
triplet,"[""proton"", ""eta"", ""B0""]",3,0.0026
triplet,"[""neutron"", ""Omega_minus"", ""Upsilon_1S""]",3,0.0026
triplet,"[""neutron"", ""pi_plus"", ""Bs0""]",3,0.0026
triplet,"[""neutron"", ""phi_1020"", ""W""]",3,0.0026
triplet,"[""Lambda"", ""Delta_1232"", ""D0""]",3,0.0026
triplet,"[""Lambda"", ""Delta_1232"", ""top""]",3,0.0026
triplet,"[""Lambda"", ""pi0"", ""eta""]",3,0.0026
triplet,"[""Lambda"", ""K_long"", ""D0""]",3,0.0026
triplet,"[""Lambda"", ""rho_770"", ""W""]",3,0.0026
triplet,"[""Lambda"", ""Upsilon_1S"", ""Higgs""]",3,0.0026
triplet,"[""Sigma_plus"", ""K_plus"", ""Higgs""]",3,0.0026
triplet,"[""Xi_minus"", ""Delta_1232"", ""Upsilon_1S""]",3,0.0026
triplet,"[""Xi_minus"", ""pi0"", ""eta""]",3,0.0026
triplet,"[""Xi_minus"", ""pi0"", ""rho_770""]",3,0.0026
triplet,"[""Omega_minus"", ""K_plus"", ""Upsilon_1S""]",3,0.0026
triplet,"[""Omega_minus"", ""K_long"", ""Bs0""]",3,0.0026
triplet,"[""Omega_minus"", ""omega_782"", ""Upsilon_1S""]",3,0.0026
triplet,"[""Delta_1232"", ""K_plus"", ""B_plus""]",3,0.0026
triplet,"[""pi0"", ""K_short"", ""Bs0""]",3,0.0026
triplet,"[""pi0"", ""rho_770"", ""Higgs""]",3,0.0026
triplet,"[""pi0"", ""D0"", ""W""]",3,0.0026
triplet,"[""pi_plus"", ""K_short"", ""rho_770""]",3,0.0026
triplet,"[""pi_plus"", ""K_long"", ""eta""]",3,0.0026
triplet,"[""pi_plus"", ""rho_770"", ""Bs0""]",3,0.0026
triplet,"[""pi_plus"", ""phi_1020"", ""W""]",3,0.0026
triplet,"[""pi_plus"", ""B0"", ""Z""]",3,0.0026
triplet,"[""K_plus"", ""omega_782"", ""Bs0""]",3,0.0026
triplet,"[""K_plus"", ""phi_1020"", ""Z""]",3,0.0026
triplet,"[""K_plus"", ""Upsilon_1S"", ""top""]",3,0.0026
triplet,"[""K_short"", ""eta"", ""B_plus""]",3,0.0026
triplet,"[""K_short"", ""omega_782"", ""Higgs""]",3,0.0026
triplet,"[""K_short"", ""Ds_plus"", ""J_psi""]",3,0.0026
triplet,"[""K_short"", ""B0"", ""Upsilon_1S""]",3,0.0026
triplet,"[""K_short"", ""B0"", ""W""]",3,0.0026
triplet,"[""K_short"", ""B0"", ""Higgs""]",3,0.0026
triplet,"[""rho_770"", ""Ds_plus"", ""Upsilon_1S""]",3,0.0026
triplet,"[""phi_1020"", ""Ds_plus"", ""Z""]",3,0.0026
triplet,"[""electron"", ""muon"", ""Z""]",3,0.0024
triplet,"[""electron"", ""Lambda"", ""K_short""]",3,0.0024
triplet,"[""electron"", ""K_short"", ""B0""]",3,0.0024
triplet,"[""electron"", ""K_short"", ""Upsilon_1S""]",3,0.0024
triplet,"[""electron"", ""phi_1020"", ""W""]",3,0.0024
triplet,"[""electron"", ""J_psi"", ""Upsilon_1S""]",3,0.0024
triplet,"[""electron"", ""Upsilon_1S"", ""Higgs""]",3,0.0024
triplet,"[""muon"", ""tau"", ""K_plus""]",3,0.0024
triplet,"[""muon"", ""proton"", ""pi_plus""]",3,0.0024
triplet,"[""muon"", ""pi0"", ""Higgs""]",3,0.0024
triplet,"[""muon"", ""pi_plus"", ""omega_782""]",3,0.0024
triplet,"[""muon"", ""pi_plus"", ""top""]",3,0.0024
triplet,"[""muon"", ""K_plus"", ""eta""]",3,0.0024
triplet,"[""muon"", ""eta"", ""rho_770""]",3,0.0024
triplet,"[""tau"", ""neutron"", ""phi_1020""]",3,0.0024
triplet,"[""tau"", ""Lambda"", ""W""]",3,0.0024
triplet,"[""tau"", ""Xi_minus"", ""rho_770""]",3,0.0024
triplet,"[""proton"", ""Xi_minus"", ""K_short""]",3,0.0024
triplet,"[""neutron"", ""Sigma_plus"", ""K_plus""]",3,0.0024
triplet,"[""neutron"", ""Delta_1232"", ""Higgs""]",3,0.0024
triplet,"[""neutron"", ""pi_plus"", ""B_plus""]",3,0.0024
triplet,"[""neutron"", ""K_short"", ""Bs0""]",3,0.0024
triplet,"[""neutron"", ""Upsilon_1S"", ""Higgs""]",3,0.0024
triplet,"[""neutron"", ""Z"", ""Higgs""]",3,0.0024
triplet,"[""Lambda"", ""pi0"", ""J_psi""]",3,0.0024
triplet,"[""Lambda"", ""K_short"", ""phi_1020""]",3,0.0024
triplet,"[""Lambda"", ""K_short"", ""Bs0""]",3,0.0024
triplet,"[""Lambda"", ""eta"", ""omega_782""]",3,0.0024
triplet,"[""Lambda"", ""Ds_plus"", ""Z""]",3,0.0024
triplet,"[""Sigma_plus"", ""Delta_1232"", ""J_psi""]",3,0.0024
triplet,"[""Sigma_plus"", ""Delta_1232"", ""Higgs""]",3,0.0024
triplet,"[""Sigma_plus"", ""rho_770"", ""J_psi""]",3,0.0024
triplet,"[""Sigma_plus"", ""D_plus"", ""W""]",3,0.0024
triplet,"[""Sigma_plus"", ""Ds_plus"", ""W""]",3,0.0024
triplet,"[""Sigma_plus"", ""J_psi"", ""Upsilon_1S""]",3,0.0024
triplet,"[""Sigma_plus"", ""B_plus"", ""Upsilon_1S""]",3,0.0024
triplet,"[""Xi_minus"", ""pi0"", ""Z""]",3,0.0024
triplet,"[""Xi_minus"", ""K_long"", ""Bs0""]",3,0.0024
triplet,"[""Xi_minus"", ""eta"", ""D0""]",3,0.0024
triplet,"[""Xi_minus"", ""phi_1020"", ""Z""]",3,0.0024
triplet,"[""Xi_minus"", ""D_plus"", ""B_plus""]",3,0.0024
triplet,"[""Omega_minus"", ""J_psi"", ""Upsilon_1S""]",3,0.0024
triplet,"[""Omega_minus"", ""Upsilon_1S"", ""top""]",3,0.0024
triplet,"[""Delta_1232"", ""pi0"", ""Higgs""]",3,0.0024
triplet,"[""Delta_1232"", ""K_short"", ""Bs0""]",3,0.0024
triplet,"[""pi0"", ""K_plus"", ""omega_782""]",3,0.0024
triplet,"[""pi0"", ""D0"", ""Bs0""]",3,0.0024
triplet,"[""pi0"", ""D0"", ""Z""]",3,0.0024
triplet,"[""pi0"", ""D0"", ""Higgs""]",3,0.0024
triplet,"[""pi0"", ""Ds_plus"", ""Z""]",3,0.0024
triplet,"[""pi_plus"", ""rho_770"", ""Ds_plus""]",3,0.0024
triplet,"[""pi_plus"", ""omega_782"", ""B_plus""]",3,0.0024
triplet,"[""pi_plus"", ""J_psi"", ""B_plus""]",3,0.0024
triplet,"[""pi_plus"", ""J_psi"", ""top""]",3,0.0024
triplet,"[""pi_plus"", ""B_plus"", ""top""]",3,0.0024
triplet,"[""K_plus"", ""eta"", ""Bs0""]",3,0.0024
triplet,"[""K_plus"", ""phi_1020"", ""W""]",3,0.0024
triplet,"[""K_plus"", ""Bs0"", ""Upsilon_1S""]",3,0.0024
triplet,"[""K_short"", ""K_long"", ""D0""]",3,0.0024
triplet,"[""K_short"", ""eta"", ""B0""]",3,0.0024
triplet,"[""K_short"", ""eta"", ""Bs0""]",3,0.0024
triplet,"[""K_short"", ""rho_770"", ""B0""]",3,0.0024
triplet,"[""K_short"", ""rho_770"", ""W""]",3,0.0024
triplet,"[""K_short"", ""phi_1020"", ""W""]",3,0.0024
triplet,"[""K_short"", ""phi_1020"", ""Z""]",3,0.0024
triplet,"[""K_short"", ""Bs0"", ""Z""]",3,0.0024
triplet,"[""K_long"", ""rho_770"", ""Ds_plus""]",3,0.0024
triplet,"[""K_long"", ""Ds_plus"", ""W""]",3,0.0024
triplet,"[""K_long"", ""J_psi"", ""B_plus""]",3,0.0024
triplet,"[""K_long"", ""J_psi"", ""Upsilon_1S""]",3,0.0024
triplet,"[""K_long"", ""J_psi"", ""top""]",3,0.0024
triplet,"[""K_long"", ""B_plus"", ""top""]",3,0.0024
triplet,"[""eta"", ""phi_1020"", ""Higgs""]",3,0.0024
triplet,"[""eta"", ""D0"", ""W""]",3,0.0024
triplet,"[""eta"", ""B_plus"", ""Higgs""]",3,0.0024
triplet,"[""rho_770"", ""phi_1020"", ""Bs0""]",3,0.0024
triplet,"[""rho_770"", ""D_plus"", ""Z""]",3,0.0024
triplet,"[""rho_770"", ""B0"", ""W""]",3,0.0024
triplet,"[""phi_1020"", ""D_plus"", ""J_psi""]",3,0.0024
triplet,"[""phi_1020"", ""B0"", ""Z""]",3,0.0024
triplet,"[""phi_1020"", ""Bs0"", ""Z""]",3,0.0024
triplet,"[""D0"", ""Upsilon_1S"", ""Higgs""]",3,0.0024
triplet,"[""D_plus"", ""J_psi"", ""Upsilon_1S""]",3,0.0024
triplet,"[""D_plus"", ""Z"", ""Higgs""]",3,0.0024
triplet,"[""B0"", ""Higgs"", ""top""]",3,0.0024
triplet,"[""electron"", ""eta"", ""B0""]",3,0.0022
triplet,"[""muon"", ""tau"", ""B0""]",3,0.0022
triplet,"[""muon"", ""proton"", ""eta""]",3,0.0022
triplet,"[""muon"", ""neutron"", ""pi0""]",3,0.0022
triplet,"[""muon"", ""neutron"", ""B_plus""]",3,0.0022
triplet,"[""muon"", ""pi0"", ""K_plus""]",3,0.0022
triplet,"[""muon"", ""pi0"", ""D0""]",3,0.0022
triplet,"[""muon"", ""pi_plus"", ""rho_770""]",3,0.0022
triplet,"[""muon"", ""K_short"", ""eta""]",3,0.0022
triplet,"[""muon"", ""K_short"", ""top""]",3,0.0022
triplet,"[""muon"", ""K_long"", ""D0""]",3,0.0022
triplet,"[""muon"", ""omega_782"", ""Upsilon_1S""]",3,0.0022
triplet,"[""muon"", ""Upsilon_1S"", ""Higgs""]",3,0.0022
triplet,"[""tau"", ""pi0"", ""pi_plus""]",3,0.0022
triplet,"[""tau"", ""eta"", ""omega_782""]",3,0.0022
triplet,"[""tau"", ""J_psi"", ""Upsilon_1S""]",3,0.0022
triplet,"[""proton"", ""phi_1020"", ""B0""]",3,0.0022
triplet,"[""proton"", ""phi_1020"", ""Bs0""]",3,0.0022
triplet,"[""proton"", ""phi_1020"", ""W""]",3,0.0022
triplet,"[""neutron"", ""Sigma_plus"", ""omega_782""]",3,0.0022
triplet,"[""neutron"", ""Delta_1232"", ""B_plus""]",3,0.0022
triplet,"[""neutron"", ""K_short"", ""B0""]",3,0.0022
triplet,"[""neutron"", ""phi_1020"", ""Z""]",3,0.0022
triplet,"[""Lambda"", ""K_short"", ""rho_770""]",3,0.0022
triplet,"[""Lambda"", ""K_short"", ""W""]",3,0.0022
triplet,"[""Lambda"", ""K_short"", ""Z""]",3,0.0022
triplet,"[""Lambda"", ""eta"", ""phi_1020""]",3,0.0022
triplet,"[""Lambda"", ""phi_1020"", ""Z""]",3,0.0022
triplet,"[""Lambda"", ""Ds_plus"", ""W""]",3,0.0022
triplet,"[""Lambda"", ""J_psi"", ""B0""]",3,0.0022
triplet,"[""Lambda"", ""J_psi"", ""Bs0""]",3,0.0022
triplet,"[""Lambda"", ""Bs0"", ""Higgs""]",3,0.0022
triplet,"[""Sigma_plus"", ""pi_plus"", ""B_plus""]",3,0.0022
triplet,"[""Sigma_plus"", ""K_long"", ""Upsilon_1S""]",3,0.0022
triplet,"[""Sigma_plus"", ""Ds_plus"", ""top""]",3,0.0022
triplet,"[""Sigma_plus"", ""J_psi"", ""Z""]",3,0.0022
triplet,"[""Xi_minus"", ""eta"", ""W""]",3,0.0022
triplet,"[""Xi_minus"", ""Upsilon_1S"", ""W""]",3,0.0022
triplet,"[""Omega_minus"", ""pi0"", ""eta""]",3,0.0022
triplet,"[""Omega_minus"", ""rho_770"", ""Z""]",3,0.0022
triplet,"[""Omega_minus"", ""D0"", ""J_psi""]",3,0.0022
triplet,"[""Omega_minus"", ""Upsilon_1S"", ""Higgs""]",3,0.0022
triplet,"[""Delta_1232"", ""pi0"", ""pi_plus""]",3,0.0022
triplet,"[""Delta_1232"", ""pi_plus"", ""J_psi""]",3,0.0022
triplet,"[""Delta_1232"", ""pi_plus"", ""Higgs""]",3,0.0022
triplet,"[""Delta_1232"", ""K_plus"", ""D0""]",3,0.0022
triplet,"[""Delta_1232"", ""K_short"", ""B0""]",3,0.0022
triplet,"[""Delta_1232"", ""phi_1020"", ""top""]",3,0.0022
triplet,"[""pi0"", ""K_plus"", ""eta""]",3,0.0022
triplet,"[""pi0"", ""K_short"", ""B0""]",3,0.0022
triplet,"[""pi0"", ""rho_770"", ""B0""]",3,0.0022
triplet,"[""pi0"", ""rho_770"", ""Bs0""]",3,0.0022
triplet,"[""pi0"", ""phi_1020"", ""Higgs""]",3,0.0022
triplet,"[""pi0"", ""Upsilon_1S"", ""top""]",3,0.0022
triplet,"[""pi_plus"", ""K_short"", ""J_psi""]",3,0.0022
triplet,"[""pi_plus"", ""rho_770"", ""B_plus""]",3,0.0022
triplet,"[""K_plus"", ""rho_770"", ""Z""]",3,0.0022
triplet,"[""K_short"", ""rho_770"", ""B_plus""]",3,0.0022
triplet,"[""K_short"", ""rho_770"", ""Bs0""]",3,0.0022
triplet,"[""K_short"", ""phi_1020"", ""Bs0""]",3,0.0022
triplet,"[""K_short"", ""Ds_plus"", ""W""]",3,0.0022
triplet,"[""K_short"", ""Ds_plus"", ""Z""]",3,0.0022
triplet,"[""K_short"", ""B0"", ""Z""]",3,0.0022
triplet,"[""K_short"", ""Bs0"", ""W""]",3,0.0022
triplet,"[""K_short"", ""Bs0"", ""Higgs""]",3,0.0022
triplet,"[""K_short"", ""Upsilon_1S"", ""Higgs""]",3,0.0022
triplet,"[""K_short"", ""Upsilon_1S"", ""top""]",3,0.0022
triplet,"[""K_long"", ""rho_770"", ""Bs0""]",3,0.0022
triplet,"[""K_long"", ""Higgs"", ""top""]",3,0.0022
triplet,"[""eta"", ""D0"", ""Z""]",3,0.0022
triplet,"[""eta"", ""D_plus"", ""B_plus""]",3,0.0022
triplet,"[""eta"", ""Upsilon_1S"", ""Higgs""]",3,0.0022
triplet,"[""rho_770"", ""phi_1020"", ""B_plus""]",3,0.0022
triplet,"[""rho_770"", ""J_psi"", ""Upsilon_1S""]",3,0.0022
triplet,"[""phi_1020"", ""D0"", ""W""]",3,0.0022
triplet,"[""phi_1020"", ""B_plus"", ""Z""]",3,0.0022
triplet,"[""J_psi"", ""Bs0"", ""Upsilon_1S""]",3,0.0022
triplet,"[""B_plus"", ""Upsilon_1S"", ""Higgs""]",3,0.0022
triplet,"[""electron"", ""neutron"", ""pi0""]",3,0.002
triplet,"[""electron"", ""Omega_minus"", ""D_plus""]",3,0.002
triplet,"[""electron"", ""eta"", ""Bs0""]",3,0.002
triplet,"[""muon"", ""neutron"", ""Bs0""]",3,0.002
triplet,"[""muon"", ""Delta_1232"", ""pi_plus""]",3,0.002
triplet,"[""muon"", ""pi0"", ""eta""]",3,0.002
triplet,"[""muon"", ""pi_plus"", ""W""]",3,0.002
triplet,"[""muon"", ""rho_770"", ""J_psi""]",3,0.002
triplet,"[""muon"", ""D_plus"", ""Bs0""]",3,0.002
triplet,"[""muon"", ""D_plus"", ""W""]",3,0.002
triplet,"[""muon"", ""Ds_plus"", ""Higgs""]",3,0.002
triplet,"[""tau"", ""Omega_minus"", ""Z""]",3,0.002
triplet,"[""tau"", ""Delta_1232"", ""pi_plus""]",3,0.002
triplet,"[""tau"", ""pi_plus"", ""top""]",3,0.002
triplet,"[""tau"", ""rho_770"", ""Upsilon_1S""]",3,0.002
triplet,"[""tau"", ""phi_1020"", ""W""]",3,0.002
triplet,"[""tau"", ""Upsilon_1S"", ""W""]",3,0.002
triplet,"[""tau"", ""Upsilon_1S"", ""Z""]",3,0.002
triplet,"[""proton"", ""Sigma_plus"", ""K_plus""]",3,0.002
triplet,"[""proton"", ""Sigma_plus"", ""eta""]",3,0.002
triplet,"[""proton"", ""K_short"", ""Bs0""]",3,0.002
triplet,"[""proton"", ""D_plus"", ""Bs0""]",3,0.002
triplet,"[""proton"", ""J_psi"", ""Upsilon_1S""]",3,0.002
triplet,"[""neutron"", ""Sigma_plus"", ""top""]",3,0.002
triplet,"[""neutron"", ""K_short"", ""B_plus""]",3,0.002
triplet,"[""neutron"", ""J_psi"", ""Upsilon_1S""]",3,0.002
triplet,"[""Lambda"", ""Delta_1232"", ""D_plus""]",3,0.002
triplet,"[""Lambda"", ""rho_770"", ""phi_1020""]",3,0.002
triplet,"[""Lambda"", ""D0"", ""Bs0""]",3,0.002
triplet,"[""Lambda"", ""B0"", ""Higgs""]",3,0.002
triplet,"[""Sigma_plus"", ""pi_plus"", ""eta""]",3,0.002
triplet,"[""Sigma_plus"", ""pi_plus"", ""B0""]",3,0.002
triplet,"[""Sigma_plus"", ""pi_plus"", ""Bs0""]",3,0.002
triplet,"[""Sigma_plus"", ""Upsilon_1S"", ""Z""]",3,0.002
triplet,"[""Xi_minus"", ""pi0"", ""W""]",3,0.002
triplet,"[""Xi_minus"", ""K_short"", ""rho_770""]",3,0.002
triplet,"[""Xi_minus"", ""K_short"", ""J_psi""]",3,0.002
triplet,"[""Xi_minus"", ""K_short"", ""Upsilon_1S""]",3,0.002
triplet,"[""Xi_minus"", ""eta"", ""phi_1020""]",3,0.002
triplet,"[""Xi_minus"", ""D0"", ""W""]",3,0.002
triplet,"[""Xi_minus"", ""D0"", ""Z""]",3,0.002
triplet,"[""Xi_minus"", ""Ds_plus"", ""Higgs""]",3,0.002
triplet,"[""Xi_minus"", ""Upsilon_1S"", ""Higgs""]",3,0.002
triplet,"[""Omega_minus"", ""Delta_1232"", ""D_plus""]",3,0.002
triplet,"[""Omega_minus"", ""pi0"", ""J_psi""]",3,0.002
triplet,"[""Omega_minus"", ""K_plus"", ""top""]",3,0.002
triplet,"[""Omega_minus"", ""phi_1020"", ""W""]",3,0.002
triplet,"[""Omega_minus"", ""D0"", ""Higgs""]",3,0.002
triplet,"[""Omega_minus"", ""D_plus"", ""W""]",3,0.002
triplet,"[""Omega_minus"", ""Upsilon_1S"", ""Z""]",3,0.002
triplet,"[""Delta_1232"", ""pi_plus"", ""K_short""]",3,0.002
triplet,"[""Delta_1232"", ""K_plus"", ""K_long""]",3,0.002
triplet,"[""Delta_1232"", ""K_long"", ""Bs0""]",3,0.002
triplet,"[""pi0"", ""K_short"", ""Upsilon_1S""]",3,0.002
triplet,"[""pi0"", ""eta"", ""J_psi""]",3,0.002
triplet,"[""pi0"", ""D0"", ""J_psi""]",3,0.002
triplet,"[""pi_plus"", ""omega_782"", ""D_plus""]",3,0.002
triplet,"[""pi_plus"", ""D_plus"", ""top""]",3,0.002
triplet,"[""pi_plus"", ""J_psi"", ""Upsilon_1S""]",3,0.002
triplet,"[""K_plus"", ""K_short"", ""J_psi""]",3,0.002
triplet,"[""K_plus"", ""K_long"", ""Ds_plus""]",3,0.002
triplet,"[""K_plus"", ""omega_782"", ""D0""]",3,0.002
triplet,"[""K_plus"", ""phi_1020"", ""Upsilon_1S""]",3,0.002
triplet,"[""K_plus"", ""D0"", ""top""]",3,0.002
triplet,"[""K_plus"", ""Ds_plus"", ""Z""]",3,0.002
triplet,"[""K_short"", ""omega_782"", ""Bs0""]",3,0.002
triplet,"[""K_short"", ""Ds_plus"", ""Higgs""]",3,0.002
triplet,"[""K_short"", ""B_plus"", ""top""]",3,0.002
triplet,"[""K_long"", ""Upsilon_1S"", ""Higgs""]",3,0.002
triplet,"[""eta"", ""omega_782"", ""Ds_plus""]",3,0.002
triplet,"[""eta"", ""Ds_plus"", ""Z""]",3,0.002
triplet,"[""rho_770"", ""omega_782"", ""phi_1020""]",3,0.002
triplet,"[""rho_770"", ""phi_1020"", ""B0""]",3,0.002
triplet,"[""phi_1020"", ""D0"", ""Z""]",3,0.002
triplet,"[""phi_1020"", ""B0"", ""Upsilon_1S""]",3,0.002
triplet,"[""D_plus"", ""B_plus"", ""W""]",3,0.002
triplet,"[""D_plus"", ""Bs0"", ""Upsilon_1S""]",3,0.002
triplet,"[""Ds_plus"", ""Bs0"", ""Upsilon_1S""]",3,0.002
triplet,"[""J_psi"", ""B0"", ""Upsilon_1S""]",3,0.002
triplet,"[""B0"", ""Upsilon_1S"", ""Higgs""]",3,0.002
triplet,"[""electron"", ""tau"", ""rho_770""]",3,0.0018
triplet,"[""electron"", ""K_short"", ""B_plus""]",3,0.0018
triplet,"[""electron"", ""K_short"", ""Bs0""]",3,0.0018
triplet,"[""electron"", ""D_plus"", ""B_plus""]",3,0.0018
triplet,"[""muon"", ""proton"", ""W""]",3,0.0018
triplet,"[""muon"", ""Lambda"", ""rho_770""]",3,0.0018
triplet,"[""muon"", ""Lambda"", ""Upsilon_1S""]",3,0.0018
triplet,"[""muon"", ""Omega_minus"", ""pi0""]",3,0.0018
triplet,"[""muon"", ""Omega_minus"", ""rho_770""]",3,0.0018
triplet,"[""muon"", ""rho_770"", ""Ds_plus""]",3,0.0018
triplet,"[""muon"", ""D0"", ""J_psi""]",3,0.0018
triplet,"[""muon"", ""Ds_plus"", ""Upsilon_1S""]",3,0.0018
triplet,"[""tau"", ""neutron"", ""Sigma_plus""]",3,0.0018
triplet,"[""tau"", ""pi0"", ""Upsilon_1S""]",3,0.0018
triplet,"[""tau"", ""pi0"", ""top""]",3,0.0018
triplet,"[""tau"", ""K_plus"", ""D_plus""]",3,0.0018
triplet,"[""tau"", ""K_short"", ""Z""]",3,0.0018
triplet,"[""tau"", ""D_plus"", ""Ds_plus""]",3,0.0018
triplet,"[""tau"", ""D_plus"", ""Z""]",3,0.0018
triplet,"[""tau"", ""Upsilon_1S"", ""Higgs""]",3,0.0018
triplet,"[""proton"", ""Lambda"", ""omega_782""]",3,0.0018
triplet,"[""proton"", ""Sigma_plus"", ""Delta_1232""]",3,0.0018
triplet,"[""proton"", ""Omega_minus"", ""Z""]",3,0.0018
triplet,"[""proton"", ""K_plus"", ""K_long""]",3,0.0018
triplet,"[""proton"", ""Upsilon_1S"", ""Higgs""]",3,0.0018
triplet,"[""neutron"", ""Sigma_plus"", ""K_long""]",3,0.0018
triplet,"[""neutron"", ""Xi_minus"", ""K_short""]",3,0.0018
triplet,"[""neutron"", ""Xi_minus"", ""Upsilon_1S""]",3,0.0018
triplet,"[""Lambda"", ""Sigma_plus"", ""K_long""]",3,0.0018
triplet,"[""Lambda"", ""K_short"", ""D0""]",3,0.0018
triplet,"[""Lambda"", ""D_plus"", ""Higgs""]",3,0.0018
triplet,"[""Lambda"", ""J_psi"", ""B_plus""]",3,0.0018
triplet,"[""Sigma_plus"", ""Delta_1232"", ""pi0""]",3,0.0018
triplet,"[""Sigma_plus"", ""Delta_1232"", ""Z""]",3,0.0018
triplet,"[""Sigma_plus"", ""pi0"", ""pi_plus""]",3,0.0018
triplet,"[""Sigma_plus"", ""pi0"", ""D0""]",3,0.0018
triplet,"[""Sigma_plus"", ""K_plus"", ""J_psi""]",3,0.0018
triplet,"[""Sigma_plus"", ""Ds_plus"", ""Higgs""]",3,0.0018
triplet,"[""Sigma_plus"", ""Upsilon_1S"", ""Higgs""]",3,0.0018
triplet,"[""Xi_minus"", ""Delta_1232"", ""K_short""]",3,0.0018
triplet,"[""Xi_minus"", ""K_short"", ""eta""]",3,0.0018
triplet,"[""Xi_minus"", ""K_short"", ""Z""]",3,0.0018
triplet,"[""Xi_minus"", ""K_short"", ""Higgs""]",3,0.0018
triplet,"[""Xi_minus"", ""K_short"", ""top""]",3,0.0018
triplet,"[""Xi_minus"", ""K_long"", ""B0""]",3,0.0018
triplet,"[""Xi_minus"", ""eta"", ""D_plus""]",3,0.0018
triplet,"[""Xi_minus"", ""eta"", ""top""]",3,0.0018
triplet,"[""Xi_minus"", ""phi_1020"", ""Upsilon_1S""]",3,0.0018
triplet,"[""Xi_minus"", ""B0"", ""Upsilon_1S""]",3,0.0018
triplet,"[""Xi_minus"", ""Bs0"", ""Upsilon_1S""]",3,0.0018
triplet,"[""Omega_minus"", ""pi0"", ""Ds_plus""]",3,0.0018
triplet,"[""Omega_minus"", ""K_long"", ""J_psi""]",3,0.0018
triplet,"[""Omega_minus"", ""K_long"", ""Higgs""]",3,0.0018
triplet,"[""Omega_minus"", ""eta"", ""W""]",3,0.0018
triplet,"[""Omega_minus"", ""phi_1020"", ""D0""]",3,0.0018
triplet,"[""Delta_1232"", ""eta"", ""Ds_plus""]",3,0.0018
triplet,"[""Delta_1232"", ""W"", ""Higgs""]",3,0.0018
triplet,"[""pi0"", ""pi_plus"", ""Ds_plus""]",3,0.0018
triplet,"[""pi0"", ""K_short"", ""B_plus""]",3,0.0018
triplet,"[""pi0"", ""K_long"", ""Upsilon_1S""]",3,0.0018
triplet,"[""pi0"", ""K_long"", ""Z""]",3,0.0018
triplet,"[""pi0"", ""omega_782"", ""Upsilon_1S""]",3,0.0018
triplet,"[""pi0"", ""D_plus"", ""B_plus""]",3,0.0018
triplet,"[""pi_plus"", ""omega_782"", ""Upsilon_1S""]",3,0.0018
triplet,"[""pi_plus"", ""D_plus"", ""Bs0""]",3,0.0018
triplet,"[""pi_plus"", ""J_psi"", ""Bs0""]",3,0.0018
triplet,"[""pi_plus"", ""J_psi"", ""Z""]",3,0.0018
triplet,"[""pi_plus"", ""Upsilon_1S"", ""Higgs""]",3,0.0018
triplet,"[""K_plus"", ""eta"", ""top""]",3,0.0018
triplet,"[""K_plus"", ""phi_1020"", ""Ds_plus""]",3,0.0018
triplet,"[""K_plus"", ""D0"", ""Bs0""]",3,0.0018
triplet,"[""K_plus"", ""J_psi"", ""Z""]",3,0.0018
triplet,"[""K_plus"", ""Upsilon_1S"", ""W""]",3,0.0018
triplet,"[""K_plus"", ""Upsilon_1S"", ""Higgs""]",3,0.0018
triplet,"[""K_short"", ""omega_782"", ""B_plus""]",3,0.0018
triplet,"[""K_short"", ""B_plus"", ""Upsilon_1S""]",3,0.0018
triplet,"[""K_short"", ""B_plus"", ""W""]",3,0.0018
triplet,"[""K_short"", ""B_plus"", ""Higgs""]",3,0.0018
triplet,"[""K_short"", ""Bs0"", ""Upsilon_1S""]",3,0.0018
triplet,"[""K_short"", ""W"", ""Higgs""]",3,0.0018
triplet,"[""K_long"", ""rho_770"", ""J_psi""]",3,0.0018
triplet,"[""K_long"", ""rho_770"", ""B0""]",3,0.0018
triplet,"[""eta"", ""W"", ""Higgs""]",3,0.0018
triplet,"[""rho_770"", ""D_plus"", ""B_plus""]",3,0.0018
triplet,"[""rho_770"", ""D_plus"", ""Bs0""]",3,0.0018
triplet,"[""omega_782"", ""Bs0"", ""Upsilon_1S""]",3,0.0018
triplet,"[""phi_1020"", ""D_plus"", ""B_plus""]",3,0.0018
triplet,"[""phi_1020"", ""Ds_plus"", ""Higgs""]",3,0.0018
triplet,"[""D_plus"", ""J_psi"", ""Bs0""]",3,0.0018
triplet,"[""D_plus"", ""B0"", ""Z""]",3,0.0018
triplet,"[""D_plus"", ""Upsilon_1S"", ""top""]",3,0.0018
triplet,"[""Ds_plus"", ""J_psi"", ""Upsilon_1S""]",3,0.0018
triplet,"[""Ds_plus"", ""J_psi"", ""W""]",3,0.0018
triplet,"[""J_psi"", ""B_plus"", ""Upsilon_1S""]",3,0.0018
triplet,"[""electron"", ""neutron"", ""Ds_plus""]",3,0.0016
triplet,"[""electron"", ""Xi_minus"", ""K_short""]",3,0.0016
triplet,"[""electron"", ""Omega_minus"", ""eta""]",3,0.0016
triplet,"[""electron"", ""D0"", ""D_plus""]",3,0.0016
triplet,"[""muon"", ""tau"", ""neutron""]",3,0.0016
triplet,"[""muon"", ""proton"", ""Z""]",3,0.0016
triplet,"[""muon"", ""neutron"", ""Sigma_plus""]",3,0.0016
triplet,"[""muon"", ""neutron"", ""K_short""]",3,0.0016
triplet,"[""muon"", ""Lambda"", ""eta""]",3,0.0016
triplet,"[""muon"", ""Xi_minus"", ""D0""]",3,0.0016
triplet,"[""muon"", ""Omega_minus"", ""Upsilon_1S""]",3,0.0016
triplet,"[""muon"", ""Delta_1232"", ""Z""]",3,0.0016
triplet,"[""muon"", ""pi_plus"", ""Z""]",3,0.0016
triplet,"[""muon"", ""K_short"", ""omega_782""]",3,0.0016
triplet,"[""muon"", ""D_plus"", ""J_psi""]",3,0.0016
triplet,"[""muon"", ""J_psi"", ""Upsilon_1S""]",3,0.0016
triplet,"[""tau"", ""neutron"", ""Omega_minus""]",3,0.0016
triplet,"[""tau"", ""Lambda"", ""pi_plus""]",3,0.0016
triplet,"[""tau"", ""Xi_minus"", ""top""]",3,0.0016
triplet,"[""tau"", ""Omega_minus"", ""K_short""]",3,0.0016
triplet,"[""tau"", ""Omega_minus"", ""W""]",3,0.0016
triplet,"[""tau"", ""Delta_1232"", ""D_plus""]",3,0.0016
triplet,"[""tau"", ""Delta_1232"", ""Upsilon_1S""]",3,0.0016
triplet,"[""tau"", ""pi_plus"", ""omega_782""]",3,0.0016
triplet,"[""proton"", ""K_short"", ""B_plus""]",3,0.0016
triplet,"[""proton"", ""K_short"", ""B0""]",3,0.0016
triplet,"[""neutron"", ""Lambda"", ""D_plus""]",3,0.0016
triplet,"[""neutron"", ""Lambda"", ""W""]",3,0.0016
triplet,"[""neutron"", ""Lambda"", ""Z""]",3,0.0016
triplet,"[""neutron"", ""pi_plus"", ""Ds_plus""]",3,0.0016
triplet,"[""neutron"", ""K_plus"", ""D_plus""]",3,0.0016
triplet,"[""neutron"", ""eta"", ""top""]",3,0.0016
triplet,"[""neutron"", ""D_plus"", ""B_plus""]",3,0.0016
triplet,"[""Lambda"", ""Sigma_plus"", ""Ds_plus""]",3,0.0016
triplet,"[""Lambda"", ""K_long"", ""eta""]",3,0.0016
triplet,"[""Lambda"", ""D0"", ""B0""]",3,0.0016
triplet,"[""Lambda"", ""D_plus"", ""Upsilon_1S""]",3,0.0016
triplet,"[""Lambda"", ""J_psi"", ""Upsilon_1S""]",3,0.0016
triplet,"[""Lambda"", ""Upsilon_1S"", ""W""]",3,0.0016
triplet,"[""Sigma_plus"", ""Xi_minus"", ""B0""]",3,0.0016
triplet,"[""Sigma_plus"", ""pi0"", ""phi_1020""]",3,0.0016
triplet,"[""Sigma_plus"", ""pi0"", ""B_plus""]",3,0.0016
triplet,"[""Sigma_plus"", ""eta"", ""Ds_plus""]",3,0.0016
triplet,"[""Xi_minus"", ""K_short"", ""phi_1020""]",3,0.0016
triplet,"[""Xi_minus"", ""K_short"", ""W""]",3,0.0016
triplet,"[""Xi_minus"", ""K_long"", ""eta""]",3,0.0016
triplet,"[""Xi_minus"", ""omega_782"", ""Upsilon_1S""]",3,0.0016
triplet,"[""Xi_minus"", ""phi_1020"", ""B0""]",3,0.0016
triplet,"[""Xi_minus"", ""phi_1020"", ""Bs0""]",3,0.0016
triplet,"[""Xi_minus"", ""D_plus"", ""J_psi""]",3,0.0016
triplet,"[""Xi_minus"", ""Ds_plus"", ""B_plus""]",3,0.0016
triplet,"[""Xi_minus"", ""J_psi"", ""Upsilon_1S""]",3,0.0016
triplet,"[""Omega_minus"", ""pi_plus"", ""K_short""]",3,0.0016
triplet,"[""Omega_minus"", ""K_plus"", ""omega_782""]",3,0.0016
triplet,"[""Omega_minus"", ""rho_770"", ""J_psi""]",3,0.0016
triplet,"[""Omega_minus"", ""omega_782"", ""D_plus""]",3,0.0016
triplet,"[""Omega_minus"", ""D_plus"", ""Higgs""]",3,0.0016
triplet,"[""Delta_1232"", ""pi0"", ""phi_1020""]",3,0.0016
triplet,"[""Delta_1232"", ""K_plus"", ""Bs0""]",3,0.0016
triplet,"[""Delta_1232"", ""K_short"", ""B_plus""]",3,0.0016
triplet,"[""Delta_1232"", ""D0"", ""Higgs""]",3,0.0016
triplet,"[""Delta_1232"", ""D_plus"", ""B_plus""]",3,0.0016
triplet,"[""Delta_1232"", ""J_psi"", ""W""]",3,0.0016
triplet,"[""pi0"", ""K_plus"", ""J_psi""]",3,0.0016
triplet,"[""pi0"", ""K_plus"", ""top""]",3,0.0016
triplet,"[""pi0"", ""K_short"", ""K_long""]",3,0.0016
triplet,"[""pi0"", ""omega_782"", ""B_plus""]",3,0.0016
triplet,"[""pi0"", ""D_plus"", ""Bs0""]",3,0.0016
triplet,"[""pi0"", ""D_plus"", ""Upsilon_1S""]",3,0.0016
triplet,"[""pi_plus"", ""J_psi"", ""B0""]",3,0.0016
triplet,"[""K_plus"", ""K_long"", ""eta""]",3,0.0016
triplet,"[""K_plus"", ""K_long"", ""J_psi""]",3,0.0016
triplet,"[""K_plus"", ""eta"", ""omega_782""]",3,0.0016
triplet,"[""K_plus"", ""J_psi"", ""Upsilon_1S""]",3,0.0016
triplet,"[""K_short"", ""K_long"", ""Ds_plus""]",3,0.0016
triplet,"[""K_short"", ""omega_782"", ""B0""]",3,0.0016
triplet,"[""K_short"", ""phi_1020"", ""J_psi""]",3,0.0016
triplet,"[""K_short"", ""J_psi"", ""B_plus""]",3,0.0016
triplet,"[""K_short"", ""J_psi"", ""Upsilon_1S""]",3,0.0016
triplet,"[""K_short"", ""B_plus"", ""Z""]",3,0.0016
triplet,"[""K_short"", ""Bs0"", ""top""]",3,0.0016
triplet,"[""K_long"", ""eta"", ""D0""]",3,0.0016
triplet,"[""K_long"", ""rho_770"", ""B_plus""]",3,0.0016
triplet,"[""K_long"", ""omega_782"", ""B0""]",3,0.0016
triplet,"[""K_long"", ""omega_782"", ""Bs0""]",3,0.0016
triplet,"[""K_long"", ""Bs0"", ""Higgs""]",3,0.0016
triplet,"[""rho_770"", ""omega_782"", ""Z""]",3,0.0016
triplet,"[""rho_770"", ""D_plus"", ""B0""]",3,0.0016
triplet,"[""phi_1020"", ""Bs0"", ""Upsilon_1S""]",3,0.0016
triplet,"[""D_plus"", ""B0"", ""Upsilon_1S""]",3,0.0016
triplet,"[""D_plus"", ""B0"", ""top""]",3,0.0016
triplet,"[""D_plus"", ""Bs0"", ""top""]",3,0.0016
triplet,"[""Bs0"", ""Upsilon_1S"", ""Higgs""]",3,0.0016
triplet,"[""electron"", ""proton"", ""D_plus""]",3,0.0014
triplet,"[""electron"", ""pi_plus"", ""Upsilon_1S""]",3,0.0014
triplet,"[""electron"", ""K_plus"", ""K_long""]",3,0.0014
triplet,"[""muon"", ""neutron"", ""B0""]",3,0.0014
triplet,"[""muon"", ""Sigma_plus"", ""Higgs""]",3,0.0014
triplet,"[""muon"", ""Delta_1232"", ""K_short""]",3,0.0014
triplet,"[""muon"", ""pi0"", ""phi_1020""]",3,0.0014
triplet,"[""muon"", ""pi0"", ""J_psi""]",3,0.0014
triplet,"[""muon"", ""K_plus"", ""K_short""]",3,0.0014
triplet,"[""muon"", ""D_plus"", ""B_plus""]",3,0.0014
triplet,"[""muon"", ""D_plus"", ""B0""]",3,0.0014
triplet,"[""tau"", ""neutron"", ""omega_782""]",3,0.0014
triplet,"[""tau"", ""Lambda"", ""D_plus""]",3,0.0014
triplet,"[""tau"", ""Lambda"", ""Z""]",3,0.0014
triplet,"[""tau"", ""Sigma_plus"", ""Higgs""]",3,0.0014
triplet,"[""tau"", ""Xi_minus"", ""K_short""]",3,0.0014
triplet,"[""tau"", ""Xi_minus"", ""eta""]",3,0.0014
triplet,"[""tau"", ""pi0"", ""omega_782""]",3,0.0014
triplet,"[""tau"", ""pi0"", ""D_plus""]",3,0.0014
triplet,"[""tau"", ""K_short"", ""W""]",3,0.0014
triplet,"[""tau"", ""phi_1020"", ""D_plus""]",3,0.0014
triplet,"[""tau"", ""D_plus"", ""Upsilon_1S""]",3,0.0014
triplet,"[""tau"", ""D_plus"", ""W""]",3,0.0014
triplet,"[""tau"", ""D_plus"", ""top""]",3,0.0014
triplet,"[""proton"", ""D_plus"", ""B_plus""]",3,0.0014
triplet,"[""proton"", ""D_plus"", ""B0""]",3,0.0014
triplet,"[""neutron"", ""pi0"", ""D0""]",3,0.0014
triplet,"[""neutron"", ""K_plus"", ""K_long""]",3,0.0014
triplet,"[""Lambda"", ""pi0"", ""K_plus""]",3,0.0014
triplet,"[""Lambda"", ""D_plus"", ""J_psi""]",3,0.0014
triplet,"[""Sigma_plus"", ""Xi_minus"", ""K_short""]",3,0.0014
triplet,"[""Sigma_plus"", ""pi_plus"", ""D0""]",3,0.0014
triplet,"[""Sigma_plus"", ""rho_770"", ""Higgs""]",3,0.0014
triplet,"[""Xi_minus"", ""pi0"", ""K_short""]",3,0.0014
triplet,"[""Xi_minus"", ""pi0"", ""top""]",3,0.0014
triplet,"[""Xi_minus"", ""K_short"", ""omega_782""]",3,0.0014
triplet,"[""Xi_minus"", ""K_long"", ""W""]",3,0.0014
triplet,"[""Xi_minus"", ""K_long"", ""Z""]",3,0.0014
triplet,"[""Xi_minus"", ""K_long"", ""Higgs""]",3,0.0014
triplet,"[""Xi_minus"", ""eta"", ""B_plus""]",3,0.0014
triplet,"[""Xi_minus"", ""phi_1020"", ""J_psi""]",3,0.0014
triplet,"[""Xi_minus"", ""D0"", ""Upsilon_1S""]",3,0.0014
triplet,"[""Xi_minus"", ""D_plus"", ""W""]",3,0.0014
triplet,"[""Xi_minus"", ""D_plus"", ""Z""]",3,0.0014
triplet,"[""Xi_minus"", ""Ds_plus"", ""J_psi""]",3,0.0014
triplet,"[""Omega_minus"", ""Delta_1232"", ""J_psi""]",3,0.0014
triplet,"[""Omega_minus"", ""Delta_1232"", ""Upsilon_1S""]",3,0.0014
triplet,"[""Omega_minus"", ""Delta_1232"", ""Z""]",3,0.0014
triplet,"[""Omega_minus"", ""eta"", ""D_plus""]",3,0.0014
triplet,"[""Omega_minus"", ""omega_782"", ""Ds_plus""]",3,0.0014
triplet,"[""Omega_minus"", ""phi_1020"", ""Higgs""]",3,0.0014
triplet,"[""Omega_minus"", ""D0"", ""Z""]",3,0.0014
triplet,"[""Delta_1232"", ""pi0"", ""D0""]",3,0.0014
triplet,"[""Delta_1232"", ""pi0"", ""Z""]",3,0.0014
triplet,"[""Delta_1232"", ""K_long"", ""J_psi""]",3,0.0014
triplet,"[""Delta_1232"", ""K_long"", ""B0""]",3,0.0014
triplet,"[""Delta_1232"", ""K_long"", ""W""]",3,0.0014
triplet,"[""Delta_1232"", ""eta"", ""W""]",3,0.0014
triplet,"[""Delta_1232"", ""D_plus"", ""Bs0""]",3,0.0014
triplet,"[""Delta_1232"", ""Ds_plus"", ""J_psi""]",3,0.0014
triplet,"[""Delta_1232"", ""B_plus"", ""Upsilon_1S""]",3,0.0014
triplet,"[""pi0"", ""pi_plus"", ""Upsilon_1S""]",3,0.0014
triplet,"[""pi0"", ""K_plus"", ""Higgs""]",3,0.0014
triplet,"[""pi0"", ""eta"", ""B0""]",3,0.0014
triplet,"[""pi0"", ""D_plus"", ""B0""]",3,0.0014
triplet,"[""pi0"", ""Ds_plus"", ""W""]",3,0.0014
triplet,"[""pi_plus"", ""D0"", ""B_plus""]",3,0.0014
triplet,"[""pi_plus"", ""B0"", ""Higgs""]",3,0.0014
triplet,"[""K_plus"", ""K_short"", ""W""]",3,0.0014
triplet,"[""K_plus"", ""K_long"", ""rho_770""]",3,0.0014
triplet,"[""K_plus"", ""K_long"", ""phi_1020""]",3,0.0014
triplet,"[""K_plus"", ""K_long"", ""D0""]",3,0.0014
triplet,"[""K_plus"", ""K_long"", ""W""]",3,0.0014
triplet,"[""K_plus"", ""K_long"", ""Z""]",3,0.0014
triplet,"[""K_plus"", ""K_long"", ""top""]",3,0.0014
triplet,"[""K_plus"", ""eta"", ""phi_1020""]",3,0.0014
triplet,"[""K_plus"", ""phi_1020"", ""B_plus""]",3,0.0014
triplet,"[""K_plus"", ""Ds_plus"", ""Upsilon_1S""]",3,0.0014
triplet,"[""K_plus"", ""B_plus"", ""Upsilon_1S""]",3,0.0014
triplet,"[""K_plus"", ""B0"", ""top""]",3,0.0014
triplet,"[""K_short"", ""B0"", ""top""]",3,0.0014
triplet,"[""K_long"", ""rho_770"", ""D_plus""]",3,0.0014
triplet,"[""K_long"", ""phi_1020"", ""D0""]",3,0.0014
triplet,"[""K_long"", ""Bs0"", ""top""]",3,0.0014
triplet,"[""eta"", ""rho_770"", ""J_psi""]",3,0.0014
triplet,"[""eta"", ""D_plus"", ""Bs0""]",3,0.0014
triplet,"[""eta"", ""B0"", ""W""]",3,0.0014
triplet,"[""eta"", ""B0"", ""Z""]",3,0.0014
triplet,"[""eta"", ""Bs0"", ""Z""]",3,0.0014
triplet,"[""eta"", ""Z"", ""Higgs""]",3,0.0014
triplet,"[""omega_782"", ""D_plus"", ""B_plus""]",3,0.0014
triplet,"[""omega_782"", ""D_plus"", ""Bs0""]",3,0.0014
triplet,"[""phi_1020"", ""D_plus"", ""Bs0""]",3,0.0014
triplet,"[""D_plus"", ""J_psi"", ""B_plus""]",3,0.0014
triplet,"[""D_plus"", ""B_plus"", ""Upsilon_1S""]",3,0.0014
triplet,"[""D_plus"", ""B_plus"", ""Higgs""]",3,0.0014
triplet,"[""D_plus"", ""B_plus"", ""top""]",3,0.0014
triplet,"[""D_plus"", ""B0"", ""Higgs""]",3,0.0014
triplet,"[""D_plus"", ""Bs0"", ""Z""]",3,0.0014
triplet,"[""D_plus"", ""W"", ""Higgs""]",3,0.0014
triplet,"[""J_psi"", ""B0"", ""Z""]",3,0.0014
triplet,"[""B0"", ""Upsilon_1S"", ""W""]",3,0.0014
triplet,"[""electron"", ""Lambda"", ""Sigma_plus""]",3,0.0012
triplet,"[""electron"", ""B_plus"", ""top""]",3,0.0012
triplet,"[""muon"", ""tau"", ""eta""]",3,0.0012
triplet,"[""muon"", ""neutron"", ""D_plus""]",3,0.0012
triplet,"[""muon"", ""Lambda"", ""Sigma_plus""]",3,0.0012
triplet,"[""muon"", ""Lambda"", ""phi_1020""]",3,0.0012
triplet,"[""muon"", ""Sigma_plus"", ""K_long""]",3,0.0012
triplet,"[""muon"", ""Sigma_plus"", ""Ds_plus""]",3,0.0012
triplet,"[""muon"", ""pi0"", ""pi_plus""]",3,0.0012
triplet,"[""muon"", ""phi_1020"", ""Higgs""]",3,0.0012
triplet,"[""muon"", ""D_plus"", ""Higgs""]",3,0.0012
triplet,"[""muon"", ""B0"", ""Higgs""]",3,0.0012
triplet,"[""tau"", ""neutron"", ""Xi_minus""]",3,0.0012
triplet,"[""tau"", ""neutron"", ""top""]",3,0.0012
triplet,"[""tau"", ""Sigma_plus"", ""K_plus""]",3,0.0012
triplet,"[""tau"", ""Xi_minus"", ""pi0""]",3,0.0012
triplet,"[""tau"", ""Xi_minus"", ""omega_782""]",3,0.0012
triplet,"[""tau"", ""Delta_1232"", ""W""]",3,0.0012
triplet,"[""tau"", ""K_short"", ""rho_770""]",3,0.0012
triplet,"[""tau"", ""K_long"", ""D_plus""]",3,0.0012
triplet,"[""tau"", ""K_long"", ""top""]",3,0.0012
triplet,"[""tau"", ""omega_782"", ""D_plus""]",3,0.0012
triplet,"[""tau"", ""D_plus"", ""J_psi""]",3,0.0012
triplet,"[""tau"", ""B_plus"", ""Upsilon_1S""]",3,0.0012
triplet,"[""tau"", ""B0"", ""Upsilon_1S""]",3,0.0012
triplet,"[""proton"", ""neutron"", ""Omega_minus""]",3,0.0012
triplet,"[""neutron"", ""Omega_minus"", ""eta""]",3,0.0012
triplet,"[""neutron"", ""K_plus"", ""D0""]",3,0.0012
triplet,"[""neutron"", ""K_long"", ""phi_1020""]",3,0.0012
triplet,"[""neutron"", ""phi_1020"", ""Ds_plus""]",3,0.0012
triplet,"[""neutron"", ""D_plus"", ""B0""]",3,0.0012
triplet,"[""neutron"", ""D_plus"", ""Bs0""]",3,0.0012
triplet,"[""Lambda"", ""Sigma_plus"", ""B_plus""]",3,0.0012
triplet,"[""Lambda"", ""Sigma_plus"", ""top""]",3,0.0012
triplet,"[""Lambda"", ""Delta_1232"", ""W""]",3,0.0012
triplet,"[""Lambda"", ""pi0"", ""Upsilon_1S""]",3,0.0012
triplet,"[""Lambda"", ""K_long"", ""Z""]",3,0.0012
triplet,"[""Lambda"", ""K_long"", ""Higgs""]",3,0.0012
triplet,"[""Lambda"", ""phi_1020"", ""D0""]",3,0.0012
triplet,"[""Lambda"", ""phi_1020"", ""J_psi""]",3,0.0012
triplet,"[""Sigma_plus"", ""Xi_minus"", ""B_plus""]",3,0.0012
triplet,"[""Sigma_plus"", ""Delta_1232"", ""eta""]",3,0.0012
triplet,"[""Sigma_plus"", ""Delta_1232"", ""W""]",3,0.0012
triplet,"[""Sigma_plus"", ""pi0"", ""omega_782""]",3,0.0012
triplet,"[""Sigma_plus"", ""K_plus"", ""eta""]",3,0.0012
triplet,"[""Sigma_plus"", ""K_short"", ""Ds_plus""]",3,0.0012
triplet,"[""Sigma_plus"", ""K_long"", ""Z""]",3,0.0012
triplet,"[""Sigma_plus"", ""rho_770"", ""Ds_plus""]",3,0.0012
triplet,"[""Sigma_plus"", ""omega_782"", ""J_psi""]",3,0.0012
triplet,"[""Sigma_plus"", ""D_plus"", ""Upsilon_1S""]",3,0.0012
triplet,"[""Sigma_plus"", ""Z"", ""top""]",3,0.0012
triplet,"[""Xi_minus"", ""Delta_1232"", ""Z""]",3,0.0012
triplet,"[""Xi_minus"", ""rho_770"", ""D_plus""]",3,0.0012
triplet,"[""Xi_minus"", ""B_plus"", ""Upsilon_1S""]",3,0.0012
triplet,"[""Xi_minus"", ""Upsilon_1S"", ""top""]",3,0.0012
triplet,"[""Omega_minus"", ""Delta_1232"", ""Higgs""]",3,0.0012
triplet,"[""Omega_minus"", ""K_short"", ""omega_782""]",3,0.0012
triplet,"[""Omega_minus"", ""K_short"", ""J_psi""]",3,0.0012
triplet,"[""Omega_minus"", ""K_short"", ""W""]",3,0.0012
triplet,"[""Omega_minus"", ""K_long"", ""phi_1020""]",3,0.0012
triplet,"[""Omega_minus"", ""D_plus"", ""J_psi""]",3,0.0012
triplet,"[""Omega_minus"", ""D_plus"", ""top""]",3,0.0012
triplet,"[""Omega_minus"", ""J_psi"", ""top""]",3,0.0012
triplet,"[""Omega_minus"", ""B_plus"", ""Upsilon_1S""]",3,0.0012
triplet,"[""Delta_1232"", ""pi_plus"", ""Z""]",3,0.0012
triplet,"[""Delta_1232"", ""K_plus"", ""W""]",3,0.0012
triplet,"[""Delta_1232"", ""omega_782"", ""Upsilon_1S""]",3,0.0012
triplet,"[""Delta_1232"", ""D0"", ""W""]",3,0.0012
triplet,"[""Delta_1232"", ""D_plus"", ""B0""]",3,0.0012
triplet,"[""Delta_1232"", ""D_plus"", ""W""]",3,0.0012
triplet,"[""Delta_1232"", ""D_plus"", ""Z""]",3,0.0012
triplet,"[""Delta_1232"", ""Ds_plus"", ""W""]",3,0.0012
triplet,"[""Delta_1232"", ""B_plus"", ""W""]",3,0.0012
triplet,"[""pi0"", ""pi_plus"", ""D_plus""]",3,0.0012
triplet,"[""pi0"", ""pi_plus"", ""B_plus""]",3,0.0012
triplet,"[""pi0"", ""K_short"", ""Higgs""]",3,0.0012
triplet,"[""pi0"", ""K_long"", ""Ds_plus""]",3,0.0012
triplet,"[""pi0"", ""eta"", ""Bs0""]",3,0.0012
triplet,"[""pi0"", ""phi_1020"", ""Upsilon_1S""]",3,0.0012
triplet,"[""pi0"", ""D0"", ""B_plus""]",3,0.0012
triplet,"[""pi0"", ""Ds_plus"", ""J_psi""]",3,0.0012
triplet,"[""pi0"", ""J_psi"", ""B_plus""]",3,0.0012
triplet,"[""pi0"", ""B_plus"", ""top""]",3,0.0012
triplet,"[""pi_plus"", ""omega_782"", ""Ds_plus""]",3,0.0012
triplet,"[""pi_plus"", ""phi_1020"", ""J_psi""]",3,0.0012
triplet,"[""pi_plus"", ""D0"", ""W""]",3,0.0012
triplet,"[""pi_plus"", ""D0"", ""Z""]",3,0.0012
triplet,"[""pi_plus"", ""D_plus"", ""Upsilon_1S""]",3,0.0012
triplet,"[""pi_plus"", ""B0"", ""top""]",3,0.0012
triplet,"[""pi_plus"", ""Upsilon_1S"", ""Z""]",3,0.0012
triplet,"[""K_plus"", ""K_long"", ""Upsilon_1S""]",3,0.0012
triplet,"[""K_short"", ""phi_1020"", ""B_plus""]",3,0.0012
triplet,"[""K_short"", ""D0"", ""J_psi""]",3,0.0012
triplet,"[""K_short"", ""D0"", ""B_plus""]",3,0.0012
triplet,"[""K_short"", ""D0"", ""Upsilon_1S""]",3,0.0012
triplet,"[""K_short"", ""J_psi"", ""W""]",3,0.0012
triplet,"[""K_short"", ""Z"", ""Higgs""]",3,0.0012
triplet,"[""K_long"", ""phi_1020"", ""Higgs""]",3,0.0012
triplet,"[""K_long"", ""Ds_plus"", ""Upsilon_1S""]",3,0.0012
triplet,"[""K_long"", ""B0"", ""top""]",3,0.0012
triplet,"[""eta"", ""D_plus"", ""B0""]",3,0.0012
triplet,"[""eta"", ""J_psi"", ""Upsilon_1S""]",3,0.0012
triplet,"[""eta"", ""B_plus"", ""Z""]",3,0.0012
triplet,"[""eta"", ""Bs0"", ""W""]",3,0.0012
triplet,"[""rho_770"", ""D_plus"", ""Higgs""]",3,0.0012
triplet,"[""omega_782"", ""B_plus"", ""Upsilon_1S""]",3,0.0012
triplet,"[""phi_1020"", ""B_plus"", ""Upsilon_1S""]",3,0.0012
triplet,"[""D_plus"", ""J_psi"", ""B0""]",3,0.0012
triplet,"[""D_plus"", ""B_plus"", ""Z""]",3,0.0012
triplet,"[""D_plus"", ""Bs0"", ""W""]",3,0.0012
triplet,"[""D_plus"", ""Bs0"", ""Higgs""]",3,0.0012
triplet,"[""B_plus"", ""Upsilon_1S"", ""W""]",3,0.0012
triplet,"[""Bs0"", ""Upsilon_1S"", ""W""]",3,0.0012
triplet,"[""electron"", ""muon"", ""J_psi""]",3,0.001
triplet,"[""electron"", ""muon"", ""Higgs""]",3,0.001
triplet,"[""electron"", ""tau"", ""D_plus""]",3,0.001
triplet,"[""electron"", ""Omega_minus"", ""K_short""]",3,0.001
triplet,"[""electron"", ""Delta_1232"", ""W""]",3,0.001
triplet,"[""electron"", ""K_plus"", ""phi_1020""]",3,0.001
triplet,"[""electron"", ""D_plus"", ""Bs0""]",3,0.001
triplet,"[""electron"", ""B0"", ""top""]",3,0.001
triplet,"[""electron"", ""Z"", ""top""]",3,0.001
triplet,"[""muon"", ""tau"", ""D_plus""]",3,0.001
triplet,"[""muon"", ""tau"", ""B_plus""]",3,0.001
triplet,"[""muon"", ""Omega_minus"", ""omega_782""]",3,0.001
triplet,"[""muon"", ""Omega_minus"", ""B_plus""]",3,0.001
triplet,"[""muon"", ""Omega_minus"", ""top""]",3,0.001
triplet,"[""muon"", ""pi_plus"", ""J_psi""]",3,0.001
triplet,"[""muon"", ""omega_782"", ""W""]",3,0.001
triplet,"[""muon"", ""Ds_plus"", ""B_plus""]",3,0.001
triplet,"[""tau"", ""neutron"", ""D_plus""]",3,0.001
triplet,"[""tau"", ""neutron"", ""Z""]",3,0.001
triplet,"[""tau"", ""Sigma_plus"", ""phi_1020""]",3,0.001
triplet,"[""tau"", ""Xi_minus"", ""K_long""]",3,0.001
triplet,"[""tau"", ""Omega_minus"", ""Upsilon_1S""]",3,0.001
triplet,"[""tau"", ""Delta_1232"", ""Z""]",3,0.001
triplet,"[""tau"", ""pi0"", ""K_plus""]",3,0.001
triplet,"[""tau"", ""pi0"", ""J_psi""]",3,0.001
triplet,"[""tau"", ""pi_plus"", ""D_plus""]",3,0.001
triplet,"[""tau"", ""K_plus"", ""top""]",3,0.001
triplet,"[""tau"", ""eta"", ""D_plus""]",3,0.001
triplet,"[""tau"", ""rho_770"", ""D_plus""]",3,0.001
triplet,"[""proton"", ""Lambda"", ""Sigma_plus""]",3,0.001
triplet,"[""proton"", ""Omega_minus"", ""K_short""]",3,0.001
triplet,"[""proton"", ""Delta_1232"", ""Z""]",3,0.001
triplet,"[""proton"", ""phi_1020"", ""top""]",3,0.001
triplet,"[""proton"", ""Z"", ""top""]",3,0.001
triplet,"[""neutron"", ""Sigma_plus"", ""rho_770""]",3,0.001
triplet,"[""neutron"", ""Omega_minus"", ""Delta_1232""]",3,0.001
triplet,"[""neutron"", ""Omega_minus"", ""K_short""]",3,0.001
triplet,"[""neutron"", ""Delta_1232"", ""K_short""]",3,0.001
triplet,"[""neutron"", ""Delta_1232"", ""K_long""]",3,0.001
triplet,"[""neutron"", ""eta"", ""omega_782""]",3,0.001
triplet,"[""neutron"", ""eta"", ""Upsilon_1S""]",3,0.001
triplet,"[""Lambda"", ""Sigma_plus"", ""eta""]",3,0.001
triplet,"[""Lambda"", ""Sigma_plus"", ""Z""]",3,0.001
triplet,"[""Lambda"", ""Sigma_plus"", ""Higgs""]",3,0.001
triplet,"[""Lambda"", ""Omega_minus"", ""K_plus""]",3,0.001
triplet,"[""Lambda"", ""Delta_1232"", ""Z""]",3,0.001
triplet,"[""Lambda"", ""D0"", ""B_plus""]",3,0.001
triplet,"[""Lambda"", ""Upsilon_1S"", ""top""]",3,0.001
triplet,"[""Sigma_plus"", ""Xi_minus"", ""Bs0""]",3,0.001
triplet,"[""Sigma_plus"", ""Delta_1232"", ""D0""]",3,0.001
triplet,"[""Sigma_plus"", ""Delta_1232"", ""Upsilon_1S""]",3,0.001
triplet,"[""Sigma_plus"", ""pi0"", ""eta""]",3,0.001
triplet,"[""Sigma_plus"", ""pi0"", ""B0""]",3,0.001
triplet,"[""Sigma_plus"", ""pi0"", ""Bs0""]",3,0.001
triplet,"[""Sigma_plus"", ""K_plus"", ""top""]",3,0.001
triplet,"[""Sigma_plus"", ""omega_782"", ""Higgs""]",3,0.001
triplet,"[""Sigma_plus"", ""Higgs"", ""top""]",3,0.001
triplet,"[""Xi_minus"", ""Delta_1232"", ""Ds_plus""]",3,0.001
triplet,"[""Xi_minus"", ""Delta_1232"", ""W""]",3,0.001
triplet,"[""Xi_minus"", ""pi0"", ""Upsilon_1S""]",3,0.001
triplet,"[""Xi_minus"", ""K_plus"", ""D0""]",3,0.001
triplet,"[""Xi_minus"", ""eta"", ""omega_782""]",3,0.001
triplet,"[""Xi_minus"", ""rho_770"", ""phi_1020""]",3,0.001
triplet,"[""Xi_minus"", ""D0"", ""D_plus""]",3,0.001
triplet,"[""Omega_minus"", ""Delta_1232"", ""Ds_plus""]",3,0.001
triplet,"[""Omega_minus"", ""pi0"", ""K_plus""]",3,0.001
triplet,"[""Omega_minus"", ""pi0"", ""K_short""]",3,0.001
triplet,"[""Omega_minus"", ""pi0"", ""rho_770""]",3,0.001
triplet,"[""Omega_minus"", ""K_plus"", ""Ds_plus""]",3,0.001
triplet,"[""Omega_minus"", ""eta"", ""Z""]",3,0.001
triplet,"[""Omega_minus"", ""Ds_plus"", ""Upsilon_1S""]",3,0.001
triplet,"[""Delta_1232"", ""pi0"", ""J_psi""]",3,0.001
triplet,"[""Delta_1232"", ""pi0"", ""W""]",3,0.001
triplet,"[""Delta_1232"", ""pi_plus"", ""W""]",3,0.001
triplet,"[""Delta_1232"", ""K_long"", ""D0""]",3,0.001
triplet,"[""Delta_1232"", ""rho_770"", ""omega_782""]",3,0.001
triplet,"[""Delta_1232"", ""rho_770"", ""top""]",3,0.001
triplet,"[""Delta_1232"", ""B_plus"", ""Z""]",3,0.001
triplet,"[""Delta_1232"", ""B0"", ""Upsilon_1S""]",3,0.001
triplet,"[""Delta_1232"", ""B0"", ""Z""]",3,0.001
triplet,"[""Delta_1232"", ""Upsilon_1S"", ""Z""]",3,0.001
triplet,"[""pi0"", ""pi_plus"", ""rho_770""]",3,0.001
triplet,"[""pi0"", ""pi_plus"", ""J_psi""]",3,0.001
triplet,"[""pi0"", ""pi_plus"", ""Bs0""]",3,0.001
triplet,"[""pi0"", ""K_plus"", ""K_long""]",3,0.001
triplet,"[""pi0"", ""K_plus"", ""W""]",3,0.001
triplet,"[""pi0"", ""eta"", ""B_plus""]",3,0.001
triplet,"[""pi0"", ""rho_770"", ""B_plus""]",3,0.001
triplet,"[""pi0"", ""omega_782"", ""D0""]",3,0.001
triplet,"[""pi0"", ""omega_782"", ""B0""]",3,0.001
triplet,"[""pi0"", ""omega_782"", ""Bs0""]",3,0.001
triplet,"[""pi0"", ""phi_1020"", ""J_psi""]",3,0.001
triplet,"[""pi0"", ""B0"", ""top""]",3,0.001
triplet,"[""pi0"", ""Bs0"", ""top""]",3,0.001
triplet,"[""pi_plus"", ""K_short"", ""eta""]",3,0.001
triplet,"[""pi_plus"", ""K_short"", ""top""]",3,0.001
triplet,"[""pi_plus"", ""omega_782"", ""B0""]",3,0.001
triplet,"[""pi_plus"", ""omega_782"", ""Bs0""]",3,0.001
triplet,"[""pi_plus"", ""D0"", ""Upsilon_1S""]",3,0.001
triplet,"[""pi_plus"", ""Ds_plus"", ""J_psi""]",3,0.001
triplet,"[""pi_plus"", ""Ds_plus"", ""Higgs""]",3,0.001
triplet,"[""pi_plus"", ""Ds_plus"", ""top""]",3,0.001
triplet,"[""pi_plus"", ""Bs0"", ""Higgs""]",3,0.001
triplet,"[""pi_plus"", ""Upsilon_1S"", ""top""]",3,0.001
triplet,"[""K_plus"", ""K_short"", ""Z""]",3,0.001
triplet,"[""K_plus"", ""K_long"", ""omega_782""]",3,0.001
triplet,"[""K_plus"", ""K_long"", ""Higgs""]",3,0.001
triplet,"[""K_plus"", ""eta"", ""W""]",3,0.001
triplet,"[""K_short"", ""D0"", ""Higgs""]",3,0.001
triplet,"[""K_long"", ""eta"", ""B_plus""]",3,0.001
triplet,"[""K_long"", ""omega_782"", ""Higgs""]",3,0.001
triplet,"[""K_long"", ""D0"", ""B0""]",3,0.001
triplet,"[""K_long"", ""D_plus"", ""B_plus""]",3,0.001
triplet,"[""K_long"", ""W"", ""Higgs""]",3,0.001
triplet,"[""eta"", ""B_plus"", ""W""]",3,0.001
triplet,"[""eta"", ""B0"", ""Higgs""]",3,0.001
triplet,"[""eta"", ""Bs0"", ""Higgs""]",3,0.001
triplet,"[""rho_770"", ""phi_1020"", ""Higgs""]",3,0.001
triplet,"[""rho_770"", ""J_psi"", ""Z""]",3,0.001
triplet,"[""omega_782"", ""phi_1020"", ""J_psi""]",3,0.001
triplet,"[""omega_782"", ""phi_1020"", ""Higgs""]",3,0.001
triplet,"[""omega_782"", ""D_plus"", ""Upsilon_1S""]",3,0.001
triplet,"[""phi_1020"", ""D_plus"", ""B0""]",3,0.001
triplet,"[""phi_1020"", ""D_plus"", ""Higgs""]",3,0.001
triplet,"[""D0"", ""Upsilon_1S"", ""Z""]",3,0.001
triplet,"[""D_plus"", ""B0"", ""W""]",3,0.001
triplet,"[""Ds_plus"", ""Upsilon_1S"", ""Z""]",3,0.001
triplet,"[""electron"", ""omega_782"", ""B_plus""]",3,0.0008
triplet,"[""electron"", ""phi_1020"", ""top""]",3,0.0008
triplet,"[""electron"", ""D_plus"", ""B0""]",3,0.0008
triplet,"[""electron"", ""Bs0"", ""top""]",3,0.0008
triplet,"[""muon"", ""tau"", ""Xi_minus""]",3,0.0008
triplet,"[""muon"", ""tau"", ""Delta_1232""]",3,0.0008
triplet,"[""muon"", ""tau"", ""J_psi""]",3,0.0008
triplet,"[""muon"", ""tau"", ""Higgs""]",3,0.0008
triplet,"[""muon"", ""neutron"", ""Xi_minus""]",3,0.0008
triplet,"[""muon"", ""neutron"", ""pi_plus""]",3,0.0008
triplet,"[""muon"", ""Xi_minus"", ""pi0""]",3,0.0008
triplet,"[""muon"", ""Xi_minus"", ""omega_782""]",3,0.0008
triplet,"[""muon"", ""Xi_minus"", ""top""]",3,0.0008
triplet,"[""muon"", ""Delta_1232"", ""Upsilon_1S""]",3,0.0008
triplet,"[""muon"", ""Delta_1232"", ""W""]",3,0.0008
triplet,"[""muon"", ""pi0"", ""Ds_plus""]",3,0.0008
triplet,"[""muon"", ""K_short"", ""Ds_plus""]",3,0.0008
triplet,"[""muon"", ""K_long"", ""Ds_plus""]",3,0.0008
triplet,"[""muon"", ""K_long"", ""B_plus""]",3,0.0008
triplet,"[""muon"", ""rho_770"", ""D0""]",3,0.0008
triplet,"[""muon"", ""omega_782"", ""Ds_plus""]",3,0.0008
triplet,"[""muon"", ""omega_782"", ""Z""]",3,0.0008
triplet,"[""muon"", ""phi_1020"", ""top""]",3,0.0008
triplet,"[""muon"", ""D0"", ""W""]",3,0.0008
triplet,"[""muon"", ""D0"", ""Z""]",3,0.0008
triplet,"[""muon"", ""Z"", ""top""]",3,0.0008
triplet,"[""tau"", ""neutron"", ""W""]",3,0.0008
triplet,"[""tau"", ""Lambda"", ""B0""]",3,0.0008
triplet,"[""tau"", ""Sigma_plus"", ""Delta_1232""]",3,0.0008
triplet,"[""tau"", ""Sigma_plus"", ""eta""]",3,0.0008
triplet,"[""tau"", ""Sigma_plus"", ""J_psi""]",3,0.0008
triplet,"[""tau"", ""Xi_minus"", ""J_psi""]",3,0.0008
triplet,"[""tau"", ""Delta_1232"", ""J_psi""]",3,0.0008
triplet,"[""tau"", ""Delta_1232"", ""Higgs""]",3,0.0008
triplet,"[""tau"", ""K_plus"", ""omega_782""]",3,0.0008
triplet,"[""tau"", ""K_plus"", ""B_plus""]",3,0.0008
triplet,"[""tau"", ""K_plus"", ""B0""]",3,0.0008
triplet,"[""tau"", ""K_long"", ""omega_782""]",3,0.0008
triplet,"[""tau"", ""K_long"", ""J_psi""]",3,0.0008
triplet,"[""tau"", ""eta"", ""W""]",3,0.0008
triplet,"[""tau"", ""eta"", ""Higgs""]",3,0.0008
triplet,"[""tau"", ""D_plus"", ""Higgs""]",3,0.0008
triplet,"[""tau"", ""Ds_plus"", ""Z""]",3,0.0008
triplet,"[""tau"", ""Bs0"", ""Upsilon_1S""]",3,0.0008
triplet,"[""proton"", ""Lambda"", ""Higgs""]",3,0.0008
triplet,"[""proton"", ""Lambda"", ""top""]",3,0.0008
triplet,"[""proton"", ""Delta_1232"", ""W""]",3,0.0008
triplet,"[""neutron"", ""Lambda"", ""D0""]",3,0.0008
triplet,"[""neutron"", ""Sigma_plus"", ""K_short""]",3,0.0008
triplet,"[""neutron"", ""Sigma_plus"", ""W""]",3,0.0008
triplet,"[""neutron"", ""Xi_minus"", ""W""]",3,0.0008
triplet,"[""neutron"", ""Delta_1232"", ""W""]",3,0.0008
triplet,"[""neutron"", ""Delta_1232"", ""Z""]",3,0.0008
triplet,"[""neutron"", ""K_plus"", ""K_short""]",3,0.0008
triplet,"[""neutron"", ""K_plus"", ""Higgs""]",3,0.0008
triplet,"[""neutron"", ""K_short"", ""K_long""]",3,0.0008
triplet,"[""neutron"", ""phi_1020"", ""top""]",3,0.0008
triplet,"[""neutron"", ""D0"", ""D_plus""]",3,0.0008
triplet,"[""Lambda"", ""Sigma_plus"", ""pi0""]",3,0.0008
triplet,"[""Lambda"", ""Sigma_plus"", ""rho_770""]",3,0.0008
triplet,"[""Lambda"", ""Sigma_plus"", ""omega_782""]",3,0.0008
triplet,"[""Lambda"", ""Sigma_plus"", ""W""]",3,0.0008
triplet,"[""Lambda"", ""pi0"", ""W""]",3,0.0008
triplet,"[""Lambda"", ""pi0"", ""Z""]",3,0.0008
triplet,"[""Lambda"", ""K_plus"", ""D_plus""]",3,0.0008
triplet,"[""Lambda"", ""K_long"", ""Ds_plus""]",3,0.0008
triplet,"[""Lambda"", ""K_long"", ""B_plus""]",3,0.0008
triplet,"[""Lambda"", ""K_long"", ""Upsilon_1S""]",3,0.0008
triplet,"[""Lambda"", ""K_long"", ""W""]",3,0.0008
triplet,"[""Lambda"", ""eta"", ""Upsilon_1S""]",3,0.0008
triplet,"[""Lambda"", ""omega_782"", ""phi_1020""]",3,0.0008
triplet,"[""Lambda"", ""omega_782"", ""Upsilon_1S""]",3,0.0008
triplet,"[""Lambda"", ""omega_782"", ""W""]",3,0.0008
triplet,"[""Lambda"", ""omega_782"", ""Z""]",3,0.0008
triplet,"[""Lambda"", ""Ds_plus"", ""Higgs""]",3,0.0008
triplet,"[""Lambda"", ""Upsilon_1S"", ""Z""]",3,0.0008
triplet,"[""Sigma_plus"", ""Xi_minus"", ""K_plus""]",3,0.0008
triplet,"[""Sigma_plus"", ""Xi_minus"", ""omega_782""]",3,0.0008
triplet,"[""Sigma_plus"", ""Xi_minus"", ""top""]",3,0.0008
triplet,"[""Sigma_plus"", ""Delta_1232"", ""K_plus""]",3,0.0008
triplet,"[""Sigma_plus"", ""pi0"", ""K_plus""]",3,0.0008
triplet,"[""Sigma_plus"", ""pi0"", ""top""]",3,0.0008
triplet,"[""Sigma_plus"", ""pi_plus"", ""Ds_plus""]",3,0.0008
triplet,"[""Sigma_plus"", ""K_plus"", ""omega_782""]",3,0.0008
triplet,"[""Sigma_plus"", ""K_long"", ""W""]",3,0.0008
triplet,"[""Sigma_plus"", ""eta"", ""W""]",3,0.0008
triplet,"[""Sigma_plus"", ""eta"", ""Z""]",3,0.0008
triplet,"[""Sigma_plus"", ""omega_782"", ""phi_1020""]",3,0.0008
triplet,"[""Sigma_plus"", ""phi_1020"", ""top""]",3,0.0008
triplet,"[""Sigma_plus"", ""D0"", ""D_plus""]",3,0.0008
triplet,"[""Sigma_plus"", ""D_plus"", ""top""]",3,0.0008
triplet,"[""Sigma_plus"", ""W"", ""top""]",3,0.0008
triplet,"[""Xi_minus"", ""Delta_1232"", ""J_psi""]",3,0.0008
triplet,"[""Xi_minus"", ""pi_plus"", ""D_plus""]",3,0.0008
triplet,"[""Xi_minus"", ""Ds_plus"", ""Bs0""]",3,0.0008
triplet,"[""Omega_minus"", ""Delta_1232"", ""K_short""]",3,0.0008
triplet,"[""Omega_minus"", ""Delta_1232"", ""eta""]",3,0.0008
triplet,"[""Omega_minus"", ""Delta_1232"", ""W""]",3,0.0008
triplet,"[""Omega_minus"", ""K_plus"", ""eta""]",3,0.0008
triplet,"[""Omega_minus"", ""K_plus"", ""B0""]",3,0.0008
triplet,"[""Omega_minus"", ""K_plus"", ""Bs0""]",3,0.0008
triplet,"[""Omega_minus"", ""K_short"", ""eta""]",3,0.0008
triplet,"[""Omega_minus"", ""K_short"", ""Upsilon_1S""]",3,0.0008
triplet,"[""Omega_minus"", ""K_short"", ""top""]",3,0.0008
triplet,"[""Omega_minus"", ""K_long"", ""eta""]",3,0.0008
triplet,"[""Omega_minus"", ""eta"", ""Upsilon_1S""]",3,0.0008
triplet,"[""Omega_minus"", ""omega_782"", ""J_psi""]",3,0.0008
triplet,"[""Omega_minus"", ""phi_1020"", ""top""]",3,0.0008
triplet,"[""Delta_1232"", ""pi_plus"", ""Ds_plus""]",3,0.0008
triplet,"[""Delta_1232"", ""K_plus"", ""rho_770""]",3,0.0008
triplet,"[""Delta_1232"", ""K_plus"", ""B0""]",3,0.0008
triplet,"[""Delta_1232"", ""K_plus"", ""Z""]",3,0.0008
triplet,"[""Delta_1232"", ""K_short"", ""W""]",3,0.0008
triplet,"[""Delta_1232"", ""K_short"", ""Z""]",3,0.0008
triplet,"[""Delta_1232"", ""K_long"", ""Z""]",3,0.0008
triplet,"[""Delta_1232"", ""rho_770"", ""D_plus""]",3,0.0008
triplet,"[""Delta_1232"", ""phi_1020"", ""Z""]",3,0.0008
triplet,"[""Delta_1232"", ""D0"", ""J_psi""]",3,0.0008
triplet,"[""Delta_1232"", ""D0"", ""Z""]",3,0.0008
triplet,"[""Delta_1232"", ""J_psi"", ""Bs0""]",3,0.0008
triplet,"[""Delta_1232"", ""Bs0"", ""Upsilon_1S""]",3,0.0008
triplet,"[""Delta_1232"", ""Bs0"", ""W""]",3,0.0008
triplet,"[""Delta_1232"", ""Bs0"", ""Z""]",3,0.0008
triplet,"[""pi0"", ""pi_plus"", ""B0""]",3,0.0008
triplet,"[""pi0"", ""rho_770"", ""J_psi""]",3,0.0008
triplet,"[""pi0"", ""D_plus"", ""W""]",3,0.0008
triplet,"[""pi0"", ""Ds_plus"", ""Higgs""]",3,0.0008
triplet,"[""pi_plus"", ""K_short"", ""omega_782""]",3,0.0008
triplet,"[""pi_plus"", ""eta"", ""Ds_plus""]",3,0.0008
triplet,"[""pi_plus"", ""D0"", ""D_plus""]",3,0.0008
triplet,"[""pi_plus"", ""D0"", ""Bs0""]",3,0.0008
triplet,"[""pi_plus"", ""Bs0"", ""top""]",3,0.0008
triplet,"[""pi_plus"", ""Upsilon_1S"", ""W""]",3,0.0008
triplet,"[""K_plus"", ""eta"", ""rho_770""]",3,0.0008
triplet,"[""K_plus"", ""eta"", ""Z""]",3,0.0008
triplet,"[""K_plus"", ""phi_1020"", ""top""]",3,0.0008
triplet,"[""K_short"", ""K_long"", ""phi_1020""]",3,0.0008
triplet,"[""K_short"", ""eta"", ""D0""]",3,0.0008
triplet,"[""K_short"", ""eta"", ""J_psi""]",3,0.0008
triplet,"[""K_short"", ""rho_770"", ""J_psi""]",3,0.0008
triplet,"[""K_short"", ""rho_770"", ""Upsilon_1S""]",3,0.0008
triplet,"[""K_short"", ""omega_782"", ""phi_1020""]",3,0.0008
triplet,"[""K_short"", ""phi_1020"", ""top""]",3,0.0008
triplet,"[""K_short"", ""Ds_plus"", ""Upsilon_1S""]",3,0.0008
triplet,"[""K_long"", ""eta"", ""Bs0""]",3,0.0008
triplet,"[""K_long"", ""omega_782"", ""phi_1020""]",3,0.0008
triplet,"[""K_long"", ""omega_782"", ""D_plus""]",3,0.0008
triplet,"[""K_long"", ""phi_1020"", ""D_plus""]",3,0.0008
triplet,"[""K_long"", ""D_plus"", ""top""]",3,0.0008
triplet,"[""K_long"", ""J_psi"", ""Bs0""]",3,0.0008
triplet,"[""K_long"", ""B0"", ""Higgs""]",3,0.0008
triplet,"[""eta"", ""rho_770"", ""W""]",3,0.0008
triplet,"[""eta"", ""omega_782"", ""Z""]",3,0.0008
triplet,"[""eta"", ""D_plus"", ""top""]",3,0.0008
triplet,"[""rho_770"", ""omega_782"", ""Upsilon_1S""]",3,0.0008
triplet,"[""omega_782"", ""phi_1020"", ""B_plus""]",3,0.0008
triplet,"[""omega_782"", ""phi_1020"", ""W""]",3,0.0008
triplet,"[""omega_782"", ""Ds_plus"", ""Upsilon_1S""]",3,0.0008
triplet,"[""omega_782"", ""W"", ""Higgs""]",3,0.0008
triplet,"[""phi_1020"", ""D0"", ""D_plus""]",3,0.0008
triplet,"[""phi_1020"", ""Ds_plus"", ""top""]",3,0.0008
triplet,"[""phi_1020"", ""J_psi"", ""top""]",3,0.0008
triplet,"[""phi_1020"", ""Upsilon_1S"", ""Z""]",3,0.0008
triplet,"[""D0"", ""Upsilon_1S"", ""W""]",3,0.0008
triplet,"[""D_plus"", ""Ds_plus"", ""B0""]",3,0.0008
triplet,"[""D_plus"", ""Ds_plus"", ""Z""]",3,0.0008
triplet,"[""J_psi"", ""Z"", ""top""]",3,0.0008
triplet,"[""electron"", ""Delta_1232"", ""Z""]",3,0.0006
triplet,"[""electron"", ""eta"", ""Upsilon_1S""]",3,0.0006
triplet,"[""electron"", ""omega_782"", ""phi_1020""]",3,0.0006
triplet,"[""electron"", ""omega_782"", ""W""]",3,0.0006
triplet,"[""muon"", ""tau"", ""Bs0""]",3,0.0006
triplet,"[""muon"", ""Lambda"", ""pi_plus""]",3,0.0006
triplet,"[""muon"", ""Lambda"", ""K_short""]",3,0.0006
triplet,"[""muon"", ""Lambda"", ""Ds_plus""]",3,0.0006
triplet,"[""muon"", ""Sigma_plus"", ""D0""]",3,0.0006
triplet,"[""muon"", ""Sigma_plus"", ""J_psi""]",3,0.0006
triplet,"[""muon"", ""Xi_minus"", ""Ds_plus""]",3,0.0006
triplet,"[""muon"", ""Omega_minus"", ""pi_plus""]",3,0.0006
triplet,"[""muon"", ""Omega_minus"", ""K_long""]",3,0.0006
triplet,"[""muon"", ""Omega_minus"", ""D_plus""]",3,0.0006
triplet,"[""muon"", ""Omega_minus"", ""B0""]",3,0.0006
triplet,"[""muon"", ""Omega_minus"", ""Bs0""]",3,0.0006
triplet,"[""muon"", ""pi0"", ""Upsilon_1S""]",3,0.0006
triplet,"[""muon"", ""pi_plus"", ""D_plus""]",3,0.0006
triplet,"[""muon"", ""pi_plus"", ""Upsilon_1S""]",3,0.0006
triplet,"[""muon"", ""pi_plus"", ""Higgs""]",3,0.0006
triplet,"[""muon"", ""K_long"", ""D_plus""]",3,0.0006
triplet,"[""muon"", ""K_long"", ""B0""]",3,0.0006
triplet,"[""muon"", ""omega_782"", ""phi_1020""]",3,0.0006
triplet,"[""muon"", ""omega_782"", ""Higgs""]",3,0.0006
triplet,"[""muon"", ""D0"", ""B0""]",3,0.0006
triplet,"[""muon"", ""D0"", ""Bs0""]",3,0.0006
triplet,"[""muon"", ""Ds_plus"", ""top""]",3,0.0006
triplet,"[""muon"", ""J_psi"", ""B_plus""]",3,0.0006
triplet,"[""tau"", ""neutron"", ""J_psi""]",3,0.0006
triplet,"[""tau"", ""neutron"", ""Higgs""]",3,0.0006
triplet,"[""tau"", ""Sigma_plus"", ""Ds_plus""]",3,0.0006
triplet,"[""tau"", ""Xi_minus"", ""Delta_1232""]",3,0.0006
triplet,"[""tau"", ""Xi_minus"", ""Higgs""]",3,0.0006
triplet,"[""tau"", ""Omega_minus"", ""pi0""]",3,0.0006
triplet,"[""tau"", ""pi0"", ""K_short""]",3,0.0006
triplet,"[""tau"", ""pi_plus"", ""K_long""]",3,0.0006
triplet,"[""tau"", ""pi_plus"", ""rho_770""]",3,0.0006
triplet,"[""tau"", ""K_plus"", ""K_long""]",3,0.0006
triplet,"[""tau"", ""K_short"", ""eta""]",3,0.0006
triplet,"[""tau"", ""K_short"", ""Ds_plus""]",3,0.0006
triplet,"[""tau"", ""K_short"", ""Higgs""]",3,0.0006
triplet,"[""tau"", ""rho_770"", ""J_psi""]",3,0.0006
triplet,"[""tau"", ""omega_782"", ""phi_1020""]",3,0.0006
triplet,"[""tau"", ""omega_782"", ""J_psi""]",3,0.0006
triplet,"[""tau"", ""phi_1020"", ""top""]",3,0.0006
triplet,"[""tau"", ""Ds_plus"", ""Upsilon_1S""]",3,0.0006
triplet,"[""tau"", ""Z"", ""top""]",3,0.0006
triplet,"[""proton"", ""Delta_1232"", ""rho_770""]",3,0.0006
triplet,"[""neutron"", ""Lambda"", ""Sigma_plus""]",3,0.0006
triplet,"[""neutron"", ""Lambda"", ""Omega_minus""]",3,0.0006
triplet,"[""neutron"", ""Sigma_plus"", ""Xi_minus""]",3,0.0006
triplet,"[""neutron"", ""Xi_minus"", ""phi_1020""]",3,0.0006
triplet,"[""neutron"", ""Xi_minus"", ""Z""]",3,0.0006
triplet,"[""neutron"", ""Omega_minus"", ""top""]",3,0.0006
triplet,"[""neutron"", ""pi_plus"", ""D0""]",3,0.0006
triplet,"[""neutron"", ""K_plus"", ""J_psi""]",3,0.0006
triplet,"[""neutron"", ""K_plus"", ""B0""]",3,0.0006
triplet,"[""neutron"", ""K_plus"", ""Upsilon_1S""]",3,0.0006
triplet,"[""neutron"", ""K_long"", ""D_plus""]",3,0.0006
triplet,"[""neutron"", ""omega_782"", ""phi_1020""]",3,0.0006
triplet,"[""neutron"", ""omega_782"", ""W""]",3,0.0006
triplet,"[""neutron"", ""Ds_plus"", ""J_psi""]",3,0.0006
triplet,"[""neutron"", ""Ds_plus"", ""Higgs""]",3,0.0006
triplet,"[""neutron"", ""W"", ""top""]",3,0.0006
triplet,"[""Lambda"", ""Sigma_plus"", ""Delta_1232""]",3,0.0006
triplet,"[""Lambda"", ""Sigma_plus"", ""phi_1020""]",3,0.0006
triplet,"[""Lambda"", ""Sigma_plus"", ""J_psi""]",3,0.0006
triplet,"[""Lambda"", ""Sigma_plus"", ""Upsilon_1S""]",3,0.0006
triplet,"[""Lambda"", ""Omega_minus"", ""K_long""]",3,0.0006
triplet,"[""Lambda"", ""Omega_minus"", ""rho_770""]",3,0.0006
triplet,"[""Lambda"", ""Omega_minus"", ""top""]",3,0.0006
triplet,"[""Lambda"", ""Delta_1232"", ""J_psi""]",3,0.0006
triplet,"[""Lambda"", ""pi0"", ""D0""]",3,0.0006
triplet,"[""Lambda"", ""pi_plus"", ""D0""]",3,0.0006
triplet,"[""Lambda"", ""K_long"", ""B0""]",3,0.0006
triplet,"[""Lambda"", ""omega_782"", ""D_plus""]",3,0.0006
triplet,"[""Lambda"", ""D_plus"", ""B0""]",3,0.0006
triplet,"[""Lambda"", ""D_plus"", ""Bs0""]",3,0.0006
triplet,"[""Lambda"", ""W"", ""top""]",3,0.0006
triplet,"[""Sigma_plus"", ""Xi_minus"", ""Delta_1232""]",3,0.0006
triplet,"[""Sigma_plus"", ""Xi_minus"", ""rho_770""]",3,0.0006
triplet,"[""Sigma_plus"", ""Xi_minus"", ""Upsilon_1S""]",3,0.0006
triplet,"[""Sigma_plus"", ""Xi_minus"", ""W""]",3,0.0006
triplet,"[""Sigma_plus"", ""Xi_minus"", ""Higgs""]",3,0.0006
triplet,"[""Sigma_plus"", ""pi0"", ""rho_770""]",3,0.0006
triplet,"[""Sigma_plus"", ""pi_plus"", ""K_plus""]",3,0.0006
triplet,"[""Sigma_plus"", ""K_plus"", ""B0""]",3,0.0006
triplet,"[""Sigma_plus"", ""K_plus"", ""Bs0""]",3,0.0006
triplet,"[""Sigma_plus"", ""K_short"", ""eta""]",3,0.0006
triplet,"[""Sigma_plus"", ""K_short"", ""omega_782""]",3,0.0006
triplet,"[""Sigma_plus"", ""K_short"", ""D_plus""]",3,0.0006
triplet,"[""Sigma_plus"", ""K_short"", ""Upsilon_1S""]",3,0.0006
triplet,"[""Sigma_plus"", ""K_short"", ""W""]",3,0.0006
triplet,"[""Sigma_plus"", ""eta"", ""Higgs""]",3,0.0006
triplet,"[""Sigma_plus"", ""omega_782"", ""D0""]",3,0.0006
triplet,"[""Sigma_plus"", ""phi_1020"", ""Upsilon_1S""]",3,0.0006
triplet,"[""Sigma_plus"", ""D0"", ""Upsilon_1S""]",3,0.0006
triplet,"[""Sigma_plus"", ""Upsilon_1S"", ""W""]",3,0.0006
triplet,"[""Xi_minus"", ""K_short"", ""D0""]",3,0.0006
triplet,"[""Xi_minus"", ""K_long"", ""D0""]",3,0.0006
triplet,"[""Xi_minus"", ""K_long"", ""J_psi""]",3,0.0006
triplet,"[""Xi_minus"", ""omega_782"", ""phi_1020""]",3,0.0006
triplet,"[""Xi_minus"", ""omega_782"", ""Z""]",3,0.0006
triplet,"[""Xi_minus"", ""phi_1020"", ""top""]",3,0.0006
triplet,"[""Xi_minus"", ""D0"", ""B_plus""]",3,0.0006
triplet,"[""Xi_minus"", ""D0"", ""Bs0""]",3,0.0006
triplet,"[""Xi_minus"", ""J_psi"", ""top""]",3,0.0006
triplet,"[""Xi_minus"", ""W"", ""top""]",3,0.0006
triplet,"[""Xi_minus"", ""Z"", ""top""]",3,0.0006
triplet,"[""Omega_minus"", ""pi0"", ""K_long""]",3,0.0006
triplet,"[""Omega_minus"", ""pi_plus"", ""K_long""]",3,0.0006
triplet,"[""Omega_minus"", ""pi_plus"", ""D_plus""]",3,0.0006
triplet,"[""Omega_minus"", ""K_plus"", ""D0""]",3,0.0006
triplet,"[""Omega_minus"", ""K_short"", ""rho_770""]",3,0.0006
triplet,"[""Omega_minus"", ""K_short"", ""phi_1020""]",3,0.0006
triplet,"[""Omega_minus"", ""K_short"", ""B0""]",3,0.0006
triplet,"[""Omega_minus"", ""K_short"", ""Bs0""]",3,0.0006
triplet,"[""Omega_minus"", ""K_short"", ""Z""]",3,0.0006
triplet,"[""Omega_minus"", ""K_short"", ""Higgs""]",3,0.0006
triplet,"[""Omega_minus"", ""eta"", ""D0""]",3,0.0006
triplet,"[""Omega_minus"", ""omega_782"", ""W""]",3,0.0006
triplet,"[""Omega_minus"", ""phi_1020"", ""Upsilon_1S""]",3,0.0006
triplet,"[""Omega_minus"", ""Ds_plus"", ""Bs0""]",3,0.0006
triplet,"[""Omega_minus"", ""Ds_plus"", ""top""]",3,0.0006
triplet,"[""Omega_minus"", ""Z"", ""top""]",3,0.0006
triplet,"[""Omega_minus"", ""Higgs"", ""top""]",3,0.0006
triplet,"[""Delta_1232"", ""pi0"", ""Bs0""]",3,0.0006
triplet,"[""Delta_1232"", ""pi_plus"", ""K_plus""]",3,0.0006
triplet,"[""Delta_1232"", ""K_short"", ""D0""]",3,0.0006
triplet,"[""Delta_1232"", ""rho_770"", ""Bs0""]",3,0.0006
triplet,"[""Delta_1232"", ""D0"", ""D_plus""]",3,0.0006
triplet,"[""Delta_1232"", ""Ds_plus"", ""Z""]",3,0.0006
triplet,"[""Delta_1232"", ""J_psi"", ""B0""]",3,0.0006
triplet,"[""Delta_1232"", ""B0"", ""W""]",3,0.0006
triplet,"[""Delta_1232"", ""Upsilon_1S"", ""Higgs""]",3,0.0006
triplet,"[""Delta_1232"", ""Upsilon_1S"", ""top""]",3,0.0006
triplet,"[""pi0"", ""K_plus"", ""Z""]",3,0.0006
triplet,"[""pi0"", ""K_short"", ""D0""]",3,0.0006
triplet,"[""pi0"", ""K_long"", ""D0""]",3,0.0006
triplet,"[""pi0"", ""eta"", ""D_plus""]",3,0.0006
triplet,"[""pi0"", ""eta"", ""top""]",3,0.0006
triplet,"[""pi0"", ""rho_770"", ""Upsilon_1S""]",3,0.0006
triplet,"[""pi0"", ""rho_770"", ""W""]",3,0.0006
triplet,"[""pi0"", ""omega_782"", ""phi_1020""]",3,0.0006
triplet,"[""pi0"", ""D0"", ""D_plus""]",3,0.0006
triplet,"[""pi0"", ""D_plus"", ""Z""]",3,0.0006
triplet,"[""pi0"", ""D_plus"", ""Higgs""]",3,0.0006
triplet,"[""pi0"", ""Ds_plus"", ""B0""]",3,0.0006
triplet,"[""pi0"", ""J_psi"", ""Bs0""]",3,0.0006
triplet,"[""pi0"", ""B_plus"", ""Higgs""]",3,0.0006
triplet,"[""pi0"", ""B0"", ""Higgs""]",3,0.0006
triplet,"[""pi0"", ""Bs0"", ""Higgs""]",3,0.0006
triplet,"[""pi0"", ""W"", ""top""]",3,0.0006
triplet,"[""pi_plus"", ""K_short"", ""B0""]",3,0.0006
triplet,"[""pi_plus"", ""eta"", ""B0""]",3,0.0006
triplet,"[""pi_plus"", ""eta"", ""Bs0""]",3,0.0006
triplet,"[""pi_plus"", ""omega_782"", ""phi_1020""]",3,0.0006
triplet,"[""pi_plus"", ""J_psi"", ""W""]",3,0.0006
triplet,"[""K_plus"", ""K_short"", ""D0""]",3,0.0006
triplet,"[""K_plus"", ""K_long"", ""D_plus""]",3,0.0006
triplet,"[""K_plus"", ""eta"", ""Upsilon_1S""]",3,0.0006
triplet,"[""K_plus"", ""rho_770"", ""D0""]",3,0.0006
triplet,"[""K_plus"", ""omega_782"", ""B0""]",3,0.0006
triplet,"[""K_plus"", ""phi_1020"", ""D_plus""]",3,0.0006
triplet,"[""K_plus"", ""D_plus"", ""W""]",3,0.0006
triplet,"[""K_plus"", ""D_plus"", ""Z""]",3,0.0006
triplet,"[""K_short"", ""eta"", ""Upsilon_1S""]",3,0.0006
triplet,"[""K_short"", ""Z"", ""top""]",3,0.0006
triplet,"[""K_long"", ""eta"", ""B0""]",3,0.0006
triplet,"[""K_long"", ""eta"", ""Upsilon_1S""]",3,0.0006
triplet,"[""K_long"", ""omega_782"", ""W""]",3,0.0006
triplet,"[""K_long"", ""phi_1020"", ""top""]",3,0.0006
triplet,"[""K_long"", ""D0"", ""D_plus""]",3,0.0006
triplet,"[""K_long"", ""D0"", ""B_plus""]",3,0.0006
triplet,"[""K_long"", ""D0"", ""Bs0""]",3,0.0006
triplet,"[""K_long"", ""D_plus"", ""B0""]",3,0.0006
triplet,"[""K_long"", ""J_psi"", ""B0""]",3,0.0006
triplet,"[""eta"", ""omega_782"", ""phi_1020""]",3,0.0006
triplet,"[""eta"", ""omega_782"", ""D_plus""]",3,0.0006
triplet,"[""eta"", ""omega_782"", ""J_psi""]",3,0.0006
triplet,"[""eta"", ""omega_782"", ""Upsilon_1S""]",3,0.0006
triplet,"[""eta"", ""phi_1020"", ""D_plus""]",3,0.0006
triplet,"[""eta"", ""phi_1020"", ""top""]",3,0.0006
triplet,"[""eta"", ""D_plus"", ""Upsilon_1S""]",3,0.0006
triplet,"[""eta"", ""Ds_plus"", ""Upsilon_1S""]",3,0.0006
triplet,"[""eta"", ""Upsilon_1S"", ""Z""]",3,0.0006
triplet,"[""eta"", ""Z"", ""top""]",3,0.0006
triplet,"[""rho_770"", ""D_plus"", ""J_psi""]",3,0.0006
triplet,"[""rho_770"", ""Upsilon_1S"", ""top""]",3,0.0006
triplet,"[""rho_770"", ""W"", ""Higgs""]",3,0.0006
triplet,"[""omega_782"", ""phi_1020"", ""D0""]",3,0.0006
triplet,"[""omega_782"", ""phi_1020"", ""D_plus""]",3,0.0006
triplet,"[""omega_782"", ""phi_1020"", ""Ds_plus""]",3,0.0006
triplet,"[""omega_782"", ""phi_1020"", ""Upsilon_1S""]",3,0.0006
triplet,"[""omega_782"", ""D0"", ""D_plus""]",3,0.0006
triplet,"[""omega_782"", ""D0"", ""Z""]",3,0.0006
triplet,"[""omega_782"", ""D_plus"", ""B0""]",3,0.0006
triplet,"[""omega_782"", ""D_plus"", ""W""]",3,0.0006
triplet,"[""omega_782"", ""D_plus"", ""Higgs""]",3,0.0006
triplet,"[""omega_782"", ""Ds_plus"", ""W""]",3,0.0006
triplet,"[""omega_782"", ""Ds_plus"", ""Z""]",3,0.0006
triplet,"[""omega_782"", ""J_psi"", ""Upsilon_1S""]",3,0.0006
triplet,"[""omega_782"", ""Bs0"", ""Z""]",3,0.0006
triplet,"[""omega_782"", ""Upsilon_1S"", ""W""]",3,0.0006
triplet,"[""omega_782"", ""Upsilon_1S"", ""Z""]",3,0.0006
triplet,"[""phi_1020"", ""D0"", ""top""]",3,0.0006
triplet,"[""phi_1020"", ""D_plus"", ""top""]",3,0.0006
triplet,"[""phi_1020"", ""B_plus"", ""top""]",3,0.0006
triplet,"[""phi_1020"", ""B0"", ""top""]",3,0.0006
triplet,"[""phi_1020"", ""Bs0"", ""top""]",3,0.0006
triplet,"[""phi_1020"", ""Upsilon_1S"", ""W""]",3,0.0006
triplet,"[""phi_1020"", ""Higgs"", ""top""]",3,0.0006
triplet,"[""D0"", ""D_plus"", ""J_psi""]",3,0.0006
triplet,"[""D0"", ""D_plus"", ""W""]",3,0.0006
triplet,"[""D0"", ""D_plus"", ""Z""]",3,0.0006
triplet,"[""D0"", ""D_plus"", ""Higgs""]",3,0.0006
triplet,"[""D0"", ""B_plus"", ""Upsilon_1S""]",3,0.0006
triplet,"[""D0"", ""W"", ""top""]",3,0.0006
triplet,"[""D0"", ""Z"", ""top""]",3,0.0006
triplet,"[""Ds_plus"", ""Upsilon_1S"", ""W""]",3,0.0006
triplet,"[""Ds_plus"", ""W"", ""top""]",3,0.0006
triplet,"[""Ds_plus"", ""Z"", ""top""]",3,0.0006
triplet,"[""J_psi"", ""Upsilon_1S"", ""top""]",3,0.0006
triplet,"[""B_plus"", ""Upsilon_1S"", ""Z""]",3,0.0006
triplet,"[""B0"", ""Upsilon_1S"", ""Z""]",3,0.0006
triplet,"[""B0"", ""W"", ""top""]",3,0.0006
triplet,"[""Bs0"", ""Upsilon_1S"", ""Z""]",3,0.0006
triplet,"[""Z"", ""Higgs"", ""top""]",3,0.0006
triplet,"[""electron"", ""tau"", ""Ds_plus""]",3,0.0004
triplet,"[""electron"", ""Lambda"", ""Omega_minus""]",3,0.0004
triplet,"[""electron"", ""Sigma_plus"", ""Xi_minus""]",3,0.0004
triplet,"[""electron"", ""Sigma_plus"", ""K_short""]",3,0.0004
triplet,"[""electron"", ""omega_782"", ""Z""]",3,0.0004
triplet,"[""electron"", ""W"", ""top""]",3,0.0004
triplet,"[""muon"", ""tau"", ""pi_plus""]",3,0.0004
triplet,"[""muon"", ""tau"", ""D0""]",3,0.0004
triplet,"[""muon"", ""Lambda"", ""Omega_minus""]",3,0.0004
triplet,"[""muon"", ""Sigma_plus"", ""Xi_minus""]",3,0.0004
triplet,"[""muon"", ""Xi_minus"", ""K_short""]",3,0.0004
triplet,"[""muon"", ""Delta_1232"", ""rho_770""]",3,0.0004
triplet,"[""muon"", ""Delta_1232"", ""Ds_plus""]",3,0.0004
triplet,"[""muon"", ""pi_plus"", ""K_plus""]",3,0.0004
triplet,"[""muon"", ""K_plus"", ""K_long""]",3,0.0004
triplet,"[""muon"", ""K_plus"", ""D_plus""]",3,0.0004
triplet,"[""muon"", ""K_short"", ""phi_1020""]",3,0.0004
triplet,"[""muon"", ""K_short"", ""D0""]",3,0.0004
triplet,"[""muon"", ""K_short"", ""D_plus""]",3,0.0004
triplet,"[""muon"", ""omega_782"", ""D_plus""]",3,0.0004
triplet,"[""muon"", ""D0"", ""D_plus""]",3,0.0004
triplet,"[""muon"", ""D_plus"", ""top""]",3,0.0004
triplet,"[""muon"", ""Bs0"", ""Higgs""]",3,0.0004
triplet,"[""muon"", ""W"", ""top""]",3,0.0004
triplet,"[""tau"", ""neutron"", ""Ds_plus""]",3,0.0004
triplet,"[""tau"", ""Lambda"", ""B_plus""]",3,0.0004
triplet,"[""tau"", ""Lambda"", ""Bs0""]",3,0.0004
triplet,"[""tau"", ""Sigma_plus"", ""Xi_minus""]",3,0.0004
triplet,"[""tau"", ""Sigma_plus"", ""pi_plus""]",3,0.0004
triplet,"[""tau"", ""Sigma_plus"", ""K_short""]",3,0.0004
triplet,"[""tau"", ""Omega_minus"", ""pi_plus""]",3,0.0004
triplet,"[""tau"", ""Omega_minus"", ""Ds_plus""]",3,0.0004
triplet,"[""tau"", ""pi0"", ""Ds_plus""]",3,0.0004
triplet,"[""tau"", ""pi_plus"", ""Ds_plus""]",3,0.0004
triplet,"[""tau"", ""pi_plus"", ""J_psi""]",3,0.0004
triplet,"[""tau"", ""pi_plus"", ""B0""]",3,0.0004
triplet,"[""tau"", ""pi_plus"", ""Higgs""]",3,0.0004
triplet,"[""tau"", ""K_plus"", ""eta""]",3,0.0004
triplet,"[""tau"", ""K_plus"", ""Bs0""]",3,0.0004
triplet,"[""tau"", ""K_short"", ""J_psi""]",3,0.0004
triplet,"[""tau"", ""eta"", ""Upsilon_1S""]",3,0.0004
triplet,"[""tau"", ""eta"", ""Z""]",3,0.0004
triplet,"[""tau"", ""rho_770"", ""Ds_plus""]",3,0.0004
triplet,"[""tau"", ""omega_782"", ""D0""]",3,0.0004
triplet,"[""tau"", ""omega_782"", ""W""]",3,0.0004
triplet,"[""tau"", ""omega_782"", ""Z""]",3,0.0004
triplet,"[""tau"", ""phi_1020"", ""Ds_plus""]",3,0.0004
triplet,"[""tau"", ""D0"", ""Higgs""]",3,0.0004
triplet,"[""tau"", ""Ds_plus"", ""J_psi""]",3,0.0004
triplet,"[""tau"", ""Ds_plus"", ""top""]",3,0.0004
triplet,"[""proton"", ""Sigma_plus"", ""Xi_minus""]",3,0.0004
triplet,"[""proton"", ""omega_782"", ""phi_1020""]",3,0.0004
triplet,"[""neutron"", ""Lambda"", ""omega_782""]",3,0.0004
triplet,"[""neutron"", ""Lambda"", ""top""]",3,0.0004
triplet,"[""neutron"", ""Xi_minus"", ""Omega_minus""]",3,0.0004
triplet,"[""neutron"", ""Omega_minus"", ""omega_782""]",3,0.0004
triplet,"[""neutron"", ""Delta_1232"", ""rho_770""]",3,0.0004
triplet,"[""neutron"", ""omega_782"", ""Z""]",3,0.0004
triplet,"[""neutron"", ""D_plus"", ""Ds_plus""]",3,0.0004
triplet,"[""Lambda"", ""Sigma_plus"", ""Omega_minus""]",3,0.0004
triplet,"[""Lambda"", ""Xi_minus"", ""D0""]",3,0.0004
triplet,"[""Lambda"", ""Omega_minus"", ""Delta_1232""]",3,0.0004
triplet,"[""Lambda"", ""Omega_minus"", ""omega_782""]",3,0.0004
triplet,"[""Lambda"", ""Omega_minus"", ""D0""]",3,0.0004
triplet,"[""Lambda"", ""Omega_minus"", ""Upsilon_1S""]",3,0.0004
triplet,"[""Lambda"", ""Omega_minus"", ""Higgs""]",3,0.0004
triplet,"[""Lambda"", ""Delta_1232"", ""rho_770""]",3,0.0004
triplet,"[""Lambda"", ""pi0"", ""K_long""]",3,0.0004
triplet,"[""Lambda"", ""pi0"", ""D_plus""]",3,0.0004
triplet,"[""Lambda"", ""pi_plus"", ""K_short""]",3,0.0004
triplet,"[""Lambda"", ""K_long"", ""J_psi""]",3,0.0004
triplet,"[""Lambda"", ""K_long"", ""Bs0""]",3,0.0004
triplet,"[""Lambda"", ""eta"", ""D_plus""]",3,0.0004
triplet,"[""Lambda"", ""eta"", ""top""]",3,0.0004
triplet,"[""Lambda"", ""rho_770"", ""Upsilon_1S""]",3,0.0004
triplet,"[""Lambda"", ""phi_1020"", ""top""]",3,0.0004
triplet,"[""Lambda"", ""Ds_plus"", ""Upsilon_1S""]",3,0.0004
triplet,"[""Lambda"", ""Ds_plus"", ""top""]",3,0.0004
triplet,"[""Sigma_plus"", ""Xi_minus"", ""K_long""]",3,0.0004
triplet,"[""Sigma_plus"", ""Xi_minus"", ""eta""]",3,0.0004
triplet,"[""Sigma_plus"", ""Xi_minus"", ""phi_1020""]",3,0.0004
triplet,"[""Sigma_plus"", ""Xi_minus"", ""D0""]",3,0.0004
triplet,"[""Sigma_plus"", ""Xi_minus"", ""D_plus""]",3,0.0004
triplet,"[""Sigma_plus"", ""Omega_minus"", ""K_short""]",3,0.0004
triplet,"[""Sigma_plus"", ""Omega_minus"", ""omega_782""]",3,0.0004
triplet,"[""Sigma_plus"", ""Delta_1232"", ""rho_770""]",3,0.0004
triplet,"[""Sigma_plus"", ""pi0"", ""K_short""]",3,0.0004
triplet,"[""Sigma_plus"", ""pi_plus"", ""K_short""]",3,0.0004
triplet,"[""Sigma_plus"", ""K_plus"", ""D0""]",3,0.0004
triplet,"[""Sigma_plus"", ""K_short"", ""rho_770""]",3,0.0004
triplet,"[""Sigma_plus"", ""K_short"", ""B_plus""]",3,0.0004
triplet,"[""Sigma_plus"", ""K_short"", ""Higgs""]",3,0.0004
triplet,"[""Sigma_plus"", ""K_short"", ""top""]",3,0.0004
triplet,"[""Sigma_plus"", ""K_long"", ""D0""]",3,0.0004
triplet,"[""Sigma_plus"", ""K_long"", ""D_plus""]",3,0.0004
triplet,"[""Sigma_plus"", ""K_long"", ""Ds_plus""]",3,0.0004
triplet,"[""Sigma_plus"", ""K_long"", ""B_plus""]",3,0.0004
triplet,"[""Sigma_plus"", ""eta"", ""Upsilon_1S""]",3,0.0004
triplet,"[""Sigma_plus"", ""omega_782"", ""D_plus""]",3,0.0004
triplet,"[""Sigma_plus"", ""omega_782"", ""W""]",3,0.0004
triplet,"[""Sigma_plus"", ""omega_782"", ""Z""]",3,0.0004
triplet,"[""Sigma_plus"", ""D0"", ""top""]",3,0.0004
triplet,"[""Sigma_plus"", ""D_plus"", ""Ds_plus""]",3,0.0004
triplet,"[""Sigma_plus"", ""Ds_plus"", ""J_psi""]",3,0.0004
triplet,"[""Xi_minus"", ""Omega_minus"", ""phi_1020""]",3,0.0004
triplet,"[""Xi_minus"", ""Omega_minus"", ""D0""]",3,0.0004
triplet,"[""Xi_minus"", ""Omega_minus"", ""B_plus""]",3,0.0004
triplet,"[""Xi_minus"", ""Omega_minus"", ""W""]",3,0.0004
triplet,"[""Xi_minus"", ""Omega_minus"", ""top""]",3,0.0004
triplet,"[""Xi_minus"", ""pi_plus"", ""K_long""]",3,0.0004
triplet,"[""Xi_minus"", ""K_plus"", ""K_long""]",3,0.0004
triplet,"[""Xi_minus"", ""K_long"", ""Ds_plus""]",3,0.0004
triplet,"[""Xi_minus"", ""eta"", ""Ds_plus""]",3,0.0004
triplet,"[""Xi_minus"", ""omega_782"", ""W""]",3,0.0004
triplet,"[""Xi_minus"", ""phi_1020"", ""Higgs""]",3,0.0004
triplet,"[""Xi_minus"", ""D_plus"", ""Ds_plus""]",3,0.0004
triplet,"[""Omega_minus"", ""pi0"", ""phi_1020""]",3,0.0004
triplet,"[""Omega_minus"", ""pi0"", ""D0""]",3,0.0004
triplet,"[""Omega_minus"", ""pi0"", ""D_plus""]",3,0.0004
triplet,"[""Omega_minus"", ""pi_plus"", ""D0""]",3,0.0004
triplet,"[""Omega_minus"", ""pi_plus"", ""B0""]",3,0.0004
triplet,"[""Omega_minus"", ""K_plus"", ""K_long""]",3,0.0004
triplet,"[""Omega_minus"", ""K_long"", ""Ds_plus""]",3,0.0004
triplet,"[""Omega_minus"", ""omega_782"", ""phi_1020""]",3,0.0004
triplet,"[""Omega_minus"", ""Ds_plus"", ""B0""]",3,0.0004
triplet,"[""Omega_minus"", ""W"", ""top""]",3,0.0004
triplet,"[""Delta_1232"", ""pi0"", ""omega_782""]",3,0.0004
triplet,"[""Delta_1232"", ""pi0"", ""B0""]",3,0.0004
triplet,"[""Delta_1232"", ""pi_plus"", ""rho_770""]",3,0.0004
triplet,"[""Delta_1232"", ""K_short"", ""rho_770""]",3,0.0004
triplet,"[""Delta_1232"", ""K_long"", ""rho_770""]",3,0.0004
triplet,"[""Delta_1232"", ""eta"", ""phi_1020""]",3,0.0004
triplet,"[""Delta_1232"", ""eta"", ""Upsilon_1S""]",3,0.0004
triplet,"[""Delta_1232"", ""eta"", ""Z""]",3,0.0004
triplet,"[""Delta_1232"", ""rho_770"", ""Ds_plus""]",3,0.0004
triplet,"[""Delta_1232"", ""rho_770"", ""J_psi""]",3,0.0004
triplet,"[""Delta_1232"", ""rho_770"", ""B0""]",3,0.0004
triplet,"[""Delta_1232"", ""rho_770"", ""Upsilon_1S""]",3,0.0004
triplet,"[""Delta_1232"", ""rho_770"", ""Higgs""]",3,0.0004
triplet,"[""Delta_1232"", ""omega_782"", ""J_psi""]",3,0.0004
triplet,"[""Delta_1232"", ""omega_782"", ""W""]",3,0.0004
triplet,"[""Delta_1232"", ""omega_782"", ""Higgs""]",3,0.0004
triplet,"[""Delta_1232"", ""D_plus"", ""Ds_plus""]",3,0.0004
triplet,"[""Delta_1232"", ""J_psi"", ""B_plus""]",3,0.0004
triplet,"[""Delta_1232"", ""Z"", ""Higgs""]",3,0.0004
triplet,"[""pi0"", ""eta"", ""omega_782""]",3,0.0004
triplet,"[""pi0"", ""eta"", ""Higgs""]",3,0.0004
triplet,"[""pi0"", ""omega_782"", ""Ds_plus""]",3,0.0004
triplet,"[""pi0"", ""omega_782"", ""J_psi""]",3,0.0004
triplet,"[""pi0"", ""omega_782"", ""Z""]",3,0.0004
triplet,"[""pi0"", ""phi_1020"", ""top""]",3,0.0004
triplet,"[""pi0"", ""Ds_plus"", ""Bs0""]",3,0.0004
triplet,"[""pi0"", ""Ds_plus"", ""top""]",3,0.0004
triplet,"[""pi0"", ""J_psi"", ""B0""]",3,0.0004
triplet,"[""pi0"", ""J_psi"", ""W""]",3,0.0004
triplet,"[""pi0"", ""J_psi"", ""Z""]",3,0.0004
triplet,"[""pi0"", ""Upsilon_1S"", ""Z""]",3,0.0004
triplet,"[""pi0"", ""Higgs"", ""top""]",3,0.0004
triplet,"[""pi_plus"", ""K_plus"", ""eta""]",3,0.0004
triplet,"[""pi_plus"", ""K_plus"", ""omega_782""]",3,0.0004
triplet,"[""pi_plus"", ""K_plus"", ""Ds_plus""]",3,0.0004
triplet,"[""pi_plus"", ""K_plus"", ""W""]",3,0.0004
triplet,"[""pi_plus"", ""K_plus"", ""Z""]",3,0.0004
triplet,"[""pi_plus"", ""K_plus"", ""top""]",3,0.0004
triplet,"[""pi_plus"", ""K_short"", ""Ds_plus""]",3,0.0004
triplet,"[""pi_plus"", ""eta"", ""rho_770""]",3,0.0004
triplet,"[""pi_plus"", ""eta"", ""phi_1020""]",3,0.0004
triplet,"[""pi_plus"", ""eta"", ""B_plus""]",3,0.0004
triplet,"[""pi_plus"", ""eta"", ""Upsilon_1S""]",3,0.0004
triplet,"[""pi_plus"", ""rho_770"", ""D0""]",3,0.0004
triplet,"[""pi_plus"", ""omega_782"", ""Z""]",3,0.0004
triplet,"[""pi_plus"", ""phi_1020"", ""top""]",3,0.0004
triplet,"[""pi_plus"", ""D0"", ""B0""]",3,0.0004
triplet,"[""pi_plus"", ""D0"", ""Higgs""]",3,0.0004
triplet,"[""pi_plus"", ""Ds_plus"", ""B_plus""]",3,0.0004
triplet,"[""pi_plus"", ""Z"", ""Higgs""]",3,0.0004
triplet,"[""pi_plus"", ""Z"", ""top""]",3,0.0004
triplet,"[""K_plus"", ""K_short"", ""K_long""]",3,0.0004
triplet,"[""K_plus"", ""K_short"", ""eta""]",3,0.0004
triplet,"[""K_plus"", ""K_short"", ""D_plus""]",3,0.0004
triplet,"[""K_plus"", ""K_long"", ""B_plus""]",3,0.0004
triplet,"[""K_plus"", ""omega_782"", ""phi_1020""]",3,0.0004
triplet,"[""K_plus"", ""omega_782"", ""W""]",3,0.0004
triplet,"[""K_plus"", ""omega_782"", ""Z""]",3,0.0004
triplet,"[""K_plus"", ""D0"", ""D_plus""]",3,0.0004
triplet,"[""K_plus"", ""D0"", ""J_psi""]",3,0.0004
triplet,"[""K_plus"", ""D0"", ""Higgs""]",3,0.0004
triplet,"[""K_plus"", ""D_plus"", ""Bs0""]",3,0.0004
triplet,"[""K_plus"", ""W"", ""top""]",3,0.0004
triplet,"[""K_short"", ""K_long"", ""Upsilon_1S""]",3,0.0004
triplet,"[""K_short"", ""omega_782"", ""W""]",3,0.0004
triplet,"[""K_short"", ""omega_782"", ""Z""]",3,0.0004
triplet,"[""K_short"", ""D0"", ""B0""]",3,0.0004
triplet,"[""K_short"", ""Ds_plus"", ""B_plus""]",3,0.0004
triplet,"[""K_short"", ""Ds_plus"", ""B0""]",3,0.0004
triplet,"[""K_short"", ""J_psi"", ""Z""]",3,0.0004
triplet,"[""K_short"", ""W"", ""top""]",3,0.0004
triplet,"[""K_long"", ""omega_782"", ""Z""]",3,0.0004
triplet,"[""K_long"", ""phi_1020"", ""B_plus""]",3,0.0004
triplet,"[""K_long"", ""D_plus"", ""Bs0""]",3,0.0004
triplet,"[""K_long"", ""D_plus"", ""Higgs""]",3,0.0004
triplet,"[""K_long"", ""Upsilon_1S"", ""W""]",3,0.0004
triplet,"[""K_long"", ""Upsilon_1S"", ""Z""]",3,0.0004
triplet,"[""K_long"", ""W"", ""top""]",3,0.0004
triplet,"[""K_long"", ""Z"", ""Higgs""]",3,0.0004
triplet,"[""K_long"", ""Z"", ""top""]",3,0.0004
triplet,"[""eta"", ""rho_770"", ""Upsilon_1S""]",3,0.0004
triplet,"[""eta"", ""rho_770"", ""Higgs""]",3,0.0004
triplet,"[""eta"", ""omega_782"", ""W""]",3,0.0004
triplet,"[""eta"", ""phi_1020"", ""Upsilon_1S""]",3,0.0004
triplet,"[""eta"", ""D0"", ""D_plus""]",3,0.0004
triplet,"[""eta"", ""D0"", ""Upsilon_1S""]",3,0.0004
triplet,"[""eta"", ""J_psi"", ""W""]",3,0.0004
triplet,"[""eta"", ""J_psi"", ""Z""]",3,0.0004
triplet,"[""eta"", ""J_psi"", ""top""]",3,0.0004
triplet,"[""eta"", ""B_plus"", ""Upsilon_1S""]",3,0.0004
triplet,"[""eta"", ""B0"", ""Upsilon_1S""]",3,0.0004
triplet,"[""eta"", ""Bs0"", ""Upsilon_1S""]",3,0.0004
triplet,"[""eta"", ""Upsilon_1S"", ""W""]",3,0.0004
triplet,"[""eta"", ""Upsilon_1S"", ""top""]",3,0.0004
triplet,"[""eta"", ""W"", ""top""]",3,0.0004
triplet,"[""eta"", ""Higgs"", ""top""]",3,0.0004
triplet,"[""rho_770"", ""phi_1020"", ""Upsilon_1S""]",3,0.0004
triplet,"[""rho_770"", ""Upsilon_1S"", ""Z""]",3,0.0004
triplet,"[""rho_770"", ""Z"", ""Higgs""]",3,0.0004
triplet,"[""omega_782"", ""phi_1020"", ""Bs0""]",3,0.0004
triplet,"[""omega_782"", ""D_plus"", ""Z""]",3,0.0004
triplet,"[""omega_782"", ""J_psi"", ""W""]",3,0.0004
triplet,"[""omega_782"", ""B_plus"", ""W""]",3,0.0004
triplet,"[""omega_782"", ""B0"", ""Z""]",3,0.0004
triplet,"[""omega_782"", ""Bs0"", ""W""]",3,0.0004
triplet,"[""omega_782"", ""Upsilon_1S"", ""Higgs""]",3,0.0004
triplet,"[""omega_782"", ""Z"", ""Higgs""]",3,0.0004
triplet,"[""phi_1020"", ""D_plus"", ""Ds_plus""]",3,0.0004
triplet,"[""phi_1020"", ""Upsilon_1S"", ""Higgs""]",3,0.0004
triplet,"[""phi_1020"", ""Z"", ""Higgs""]",3,0.0004
triplet,"[""D0"", ""D_plus"", ""Upsilon_1S""]",3,0.0004
triplet,"[""D0"", ""Ds_plus"", ""Higgs""]",3,0.0004
triplet,"[""D_plus"", ""Ds_plus"", ""J_psi""]",3,0.0004
triplet,"[""D_plus"", ""Ds_plus"", ""Bs0""]",3,0.0004
triplet,"[""D_plus"", ""Ds_plus"", ""top""]",3,0.0004
triplet,"[""D_plus"", ""W"", ""top""]",3,0.0004
triplet,"[""D_plus"", ""Higgs"", ""top""]",3,0.0004
triplet,"[""Ds_plus"", ""Upsilon_1S"", ""top""]",3,0.0004
triplet,"[""B_plus"", ""W"", ""top""]",3,0.0004
triplet,"[""B_plus"", ""Z"", ""top""]",3,0.0004
triplet,"[""B0"", ""Z"", ""top""]",3,0.0004
triplet,"[""Bs0"", ""Z"", ""top""]",3,0.0004
triplet,"[""Upsilon_1S"", ""W"", ""top""]",3,0.0004
triplet,"[""Upsilon_1S"", ""Z"", ""top""]",3,0.0004
triplet,"[""W"", ""Higgs"", ""top""]",3,0.0004
triplet,"[""electron"", ""Delta_1232"", ""rho_770""]",3,0.0002
triplet,"[""electron"", ""D0"", ""Ds_plus""]",3,0.0002
triplet,"[""muon"", ""tau"", ""K_short""]",3,0.0002
triplet,"[""muon"", ""Lambda"", ""Xi_minus""]",3,0.0002
triplet,"[""muon"", ""Lambda"", ""K_plus""]",3,0.0002
triplet,"[""muon"", ""Lambda"", ""D0""]",3,0.0002
triplet,"[""muon"", ""Sigma_plus"", ""Omega_minus""]",3,0.0002
triplet,"[""muon"", ""Sigma_plus"", ""K_short""]",3,0.0002
triplet,"[""muon"", ""Sigma_plus"", ""B_plus""]",3,0.0002
triplet,"[""muon"", ""Xi_minus"", ""Omega_minus""]",3,0.0002
triplet,"[""muon"", ""Omega_minus"", ""K_short""]",3,0.0002
triplet,"[""muon"", ""Omega_minus"", ""D0""]",3,0.0002
triplet,"[""muon"", ""pi0"", ""omega_782""]",3,0.0002
triplet,"[""muon"", ""pi0"", ""top""]",3,0.0002
triplet,"[""muon"", ""K_plus"", ""Ds_plus""]",3,0.0002
triplet,"[""muon"", ""K_plus"", ""B_plus""]",3,0.0002
triplet,"[""muon"", ""K_plus"", ""Bs0""]",3,0.0002
triplet,"[""muon"", ""K_long"", ""Bs0""]",3,0.0002
triplet,"[""muon"", ""eta"", ""Upsilon_1S""]",3,0.0002
triplet,"[""muon"", ""D_plus"", ""Ds_plus""]",3,0.0002
triplet,"[""muon"", ""J_psi"", ""B0""]",3,0.0002
triplet,"[""muon"", ""J_psi"", ""Bs0""]",3,0.0002
triplet,"[""tau"", ""proton"", ""D_plus""]",3,0.0002
triplet,"[""tau"", ""neutron"", ""D0""]",3,0.0002
triplet,"[""tau"", ""Lambda"", ""Omega_minus""]",3,0.0002
triplet,"[""tau"", ""Lambda"", ""K_short""]",3,0.0002
triplet,"[""tau"", ""Lambda"", ""K_long""]",3,0.0002
triplet,"[""tau"", ""Lambda"", ""Ds_plus""]",3,0.0002
triplet,"[""tau"", ""Sigma_plus"", ""D0""]",3,0.0002
triplet,"[""tau"", ""Sigma_plus"", ""B_plus""]",3,0.0002
triplet,"[""tau"", ""Xi_minus"", ""Omega_minus""]",3,0.0002
triplet,"[""tau"", ""Xi_minus"", ""K_plus""]",3,0.0002
triplet,"[""tau"", ""Xi_minus"", ""D_plus""]",3,0.0002
triplet,"[""tau"", ""Xi_minus"", ""Ds_plus""]",3,0.0002
triplet,"[""tau"", ""Xi_minus"", ""B0""]",3,0.0002
triplet,"[""tau"", ""Xi_minus"", ""Bs0""]",3,0.0002
triplet,"[""tau"", ""Omega_minus"", ""D_plus""]",3,0.0002
triplet,"[""tau"", ""Delta_1232"", ""rho_770""]",3,0.0002
triplet,"[""tau"", ""Delta_1232"", ""Ds_plus""]",3,0.0002
triplet,"[""tau"", ""pi0"", ""D0""]",3,0.0002
triplet,"[""tau"", ""pi_plus"", ""K_plus""]",3,0.0002
triplet,"[""tau"", ""pi_plus"", ""Bs0""]",3,0.0002
triplet,"[""tau"", ""K_plus"", ""K_short""]",3,0.0002
triplet,"[""tau"", ""K_short"", ""K_long""]",3,0.0002
triplet,"[""tau"", ""K_short"", ""D0""]",3,0.0002
triplet,"[""tau"", ""K_short"", ""D_plus""]",3,0.0002
triplet,"[""tau"", ""K_short"", ""Bs0""]",3,0.0002
triplet,"[""tau"", ""K_long"", ""D0""]",3,0.0002
triplet,"[""tau"", ""eta"", ""D0""]",3,0.0002
triplet,"[""tau"", ""eta"", ""Ds_plus""]",3,0.0002
triplet,"[""tau"", ""omega_782"", ""Ds_plus""]",3,0.0002
triplet,"[""tau"", ""D0"", ""J_psi""]",3,0.0002
triplet,"[""tau"", ""D0"", ""B_plus""]",3,0.0002
triplet,"[""tau"", ""D0"", ""B0""]",3,0.0002
triplet,"[""tau"", ""D0"", ""Bs0""]",3,0.0002
triplet,"[""tau"", ""D0"", ""Upsilon_1S""]",3,0.0002
triplet,"[""tau"", ""Ds_plus"", ""W""]",3,0.0002
triplet,"[""tau"", ""Ds_plus"", ""Higgs""]",3,0.0002
triplet,"[""tau"", ""J_psi"", ""top""]",3,0.0002
triplet,"[""tau"", ""W"", ""top""]",3,0.0002
triplet,"[""proton"", ""Lambda"", ""Omega_minus""]",3,0.0002
triplet,"[""proton"", ""Sigma_plus"", ""K_short""]",3,0.0002
triplet,"[""proton"", ""eta"", ""Upsilon_1S""]",3,0.0002
triplet,"[""proton"", ""omega_782"", ""W""]",3,0.0002
triplet,"[""proton"", ""omega_782"", ""Z""]",3,0.0002
triplet,"[""proton"", ""D0"", ""D_plus""]",3,0.0002
triplet,"[""proton"", ""D0"", ""Ds_plus""]",3,0.0002
triplet,"[""proton"", ""W"", ""top""]",3,0.0002
triplet,"[""neutron"", ""Sigma_plus"", ""Delta_1232""]",3,0.0002
triplet,"[""neutron"", ""Sigma_plus"", ""Z""]",3,0.0002
triplet,"[""neutron"", ""K_long"", ""eta""]",3,0.0002
triplet,"[""Lambda"", ""Sigma_plus"", ""K_short""]",3,0.0002
triplet,"[""Lambda"", ""Sigma_plus"", ""D_plus""]",3,0.0002
triplet,"[""Lambda"", ""Xi_minus"", ""Delta_1232""]",3,0.0002
triplet,"[""Lambda"", ""Xi_minus"", ""pi0""]",3,0.0002
triplet,"[""Lambda"", ""Xi_minus"", ""K_plus""]",3,0.0002
triplet,"[""Lambda"", ""Xi_minus"", ""K_long""]",3,0.0002
triplet,"[""Lambda"", ""Xi_minus"", ""phi_1020""]",3,0.0002
triplet,"[""Lambda"", ""Xi_minus"", ""Bs0""]",3,0.0002
triplet,"[""Lambda"", ""Omega_minus"", ""pi0""]",3,0.0002
triplet,"[""Lambda"", ""Omega_minus"", ""pi_plus""]",3,0.0002
triplet,"[""Lambda"", ""Omega_minus"", ""K_short""]",3,0.0002
triplet,"[""Lambda"", ""Omega_minus"", ""eta""]",3,0.0002
triplet,"[""Lambda"", ""Omega_minus"", ""phi_1020""]",3,0.0002
triplet,"[""Lambda"", ""Omega_minus"", ""D_plus""]",3,0.0002
triplet,"[""Lambda"", ""Omega_minus"", ""J_psi""]",3,0.0002
triplet,"[""Lambda"", ""Omega_minus"", ""B0""]",3,0.0002
triplet,"[""Lambda"", ""Omega_minus"", ""W""]",3,0.0002
triplet,"[""Lambda"", ""Omega_minus"", ""Z""]",3,0.0002
triplet,"[""Lambda"", ""pi_plus"", ""K_plus""]",3,0.0002
triplet,"[""Lambda"", ""pi_plus"", ""K_long""]",3,0.0002
triplet,"[""Lambda"", ""pi_plus"", ""Ds_plus""]",3,0.0002
triplet,"[""Lambda"", ""pi_plus"", ""B0""]",3,0.0002
triplet,"[""Lambda"", ""K_plus"", ""B_plus""]",3,0.0002
triplet,"[""Lambda"", ""K_plus"", ""Bs0""]",3,0.0002
triplet,"[""Lambda"", ""K_short"", ""K_long""]",3,0.0002
triplet,"[""Lambda"", ""K_short"", ""D_plus""]",3,0.0002
triplet,"[""Lambda"", ""K_long"", ""D_plus""]",3,0.0002
triplet,"[""Lambda"", ""phi_1020"", ""Higgs""]",3,0.0002
triplet,"[""Lambda"", ""D0"", ""D_plus""]",3,0.0002
triplet,"[""Lambda"", ""D_plus"", ""B_plus""]",3,0.0002
triplet,"[""Lambda"", ""D_plus"", ""top""]",3,0.0002
triplet,"[""Lambda"", ""Ds_plus"", ""B0""]",3,0.0002
triplet,"[""Lambda"", ""Ds_plus"", ""Bs0""]",3,0.0002
triplet,"[""Sigma_plus"", ""Xi_minus"", ""pi0""]",3,0.0002
triplet,"[""Sigma_plus"", ""Xi_minus"", ""Ds_plus""]",3,0.0002
triplet,"[""Sigma_plus"", ""Xi_minus"", ""J_psi""]",3,0.0002
triplet,"[""Sigma_plus"", ""Xi_minus"", ""Z""]",3,0.0002
triplet,"[""Sigma_plus"", ""Omega_minus"", ""Delta_1232""]",3,0.0002
triplet,"[""Sigma_plus"", ""Omega_minus"", ""pi0""]",3,0.0002
triplet,"[""Sigma_plus"", ""Omega_minus"", ""pi_plus""]",3,0.0002
triplet,"[""Sigma_plus"", ""Omega_minus"", ""D_plus""]",3,0.0002
triplet,"[""Sigma_plus"", ""Omega_minus"", ""Ds_plus""]",3,0.0002
triplet,"[""Sigma_plus"", ""Omega_minus"", ""J_psi""]",3,0.0002
triplet,"[""Sigma_plus"", ""Omega_minus"", ""B0""]",3,0.0002
triplet,"[""Sigma_plus"", ""Omega_minus"", ""Bs0""]",3,0.0002
triplet,"[""Sigma_plus"", ""Omega_minus"", ""W""]",3,0.0002
triplet,"[""Sigma_plus"", ""Omega_minus"", ""Z""]",3,0.0002
triplet,"[""Sigma_plus"", ""Omega_minus"", ""Higgs""]",3,0.0002
triplet,"[""Sigma_plus"", ""Omega_minus"", ""top""]",3,0.0002
triplet,"[""Sigma_plus"", ""pi0"", ""K_long""]",3,0.0002
triplet,"[""Sigma_plus"", ""K_plus"", ""Ds_plus""]",3,0.0002
triplet,"[""Sigma_plus"", ""K_plus"", ""B_plus""]",3,0.0002
triplet,"[""Sigma_plus"", ""K_short"", ""K_long""]",3,0.0002
triplet,"[""Sigma_plus"", ""K_short"", ""phi_1020""]",3,0.0002
triplet,"[""Sigma_plus"", ""K_short"", ""D0""]",3,0.0002
triplet,"[""Sigma_plus"", ""K_short"", ""J_psi""]",3,0.0002
triplet,"[""Sigma_plus"", ""K_short"", ""B0""]",3,0.0002
triplet,"[""Sigma_plus"", ""K_short"", ""Z""]",3,0.0002
triplet,"[""Sigma_plus"", ""K_long"", ""B0""]",3,0.0002
triplet,"[""Sigma_plus"", ""K_long"", ""Bs0""]",3,0.0002
triplet,"[""Sigma_plus"", ""D0"", ""Ds_plus""]",3,0.0002
triplet,"[""Sigma_plus"", ""D_plus"", ""B0""]",3,0.0002
triplet,"[""Sigma_plus"", ""D_plus"", ""Bs0""]",3,0.0002
triplet,"[""Sigma_plus"", ""Ds_plus"", ""B0""]",3,0.0002
triplet,"[""Xi_minus"", ""Omega_minus"", ""Delta_1232""]",3,0.0002
triplet,"[""Xi_minus"", ""Omega_minus"", ""pi_plus""]",3,0.0002
triplet,"[""Xi_minus"", ""Omega_minus"", ""K_plus""]",3,0.0002
triplet,"[""Xi_minus"", ""Omega_minus"", ""K_long""]",3,0.0002
triplet,"[""Xi_minus"", ""Omega_minus"", ""eta""]",3,0.0002
triplet,"[""Xi_minus"", ""Omega_minus"", ""rho_770""]",3,0.0002
triplet,"[""Xi_minus"", ""Omega_minus"", ""omega_782""]",3,0.0002
triplet,"[""Xi_minus"", ""Omega_minus"", ""J_psi""]",3,0.0002
triplet,"[""Xi_minus"", ""Omega_minus"", ""B0""]",3,0.0002
triplet,"[""Xi_minus"", ""Omega_minus"", ""Bs0""]",3,0.0002
triplet,"[""Xi_minus"", ""Omega_minus"", ""Upsilon_1S""]",3,0.0002
triplet,"[""Xi_minus"", ""Omega_minus"", ""Z""]",3,0.0002
triplet,"[""Xi_minus"", ""Delta_1232"", ""rho_770""]",3,0.0002
triplet,"[""Xi_minus"", ""pi0"", ""Ds_plus""]",3,0.0002
triplet,"[""Xi_minus"", ""pi_plus"", ""K_short""]",3,0.0002
triplet,"[""Xi_minus"", ""pi_plus"", ""B0""]",3,0.0002
triplet,"[""Xi_minus"", ""pi_plus"", ""Bs0""]",3,0.0002
triplet,"[""Xi_minus"", ""K_plus"", ""D_plus""]",3,0.0002
triplet,"[""Xi_minus"", ""K_plus"", ""Ds_plus""]",3,0.0002
triplet,"[""Xi_minus"", ""eta"", ""Upsilon_1S""]",3,0.0002
triplet,"[""Xi_minus"", ""phi_1020"", ""Ds_plus""]",3,0.0002
triplet,"[""Xi_minus"", ""D0"", ""Ds_plus""]",3,0.0002
triplet,"[""Xi_minus"", ""D0"", ""B0""]",3,0.0002
triplet,"[""Xi_minus"", ""D_plus"", ""B0""]",3,0.0002
triplet,"[""Omega_minus"", ""Delta_1232"", ""rho_770""]",3,0.0002
triplet,"[""Omega_minus"", ""pi_plus"", ""K_plus""]",3,0.0002
triplet,"[""Omega_minus"", ""pi_plus"", ""Bs0""]",3,0.0002
triplet,"[""Omega_minus"", ""K_plus"", ""B_plus""]",3,0.0002
triplet,"[""Omega_minus"", ""K_short"", ""K_long""]",3,0.0002
triplet,"[""Omega_minus"", ""K_short"", ""Ds_plus""]",3,0.0002
triplet,"[""Omega_minus"", ""K_short"", ""B_plus""]",3,0.0002
triplet,"[""Omega_minus"", ""K_long"", ""D_plus""]",3,0.0002
triplet,"[""Omega_minus"", ""omega_782"", ""Z""]",3,0.0002
triplet,"[""Omega_minus"", ""D0"", ""D_plus""]",3,0.0002
triplet,"[""Omega_minus"", ""D0"", ""B_plus""]",3,0.0002
triplet,"[""Omega_minus"", ""D0"", ""B0""]",3,0.0002
triplet,"[""Omega_minus"", ""D0"", ""Bs0""]",3,0.0002
triplet,"[""Omega_minus"", ""D_plus"", ""Ds_plus""]",3,0.0002
triplet,"[""Omega_minus"", ""D_plus"", ""B_plus""]",3,0.0002
triplet,"[""Delta_1232"", ""pi0"", ""K_short""]",3,0.0002
triplet,"[""Delta_1232"", ""pi0"", ""B_plus""]",3,0.0002
triplet,"[""Delta_1232"", ""pi0"", ""Upsilon_1S""]",3,0.0002
triplet,"[""Delta_1232"", ""eta"", ""rho_770""]",3,0.0002
triplet,"[""Delta_1232"", ""rho_770"", ""phi_1020""]",3,0.0002
triplet,"[""Delta_1232"", ""rho_770"", ""D0""]",3,0.0002
triplet,"[""Delta_1232"", ""rho_770"", ""W""]",3,0.0002
triplet,"[""Delta_1232"", ""omega_782"", ""Z""]",3,0.0002
triplet,"[""Delta_1232"", ""phi_1020"", ""W""]",3,0.0002
triplet,"[""Delta_1232"", ""J_psi"", ""Z""]",3,0.0002
triplet,"[""Delta_1232"", ""Upsilon_1S"", ""W""]",3,0.0002
triplet,"[""Delta_1232"", ""Z"", ""top""]",3,0.0002
triplet,"[""Delta_1232"", ""Higgs"", ""top""]",3,0.0002
triplet,"[""pi0"", ""pi_plus"", ""K_plus""]",3,0.0002
triplet,"[""pi0"", ""K_long"", ""phi_1020""]",3,0.0002
triplet,"[""pi0"", ""eta"", ""Upsilon_1S""]",3,0.0002
triplet,"[""pi0"", ""rho_770"", ""top""]",3,0.0002
triplet,"[""pi0"", ""omega_782"", ""W""]",3,0.0002
triplet,"[""pi0"", ""phi_1020"", ""D_plus""]",3,0.0002
triplet,"[""pi0"", ""D0"", ""top""]",3,0.0002
triplet,"[""pi0"", ""D_plus"", ""Ds_plus""]",3,0.0002
triplet,"[""pi0"", ""B0"", ""W""]",3,0.0002
triplet,"[""pi0"", ""Bs0"", ""W""]",3,0.0002
triplet,"[""pi0"", ""Upsilon_1S"", ""W""]",3,0.0002
triplet,"[""pi0"", ""Upsilon_1S"", ""Higgs""]",3,0.0002
triplet,"[""pi0"", ""Z"", ""top""]",3,0.0002
triplet,"[""pi_plus"", ""K_plus"", ""K_short""]",3,0.0002
triplet,"[""pi_plus"", ""K_plus"", ""rho_770""]",3,0.0002
triplet,"[""pi_plus"", ""K_plus"", ""D0""]",3,0.0002
triplet,"[""pi_plus"", ""K_plus"", ""B_plus""]",3,0.0002
triplet,"[""pi_plus"", ""K_plus"", ""B0""]",3,0.0002
triplet,"[""pi_plus"", ""K_plus"", ""Higgs""]",3,0.0002
triplet,"[""pi_plus"", ""K_short"", ""K_long""]",3,0.0002
triplet,"[""pi_plus"", ""K_short"", ""D_plus""]",3,0.0002
triplet,"[""pi_plus"", ""K_short"", ""B_plus""]",3,0.0002
triplet,"[""pi_plus"", ""K_short"", ""Bs0""]",3,0.0002
triplet,"[""pi_plus"", ""D_plus"", ""Ds_plus""]",3,0.0002
triplet,"[""pi_plus"", ""D_plus"", ""B0""]",3,0.0002
triplet,"[""pi_plus"", ""W"", ""top""]",3,0.0002
triplet,"[""K_plus"", ""K_short"", ""Ds_plus""]",3,0.0002
triplet,"[""K_plus"", ""K_long"", ""Bs0""]",3,0.0002
triplet,"[""K_plus"", ""D0"", ""B_plus""]",3,0.0002
triplet,"[""K_plus"", ""D_plus"", ""Ds_plus""]",3,0.0002
triplet,"[""K_plus"", ""D_plus"", ""B_plus""]",3,0.0002
triplet,"[""K_plus"", ""D_plus"", ""Upsilon_1S""]",3,0.0002
triplet,"[""K_plus"", ""Upsilon_1S"", ""Z""]",3,0.0002
triplet,"[""K_plus"", ""Z"", ""top""]",3,0.0002
triplet,"[""K_short"", ""K_long"", ""B0""]",3,0.0002
triplet,"[""K_short"", ""K_long"", ""Bs0""]",3,0.0002
triplet,"[""K_short"", ""D0"", ""D_plus""]",3,0.0002
triplet,"[""K_short"", ""D0"", ""Bs0""]",3,0.0002
triplet,"[""K_long"", ""D0"", ""Ds_plus""]",3,0.0002
triplet,"[""K_long"", ""D_plus"", ""Ds_plus""]",3,0.0002
triplet,"[""K_long"", ""D_plus"", ""J_psi""]",3,0.0002
triplet,"[""K_long"", ""Ds_plus"", ""B_plus""]",3,0.0002
triplet,"[""eta"", ""omega_782"", ""Higgs""]",3,0.0002
triplet,"[""rho_770"", ""phi_1020"", ""J_psi""]",3,0.0002
triplet,"[""rho_770"", ""J_psi"", ""W""]",3,0.0002
triplet,"[""rho_770"", ""W"", ""top""]",3,0.0002
triplet,"[""omega_782"", ""D_plus"", ""Ds_plus""]",3,0.0002
triplet,"[""omega_782"", ""J_psi"", ""Z""]",3,0.0002
triplet,"[""omega_782"", ""B_plus"", ""Z""]",3,0.0002
triplet,"[""omega_782"", ""B0"", ""W""]",3,0.0002
triplet,"[""phi_1020"", ""J_psi"", ""W""]",3,0.0002
triplet,"[""phi_1020"", ""J_psi"", ""Z""]",3,0.0002
triplet,"[""phi_1020"", ""Upsilon_1S"", ""top""]",3,0.0002
triplet,"[""phi_1020"", ""W"", ""Higgs""]",3,0.0002
triplet,"[""D0"", ""D_plus"", ""B0""]",3,0.0002
triplet,"[""D0"", ""D_plus"", ""top""]",3,0.0002
triplet,"[""D0"", ""Ds_plus"", ""B0""]",3,0.0002
triplet,"[""D0"", ""Ds_plus"", ""Upsilon_1S""]",3,0.0002
triplet,"[""D0"", ""Ds_plus"", ""W""]",3,0.0002
triplet,"[""D0"", ""Ds_plus"", ""top""]",3,0.0002
triplet,"[""D_plus"", ""Ds_plus"", ""Upsilon_1S""]",3,0.0002
triplet,"[""D_plus"", ""Ds_plus"", ""W""]",3,0.0002
triplet,"[""D_plus"", ""Ds_plus"", ""Higgs""]",3,0.0002
triplet,"[""D_plus"", ""Z"", ""top""]",3,0.0002
triplet,"[""J_psi"", ""W"", ""top""]",3,0.0002
triplet,"[""Upsilon_1S"", ""Higgs"", ""top""]",3,0.0002
