particle_a,particle_b,tolerance_type,tolerance_value,base_count,connected_count,persistence_fraction,mean_distance,min_distance,max_distance,family_match,interaction_match,empirical_p_value,passes_threshold
muon,tau,angular_close_deg,10.0,2009,87,0.04330512692882031,102.53799876740507,0.0844924995275278,179.94302773433202,True,True,0.0033993201359728054,True
muon,neutron,angular_close_deg,10.0,2009,122,0.06072672971627675,84.90983049068382,0.061836832224315685,179.99557821297003,False,True,0.001799640071985603,True
muon,Lambda,angular_close_deg,10.0,2009,138,0.06869089099054256,73.04377211135939,0.027162536993415642,179.91363808723133,False,True,0.001799640071985603,True
muon,Sigma_plus,angular_close_deg,10.0,2009,176,0.08760577401692385,80.8757174317658,0.014116596193730402,179.94686761506534,False,True,0.0023995200959808036,True
muon,Xi_minus,angular_close_deg,10.0,2009,165,0.0821304131408661,68.74663342720919,0.02416334934190445,179.8724120811837,False,True,0.003799240151969606,True
muon,Omega_minus,angular_close_deg,10.0,2009,213,0.10602289696366352,71.07112918430583,0.012356014392764791,179.9230590204687,False,True,0.0023995200959808036,True
muon,Delta_1232,angular_close_deg,10.0,2009,117,0.05823792931806869,85.36128924744929,0.009588833743919167,179.93949393006005,False,False,0.0027994401119776045,True
muon,pi0,angular_close_deg,10.0,2009,87,0.04330512692882031,92.09015000589287,0.049194222548692323,179.901124730667,False,False,0.0033993201359728054,True
muon,pi_plus,angular_close_deg,10.0,2009,29,0.01443504230960677,84.10442329097503,0.27511846323150735,179.8562543318193,False,True,0.005198960207958408,True
muon,K_plus,angular_close_deg,10.0,2009,336,0.1672473867595819,56.66269628734901,0.021279954500585063,179.85153301043874,False,True,0.005598880223955209,True
muon,K_short,angular_close_deg,10.0,2009,60,0.029865604778496764,103.67873540180557,0.017055285566556222,179.95231916779844,False,True,0.003199360127974405,True
muon,K_long,angular_close_deg,10.0,2009,55,0.0273768043802887,107.0634605809059,0.15480245498650902,179.9085314650202,False,True,0.0033993201359728054,True
muon,eta,angular_close_deg,10.0,2009,95,0.04728720756595321,90.29792337391586,0.028592537888215475,179.92709037554312,False,False,0.0027994401119776045,True
muon,rho_770,angular_close_deg,10.0,2009,133,0.06620209059233449,86.97744688225899,0.0512112538723386,179.99310640231252,False,False,0.003999200159968006,True
muon,omega_782,angular_close_deg,10.0,2009,94,0.0467894474863116,94.62379347511056,0.06926793100109307,179.90534758955545,False,False,0.0021995600879824036,True
muon,phi_1020,angular_close_deg,10.0,2009,135,0.06719761075161772,86.84913806407754,0.001089554200945031,179.7898918258541,False,False,0.0027994401119776045,True
muon,D0,angular_close_deg,10.0,2009,81,0.04031856645097063,101.99390968987592,0.10087402499925702,179.9525050761486,False,True,0.0027994401119776045,True
muon,D_plus,angular_close_deg,10.0,2009,155,0.07715281234444997,84.54081124441433,0.05248841919728875,179.98553344075793,False,True,0.002999400119976005,True
muon,Ds_plus,angular_close_deg,10.0,2009,71,0.0353409656545545,99.4559170941791,0.016805651053175552,179.9714531752441,False,True,0.0021995600879824036,True
muon,J_psi,angular_close_deg,10.0,2009,120,0.05973120955699353,85.28708382252933,0.07335068282779389,179.80799455967326,False,False,0.004199160167966407,True
muon,B_plus,angular_close_deg,10.0,2009,112,0.05574912891986063,84.09417207896149,0.05382527236463375,179.737894361622,False,True,0.003999200159968006,True
muon,B0,angular_close_deg,10.0,2009,120,0.05973120955699353,82.46212452744376,0.02650047557972357,179.85544906350648,False,True,0.004599080183963208,True
muon,Bs0,angular_close_deg,10.0,2009,121,0.06022896963663514,82.80199923454782,0.11901136250889977,179.8891611563812,False,True,0.002999400119976005,True
muon,Upsilon_1S,angular_close_deg,10.0,2009,95,0.04728720756595321,95.85550292995754,0.04892626935497901,179.98282926481846,False,False,0.004199160167966407,True
muon,W,angular_close_deg,10.0,2009,109,0.05425584868093579,93.29191755842533,0.008368356550846556,179.96185336018777,False,True,0.0021995600879824036,True
muon,Z,angular_close_deg,10.0,2009,111,0.055251368840219015,92.91006218195092,0.1872631017565709,179.99580570683594,False,True,0.004199160167966407,True
muon,Higgs,angular_close_deg,10.0,2009,119,0.059233449477351915,85.02834570978025,0.15772119888589486,179.86506942036158,False,False,0.003599280143971206,True
muon,top,angular_close_deg,10.0,2009,98,0.04878048780487805,94.38458975761576,0.008207595829787806,179.94032265901728,False,True,0.003599280143971206,True
tau,neutron,angular_close_deg,10.0,2009,138,0.06869089099054256,87.36314235503409,0.00584411025684517,179.9378792249816,False,True,0.004999000199960008,True
tau,Lambda,angular_close_deg,10.0,2009,109,0.05425584868093579,82.55663126622383,0.09321290363700996,179.92031447111805,False,True,0.005398920215956809,True
tau,Sigma_plus,angular_close_deg,10.0,2009,56,0.027874564459930314,117.46699355174786,0.09577932135721312,179.97824325482048,False,True,0.003999200159968006,True
tau,Xi_minus,angular_close_deg,10.0,2009,93,0.04629168740666999,94.28261485219797,0.028890564533980978,179.75837069505593,False,True,0.004199160167966407,True
tau,Omega_minus,angular_close_deg,10.0,2009,69,0.03434544549527128,113.0310264366326,0.062198187559090456,179.98975692223803,False,True,0.005198960207958408,True
tau,Delta_1232,angular_close_deg,10.0,2009,103,0.051269288203086114,94.99969391633037,0.1661793369317479,179.9289243253421,False,False,0.0027994401119776045,True
tau,pi0,angular_close_deg,10.0,2009,139,0.06918865107018417,75.86161487282337,0.09557389868894006,179.79120990247748,False,False,0.002999400119976005,True
tau,pi_plus,angular_close_deg,10.0,2009,67,0.03334992533598805,107.01618764914194,0.031337430697732316,179.94417947530945,False,True,0.001799640071985603,True
tau,K_plus,angular_close_deg,10.0,2009,87,0.04330512692882031,105.40673735546264,0.03884887286233152,179.990468855416,False,True,0.0033993201359728054,True
tau,K_short,angular_close_deg,10.0,2009,35,0.017421602787456445,99.11486650316739,0.32766068426951733,179.9393727700596,False,True,0.0033993201359728054,True
tau,K_long,angular_close_deg,10.0,2009,143,0.07117969138875062,75.52014322153988,0.07759714517629845,179.98598201071547,False,True,0.001799640071985603,True
tau,eta,angular_close_deg,10.0,2009,131,0.06520657043305127,80.42384135946642,0.0598887138688724,179.95067042684957,False,False,0.002999400119976005,True
tau,rho_770,angular_close_deg,10.0,2009,117,0.05823792931806869,87.5009350187325,0.08157041641146634,179.91456205651625,False,False,0.003599280143971206,True
tau,omega_782,angular_close_deg,10.0,2009,140,0.06968641114982578,82.9538098734873,0.14299459450694485,179.97162063492556,False,False,0.001999600079984003,True
tau,phi_1020,angular_close_deg,10.0,2009,121,0.06022896963663514,86.21434615858706,0.06695641376231265,179.99801267331907,False,False,0.003999200159968006,True
tau,D0,angular_close_deg,10.0,2009,2,0.0009955201592832255,52.27077548183514,5.829896441240976,179.92175621057868,False,True,0.020595880823835233,True
tau,D_plus,angular_close_deg,10.0,2009,13,0.006470881035340966,135.20784371247692,0.3804677553885938,179.99144949698012,False,True,0.023795240951809637,True
tau,Ds_plus,angular_close_deg,10.0,2009,3,0.0014932802389248383,80.99397887390154,1.3192145724642046,179.69468796437354,False,True,0.022595480903819236,True
tau,J_psi,angular_close_deg,10.0,2009,95,0.04728720756595321,99.77940174541129,0.0814298624918024,179.94191497048052,False,False,0.0033993201359728054,True
tau,B_plus,angular_close_deg,10.0,2009,118,0.0587356893977103,67.98843308677749,0.08238848623301465,179.8276090999541,False,True,0.00639872025594881,True
tau,B0,angular_close_deg,10.0,2009,106,0.05276256844201095,71.85380645104533,0.027611159801438134,179.75554751946254,False,True,0.00599880023995201,True
tau,Bs0,angular_close_deg,10.0,2009,110,0.0547536087605774,71.04304236109762,0.010955650885051682,179.71225695620865,False,True,0.007598480303939212,True
tau,Upsilon_1S,angular_close_deg,10.0,2009,165,0.0821304131408661,81.5561844540534,0.003050796392471966,179.99124420481337,False,False,0.0027994401119776045,True
tau,W,angular_close_deg,10.0,2009,86,0.0428073668491787,92.03590986622179,0.10583417083012137,179.92715688855344,False,True,0.002599480103979204,True
tau,Z,angular_close_deg,10.0,2009,85,0.042309606769537086,92.81155283193596,0.09451411783382468,179.93076003119432,False,True,0.003199360127974405,True
tau,Higgs,angular_close_deg,10.0,2009,91,0.04529616724738676,99.52072355434908,0.03162729282294663,179.91856157499842,False,False,0.0021995600879824036,True
tau,top,angular_close_deg,10.0,2009,140,0.06968641114982578,83.06729423042464,0.03351035656456247,179.90464059558497,False,True,0.003799240151969606,True
neutron,Lambda,angular_close_deg,10.0,2009,102,0.0507715281234445,95.83366486356661,0.06577870214795212,179.98220862368794,True,True,0.004199160167966407,True
neutron,Sigma_plus,angular_close_deg,10.0,2009,115,0.057242409158785465,86.32910775823616,0.1456612126902712,179.9773319992487,True,True,0.004399120175964807,True
neutron,Xi_minus,angular_close_deg,10.0,2009,101,0.05027376804380289,94.29226396129278,0.024477810765802133,179.99947228584222,True,True,0.0033993201359728054,True
neutron,Omega_minus,angular_close_deg,10.0,2009,112,0.05574912891986063,90.06269120076415,0.011838056870772107,179.9248790122209,True,True,0.0027994401119776045,True
neutron,Delta_1232,angular_close_deg,10.0,2009,105,0.05226480836236934,92.4794821344277,0.09964240006149794,179.91525638574439,True,False,0.0027994401119776045,True
neutron,pi0,angular_close_deg,10.0,2009,123,0.061224489795918366,86.51364247786205,0.014611475695744502,179.95083476651752,False,False,0.001799640071985603,True
neutron,pi_plus,angular_close_deg,10.0,2009,119,0.059233449477351915,84.38722490288278,0.06562483017546583,179.89320201473183,False,True,0.0023995200959808036,True
neutron,K_plus,angular_close_deg,10.0,2009,113,0.05624688899950224,88.40673008091069,0.024908199297044575,179.98513814247613,False,True,0.0033993201359728054,True
neutron,K_short,angular_close_deg,10.0,2009,126,0.0627177700348432,84.72547146481892,0.03298883569448208,179.8654302995605,False,True,0.003199360127974405,True
neutron,K_long,angular_close_deg,10.0,2009,91,0.04529616724738676,95.98212190349207,0.044392046947194785,179.96125120147178,False,True,0.003599280143971206,True
neutron,eta,angular_close_deg,10.0,2009,113,0.05624688899950224,87.67830163584927,0.0020900005735597915,179.9947767865424,False,False,0.0033993201359728054,True
neutron,rho_770,angular_close_deg,10.0,2009,118,0.0587356893977103,89.30225161712758,0.040505194457296056,179.98340484602033,False,False,0.004199160167966407,True
neutron,omega_782,angular_close_deg,10.0,2009,121,0.06022896963663514,87.62425747481083,0.17525646852578802,179.56850589198126,False,False,0.0033993201359728054,True
neutron,phi_1020,angular_close_deg,10.0,2009,114,0.05674464907914385,88.90260123027744,0.017315606252111593,179.9627645112394,False,False,0.003599280143971206,True
neutron,D0,angular_close_deg,10.0,2009,132,0.06570433051269288,85.05903039997014,0.043731354360147634,179.97632710058008,False,True,0.005398920215956809,True
neutron,D_plus,angular_close_deg,10.0,2009,110,0.0547536087605774,87.0151767592111,0.10488318678423525,179.69658637885772,False,True,0.003799240151969606,True
neutron,Ds_plus,angular_close_deg,10.0,2009,124,0.06172224987555998,85.13380509956163,0.0644866079591111,179.84053541150035,False,True,0.004199160167966407,True
neutron,J_psi,angular_close_deg,10.0,2009,104,0.051767048282727726,93.15659115919067,0.22489827109416183,179.93924181253414,False,False,0.004199160167966407,True
neutron,B_plus,angular_close_deg,10.0,2009,94,0.0467894474863116,95.03170019626016,0.0026366247073497107,179.95061246668394,False,True,0.003199360127974405,True
neutron,B0,angular_close_deg,10.0,2009,98,0.04878048780487805,95.2555927234369,0.06403146959337391,179.94982525366981,False,True,0.0027994401119776045,True
neutron,Bs0,angular_close_deg,10.0,2009,96,0.047784967645594825,95.23743456084863,0.19447955512794124,179.90292720501566,False,True,0.0033993201359728054,True
neutron,Upsilon_1S,angular_close_deg,10.0,2009,126,0.0627177700348432,86.88261896663752,0.06565018325684946,179.98279132366105,False,False,0.003199360127974405,True
neutron,W,angular_close_deg,10.0,2009,105,0.05226480836236934,90.41004187155069,0.055098167568303325,179.81973904757376,False,True,0.002599480103979204,True
neutron,Z,angular_close_deg,10.0,2009,101,0.05027376804380289,90.5948593085609,0.26880940876469595,179.86660083745437,False,True,0.003199360127974405,True
neutron,Higgs,angular_close_deg,10.0,2009,106,0.05276256844201095,93.12211840368734,0.15641458588748947,179.9216280833083,False,False,0.0021995600879824036,True
neutron,top,angular_close_deg,10.0,2009,118,0.0587356893977103,87.4613699019222,0.13697499402135804,179.64428040942335,False,True,0.003199360127974405,True
Lambda,Sigma_plus,angular_close_deg,10.0,2009,12,0.005973120955699353,123.17734554886657,0.6707182230644548,179.9645710058328,True,True,0.020195960807838434,True
Lambda,Xi_minus,angular_close_deg,10.0,2009,1,0.0004977600796416127,40.58930482680815,1.2028540265794163,178.94757108505786,True,True,0.027194561087782444,True
Lambda,Omega_minus,angular_close_deg,10.0,2009,3,0.0014932802389248383,91.82928905944986,0.2797113570369447,179.9581629175347,True,True,0.020395920815836834,True
Lambda,Delta_1232,angular_close_deg,10.0,2009,91,0.04529616724738676,90.45627278046055,0.01034503174736301,179.95779065793215,True,False,0.003199360127974405,True
Lambda,pi0,angular_close_deg,10.0,2009,93,0.04629168740666999,99.54820614772767,0.08319783028878192,179.98112955139516,False,False,0.0027994401119776045,True
Lambda,pi_plus,angular_close_deg,10.0,2009,79,0.039323046291687404,84.82590843789335,0.11070772619083868,179.73747777576818,False,True,0.0061987602479504095,True
Lambda,K_plus,angular_close_deg,10.0,2009,160,0.07964161274265803,59.326538576739594,0.0414979955799879,179.97618144682735,False,True,0.004799040191961607,True
Lambda,K_short,angular_close_deg,10.0,2009,33,0.01642608262817322,134.54894699020005,0.1955988778555593,179.99599141117335,False,True,0.020795840831833633,True
Lambda,K_long,angular_close_deg,10.0,2009,34,0.016923842707814832,99.55783242319698,0.18168587892915866,179.93164812487817,False,True,0.004599080183963208,True
Lambda,eta,angular_close_deg,10.0,2009,100,0.049776007964161276,97.98618139698247,0.08873308607803665,179.93912715886967,False,False,0.004799040191961607,True
Lambda,rho_770,angular_close_deg,10.0,2009,93,0.04629168740666999,94.71919373535292,0.08678865977555006,179.96899617307497,False,False,0.004199160167966407,True
Lambda,omega_782,angular_close_deg,10.0,2009,106,0.05276256844201095,92.18785681794861,0.18632534638521747,179.9093579005921,False,False,0.002999400119976005,True
Lambda,phi_1020,angular_close_deg,10.0,2009,92,0.045793927327028375,95.91811609611675,0.08879906136698423,179.8907062129905,False,False,0.004399120175964807,True
Lambda,D0,angular_close_deg,10.0,2009,88,0.043802887008461924,98.76845641454179,0.010693593473092733,179.82943498844918,False,True,0.003799240151969606,True
Lambda,D_plus,angular_close_deg,10.0,2009,48,0.023892483822797413,115.71756547426305,0.1787064800575422,179.95675104175234,False,True,0.004999000199960008,True
Lambda,Ds_plus,angular_close_deg,10.0,2009,73,0.03633648581383773,109.90431790927582,0.16107981377416536,179.9965499054255,False,True,0.002999400119976005,True
Lambda,J_psi,angular_close_deg,10.0,2009,151,0.07516177202588352,86.80097822758539,0.023151225367030293,179.96488128920055,False,False,0.003999200159968006,True
Lambda,B_plus,angular_close_deg,10.0,2009,288,0.14335490293678446,54.53043549773653,0.007739551162501357,179.8700365251176,False,True,0.006998600279944011,True
Lambda,B0,angular_close_deg,10.0,2009,320,0.15928322548531607,55.723346359207625,0.008282681043453977,179.89855402306853,False,True,0.003999200159968006,True
Lambda,Bs0,angular_close_deg,10.0,2009,312,0.15530114484818316,55.41496684186122,0.011799194177228856,179.7497723976865,False,True,0.005398920215956809,True
Lambda,Upsilon_1S,angular_close_deg,10.0,2009,113,0.05624688899950224,89.2993501405761,0.041906939661657816,179.99585667945064,False,False,0.002599480103979204,True
Lambda,W,angular_close_deg,10.0,2009,117,0.05823792931806869,85.05951923681383,0.009174059921519984,179.94298119866926,False,True,0.004599080183963208,True
Lambda,Z,angular_close_deg,10.0,2009,118,0.0587356893977103,84.77444098956047,0.1295303273544448,179.93148809965635,False,True,0.003599280143971206,True
Lambda,Higgs,angular_close_deg,10.0,2009,138,0.06869089099054256,88.0781987156174,0.1093518876618873,179.87873373416812,False,False,0.002999400119976005,True
Lambda,top,angular_close_deg,10.0,2009,110,0.0547536087605774,91.68499973889354,0.06739665539072348,179.91035701999488,False,True,0.004599080183963208,True
Sigma_plus,Xi_minus,angular_close_deg,10.0,2009,5,0.0024888003982080635,98.25353091385075,0.4888625044793571,179.9250258652262,True,True,0.021395720855828835,True
Sigma_plus,Omega_minus,angular_close_deg,10.0,2009,2,0.0009955201592832255,48.68942313380064,0.22379816982265766,179.3235395769682,True,True,0.021195760847830435,True
Sigma_plus,Delta_1232,angular_close_deg,10.0,2009,121,0.06022896963663514,84.39333044989104,0.07897112269478157,179.87056864522515,True,False,0.004799040191961607,True
Sigma_plus,pi0,angular_close_deg,10.0,2009,68,0.033847685415629665,93.18474861938657,0.045346343449523374,179.97693836556493,False,False,0.003799240151969606,True
Sigma_plus,pi_plus,angular_close_deg,10.0,2009,339,0.16874066699850673,56.74608281933905,0.02704550345339385,179.8389470690188,False,True,0.002999400119976005,True
Sigma_plus,K_plus,angular_close_deg,10.0,2009,31,0.015430562468889995,84.26443231925295,0.23645251107814147,179.9580320827754,False,True,0.005398920215956809,True
Sigma_plus,K_short,angular_close_deg,10.0,2009,5,0.0024888003982080635,92.47644968400434,2.5758498474468183,179.68851985244643,False,True,0.026194761047790442,True
Sigma_plus,K_long,angular_close_deg,10.0,2009,70,0.03484320557491289,112.95573781583519,0.05015345433997709,179.9865000846557,False,True,0.003199360127974405,True
Sigma_plus,eta,angular_close_deg,10.0,2009,80,0.039820806371329016,90.2868107160174,0.014997013536287795,179.8366477716113,False,False,0.002999400119976005,True
Sigma_plus,rho_770,angular_close_deg,10.0,2009,140,0.06968641114982578,85.9924944118011,0.16417722383232558,179.87651607700553,False,False,0.003599280143971206,True
Sigma_plus,omega_782,angular_close_deg,10.0,2009,88,0.043802887008461924,95.51420092075918,0.1441734188887267,179.988166137276,False,False,0.0023995200959808036,True
Sigma_plus,phi_1020,angular_close_deg,10.0,2009,146,0.07267297162767546,86.1865424143968,0.021769852357834907,179.9378064549311,False,False,0.004199160167966407,True
Sigma_plus,D0,angular_close_deg,10.0,2009,41,0.02040816326530612,111.86702606772549,0.10223814149134114,179.98809316272002,False,True,0.004399120175964807,True
Sigma_plus,D_plus,angular_close_deg,10.0,2009,250,0.12444001991040318,68.43745847575619,0.02092830075002894,179.93684752319166,False,True,0.004799040191961607,True
Sigma_plus,Ds_plus,angular_close_deg,10.0,2009,38,0.018914883026381283,103.9272108263066,0.32266924893789906,179.92530744634877,False,True,0.005598880223955209,True
Sigma_plus,J_psi,angular_close_deg,10.0,2009,120,0.05973120955699353,83.76071243758183,0.05664247058126648,179.9944090981793,False,False,0.003199360127974405,True
Sigma_plus,B_plus,angular_close_deg,10.0,2009,69,0.03434544549527128,92.81049561367924,0.14198836439021534,179.65294106984345,False,True,0.007598480303939212,True
Sigma_plus,B0,angular_close_deg,10.0,2009,77,0.03832752613240418,87.69649235631498,0.12673876182003596,179.46051362454767,False,True,0.004799040191961607,True
Sigma_plus,Bs0,angular_close_deg,10.0,2009,73,0.03633648581383773,88.70990366139331,0.010524353014034205,179.94963359232315,False,True,0.003599280143971206,True
Sigma_plus,Upsilon_1S,angular_close_deg,10.0,2009,90,0.04479840716774515,98.31674554287507,0.009813115822652207,179.94416509453146,False,False,0.0023995200959808036,True
Sigma_plus,W,angular_close_deg,10.0,2009,102,0.0507715281234445,94.42995314193065,0.09371181003822926,179.92408693465745,False,True,0.0015996800639872025,True
Sigma_plus,Z,angular_close_deg,10.0,2009,106,0.05276256844201095,93.96596660887707,0.1998411955092365,179.94180974541212,False,True,0.004999000199960008,True
Sigma_plus,Higgs,angular_close_deg,10.0,2009,125,0.06222000995520159,83.39283628183435,0.018007943026191242,179.8381550422041,False,False,0.004399120175964807,True
Sigma_plus,top,angular_close_deg,10.0,2009,93,0.04629168740666999,95.85017434174732,0.2666150037447892,179.86747220139068,False,True,0.003199360127974405,True
Xi_minus,Omega_minus,angular_close_deg,10.0,2009,2,0.0009955201592832255,59.59799936927789,5.8686747163420705,179.70122769540353,True,True,0.020595880823835233,True
Xi_minus,Delta_1232,angular_close_deg,10.0,2009,141,0.07018417122946739,87.2323410511634,0.0575483808250965,179.911196675837,True,False,0.005598880223955209,True
Xi_minus,pi0,angular_close_deg,10.0,2009,84,0.041811846689895474,100.04016285240009,0.09271822973579447,179.97358227687351,False,False,0.0033993201359728054,True
Xi_minus,pi_plus,angular_close_deg,10.0,2009,118,0.0587356893977103,67.96399063109081,0.017585803169538394,179.73035178570456,False,True,0.005598880223955209,True
Xi_minus,K_plus,angular_close_deg,10.0,2009,232,0.11548033847685416,53.656848561094115,0.043418978168347167,179.6977407122763,False,True,0.003999200159968006,True
Xi_minus,K_short,angular_close_deg,10.0,2009,22,0.010950721752115481,142.63442104610743,0.004306767470040995,179.99162832025445,False,True,0.023395320935812838,True
Xi_minus,K_long,angular_close_deg,10.0,2009,41,0.02040816326530612,110.19409195942535,0.062332595437197824,179.93775630754698,False,True,0.0027994401119776045,True
Xi_minus,eta,angular_close_deg,10.0,2009,87,0.04330512692882031,98.13155271381667,0.08296841865222859,179.91659513392847,False,False,0.0007998400319936012,True
Xi_minus,rho_770,angular_close_deg,10.0,2009,90,0.04479840716774515,93.66132049462223,0.020466317462933148,179.88880798045847,False,False,0.004999000199960008,True
Xi_minus,omega_782,angular_close_deg,10.0,2009,101,0.05027376804380289,94.93595108149664,0.19140562132992045,179.89855680395786,False,False,0.004199160167966407,True
Xi_minus,phi_1020,angular_close_deg,10.0,2009,91,0.04529616724738676,94.29242368862332,0.16874254967757452,179.98166827872467,False,False,0.0033993201359728054,True
Xi_minus,D0,angular_close_deg,10.0,2009,73,0.03633648581383773,111.25671214972374,0.036186647728243315,179.9960358633139,False,True,0.002599480103979204,True
Xi_minus,D_plus,angular_close_deg,10.0,2009,40,0.019910403185664508,108.79741092207382,0.22928086973530526,179.91988316501107,False,True,0.005598880223955209,True
Xi_minus,Ds_plus,angular_close_deg,10.0,2009,61,0.030363364858138377,116.56816044484232,0.0606161186281895,179.97848361865488,False,True,0.003799240151969606,True
Xi_minus,J_psi,angular_close_deg,10.0,2009,140,0.06968641114982578,83.68225694309992,0.07277363429437855,179.94784454711106,False,False,0.001799640071985603,True
Xi_minus,B_plus,angular_close_deg,10.0,2009,200,0.09955201592832255,55.162070289718194,0.001148957812745266,179.67424154792303,False,True,0.0057988402319536095,True
Xi_minus,B0,angular_close_deg,10.0,2009,219,0.10900945744151319,54.014005752215354,0.022413745832750465,179.95991402659212,False,True,0.005398920215956809,True
Xi_minus,Bs0,angular_close_deg,10.0,2009,216,0.10751617720258835,54.19378925014091,0.049114462873006914,179.93851684930388,False,True,0.004999000199960008,True
Xi_minus,Upsilon_1S,angular_close_deg,10.0,2009,107,0.053260328521652564,93.78405643325861,0.06366099940834147,179.99869672670752,False,False,0.004399120175964807,True
Xi_minus,W,angular_close_deg,10.0,2009,117,0.05823792931806869,86.30181071707561,0.07743032293899432,179.87294270832194,False,True,0.0033993201359728054,True
Xi_minus,Z,angular_close_deg,10.0,2009,120,0.05973120955699353,86.30986167521772,0.17676128776571431,179.93088483609944,False,True,0.0023995200959808036,True
Xi_minus,Higgs,angular_close_deg,10.0,2009,145,0.07217521154803384,84.31769399882823,0.043110111240650895,179.98324608555413,False,False,0.003199360127974405,True
Xi_minus,top,angular_close_deg,10.0,2009,101,0.05027376804380289,94.30655356749695,0.05672710690555505,179.99857569154898,False,True,0.003799240151969606,True
Omega_minus,Delta_1232,angular_close_deg,10.0,2009,126,0.0627177700348432,84.78825274016563,0.14382632866130507,179.9318952586113,True,False,0.0021995600879824036,True
Omega_minus,pi0,angular_close_deg,10.0,2009,76,0.037829766052762566,98.0342496426292,0.10207657863992381,179.92954255897513,False,False,0.001999600079984003,True
Omega_minus,pi_plus,angular_close_deg,10.0,2009,215,0.10701841712294674,54.28408738247802,0.019608091835010555,179.72681446193113,False,True,0.004599080183963208,True
Omega_minus,K_plus,angular_close_deg,10.0,2009,408,0.203086112493778,62.75071164059205,0.007958667318121115,179.89398443725986,False,True,0.007598480303939212,True
Omega_minus,K_short,angular_close_deg,10.0,2009,10,0.004977600796416127,123.64216825102449,0.2028045381499055,179.97201860035017,False,True,0.01859628074385123,True
Omega_minus,K_long,angular_close_deg,10.0,2009,56,0.027874564459930314,117.4560383178462,0.0015568841908475406,179.97201093690978,False,True,0.003599280143971206,True
Omega_minus,eta,angular_close_deg,10.0,2009,83,0.041314086610253854,94.91497736231732,0.0057591037000293,179.87945009562725,False,False,0.003799240151969606,True
Omega_minus,rho_770,angular_close_deg,10.0,2009,107,0.053260328521652564,89.76028443963776,0.0003048843079227481,179.88866381836954,False,False,0.004599080183963208,True
Omega_minus,omega_782,angular_close_deg,10.0,2009,98,0.04878048780487805,95.93821308056785,0.2449486641802423,179.94987877370937,False,False,0.004999000199960008,True
Omega_minus,phi_1020,angular_close_deg,10.0,2009,81,0.04031856645097063,90.65958007203048,0.020288004528197234,179.8361721800911,False,False,0.003599280143971206,True
Omega_minus,D0,angular_close_deg,10.0,2009,55,0.0273768043802887,117.51925722996934,0.2081818920586329,179.98845579481815,False,True,0.004399120175964807,True
Omega_minus,D_plus,angular_close_deg,10.0,2009,29,0.01443504230960677,89.9861269386332,0.22911390229702988,179.95495475565968,False,True,0.004799040191961607,True
Omega_minus,Ds_plus,angular_close_deg,10.0,2009,46,0.022896963663514187,114.30755210446142,0.06536086366281779,179.99776278290108,False,True,0.0057988402319536095,True
Omega_minus,J_psi,angular_close_deg,10.0,2009,129,0.06421105027376804,82.4678804694842,0.16138974585351207,179.97583633852747,False,False,0.0033993201359728054,True
Omega_minus,B_plus,angular_close_deg,10.0,2009,112,0.05574912891986063,70.70005286194872,0.05174837922524489,179.5709785264716,False,True,0.00639872025594881,True
Omega_minus,B0,angular_close_deg,10.0,2009,122,0.06072672971627675,66.89875835883618,0.017314173784939157,179.79731164058074,False,True,0.005198960207958408,True
Omega_minus,Bs0,angular_close_deg,10.0,2009,119,0.059233449477351915,67.67005221586896,0.025880401270370612,179.8265682378542,False,True,0.004199160167966407,True
Omega_minus,Upsilon_1S,angular_close_deg,10.0,2009,94,0.0467894474863116,97.62313565362497,0.20365111712783346,179.9986293168289,False,False,0.003199360127974405,True
Omega_minus,W,angular_close_deg,10.0,2009,105,0.05226480836236934,91.10134754816553,0.2120109576869993,179.95750032613876,False,True,0.004599080183963208,True
Omega_minus,Z,angular_close_deg,10.0,2009,108,0.05375808860129418,90.56260844029998,0.0802393438862623,179.74524168755204,False,True,0.003199360127974405,True
Omega_minus,Higgs,angular_close_deg,10.0,2009,135,0.06719761075161772,82.18242487698053,0.028929564647370398,179.97254497555616,False,False,0.003999200159968006,True
Omega_minus,top,angular_close_deg,10.0,2009,96,0.047784967645594825,96.09021955308461,0.03607062093976765,179.9420683797901,False,True,0.002999400119976005,True
Delta_1232,pi0,angular_close_deg,10.0,2009,123,0.061224489795918366,81.61200057163543,0.052956393237309385,179.9326451836671,False,False,0.0023995200959808036,True
Delta_1232,pi_plus,angular_close_deg,10.0,2009,116,0.05774016923842708,86.07074678408206,0.2095861462609605,179.97057574071653,False,False,0.001799640071985603,True
Delta_1232,K_plus,angular_close_deg,10.0,2009,128,0.06371329019412643,85.158554250595,0.0775379807089962,179.96699545185513,False,False,0.0021995600879824036,True
Delta_1232,K_short,angular_close_deg,10.0,2009,112,0.05574912891986063,89.15364301769563,0.17517505924649868,179.98602743023469,False,False,0.0033993201359728054,True
Delta_1232,K_long,angular_close_deg,10.0,2009,96,0.047784967645594825,94.53701669154502,0.01821477819106576,179.830540001464,False,False,0.001799640071985603,True
Delta_1232,eta,angular_close_deg,10.0,2009,134,0.0666998506719761,77.35667932782022,0.033083032826510816,179.91043667134142,False,False,0.002599480103979204,True
Delta_1232,rho_770,angular_close_deg,10.0,2009,6,0.0029865604778496766,86.56173812314796,1.2147654891813318,179.7339237504068,False,True,0.0057988402319536095,True
Delta_1232,omega_782,angular_close_deg,10.0,2009,51,0.02538576406172225,110.01960042310303,0.00810665160474855,179.27897251152672,False,True,0.0057988402319536095,True
Delta_1232,phi_1020,angular_close_deg,10.0,2009,180,0.0895968143354903,56.865282200446536,0.005721504121936505,179.8352523671851,False,True,0.00599880023995201,True
Delta_1232,D0,angular_close_deg,10.0,2009,108,0.05375808860129418,90.94375575806873,0.08737507397395916,179.9407664212116,False,False,0.0027994401119776045,True
Delta_1232,D_plus,angular_close_deg,10.0,2009,128,0.06371329019412643,83.8612703752542,0.07148142476626163,179.9989090553937,False,False,0.002999400119976005,True
Delta_1232,Ds_plus,angular_close_deg,10.0,2009,116,0.05774016923842708,87.90629372242545,0.047842784042643416,179.93853954773658,False,False,0.0033993201359728054,True
Delta_1232,J_psi,angular_close_deg,10.0,2009,55,0.0273768043802887,90.55806137126835,0.06603903249765608,179.9572086504637,False,False,0.004399120175964807,True
Delta_1232,B_plus,angular_close_deg,10.0,2009,88,0.043802887008461924,93.82363887394361,0.015547426448904389,179.7932569751398,False,False,0.004599080183963208,True
Delta_1232,B0,angular_close_deg,10.0,2009,87,0.04330512692882031,93.0513135528683,0.14070887866819248,179.83256221178272,False,False,0.004399120175964807,True
Delta_1232,Bs0,angular_close_deg,10.0,2009,90,0.04479840716774515,93.23595410173333,0.12150280750540787,179.98291281984166,False,False,0.0027994401119776045,True
Delta_1232,Upsilon_1S,angular_close_deg,10.0,2009,96,0.047784967645594825,97.58439971649862,0.05549795442348682,179.99052891290734,False,False,0.0033993201359728054,True
Delta_1232,W,angular_close_deg,10.0,2009,15,0.007466401194624191,134.35346952451943,0.6111657924186034,179.98952548273297,False,False,0.01739652069586083,True
Delta_1232,Z,angular_close_deg,10.0,2009,12,0.005973120955699353,131.51390991907596,0.44578324420459126,179.9407654231345,False,False,0.016596680663867228,True
Delta_1232,Higgs,angular_close_deg,10.0,2009,47,0.0233947237431558,87.64107369750529,0.16174785241645395,179.92931613888902,False,False,0.004999000199960008,True
Delta_1232,top,angular_close_deg,10.0,2009,45,0.022399203583872575,115.33446865533034,0.026881104946880896,179.6682150093127,False,False,0.004399120175964807,True
pi0,pi_plus,angular_close_deg,10.0,2009,112,0.05574912891986063,88.7458700229954,0.13386286864869135,179.9821435818431,True,False,0.00599880023995201,True
pi0,K_plus,angular_close_deg,10.0,2009,85,0.042309606769537086,95.89073338147684,0.09338431374231959,179.8525606875054,True,False,0.0027994401119776045,True
pi0,K_short,angular_close_deg,10.0,2009,162,0.08063713290194126,80.27895225398713,0.010981473157357868,179.9561421821179,True,False,0.0033993201359728054,True
pi0,K_long,angular_close_deg,10.0,2009,115,0.057242409158785465,91.14599986684738,0.0966111655978068,179.9789758235247,True,False,0.0021995600879824036,True
pi0,eta,angular_close_deg,10.0,2009,375,0.1866600298656048,59.70437124524327,0.023340350009675603,179.93324895943113,True,True,0.005598880223955209,True
pi0,rho_770,angular_close_deg,10.0,2009,152,0.07565953210552513,79.25597938352846,0.101282785772014,179.86918046526466,True,False,0.002599480103979204,True
pi0,omega_782,angular_close_deg,10.0,2009,65,0.03235440517670483,95.69747078391998,0.1933271128227716,179.96006657022474,True,False,0.0007998400319936012,True
pi0,phi_1020,angular_close_deg,10.0,2009,169,0.08412145345943256,75.7143221988238,0.007884508586698757,179.8642983289634,True,False,0.002999400119976005,True
pi0,D0,angular_close_deg,10.0,2009,165,0.0821304131408661,75.17893856968713,0.0696752561543974,179.98668289745513,True,False,0.003799240151969606,True
pi0,D_plus,angular_close_deg,10.0,2009,64,0.031856645097063215,93.32411695332999,0.17032606249824767,179.97387093293287,True,False,0.004399120175964807,True
pi0,Ds_plus,angular_close_deg,10.0,2009,181,0.09009457441513191,77.94120437351766,0.021810511263083754,179.94746670352225,True,False,0.004399120175964807,True
pi0,J_psi,angular_close_deg,10.0,2009,111,0.055251368840219015,85.39345904815858,0.0010462362344583198,179.82808878746187,True,False,0.0023995200959808036,True
pi0,B_plus,angular_close_deg,10.0,2009,96,0.047784967645594825,96.65385519313133,0.11154670948587864,179.91876505873586,True,False,0.005198960207958408,True
pi0,B0,angular_close_deg,10.0,2009,99,0.04927824788451966,98.07138181490208,0.04274332457035257,179.99987207034087,True,False,0.003799240151969606,True
pi0,Bs0,angular_close_deg,10.0,2009,99,0.04927824788451966,97.80708781336033,0.008887021208522583,179.9974666867218,True,False,0.004399120175964807,True
pi0,Upsilon_1S,angular_close_deg,10.0,2009,42,0.020905923344947737,104.64063682764086,0.20273742664923589,179.90116359326493,True,False,0.002999400119976005,True
pi0,W,angular_close_deg,10.0,2009,86,0.0428073668491787,102.54246243264025,0.07811974123472964,179.9202467042411,False,False,0.003999200159968006,True
pi0,Z,angular_close_deg,10.0,2009,86,0.0428073668491787,102.4399136490993,0.0385806169864793,179.98953641114372,False,False,0.003199360127974405,True
pi0,Higgs,angular_close_deg,10.0,2009,110,0.0547536087605774,82.44861198540286,0.028784920080966003,179.7367267734857,False,False,0.003199360127974405,True
pi0,top,angular_close_deg,10.0,2009,67,0.03334992533598805,96.81714140812808,0.04874269479637405,179.97641175811117,False,False,0.002999400119976005,True
pi_plus,K_plus,angular_close_deg,10.0,2009,3,0.0014932802389248383,66.92275352636149,1.4899418903075912,179.6199806790824,True,True,0.004399120175964807,True
pi_plus,K_short,angular_close_deg,10.0,2009,32,0.015928322548531607,96.53261185121053,0.2156173957005194,179.96268483002717,True,True,0.002999400119976005,True
pi_plus,K_long,angular_close_deg,10.0,2009,36,0.017919362867098058,129.4346850465104,0.09429826642929129,179.99502538994807,True,True,0.007798440311937612,True
pi_plus,eta,angular_close_deg,10.0,2009,148,0.07366849178695868,86.69612672453624,0.11328011025898377,179.97967742464465,True,False,0.004199160167966407,True
pi_plus,rho_770,angular_close_deg,10.0,2009,132,0.06570433051269288,85.08824031936273,0.0271485815703727,179.94132375402054,True,False,0.002999400119976005,True
pi_plus,omega_782,angular_close_deg,10.0,2009,90,0.04479840716774515,93.25283690975913,0.10044839534293715,179.97746582623037,True,False,0.004399120175964807,True
pi_plus,phi_1020,angular_close_deg,10.0,2009,130,0.06470881035340965,85.18913744371982,0.08050664924340367,179.9319749503971,True,False,0.003799240151969606,True
pi_plus,D0,angular_close_deg,10.0,2009,55,0.0273768043802887,101.72241787698184,0.2036458925856266,179.9255931036546,True,True,0.0033993201359728054,True
pi_plus,D_plus,angular_close_deg,10.0,2009,227,0.11299153807864609,72.9581739048908,0.046278133989574144,179.9799991331697,True,True,0.003999200159968006,True
pi_plus,Ds_plus,angular_close_deg,10.0,2009,53,0.026381284221005476,95.39573456517884,0.0947286803290126,179.87847862206326,True,True,0.0033993201359728054,True
pi_plus,J_psi,angular_close_deg,10.0,2009,115,0.057242409158785465,86.52905430072309,0.013321203806924586,179.94968171660264,True,False,0.0021995600879824036,True
pi_plus,B_plus,angular_close_deg,10.0,2009,92,0.045793927327028375,94.2616110448744,0.14143221983707122,179.86423828329106,True,True,0.0021995600879824036,True
pi_plus,B0,angular_close_deg,10.0,2009,96,0.047784967645594825,91.19327930676418,0.05881393348659003,179.93454902803046,True,True,0.0027994401119776045,True
pi_plus,Bs0,angular_close_deg,10.0,2009,93,0.04629168740666999,91.83554924835985,0.08551047357423158,179.9995405619764,True,True,0.002599480103979204,True
pi_plus,Upsilon_1S,angular_close_deg,10.0,2009,94,0.0467894474863116,95.9050249610635,0.09853290870452724,179.8267307566117,True,False,0.0033993201359728054,True
pi_plus,W,angular_close_deg,10.0,2009,110,0.0547536087605774,95.05729566353277,0.14846571907810358,179.98559108559095,False,True,0.003199360127974405,True
pi_plus,Z,angular_close_deg,10.0,2009,105,0.05226480836236934,94.82268813611948,0.03221350408358603,179.96753877748128,False,True,0.002999400119976005,True
pi_plus,Higgs,angular_close_deg,10.0,2009,119,0.059233449477351915,85.50989429387788,0.1437091099051031,179.9015461684467,False,False,0.0023995200959808036,True
pi_plus,top,angular_close_deg,10.0,2009,95,0.04728720756595321,93.71566736517902,0.010872788057895377,179.845625669838,False,True,0.002599480103979204,True
K_plus,K_short,angular_close_deg,10.0,2009,47,0.0233947237431558,114.01214193443641,0.24308659555927647,179.946693659019,True,True,0.006998600279944011,True
K_plus,K_long,angular_close_deg,10.0,2009,16,0.007964161274265804,139.45334984533207,0.7004622784329229,179.962563292788,True,True,0.021595680863827234,True
K_plus,eta,angular_close_deg,10.0,2009,84,0.041811846689895474,93.30430955898633,0.024477321157462484,179.9347932989504,True,False,0.00599880023995201,True
K_plus,rho_770,angular_close_deg,10.0,2009,134,0.0666998506719761,88.70010470153107,0.02068659898890246,179.88165375105334,True,False,0.004199160167966407,True
K_plus,omega_782,angular_close_deg,10.0,2009,99,0.04927824788451966,95.20672780894337,0.09350993556648746,179.9937078905961,True,False,0.003599280143971206,True
K_plus,phi_1020,angular_close_deg,10.0,2009,114,0.05674464907914385,89.23322440184002,0.1667080178376068,179.96360542799044,True,False,0.005598880223955209,True
K_plus,D0,angular_close_deg,10.0,2009,71,0.0353409656545545,107.72281051362276,0.0801947309966522,179.92533370945148,True,True,0.004599080183963208,True
K_plus,D_plus,angular_close_deg,10.0,2009,54,0.02687904430064709,90.41316788332789,0.16000651759134144,179.97936253002132,True,True,0.0033993201359728054,True
K_plus,Ds_plus,angular_close_deg,10.0,2009,64,0.031856645097063215,105.964751018844,0.08708656949238502,179.9782172995125,True,True,0.003799240151969606,True
K_plus,J_psi,angular_close_deg,10.0,2009,127,0.06321553011448482,83.88160732144709,0.026222348704408205,179.97491373837153,True,False,0.003599280143971206,True
K_plus,B_plus,angular_close_deg,10.0,2009,126,0.0627177700348432,75.93773316958446,0.03279156113430304,179.94514550468335,True,True,0.001999600079984003,True
K_plus,B0,angular_close_deg,10.0,2009,129,0.06421105027376804,74.02144372287881,0.07699103706508481,179.71537966319892,True,True,0.002599480103979204,True
K_plus,Bs0,angular_close_deg,10.0,2009,132,0.06570433051269288,74.38013363045303,0.08902302160976205,179.9162679104993,True,True,0.0027994401119776045,True
K_plus,Upsilon_1S,angular_close_deg,10.0,2009,93,0.04629168740666999,96.93411829755597,0.12122841254273453,179.96176934845198,True,False,0.0027994401119776045,True
K_plus,W,angular_close_deg,10.0,2009,108,0.05375808860129418,92.0547033361544,0.03288642351157023,179.97790471256246,False,True,0.004999000199960008,True
K_plus,Z,angular_close_deg,10.0,2009,106,0.05276256844201095,91.68132073310339,0.24182216634619635,179.9152697619586,False,True,0.003999200159968006,True
K_plus,Higgs,angular_close_deg,10.0,2009,131,0.06520657043305127,83.4995398482689,0.16311347556978717,179.93602023461227,False,False,0.0027994401119776045,True
K_plus,top,angular_close_deg,10.0,2009,106,0.05276256844201095,95.32180362169576,0.09976768363770816,179.86958633568014,False,True,0.002999400119976005,True
K_short,K_long,angular_close_deg,10.0,2009,110,0.0547536087605774,82.26832036662928,0.001085471390837256,179.88632109353898,True,True,0.0057988402319536095,True
K_short,eta,angular_close_deg,10.0,2009,140,0.06968641114982578,81.27269283834617,0.048876115708935686,179.92905633774672,True,False,0.004199160167966407,True
K_short,rho_770,angular_close_deg,10.0,2009,124,0.06172224987555998,84.38761132612049,0.04287181313677024,179.90738165177686,True,False,0.002599480103979204,True
K_short,omega_782,angular_close_deg,10.0,2009,133,0.06620209059233449,87.85763872329917,0.01646772906667593,179.9539988963918,True,False,0.003999200159968006,True
K_short,phi_1020,angular_close_deg,10.0,2009,126,0.0627177700348432,83.82797726060662,0.1602062245545426,179.9733888969816,True,False,0.004599080183963208,True
K_short,D0,angular_close_deg,10.0,2009,26,0.012941762070681932,78.86539170900063,0.024095882968282467,179.91561126757432,True,True,0.002999400119976005,True
K_short,D_plus,angular_close_deg,10.0,2009,180,0.0895968143354903,56.691067768337376,0.017509707892884308,179.84986233538064,True,True,0.005598880223955209,True
K_short,Ds_plus,angular_close_deg,10.0,2009,399,0.1986062717770035,63.43258252466162,0.004707598023742321,179.8574739702147,True,True,0.005198960207958408,True
K_short,J_psi,angular_close_deg,10.0,2009,101,0.05027376804380289,92.79877196300511,0.027078270586002873,179.99125612754165,True,False,0.002999400119976005,True
K_short,B_plus,angular_close_deg,10.0,2009,23,0.011448481831757094,142.66240357853388,0.10217588400834643,179.98524022193334,True,True,0.003799240151969606,True
K_short,B0,angular_close_deg,10.0,2009,24,0.011946241911398706,141.7498928530396,0.2547733309646105,179.9808698023142,True,True,0.004999000199960008,True
K_short,Bs0,angular_close_deg,10.0,2009,24,0.011946241911398706,142.04063063694898,0.15852344754634373,179.9873987362472,True,True,0.002999400119976005,True
K_short,Upsilon_1S,angular_close_deg,10.0,2009,83,0.041314086610253854,91.89469920148709,0.20396877182849948,179.82791400698108,True,False,0.004399120175964807,True
K_short,W,angular_close_deg,10.0,2009,91,0.04529616724738676,95.9480890182776,0.2040483382864693,179.8935567220457,False,True,0.004399120175964807,True
K_short,Z,angular_close_deg,10.0,2009,94,0.0467894474863116,95.91023683035853,0.08802306131872228,179.95011270221016,False,True,0.003799240151969606,True
K_short,Higgs,angular_close_deg,10.0,2009,113,0.05624688899950224,91.22772021919452,0.014136359162307599,179.96925804476638,False,False,0.004799040191961607,True
K_short,top,angular_close_deg,10.0,2009,113,0.05624688899950224,88.9032818487367,0.0602665728173406,179.97034394148523,False,True,0.003599280143971206,True
K_long,eta,angular_close_deg,10.0,2009,103,0.051269288203086114,93.31393688669223,0.010170088917902831,179.99613975768636,True,False,0.003999200159968006,True
K_long,rho_770,angular_close_deg,10.0,2009,101,0.05027376804380289,94.47975249654806,0.03128719310905126,179.97399233276775,True,False,0.002999400119976005,True
K_long,omega_782,angular_close_deg,10.0,2009,115,0.057242409158785465,87.09595884572965,0.1689844796293869,179.8366669476829,True,False,0.005398920215956809,True
K_long,phi_1020,angular_close_deg,10.0,2009,103,0.051269288203086114,94.7507096318193,0.04847448697449863,179.94494843050967,True,False,0.004199160167966407,True
K_long,D0,angular_close_deg,10.0,2009,128,0.06371329019412643,79.52626784420441,0.08238941252531617,179.8474613654227,True,True,0.002999400119976005,True
K_long,D_plus,angular_close_deg,10.0,2009,90,0.04479840716774515,103.31434303486648,0.05645711191220926,179.9842137651287,True,True,0.003599280143971206,True
K_long,Ds_plus,angular_close_deg,10.0,2009,112,0.05574912891986063,84.91826444152815,0.028847123324311497,179.94877967837238,True,True,0.004199160167966407,True
K_long,J_psi,angular_close_deg,10.0,2009,87,0.04330512692882031,93.0529903956243,0.157448611706684,179.8186121750008,True,False,0.001999600079984003,True
K_long,B_plus,angular_close_deg,10.0,2009,49,0.024390243902439025,88.08505072735674,0.049746512374383656,179.93114117532832,True,True,0.0027994401119776045,True
K_long,B0,angular_close_deg,10.0,2009,55,0.0273768043802887,90.56295806011049,0.0852619285842593,179.97322598947773,True,True,0.0023995200959808036,True
K_long,Bs0,angular_close_deg,10.0,2009,51,0.02538576406172225,90.04956291707512,0.013865434823316036,179.88082173891166,True,True,0.001999600079984003,True
K_long,Upsilon_1S,angular_close_deg,10.0,2009,123,0.061224489795918366,84.4187832927533,0.006081998691854551,179.9527219031571,True,False,0.002999400119976005,True
K_long,W,angular_close_deg,10.0,2009,134,0.0666998506719761,85.22859666673328,0.13695364726629577,179.99077441240036,False,True,0.005198960207958408,True
K_long,Z,angular_close_deg,10.0,2009,131,0.06520657043305127,85.10063421830621,0.013525311275799368,179.9399621397789,False,True,0.004799040191961607,True
K_long,Higgs,angular_close_deg,10.0,2009,83,0.041314086610253854,93.90279092386491,0.05544137953478412,179.8163448354564,False,False,0.003199360127974405,True
K_long,top,angular_close_deg,10.0,2009,116,0.05774016923842708,86.74271721613331,0.01256884432325478,179.8548689721468,False,True,0.004199160167966407,True
eta,rho_770,angular_close_deg,10.0,2009,173,0.08611249377799901,76.86575624329927,0.023404064519354506,179.90624636586466,True,False,0.004399120175964807,True
eta,omega_782,angular_close_deg,10.0,2009,57,0.028372324539571926,100.64240244277042,0.03551007181164323,179.92638400953768,True,False,0.0023995200959808036,True
eta,phi_1020,angular_close_deg,10.0,2009,212,0.1055251368840219,71.48978831275325,0.023271988482747474,179.9350834389723,True,False,0.0033993201359728054,True
eta,D0,angular_close_deg,10.0,2009,146,0.07267297162767546,78.46543430809612,0.04589145502120573,179.86231479265484,True,False,0.004199160167966407,True
eta,D_plus,angular_close_deg,10.0,2009,74,0.03683424589347934,89.61821786474981,0.18470947314543196,179.9663158380526,True,False,0.003199360127974405,True
eta,Ds_plus,angular_close_deg,10.0,2009,154,0.07665505226480836,79.5922310076447,0.021897661884878517,179.9819737769419,True,False,0.003999200159968006,True
eta,J_psi,angular_close_deg,10.0,2009,81,0.04031856645097063,84.32556655512272,0.09412298519976048,179.97866328253485,True,False,0.004199160167966407,True
eta,B_plus,angular_close_deg,10.0,2009,100,0.049776007964161276,97.2095935058117,0.10645870002747415,179.95033909192398,True,False,0.003599280143971206,True
eta,B0,angular_close_deg,10.0,2009,93,0.04629168740666999,98.13112098921462,0.017812872493493614,179.99858394102722,True,False,0.003199360127974405,True
eta,Bs0,angular_close_deg,10.0,2009,98,0.04878048780487805,97.94263325763774,0.023184353968161986,179.94879888727246,True,False,0.0033993201359728054,True
eta,Upsilon_1S,angular_close_deg,10.0,2009,5,0.0024888003982080635,102.74561841827794,1.955008908718355,179.92140951921442,True,False,0.022195560887822437,True
eta,W,angular_close_deg,10.0,2009,81,0.04031856645097063,106.28978661313118,0.045120123727031114,179.93980187969305,False,False,0.003799240151969606,True
eta,Z,angular_close_deg,10.0,2009,83,0.041314086610253854,105.81777727089155,0.15954868452024584,179.97699787689703,False,False,0.004599080183963208,True
eta,Higgs,angular_close_deg,10.0,2009,91,0.04529616724738676,78.6396538812074,0.05915538491947814,179.62369970920622,False,False,0.0027994401119776045,True
eta,top,angular_close_deg,10.0,2009,59,0.02936784469885515,102.12339117922284,0.1431630809510125,179.9402193179488,False,False,0.003999200159968006,True
rho_770,omega_782,angular_close_deg,10.0,2009,127,0.06321553011448482,65.3251795761252,0.07077282055121259,179.86819015524435,True,True,0.008398320335932814,True
rho_770,phi_1020,angular_close_deg,10.0,2009,365,0.18168242906918866,64.53359606106336,0.004968873848838484,179.83861523099773,True,True,0.007198560287942412,True
rho_770,D0,angular_close_deg,10.0,2009,120,0.05973120955699353,84.39939739042883,0.0066643479528352145,179.74556836052602,True,False,0.0023995200959808036,True
rho_770,D_plus,angular_close_deg,10.0,2009,139,0.06918865107018417,85.76390226848102,0.02605708935425355,179.97585336087963,True,False,0.001799640071985603,True
rho_770,Ds_plus,angular_close_deg,10.0,2009,126,0.0627177700348432,83.74798483528998,0.13434369692583914,179.76379989635063,True,False,0.003199360127974405,True
rho_770,J_psi,angular_close_deg,10.0,2009,64,0.031856645097063215,106.36791286232733,0.047425854460982464,179.97602658600687,True,False,0.004799040191961607,True
rho_770,B_plus,angular_close_deg,10.0,2009,96,0.047784967645594825,96.17556746931226,0.022084457524556456,179.9996673725973,True,False,0.0023995200959808036,True
rho_770,B0,angular_close_deg,10.0,2009,99,0.04927824788451966,96.03836071285443,0.08534877004086638,179.8890750457233,True,False,0.003199360127974405,True
rho_770,Bs0,angular_close_deg,10.0,2009,99,0.04927824788451966,96.06227792180265,0.23817888723721126,179.95804335471217,True,False,0.0013997200559888023,True
rho_770,Upsilon_1S,angular_close_deg,10.0,2009,130,0.06470881035340965,79.37034737435928,0.01914571509706775,179.77093955497003,True,False,0.003999200159968006,True
rho_770,W,angular_close_deg,10.0,2009,44,0.021901443504230962,124.10911076727479,0.07761459985403008,179.46932126065872,False,False,0.0061987602479504095,True
rho_770,Z,angular_close_deg,10.0,2009,36,0.017919362867098058,128.9878959379455,0.17903734618164435,179.99586460752232,False,False,0.003799240151969606,True
rho_770,Higgs,angular_close_deg,10.0,2009,64,0.031856645097063215,105.26491699768687,0.16434278510041622,179.93502308382955,False,False,0.00599880023995201,True
rho_770,top,angular_close_deg,10.0,2009,119,0.059233449477351915,68.30005610147262,0.02285313588174631,179.99522361507002,False,False,0.005598880223955209,True
omega_782,phi_1020,angular_close_deg,10.0,2009,8,0.003982080637132902,110.51346113963893,0.9020393945893375,179.94804787064072,True,True,0.020395920815836834,True
omega_782,D0,angular_close_deg,10.0,2009,148,0.07366849178695868,86.05469043517365,0.06395777208456366,179.8803205837641,True,False,0.003599280143971206,True
omega_782,D_plus,angular_close_deg,10.0,2009,95,0.04728720756595321,95.93165067758788,0.0018693273095209406,179.95309913432243,True,False,0.002999400119976005,True
omega_782,Ds_plus,angular_close_deg,10.0,2009,105,0.05226480836236934,89.50840406562628,0.06892178315507635,179.94256883901573,True,False,0.004199160167966407,True
omega_782,J_psi,angular_close_deg,10.0,2009,83,0.041314086610253854,101.467125731476,0.10609592653457867,179.98850258319928,True,False,0.003199360127974405,True
omega_782,B_plus,angular_close_deg,10.0,2009,112,0.05574912891986063,87.93918513275418,0.05912149903315367,179.7491758697057,True,False,0.0027994401119776045,True
omega_782,B0,angular_close_deg,10.0,2009,112,0.05574912891986063,88.5612183872571,0.1569783530414952,179.96953515627058,True,False,0.001799640071985603,True
omega_782,Bs0,angular_close_deg,10.0,2009,112,0.05574912891986063,88.45794637770203,0.055830526359955,179.80963249106458,True,False,0.003199360127974405,True
omega_782,Upsilon_1S,angular_close_deg,10.0,2009,229,0.11398705823792932,73.206666872799,0.00314824055584495,179.91016208045573,True,False,0.004599080183963208,True
omega_782,W,angular_close_deg,10.0,2009,6,0.0029865604778496766,102.87830026634218,1.3513241873863535,179.78231875914605,False,False,0.004799040191961607,True
omega_782,Z,angular_close_deg,10.0,2009,7,0.003484320557491289,107.6434452094003,0.20895106440099198,179.96099092389346,False,False,0.0033993201359728054,True
omega_782,Higgs,angular_close_deg,10.0,2009,80,0.039820806371329016,105.74404320760333,0.020457052753926064,179.99981764737691,False,False,0.008398320335932814,True
omega_782,top,angular_close_deg,10.0,2009,1654,0.8232951717272274,9.118252825343578,5.810271430170189,124.66938030973063,False,False,0.018196360727854428,True
phi_1020,D0,angular_close_deg,10.0,2009,122,0.06072672971627675,83.31743388739278,0.08583886448587918,179.9690649881963,True,False,0.002999400119976005,True
phi_1020,D_plus,angular_close_deg,10.0,2009,146,0.07267297162767546,85.62640546016915,0.04047337816359686,179.91135435438002,True,False,0.003999200159968006,True
phi_1020,Ds_plus,angular_close_deg,10.0,2009,129,0.06421105027376804,82.47340506289143,0.1268194214626419,179.8881805254547,True,False,0.004399120175964807,True
phi_1020,J_psi,angular_close_deg,10.0,2009,46,0.022896963663514187,114.24571781399627,0.22504857998742978,179.96261572800978,True,False,0.004599080183963208,True
phi_1020,B_plus,angular_close_deg,10.0,2009,96,0.047784967645594825,96.89382766267772,0.10726325148235105,179.9522209848816,True,False,0.002599480103979204,True
phi_1020,B0,angular_close_deg,10.0,2009,92,0.045793927327028375,96.95046892594652,0.1379012442384635,179.8687437702933,True,False,0.002599480103979204,True
phi_1020,Bs0,angular_close_deg,10.0,2009,95,0.04728720756595321,96.92116392195261,0.11795859819233101,179.99539620499462,True,False,0.003599280143971206,True
phi_1020,Upsilon_1S,angular_close_deg,10.0,2009,130,0.06470881035340965,75.1050675700321,0.09161617759090745,179.8718356137233,True,False,0.004599080183963208,True
phi_1020,W,angular_close_deg,10.0,2009,35,0.017421602787456445,137.4759572359519,0.16872214655052176,179.9884740476191,False,False,0.004199160167966407,True
phi_1020,Z,angular_close_deg,10.0,2009,32,0.015928322548531607,134.4417326644487,0.1981264936088678,179.99243799621001,False,False,0.003799240151969606,True
phi_1020,Higgs,angular_close_deg,10.0,2009,44,0.021901443504230962,112.27341476544743,0.015429736627254442,179.9538266788466,False,False,0.012997400519896021,True
phi_1020,top,angular_close_deg,10.0,2009,8,0.003982080637132902,115.75328561866922,1.5015586438642856,179.92601219213282,False,False,0.021595680863827234,True
D0,D_plus,angular_close_deg,10.0,2009,8,0.003982080637132902,107.80038314657268,0.9149861636078072,179.94029075913187,True,True,0.027194561087782444,True
D0,Ds_plus,angular_close_deg,10.0,2009,1,0.0004977600796416127,34.94415130420093,8.866235199048447,179.6997173025099,True,True,0.01979604079184163,True
D0,J_psi,angular_close_deg,10.0,2009,101,0.05027376804380289,96.00564944470582,0.005384216727833291,179.94269907217165,True,False,0.004399120175964807,True
D0,B_plus,angular_close_deg,10.0,2009,70,0.03484320557491289,91.09153365932511,0.06079484747431252,179.76787648476716,True,True,0.009598080383923215,True
D0,B0,angular_close_deg,10.0,2009,65,0.03235440517670483,96.64730553887145,0.13005602576839692,179.75723995922266,True,True,0.008798240351929614,True
D0,Bs0,angular_close_deg,10.0,2009,64,0.031856645097063215,95.47858215854632,0.15094438571770752,179.87459631893753,True,True,0.009398120375924815,True
D0,Upsilon_1S,angular_close_deg,10.0,2009,96,0.047784967645594825,88.57019207648165,0.01368921843848625,179.89910556867756,True,False,0.0023995200959808036,True
D0,W,angular_close_deg,10.0,2009,89,0.04430064708810354,95.78127538818727,0.05146271434611549,179.95558858224277,False,True,0.003799240151969606,True
D0,Z,angular_close_deg,10.0,2009,95,0.04728720756595321,95.9254931216002,0.08445385301683928,179.9024960235895,False,True,0.003999200159968006,True
D0,Higgs,angular_close_deg,10.0,2009,103,0.051269288203086114,95.0737356453325,0.028678805248972594,179.93194303119208,False,False,0.003999200159968006,True
D0,top,angular_close_deg,10.0,2009,151,0.07516177202588352,86.89693288375568,0.03737720458121885,179.9858203545606,False,True,0.0027994401119776045,True
D_plus,Ds_plus,angular_close_deg,10.0,2009,5,0.0024888003982080635,83.41988648337467,0.2567526466813774,179.86494642516266,True,True,0.017996400719856028,True
D_plus,J_psi,angular_close_deg,10.0,2009,131,0.06520657043305127,82.19137445360354,0.056768181586221544,179.9404118856546,True,False,0.003599280143971206,True
D_plus,B_plus,angular_close_deg,10.0,2009,18,0.008959681433549029,141.48601784670436,0.33694532486379103,179.99445634794228,True,True,0.012397520495900819,True
D_plus,B0,angular_close_deg,10.0,2009,16,0.007964161274265804,139.30564978362094,0.4191752739614003,179.97212778041228,True,True,0.009598080383923215,True
D_plus,Bs0,angular_close_deg,10.0,2009,17,0.008461921353907416,139.80727269401987,0.06664858765873305,179.98413367742103,True,True,0.008398320335932814,True
D_plus,Upsilon_1S,angular_close_deg,10.0,2009,86,0.0428073668491787,99.90965533490848,0.07185127894450716,179.92643827411922,True,False,0.0033993201359728054,True
D_plus,W,angular_close_deg,10.0,2009,102,0.0507715281234445,94.92649853225862,0.10008708922077858,179.88090726748084,False,True,0.0023995200959808036,True
D_plus,Z,angular_close_deg,10.0,2009,102,0.0507715281234445,94.53872999131319,0.14839442020198135,179.92596124984215,False,True,0.003999200159968006,True
D_plus,Higgs,angular_close_deg,10.0,2009,130,0.06470881035340965,81.53860839800828,0.009801056269338915,179.94847509867208,False,False,0.0023995200959808036,True
D_plus,top,angular_close_deg,10.0,2009,92,0.045793927327028375,96.15025699775555,0.13007918356458958,179.89660600759618,False,True,0.0021995600879824036,True
Ds_plus,J_psi,angular_close_deg,10.0,2009,105,0.05226480836236934,91.67763800985105,0.04691473261328838,179.88209107509294,True,False,0.003799240151969606,True
Ds_plus,B_plus,angular_close_deg,10.0,2009,49,0.024390243902439025,110.27137808509983,0.03968310639641004,179.9820606136396,True,True,0.00639872025594881,True
Ds_plus,B0,angular_close_deg,10.0,2009,47,0.0233947237431558,116.68473792123285,0.2116151973818603,179.7125827601576,True,True,0.006998600279944011,True
Ds_plus,Bs0,angular_close_deg,10.0,2009,46,0.022896963663514187,115.39904146808055,0.16181058001336623,179.87074869942307,True,True,0.0065986802639472104,True
Ds_plus,Upsilon_1S,angular_close_deg,10.0,2009,71,0.0353409656545545,93.50384213506877,0.09090550566497768,179.94269767968052,True,False,0.001799640071985603,True
Ds_plus,W,angular_close_deg,10.0,2009,93,0.04629168740666999,97.0553085745614,0.0023546625038761704,179.9086917114895,False,True,0.0033993201359728054,True
Ds_plus,Z,angular_close_deg,10.0,2009,96,0.047784967645594825,97.17055120826831,0.04166029365842405,179.97983183791519,False,True,0.0027994401119776045,True
Ds_plus,Higgs,angular_close_deg,10.0,2009,111,0.055251368840219015,90.09125525178402,0.016947328866649514,179.92727825202644,False,False,0.002599480103979204,True
Ds_plus,top,angular_close_deg,10.0,2009,86,0.0428073668491787,90.48483302212685,0.0008190428261229954,179.9900614435099,False,True,0.002599480103979204,True
J_psi,B_plus,angular_close_deg,10.0,2009,79,0.039323046291687404,92.14657674194552,0.08581604068638171,179.96963817481577,True,False,0.003599280143971206,True
J_psi,B0,angular_close_deg,10.0,2009,75,0.03733200597312095,91.17605701557082,0.03495551275892694,179.9471326755861,True,False,0.005198960207958408,True
J_psi,Bs0,angular_close_deg,10.0,2009,76,0.037829766052762566,91.39022220697113,0.04060198880179655,179.84337005886053,True,False,0.004199160167966407,True
J_psi,Upsilon_1S,angular_close_deg,10.0,2009,25,0.012444001991040319,142.5379403919307,0.29625448916991104,179.9988888984035,True,True,0.009998000399920015,True
J_psi,W,angular_close_deg,10.0,2009,141,0.07018417122946739,71.54063190818479,0.07994030603845204,179.99652683720578,False,False,0.0027994401119776045,True
J_psi,Z,angular_close_deg,10.0,2009,151,0.07516177202588352,70.76206692873308,0.014205685905892551,179.86899948641502,False,False,0.0023995200959808036,True
J_psi,Higgs,angular_close_deg,10.0,2009,990,0.4927824788451966,13.047224738920495,8.313864354896623,178.38827833793061,False,True,0.015396920615876825,True
J_psi,top,angular_close_deg,10.0,2009,89,0.04430064708810354,98.32437000089136,0.10803727058384993,179.96593544386076,False,False,0.004399120175964807,True
B_plus,B0,angular_close_deg,10.0,2009,1402,0.6978596316575411,11.074215192473865,7.056636548346717,151.41229048014338,True,True,0.02439512097580484,True
B_plus,Bs0,angular_close_deg,10.0,2009,1684,0.8382279741164759,8.803474705819067,5.609690644601898,120.36557410388696,True,True,0.02659468106378724,True
B_plus,Upsilon_1S,angular_close_deg,10.0,2009,122,0.06072672971627675,83.94912961728659,0.006026450880398215,179.99987349314046,True,False,0.003199360127974405,True
B_plus,W,angular_close_deg,10.0,2009,126,0.0627177700348432,83.5135158118281,0.004236054079512996,179.79485493811643,False,True,0.002599480103979204,True
B_plus,Z,angular_close_deg,10.0,2009,128,0.06371329019412643,83.66832765794744,0.031240672815499693,179.96113175714015,False,True,0.003199360127974405,True
B_plus,Higgs,angular_close_deg,10.0,2009,79,0.039323046291687404,93.22689441683825,0.014486490670094554,179.95674067315696,False,False,0.0027994401119776045,True
B_plus,top,angular_close_deg,10.0,2009,113,0.05624688899950224,87.45187751803839,0.13006596933422543,179.8555743140338,False,True,0.003599280143971206,True
B0,Bs0,angular_close_deg,10.0,2009,1985,0.9880537580886013,2.270740486654767,1.4469459037447905,31.046716376256427,True,True,0.026394721055788842,True
B0,Upsilon_1S,angular_close_deg,10.0,2009,115,0.057242409158785465,84.82640869774127,0.01628394639419639,179.81808497844406,True,False,0.0021995600879824036,True
B0,W,angular_close_deg,10.0,2009,130,0.06470881035340965,83.40092096343504,0.019557698667341583,179.9764216187565,False,True,0.0021995600879824036,True
B0,Z,angular_close_deg,10.0,2009,124,0.06172224987555998,83.43862823090286,0.05251165189957874,179.9714164057761,False,True,0.004199160167966407,True
B0,Higgs,angular_close_deg,10.0,2009,84,0.041811846689895474,92.29396947930792,0.1093580722930767,179.97833009452836,False,False,0.001799640071985603,True
B0,top,angular_close_deg,10.0,2009,114,0.05674464907914385,88.08181863502286,0.014288221651952426,179.8734363086873,False,True,0.0033993201359728054,True
Bs0,Upsilon_1S,angular_close_deg,10.0,2009,117,0.05823792931806869,84.64665056549539,0.0047281330466830696,179.88797464607552,True,False,0.003199360127974405,True
Bs0,W,angular_close_deg,10.0,2009,129,0.06421105027376804,83.3871189771395,0.03647702580329337,179.98770896234782,False,True,0.001799640071985603,True
Bs0,Z,angular_close_deg,10.0,2009,122,0.06072672971627675,83.49001269154034,0.02420296102292241,179.99561793834488,False,True,0.002999400119976005,True
Bs0,Higgs,angular_close_deg,10.0,2009,81,0.04031856645097063,92.46201704150387,0.20826908664855637,179.96222050922484,False,False,0.003199360127974405,True
Bs0,top,angular_close_deg,10.0,2009,115,0.057242409158785465,87.91476853863911,0.07412957946851861,179.97829658883728,False,True,0.002999400119976005,True
Upsilon_1S,W,angular_close_deg,10.0,2009,58,0.02887008461921354,100.67643507590398,0.09659717556027658,179.99456913164704,False,False,0.003599280143971206,True
Upsilon_1S,Z,angular_close_deg,10.0,2009,57,0.028372324539571926,101.93781976757653,0.09637615480272643,179.94477713923794,False,False,0.0027994401119776045,True
Upsilon_1S,Higgs,angular_close_deg,10.0,2009,28,0.013937282229965157,140.7693618082124,0.29178155086952984,179.98329670574282,False,True,0.00639872025594881,True
Upsilon_1S,top,angular_close_deg,10.0,2009,236,0.1174713787954206,74.80633713477187,0.026352050486707412,179.9676585091811,False,False,0.0033993201359728054,True
W,Z,angular_close_deg,10.0,2009,1771,0.8815331010452961,7.726392049412428,4.9233593148700265,105.63915338616187,True,True,0.022195560887822437,True
W,Higgs,angular_close_deg,10.0,2009,138,0.06869089099054256,73.21696768769064,0.05473886400491779,179.84046372858757,True,False,0.004399120175964807,True
W,top,angular_close_deg,10.0,2009,6,0.0029865604778496766,96.9986008403061,1.4845195639529436,179.8851557769517,False,True,0.013597280543891222,True
Z,Higgs,angular_close_deg,10.0,2009,142,0.070681931309109,72.17765912280947,0.08736934167222898,179.97180944558966,True,False,0.004199160167966407,True
Z,top,angular_close_deg,10.0,2009,6,0.0029865604778496766,102.00445624114478,1.1162812937002968,179.97902182086887,False,True,0.008998200359928014,True
Higgs,top,angular_close_deg,10.0,2009,83,0.041314086610253854,102.7937661771861,0.022782697892495207,179.9903536968221,False,False,0.004999000199960008,True
tau,D0,euclidean_close_percentile,10.0,2009,2009,1.0,0.22876725266250944,0.22876725266250503,0.22876725266250503,False,True,0.5170965806838632,False
tau,D_plus,euclidean_close_percentile,10.0,2009,2009,1.0,0.7956716883714026,0.7956716883714336,0.7956716883714336,False,True,0.5082983403319337,False
tau,Ds_plus,euclidean_close_percentile,10.0,2009,2009,1.0,0.3708332555600107,0.37083325556002933,0.37083325556002933,False,True,0.520495900819836,False
tau,B_plus,euclidean_close_percentile,10.0,2009,2009,1.0,1.51243585832026,1.512435858320272,1.512435858320272,False,True,0.48830233953209357,False
tau,B0,euclidean_close_percentile,10.0,2009,2009,1.0,1.4690354711959677,1.4690354711959448,1.4690354711959448,False,True,0.48410317936412717,False
tau,Bs0,euclidean_close_percentile,10.0,2009,2009,1.0,1.4767356442088113,1.4767356442088064,1.4767356442088064,False,True,0.4993001399720056,False
Lambda,Sigma_plus,euclidean_close_percentile,10.0,2009,2009,1.0,0.7077121557520873,0.7077121557521139,0.7077121557521139,True,True,0.5192961407718456,False
Lambda,Xi_minus,euclidean_close_percentile,10.0,2009,2009,1.0,0.2520324730045907,0.252032473004595,0.252032473004595,True,True,0.5124975004999001,False
Lambda,Omega_minus,euclidean_close_percentile,10.0,2009,2009,1.0,0.6258880758600974,0.6258880758601241,0.6258880758601241,True,True,0.5146970605878824,False
Lambda,K_short,euclidean_close_percentile,10.0,2009,2009,1.0,1.0032364395051583,1.0032364395051927,1.0032364395051927,False,True,0.520495900819836,False
Sigma_plus,Xi_minus,euclidean_close_percentile,10.0,2009,2009,1.0,0.4748581099722815,0.4748581099722987,0.4748581099722987,True,True,0.52749450109978,False
Sigma_plus,Omega_minus,euclidean_close_percentile,10.0,2009,2009,1.0,0.216987131662717,0.21698713166270553,0.21698713166270553,True,True,0.5152969406118776,False
Sigma_plus,K_short,euclidean_close_percentile,10.0,2009,2009,1.0,0.5046985919996149,0.5046985919996242,0.5046985919996242,False,True,0.5136972605478904,False
Xi_minus,Omega_minus,euclidean_close_percentile,10.0,2009,2009,1.0,0.3739001185242983,0.37390011852430927,0.37390011852430927,True,True,0.5126974605078984,False
Xi_minus,K_short,euclidean_close_percentile,10.0,2009,2009,1.0,0.8488986363465074,0.848898636346465,0.848898636346465,False,True,0.5198960207958409,False
Omega_minus,K_short,euclidean_close_percentile,10.0,2009,2009,1.0,0.7193731398366966,0.7193731398366814,0.7193731398366814,False,True,0.519496100779844,False
Delta_1232,rho_770,euclidean_close_percentile,10.0,2009,2009,1.0,0.37973994773835007,0.379739947738338,0.379739947738338,False,True,0.5160967806438712,False
Delta_1232,omega_782,euclidean_close_percentile,10.0,2009,2009,1.0,1.494069582879972,1.4940695828799344,1.4940695828799344,False,True,0.4517096580683863,False
pi_plus,K_plus,euclidean_close_percentile,10.0,2009,2009,1.0,0.6754442699586892,0.6754442699586957,0.6754442699586957,True,True,0.5086982603479304,False
pi_plus,K_long,euclidean_close_percentile,10.0,2009,2009,1.0,1.0515575733687135,1.0515575733687426,1.0515575733687426,True,True,0.508498300339932,False
K_plus,K_long,euclidean_close_percentile,10.0,2009,2009,1.0,0.8739000351744761,0.873900035174457,0.873900035174457,True,True,0.5056988602279544,False
omega_782,phi_1020,euclidean_close_percentile,10.0,2009,2009,1.0,0.5260323248499971,0.5260323248499826,0.5260323248499826,True,True,0.5226954609078185,False
D0,D_plus,euclidean_close_percentile,10.0,2009,2009,1.0,0.5678923173005744,0.5678923173005715,0.5678923173005715,True,True,0.520495900819836,False
D0,Ds_plus,euclidean_close_percentile,10.0,2009,2009,1.0,0.14242639349975958,0.14242639349975458,0.14242639349975458,True,True,0.5164967006598681,False
D0,B_plus,euclidean_close_percentile,10.0,2009,2009,1.0,1.2941589969379377,1.2941589969379563,1.2941589969379563,True,True,0.5092981403719257,False
D0,B0,euclidean_close_percentile,10.0,2009,2009,1.0,1.2517465743014353,1.2517465743014675,1.2517465743014675,True,True,0.504499100179964,False
D0,Bs0,euclidean_close_percentile,10.0,2009,2009,1.0,1.2597625116286506,1.259762511628646,1.259762511628646,True,True,0.5046990601879624,False
D_plus,Ds_plus,euclidean_close_percentile,10.0,2009,2009,1.0,0.4292655783844752,0.4292655783844664,0.4292655783844664,True,True,0.52249550089982,False
D_plus,B_plus,euclidean_close_percentile,10.0,2009,2009,1.0,0.8168077707222638,0.8168077707222235,0.8168077707222235,True,True,0.5226954609078185,False
D_plus,B0,euclidean_close_percentile,10.0,2009,2009,1.0,0.7827576459096514,0.7827576459096204,0.7827576459096204,True,True,0.523495300939812,False
D_plus,Bs0,euclidean_close_percentile,10.0,2009,2009,1.0,0.7921890397299377,0.7921890397299757,0.7921890397299757,True,True,0.5122975404919016,False
Ds_plus,B_plus,euclidean_close_percentile,10.0,2009,2009,1.0,1.1562657133013092,1.1562657133013126,1.1562657133013126,True,True,0.5028994201159768,False
Ds_plus,B0,euclidean_close_percentile,10.0,2009,2009,1.0,1.1145023827110119,1.1145023827110208,1.1145023827110208,True,True,0.5038992201559688,False
Ds_plus,Bs0,euclidean_close_percentile,10.0,2009,2009,1.0,1.1227004177110609,1.1227004177110622,1.1227004177110622,True,True,0.5120975804839032,False
J_psi,Upsilon_1S,euclidean_close_percentile,10.0,2009,2009,1.0,0.9003681414932848,0.9003681414932542,0.9003681414932542,True,True,0.5018996200759848,False
B_plus,B0,euclidean_close_percentile,10.0,2009,2009,1.0,0.047115336209415354,0.047115336209413904,0.047115336209413904,True,True,0.5198960207958409,False
B_plus,Bs0,euclidean_close_percentile,10.0,2009,2009,1.0,0.04337990367394244,0.04337990367394374,0.04337990367394374,True,True,0.526494701059788,False
B0,Bs0,euclidean_close_percentile,10.0,2009,2009,1.0,0.00986592136636341,0.009865921366363302,0.009865921366363302,True,True,0.5138972205558888,False
W,Z,euclidean_close_percentile,10.0,2009,2009,1.0,0.09820976344686692,0.0982097634468646,0.0982097634468646,True,True,0.5206958608278345,False
W,top,euclidean_close_percentile,10.0,2009,2009,1.0,0.4831705658433763,0.4831705658433924,0.4831705658433924,False,True,0.4981003799240152,False
Z,top,euclidean_close_percentile,10.0,2009,2009,1.0,0.47532349710709837,0.4753234971071151,0.4753234971071151,False,True,0.5168966206758648,False
muon,neutron,neighbor_rank_k,2.0,2009,2009,1.0,12.88845321507236,12.888453215072115,12.888453215072115,False,True,0.6590681863627275,False
muon,pi_plus,neighbor_rank_k,2.0,2009,2009,1.0,2.642871390743828,2.6428713907438786,2.6428713907438786,False,True,0.3809238152369526,False
muon,K_long,neighbor_rank_k,2.0,2009,2009,1.0,2.0101456593028204,2.0101456593027884,2.0101456593027884,False,True,0.5642871425714857,False
tau,D0,neighbor_rank_k,2.0,2009,2009,1.0,0.22876725266250944,0.22876725266250503,0.22876725266250503,False,True,0.45030993801239755,False
tau,Ds_plus,neighbor_rank_k,2.0,2009,2009,1.0,0.3708332555600107,0.37083325556002933,0.37083325556002933,False,True,0.4471105778844231,False
neutron,K_long,neighbor_rank_k,2.0,2009,2009,1.0,14.673221791090578,14.673221791091164,14.673221791091164,False,True,0.518496300739852,False
Lambda,Xi_minus,neighbor_rank_k,2.0,2009,2009,1.0,0.2520324730045907,0.252032473004595,0.252032473004595,True,True,0.4569086182763447,False
Lambda,Omega_minus,neighbor_rank_k,2.0,2009,2009,1.0,0.6258880758600974,0.6258880758601241,0.6258880758601241,True,True,0.34073185362927416,False
Sigma_plus,Xi_minus,neighbor_rank_k,2.0,2009,2009,1.0,0.4748581099722815,0.4748581099722987,0.4748581099722987,True,True,0.40271945610877824,False
Sigma_plus,Omega_minus,neighbor_rank_k,2.0,2009,2009,1.0,0.216987131662717,0.21698713166270553,0.21698713166270553,True,True,0.4573085382923415,False
Sigma_plus,K_short,neighbor_rank_k,2.0,2009,2009,1.0,0.5046985919996149,0.5046985919996242,0.5046985919996242,False,True,0.42071585682863427,False
Xi_minus,Omega_minus,neighbor_rank_k,2.0,2009,2009,1.0,0.3739001185242983,0.37390011852430927,0.37390011852430927,True,True,0.4253149370125975,False
Omega_minus,K_short,neighbor_rank_k,2.0,2009,2009,1.0,0.7193731398366966,0.7193731398366814,0.7193731398366814,False,True,0.3665266946610678,False
Delta_1232,rho_770,neighbor_rank_k,2.0,2009,2009,1.0,0.37973994773835007,0.379739947738338,0.379739947738338,False,True,0.5326934613077384,False
Delta_1232,omega_782,neighbor_rank_k,2.0,2009,2009,1.0,1.494069582879972,1.4940695828799344,1.4940695828799344,False,True,0.46590681863627276,False
Delta_1232,phi_1020,neighbor_rank_k,2.0,2009,2009,1.0,1.9839051254472033,1.9839051254472693,1.9839051254472693,False,True,0.4023195360927814,False
pi0,eta,neighbor_rank_k,2.0,2009,2009,1.0,2.816930682589969,2.8169306825898963,2.8169306825898963,True,True,0.5634873025394921,False
pi0,Upsilon_1S,neighbor_rank_k,2.0,2009,2009,1.0,4.703977102082912,4.703977102083124,4.703977102083124,True,False,0.33313337332533494,False
pi_plus,K_plus,neighbor_rank_k,2.0,2009,2009,1.0,0.6754442699586892,0.6754442699586957,0.6754442699586957,True,True,0.5436912617476505,False
pi_plus,K_long,neighbor_rank_k,2.0,2009,2009,1.0,1.0515575733687135,1.0515575733687426,1.0515575733687426,True,True,0.55248950209958,False
K_plus,K_long,neighbor_rank_k,2.0,2009,2009,1.0,0.8739000351744761,0.873900035174457,0.873900035174457,True,True,0.5392921415716857,False
eta,J_psi,neighbor_rank_k,2.0,2009,2009,1.0,2.279777305214032,2.2797773052140866,2.2797773052140866,True,False,0.52749450109978,False
eta,Upsilon_1S,neighbor_rank_k,2.0,2009,2009,1.0,2.068935020174558,2.068935020174485,2.068935020174485,True,False,0.5486902619476105,False
rho_770,omega_782,neighbor_rank_k,2.0,2009,2009,1.0,1.76342689140799,1.763426891407932,1.763426891407932,True,True,0.3453309338132374,False
omega_782,phi_1020,neighbor_rank_k,2.0,2009,2009,1.0,0.5260323248499971,0.5260323248499826,0.5260323248499826,True,True,0.5316936612677464,False
D0,D_plus,neighbor_rank_k,2.0,2009,2009,1.0,0.5678923173005744,0.5678923173005715,0.5678923173005715,True,True,0.3893221355728854,False
D0,Ds_plus,neighbor_rank_k,2.0,2009,2009,1.0,0.14242639349975958,0.14242639349975458,0.14242639349975458,True,True,0.4387122575484903,False
D_plus,Ds_plus,neighbor_rank_k,2.0,2009,2009,1.0,0.4292655783844752,0.4292655783844664,0.4292655783844664,True,True,0.40211957608478305,False
J_psi,Upsilon_1S,neighbor_rank_k,2.0,2009,2009,1.0,0.9003681414932848,0.9003681414932542,0.9003681414932542,True,True,0.5620875824835033,False
J_psi,Higgs,neighbor_rank_k,2.0,2009,2009,1.0,2.300430706799394,2.3004307067993133,2.3004307067993133,False,True,0.4375124975004999,False
B_plus,B0,neighbor_rank_k,2.0,2009,2009,1.0,0.047115336209415354,0.047115336209413904,0.047115336209413904,True,True,0.46070785842831435,False
B_plus,Bs0,neighbor_rank_k,2.0,2009,2009,1.0,0.04337990367394244,0.04337990367394374,0.04337990367394374,True,True,0.45510897820435914,False
B0,Bs0,neighbor_rank_k,2.0,2009,2009,1.0,0.00986592136636341,0.009865921366363302,0.009865921366363302,True,True,0.4523095380923815,False
Upsilon_1S,Higgs,neighbor_rank_k,2.0,2009,2009,1.0,2.318959419867398,2.318959419867288,2.318959419867288,False,True,0.3889222155568886,False
W,Z,neighbor_rank_k,2.0,2009,2009,1.0,0.09820976344686692,0.0982097634468646,0.0982097634468646,True,True,0.5646870625874825,False
W,top,neighbor_rank_k,2.0,2009,2009,1.0,0.4831705658433763,0.4831705658433924,0.4831705658433924,False,True,0.5646870625874825,False
Z,top,neighbor_rank_k,2.0,2009,2009,1.0,0.47532349710709837,0.4753234971071151,0.4753234971071151,False,True,0.5596880623875224,False
muon,K_long,angular_close_deg,10.0,2009,42,0.020905923344947737,1.6930110751050798,1.139900775373712,1.9125039598287554,False,True,0.0653869226154769,False
tau,D0,angular_close_deg,10.0,2009,2009,1.0,0.5036101048299225,0.17162100124240673,1.0517402862865366,False,True,0.383123375324935,False
tau,D_plus,angular_close_deg,10.0,2009,1777,0.8845196615231459,1.198970059312796,0.5002313022793541,1.2938303702277836,False,True,0.3707258548290342,False
tau,Ds_plus,angular_close_deg,10.0,2009,2009,1.0,0.7560431387314802,0.2399309301821715,1.106990153337814,False,True,0.38752249550089984,False
tau,B_plus,angular_close_deg,10.0,2009,907,0.4514683922349428,1.2903089980441527,0.9702818554437214,1.6522539734436434,False,True,0.21895620875824834,False
tau,B0,angular_close_deg,10.0,2009,816,0.406172224987556,1.2847035908723228,0.9424824528286919,1.6290227748137558,False,True,0.23315336932613479,False
tau,Bs0,angular_close_deg,10.0,2009,854,0.4250871080139373,1.2851574704460822,0.9474359118660598,1.633126459334904,False,True,0.22535492901419715,False
Lambda,Sigma_plus,angular_close_deg,10.0,2009,1532,0.7625684420109508,1.1464035934255183,0.4412714396279281,1.2852464688990481,True,True,0.32793441311737653,False
Lambda,Xi_minus,angular_close_deg,10.0,2009,1981,0.9860627177700348,0.44261499826028433,0.1501350578751281,1.1062620227110511,True,True,0.32313537292541494,False
Lambda,Omega_minus,angular_close_deg,10.0,2009,1756,0.874066699850672,0.9585841705931563,0.36392464898268473,1.2559461031531127,True,True,0.3067386522695461,False
Lambda,K_short,angular_close_deg,10.0,2009,344,0.1712294673967148,1.2829151324894295,0.6446282537994689,1.4114047108453494,False,True,0.3181363727254549,False
Sigma_plus,Xi_minus,angular_close_deg,10.0,2009,1741,0.8666002986560478,0.9231212192031296,0.30206299927210195,1.1825484703631446,True,True,0.33353329334133175,False
Sigma_plus,Omega_minus,angular_close_deg,10.0,2009,1982,0.9865604778496765,0.4857236321724561,0.13721733228997166,1.0817929233244634,True,True,0.34173165366926617,False
Sigma_plus,K_short,angular_close_deg,10.0,2009,1795,0.8934793429566948,0.9034095582345495,0.3192220993411657,1.1945691791720878,False,True,0.33293341331733656,False
Xi_minus,Omega_minus,angular_close_deg,10.0,2009,1954,0.9726231956197113,0.6368242935837953,0.24430689532473898,1.1516596792093887,True,True,0.32933413317336535,False
Xi_minus,K_short,angular_close_deg,10.0,2009,269,0.13389746142359382,1.2487854705778394,0.5444011081435347,1.3384683686748573,False,True,0.32533493301339733,False
Omega_minus,K_short,angular_close_deg,10.0,2009,1566,0.7794922847187655,1.1499217724644544,0.4457335482506995,1.2861139353025017,False,True,0.3189362127574485,False
Delta_1232,rho_770,angular_close_deg,10.0,2009,2009,1.0,0.7222696429195393,0.24761274816229778,0.9868624463326242,False,True,0.33993201359728054,False
Delta_1232,omega_782,angular_close_deg,10.0,2009,1965,0.978098556495769,1.3920410367009453,0.9082082630625861,1.5619059180491461,False,True,0.29454109178164367,False
Delta_1232,W,angular_close_deg,10.0,2009,15,0.007466401194624191,1.7417958135809648,1.1239447879612283,1.8245729507230095,False,False,0.13797240551889622,False
Delta_1232,Z,angular_close_deg,10.0,2009,12,0.005973120955699353,1.7636590723443757,1.148300457603715,1.8529245511021024,False,False,0.13197360527894422,False
Delta_1232,top,angular_close_deg,10.0,2009,44,0.021901443504230962,1.8912132053018327,1.3892145185578673,2.046031268971132,False,False,0.1201759648070386,False
pi_plus,K_plus,angular_close_deg,10.0,2009,1884,0.9377799900447984,0.8270698422954305,0.3583708114100472,1.2988754400607554,True,True,0.16556688662267546,False
pi_plus,K_long,angular_close_deg,10.0,2009,371,0.18466898954703834,1.3110356678466375,0.6740074091603506,1.4585240658053629,True,True,0.17276544691061788,False
K_plus,K_long,angular_close_deg,10.0,2009,225,0.11199601791936287,1.2903061666792321,0.5484532529829362,1.3832943956011623,True,True,0.264747050589882,False
K_short,B_plus,angular_close_deg,10.0,2009,23,0.011448481831757094,1.80371054479329,1.1167839801617079,1.8963196892099234,True,True,0.041591681663667265,True
K_short,B0,angular_close_deg,10.0,2009,24,0.011946241911398706,1.815787440136309,1.1440691127048723,1.915831060251493,True,True,0.041191761647670466,True
K_short,Bs0,angular_close_deg,10.0,2009,24,0.011946241911398706,1.8173278577998468,1.1420169712400852,1.9155835892124249,True,True,0.04019196160767846,True
eta,Upsilon_1S,angular_close_deg,10.0,2009,5,0.0024888003982080635,1.5316019607772757,0.9788096702104339,1.7316769738904392,True,False,0.0687862427514497,False
rho_770,W,angular_close_deg,10.0,2009,44,0.021901443504230962,1.8364731708170061,1.3076050251889015,1.9694249817781764,False,False,0.126374725054989,False
rho_770,Z,angular_close_deg,10.0,2009,36,0.017919362867098058,1.8729761479471927,1.330668837795957,1.9949546936997133,False,False,0.1225754849030194,False
omega_782,phi_1020,angular_close_deg,10.0,2009,2009,1.0,0.9055276564828482,0.33924085946630483,1.0642446750388794,True,True,0.40571885622875425,False
omega_782,W,angular_close_deg,10.0,2009,6,0.0029865604778496766,1.948826171018367,1.4101309047881638,2.1383653162039713,False,False,0.01979604079184163,True
omega_782,Z,angular_close_deg,10.0,2009,7,0.003484320557491289,2.0124664285221177,1.4537491650167829,2.1822245868765586,False,False,0.021995600879824034,True
omega_782,top,angular_close_deg,10.0,2009,1654,0.8232951717272274,1.4028611870685754,1.3802536407447077,2.059462589598386,False,False,0.038992201559688064,True
phi_1020,W,angular_close_deg,10.0,2009,35,0.017421602787456445,2.2248522155253965,1.6539415308643064,2.325975110990676,False,False,0.027794441111777646,True
phi_1020,Z,angular_close_deg,10.0,2009,32,0.015928322548531607,2.2617939541369028,1.7020681053232032,2.3710312328577294,False,False,0.02459508098380324,True
phi_1020,top,angular_close_deg,10.0,2009,8,0.003982080637132902,2.1594431615426313,1.5800808737743144,2.298337003751158,False,False,0.03199360127974405,True
D0,D_plus,angular_close_deg,10.0,2009,1898,0.944748631159781,0.9932276557911278,0.3579536424932135,1.194495509661408,True,True,0.3787242551489702,False
D0,Ds_plus,angular_close_deg,10.0,2009,2009,1.0,0.33876721462510684,0.14121550710763858,1.0214146726450033,True,True,0.3759248150369926,False
D0,B_plus,angular_close_deg,10.0,2009,625,0.31110004977600797,1.2759839749241157,0.8308852003597726,1.5384327249157068,True,True,0.22015596880623875,False
D0,B0,angular_close_deg,10.0,2009,573,0.2852165256346441,1.2757615443761452,0.8040493707244574,1.5164203877600282,True,True,0.22675464907018597,False
D0,Bs0,angular_close_deg,10.0,2009,582,0.2896963663514186,1.2753231662402171,0.8093039775672196,1.5205530173103785,True,True,0.23055388922215556,False
D_plus,Ds_plus,angular_close_deg,10.0,2009,2002,0.9965156794425087,0.8010975581070449,0.2664758357670803,1.1384497383755385,True,True,0.386122775444911,False
D_plus,B_plus,angular_close_deg,10.0,2009,257,0.12792434046789447,1.2219117754943074,0.5237084673066519,1.3073631772910403,True,True,0.24575084983003398,False
D_plus,B0,angular_close_deg,10.0,2009,1627,0.8098556495769039,1.2042737184856156,0.5013561276401675,1.2920295214912538,True,True,0.24135172965406917,False
D_plus,Bs0,angular_close_deg,10.0,2009,1525,0.7590841214534594,1.2093164233781892,0.5060502658471913,1.2964472884286988,True,True,0.23875224955008997,False
Ds_plus,B_plus,angular_close_deg,10.0,2009,501,0.24937779990044798,1.2759127957623708,0.7425227964992442,1.4686511957995434,True,True,0.2479504099180164,False
Ds_plus,B0,angular_close_deg,10.0,2009,463,0.2304629168740667,1.2748419721846302,0.7163989777133819,1.4475070607864664,True,True,0.23615276944611077,False
Ds_plus,Bs0,angular_close_deg,10.0,2009,470,0.23394723743155799,1.2751414787611939,0.7215049225901368,1.4516316896232502,True,True,0.23595280943811237,False
J_psi,Upsilon_1S,angular_close_deg,10.0,2009,2009,1.0,1.1882255925562262,0.5774646172413658,1.27056461239416,True,True,0.3163367326534693,False
J_psi,Higgs,angular_close_deg,10.0,2009,990,0.4927824788451966,1.020935211842216,0.9880271174597814,1.778054540587096,False,True,0.05538892221555689,False
B_plus,B0,angular_close_deg,10.0,2009,2009,1.0,0.11247848081635574,0.07954891890243608,0.9734828462916761,True,True,0.36992601479704057,False
B_plus,Bs0,angular_close_deg,10.0,2009,2009,1.0,0.09250511295740445,0.06600975831474697,0.8727470826028354,True,True,0.3717256548690262,False
B0,Bs0,angular_close_deg,10.0,2009,2009,1.0,0.023383187992289004,0.016414757920072597,0.2677356997513457,True,True,0.3669266146770646,False
Upsilon_1S,Higgs,angular_close_deg,10.0,2009,28,0.013937282229965157,1.8027547158340251,1.2071623179177144,1.8944065619607293,False,True,0.03459308138372325,True
W,Z,angular_close_deg,10.0,2009,2009,1.0,0.09759004997446936,0.07838851063689317,0.6875223103765993,True,True,0.41571685662867425,False
W,top,angular_close_deg,10.0,2009,2009,1.0,0.8255318086894288,0.30880549664282625,1.0411195868172167,False,True,0.3233353329334133,False
Z,top,angular_close_deg,10.0,2009,2009,1.0,0.8438478287571102,0.3073745378858419,1.0370981719187848,False,True,0.31853629274145173,False
muon,tau,angular_close_deg,10.0,2009,87,0.04330512692882031,102.53799876740507,0.0844924995275278,179.94302773433202,True,True,0.003799240151969606,True
muon,neutron,angular_close_deg,10.0,2009,122,0.06072672971627675,84.90983049068382,0.061836832224315685,179.99557821297003,False,True,0.004199160167966407,True
muon,Lambda,angular_close_deg,10.0,2009,138,0.06869089099054256,73.04377211135939,0.027162536993415642,179.91363808723133,False,True,0.0027994401119776045,True
muon,Sigma_plus,angular_close_deg,10.0,2009,176,0.08760577401692385,80.8757174317658,0.014116596193730402,179.94686761506534,False,True,0.004199160167966407,True
muon,Xi_minus,angular_close_deg,10.0,2009,165,0.0821304131408661,68.74663342720919,0.02416334934190445,179.8724120811837,False,True,0.003199360127974405,True
muon,Omega_minus,angular_close_deg,10.0,2009,213,0.10602289696366352,71.07112918430583,0.012356014392764791,179.9230590204687,False,True,0.001799640071985603,True
muon,Delta_1232,angular_close_deg,10.0,2009,117,0.05823792931806869,85.36128924744929,0.009588833743919167,179.93949393006005,False,False,0.0023995200959808036,True
muon,pi0,angular_close_deg,10.0,2009,87,0.04330512692882031,92.09015000589287,0.049194222548692323,179.901124730667,False,False,0.004599080183963208,True
muon,pi_plus,angular_close_deg,10.0,2009,29,0.01443504230960677,84.10442329097503,0.27511846323150735,179.8562543318193,False,True,0.003999200159968006,True
muon,K_plus,angular_close_deg,10.0,2009,336,0.1672473867595819,56.66269628734901,0.021279954500585063,179.85153301043874,False,True,0.003999200159968006,True
muon,K_short,angular_close_deg,10.0,2009,60,0.029865604778496764,103.67873540180557,0.017055285566556222,179.95231916779844,False,True,0.0027994401119776045,True
muon,K_long,angular_close_deg,10.0,2009,55,0.0273768043802887,107.0634605809059,0.15480245498650902,179.9085314650202,False,True,0.003799240151969606,True
muon,eta,angular_close_deg,10.0,2009,95,0.04728720756595321,90.29792337391586,0.028592537888215475,179.92709037554312,False,False,0.0027994401119776045,True
muon,rho_770,angular_close_deg,10.0,2009,133,0.06620209059233449,86.97744688225899,0.0512112538723386,179.99310640231252,False,False,0.003199360127974405,True
muon,omega_782,angular_close_deg,10.0,2009,94,0.0467894474863116,94.62379347511056,0.06926793100109307,179.90534758955545,False,False,0.002999400119976005,True
muon,phi_1020,angular_close_deg,10.0,2009,135,0.06719761075161772,86.84913806407754,0.001089554200945031,179.7898918258541,False,False,0.003599280143971206,True
muon,D0,angular_close_deg,10.0,2009,81,0.04031856645097063,101.99390968987592,0.10087402499925702,179.9525050761486,False,True,0.003799240151969606,True
muon,D_plus,angular_close_deg,10.0,2009,155,0.07715281234444997,84.54081124441433,0.05248841919728875,179.98553344075793,False,True,0.003999200159968006,True
muon,Ds_plus,angular_close_deg,10.0,2009,71,0.0353409656545545,99.4559170941791,0.016805651053175552,179.9714531752441,False,True,0.003999200159968006,True
muon,J_psi,angular_close_deg,10.0,2009,120,0.05973120955699353,85.28708382252933,0.07335068282779389,179.80799455967326,False,False,0.0023995200959808036,True
muon,B_plus,angular_close_deg,10.0,2009,112,0.05574912891986063,84.09417207896149,0.05382527236463375,179.737894361622,False,True,0.003999200159968006,True
muon,B0,angular_close_deg,10.0,2009,120,0.05973120955699353,82.46212452744376,0.02650047557972357,179.85544906350648,False,True,0.003999200159968006,True
muon,Bs0,angular_close_deg,10.0,2009,121,0.06022896963663514,82.80199923454782,0.11901136250889977,179.8891611563812,False,True,0.003799240151969606,True
muon,Upsilon_1S,angular_close_deg,10.0,2009,95,0.04728720756595321,95.85550292995754,0.04892626935497901,179.98282926481846,False,False,0.0033993201359728054,True
muon,W,angular_close_deg,10.0,2009,109,0.05425584868093579,93.29191755842533,0.008368356550846556,179.96185336018777,False,True,0.001999600079984003,True
muon,Z,angular_close_deg,10.0,2009,111,0.055251368840219015,92.91006218195092,0.1872631017565709,179.99580570683594,False,True,0.0027994401119776045,True
muon,Higgs,angular_close_deg,10.0,2009,119,0.059233449477351915,85.02834570978025,0.15772119888589486,179.86506942036158,False,False,0.003799240151969606,True
muon,top,angular_close_deg,10.0,2009,98,0.04878048780487805,94.38458975761576,0.008207595829787806,179.94032265901728,False,True,0.003599280143971206,True
tau,neutron,angular_close_deg,10.0,2009,138,0.06869089099054256,87.36314235503409,0.00584411025684517,179.9378792249816,False,True,0.003199360127974405,True
tau,Lambda,angular_close_deg,10.0,2009,109,0.05425584868093579,82.55663126622383,0.09321290363700996,179.92031447111805,False,True,0.0061987602479504095,True
tau,Sigma_plus,angular_close_deg,10.0,2009,56,0.027874564459930314,117.46699355174786,0.09577932135721312,179.97824325482048,False,True,0.0033993201359728054,True
tau,Xi_minus,angular_close_deg,10.0,2009,93,0.04629168740666999,94.28261485219797,0.028890564533980978,179.75837069505593,False,True,0.004799040191961607,True
tau,Omega_minus,angular_close_deg,10.0,2009,69,0.03434544549527128,113.0310264366326,0.062198187559090456,179.98975692223803,False,True,0.004999000199960008,True
tau,Delta_1232,angular_close_deg,10.0,2009,103,0.051269288203086114,94.99969391633037,0.1661793369317479,179.9289243253421,False,False,0.0033993201359728054,True
tau,pi0,angular_close_deg,10.0,2009,139,0.06918865107018417,75.86161487282337,0.09557389868894006,179.79120990247748,False,False,0.003599280143971206,True
tau,pi_plus,angular_close_deg,10.0,2009,67,0.03334992533598805,107.01618764914194,0.031337430697732316,179.94417947530945,False,True,0.0021995600879824036,True
tau,K_plus,angular_close_deg,10.0,2009,87,0.04330512692882031,105.40673735546264,0.03884887286233152,179.990468855416,False,True,0.003199360127974405,True
tau,K_short,angular_close_deg,10.0,2009,35,0.017421602787456445,99.11486650316739,0.32766068426951733,179.9393727700596,False,True,0.0033993201359728054,True
tau,K_long,angular_close_deg,10.0,2009,143,0.07117969138875062,75.52014322153988,0.07759714517629845,179.98598201071547,False,True,0.003799240151969606,True
tau,eta,angular_close_deg,10.0,2009,131,0.06520657043305127,80.42384135946642,0.0598887138688724,179.95067042684957,False,False,0.004799040191961607,True
tau,rho_770,angular_close_deg,10.0,2009,117,0.05823792931806869,87.5009350187325,0.08157041641146634,179.91456205651625,False,False,0.0007998400319936012,True
tau,omega_782,angular_close_deg,10.0,2009,140,0.06968641114982578,82.9538098734873,0.14299459450694485,179.97162063492556,False,False,0.0023995200959808036,True
tau,phi_1020,angular_close_deg,10.0,2009,121,0.06022896963663514,86.21434615858706,0.06695641376231265,179.99801267331907,False,False,0.004399120175964807,True
tau,D0,angular_close_deg,10.0,2009,2,0.0009955201592832255,52.27077548183514,5.829896441240976,179.92175621057868,False,True,0.021395720855828835,True
tau,D_plus,angular_close_deg,10.0,2009,13,0.006470881035340966,135.20784371247692,0.3804677553885938,179.99144949698012,False,True,0.02459508098380324,True
tau,Ds_plus,angular_close_deg,10.0,2009,3,0.0014932802389248383,80.99397887390154,1.3192145724642046,179.69468796437354,False,True,0.020995800839832032,True
tau,J_psi,angular_close_deg,10.0,2009,95,0.04728720756595321,99.77940174541129,0.0814298624918024,179.94191497048052,False,False,0.003799240151969606,True
tau,B_plus,angular_close_deg,10.0,2009,118,0.0587356893977103,67.98843308677749,0.08238848623301465,179.8276090999541,False,True,0.00639872025594881,True
tau,B0,angular_close_deg,10.0,2009,106,0.05276256844201095,71.85380645104533,0.027611159801438134,179.75554751946254,False,True,0.006798640271945611,True
tau,Bs0,angular_close_deg,10.0,2009,110,0.0547536087605774,71.04304236109762,0.010955650885051682,179.71225695620865,False,True,0.006798640271945611,True
tau,Upsilon_1S,angular_close_deg,10.0,2009,165,0.0821304131408661,81.5561844540534,0.003050796392471966,179.99124420481337,False,False,0.003199360127974405,True
tau,W,angular_close_deg,10.0,2009,86,0.0428073668491787,92.03590986622179,0.10583417083012137,179.92715688855344,False,True,0.004199160167966407,True
tau,Z,angular_close_deg,10.0,2009,85,0.042309606769537086,92.81155283193596,0.09451411783382468,179.93076003119432,False,True,0.004399120175964807,True
tau,Higgs,angular_close_deg,10.0,2009,91,0.04529616724738676,99.52072355434908,0.03162729282294663,179.91856157499842,False,False,0.0027994401119776045,True
tau,top,angular_close_deg,10.0,2009,140,0.06968641114982578,83.06729423042464,0.03351035656456247,179.90464059558497,False,True,0.003999200159968006,True
neutron,Lambda,angular_close_deg,10.0,2009,102,0.0507715281234445,95.83366486356661,0.06577870214795212,179.98220862368794,True,True,0.0027994401119776045,True
neutron,Sigma_plus,angular_close_deg,10.0,2009,115,0.057242409158785465,86.32910775823616,0.1456612126902712,179.9773319992487,True,True,0.002999400119976005,True
neutron,Xi_minus,angular_close_deg,10.0,2009,101,0.05027376804380289,94.29226396129278,0.024477810765802133,179.99947228584222,True,True,0.002999400119976005,True
neutron,Omega_minus,angular_close_deg,10.0,2009,112,0.05574912891986063,90.06269120076415,0.011838056870772107,179.9248790122209,True,True,0.003799240151969606,True
neutron,Delta_1232,angular_close_deg,10.0,2009,105,0.05226480836236934,92.4794821344277,0.09964240006149794,179.91525638574439,True,False,0.003799240151969606,True
neutron,pi0,angular_close_deg,10.0,2009,123,0.061224489795918366,86.51364247786205,0.014611475695744502,179.95083476651752,False,False,0.002999400119976005,True
neutron,pi_plus,angular_close_deg,10.0,2009,119,0.059233449477351915,84.38722490288278,0.06562483017546583,179.89320201473183,False,True,0.0015996800639872025,True
neutron,K_plus,angular_close_deg,10.0,2009,113,0.05624688899950224,88.40673008091069,0.024908199297044575,179.98513814247613,False,True,0.005598880223955209,True
neutron,K_short,angular_close_deg,10.0,2009,126,0.0627177700348432,84.72547146481892,0.03298883569448208,179.8654302995605,False,True,0.003599280143971206,True
neutron,K_long,angular_close_deg,10.0,2009,91,0.04529616724738676,95.98212190349207,0.044392046947194785,179.96125120147178,False,True,0.003999200159968006,True
neutron,eta,angular_close_deg,10.0,2009,113,0.05624688899950224,87.67830163584927,0.0020900005735597915,179.9947767865424,False,False,0.003799240151969606,True
neutron,rho_770,angular_close_deg,10.0,2009,118,0.0587356893977103,89.30225161712758,0.040505194457296056,179.98340484602033,False,False,0.0033993201359728054,True
neutron,omega_782,angular_close_deg,10.0,2009,121,0.06022896963663514,87.62425747481083,0.17525646852578802,179.56850589198126,False,False,0.003999200159968006,True
neutron,phi_1020,angular_close_deg,10.0,2009,114,0.05674464907914385,88.90260123027744,0.017315606252111593,179.9627645112394,False,False,0.003799240151969606,True
neutron,D0,angular_close_deg,10.0,2009,132,0.06570433051269288,85.05903039997014,0.043731354360147634,179.97632710058008,False,True,0.003799240151969606,True
neutron,D_plus,angular_close_deg,10.0,2009,110,0.0547536087605774,87.0151767592111,0.10488318678423525,179.69658637885772,False,True,0.004199160167966407,True
neutron,Ds_plus,angular_close_deg,10.0,2009,124,0.06172224987555998,85.13380509956163,0.0644866079591111,179.84053541150035,False,True,0.004999000199960008,True
neutron,J_psi,angular_close_deg,10.0,2009,104,0.051767048282727726,93.15659115919067,0.22489827109416183,179.93924181253414,False,False,0.003599280143971206,True
neutron,B_plus,angular_close_deg,10.0,2009,94,0.0467894474863116,95.03170019626016,0.0026366247073497107,179.95061246668394,False,True,0.002999400119976005,True
neutron,B0,angular_close_deg,10.0,2009,98,0.04878048780487805,95.2555927234369,0.06403146959337391,179.94982525366981,False,True,0.003799240151969606,True
neutron,Bs0,angular_close_deg,10.0,2009,96,0.047784967645594825,95.23743456084863,0.19447955512794124,179.90292720501566,False,True,0.0021995600879824036,True
neutron,Upsilon_1S,angular_close_deg,10.0,2009,126,0.0627177700348432,86.88261896663752,0.06565018325684946,179.98279132366105,False,False,0.0033993201359728054,True
neutron,W,angular_close_deg,10.0,2009,105,0.05226480836236934,90.41004187155069,0.055098167568303325,179.81973904757376,False,True,0.003599280143971206,True
neutron,Z,angular_close_deg,10.0,2009,101,0.05027376804380289,90.5948593085609,0.26880940876469595,179.86660083745437,False,True,0.004799040191961607,True
neutron,Higgs,angular_close_deg,10.0,2009,106,0.05276256844201095,93.12211840368734,0.15641458588748947,179.9216280833083,False,False,0.003599280143971206,True
neutron,top,angular_close_deg,10.0,2009,118,0.0587356893977103,87.4613699019222,0.13697499402135804,179.64428040942335,False,True,0.003599280143971206,True
Lambda,Sigma_plus,angular_close_deg,10.0,2009,12,0.005973120955699353,123.17734554886657,0.6707182230644548,179.9645710058328,True,True,0.018196360727854428,True
Lambda,Xi_minus,angular_close_deg,10.0,2009,1,0.0004977600796416127,40.58930482680815,1.2028540265794163,178.94757108505786,True,True,0.026394721055788842,True
Lambda,Omega_minus,angular_close_deg,10.0,2009,3,0.0014932802389248383,91.82928905944986,0.2797113570369447,179.9581629175347,True,True,0.022195560887822437,True
Lambda,Delta_1232,angular_close_deg,10.0,2009,91,0.04529616724738676,90.45627278046055,0.01034503174736301,179.95779065793215,True,False,0.004599080183963208,True
Lambda,pi0,angular_close_deg,10.0,2009,93,0.04629168740666999,99.54820614772767,0.08319783028878192,179.98112955139516,False,False,0.003199360127974405,True
Lambda,pi_plus,angular_close_deg,10.0,2009,79,0.039323046291687404,84.82590843789335,0.11070772619083868,179.73747777576818,False,True,0.005398920215956809,True
Lambda,K_plus,angular_close_deg,10.0,2009,160,0.07964161274265803,59.326538576739594,0.0414979955799879,179.97618144682735,False,True,0.004599080183963208,True
Lambda,K_short,angular_close_deg,10.0,2009,33,0.01642608262817322,134.54894699020005,0.1955988778555593,179.99599141117335,False,True,0.01919616076784643,True
Lambda,K_long,angular_close_deg,10.0,2009,34,0.016923842707814832,99.55783242319698,0.18168587892915866,179.93164812487817,False,True,0.004399120175964807,True
Lambda,eta,angular_close_deg,10.0,2009,100,0.049776007964161276,97.98618139698247,0.08873308607803665,179.93912715886967,False,False,0.004799040191961607,True
Lambda,rho_770,angular_close_deg,10.0,2009,93,0.04629168740666999,94.71919373535292,0.08678865977555006,179.96899617307497,False,False,0.004799040191961607,True
Lambda,omega_782,angular_close_deg,10.0,2009,106,0.05276256844201095,92.18785681794861,0.18632534638521747,179.9093579005921,False,False,0.0021995600879824036,True
Lambda,phi_1020,angular_close_deg,10.0,2009,92,0.045793927327028375,95.91811609611675,0.08879906136698423,179.8907062129905,False,False,0.004199160167966407,True
Lambda,D0,angular_close_deg,10.0,2009,88,0.043802887008461924,98.76845641454179,0.010693593473092733,179.82943498844918,False,True,0.004199160167966407,True
Lambda,D_plus,angular_close_deg,10.0,2009,48,0.023892483822797413,115.71756547426305,0.1787064800575422,179.95675104175234,False,True,0.004599080183963208,True
Lambda,Ds_plus,angular_close_deg,10.0,2009,73,0.03633648581383773,109.90431790927582,0.16107981377416536,179.9965499054255,False,True,0.002999400119976005,True
Lambda,J_psi,angular_close_deg,10.0,2009,151,0.07516177202588352,86.80097822758539,0.023151225367030293,179.96488128920055,False,False,0.003599280143971206,True
Lambda,B_plus,angular_close_deg,10.0,2009,288,0.14335490293678446,54.53043549773653,0.007739551162501357,179.8700365251176,False,True,0.005598880223955209,True
Lambda,B0,angular_close_deg,10.0,2009,320,0.15928322548531607,55.723346359207625,0.008282681043453977,179.89855402306853,False,True,0.007198560287942412,True
Lambda,Bs0,angular_close_deg,10.0,2009,312,0.15530114484818316,55.41496684186122,0.011799194177228856,179.7497723976865,False,True,0.002999400119976005,True
Lambda,Upsilon_1S,angular_close_deg,10.0,2009,113,0.05624688899950224,89.2993501405761,0.041906939661657816,179.99585667945064,False,False,0.002599480103979204,True
Lambda,W,angular_close_deg,10.0,2009,117,0.05823792931806869,85.05951923681383,0.009174059921519984,179.94298119866926,False,True,0.0021995600879824036,True
Lambda,Z,angular_close_deg,10.0,2009,118,0.0587356893977103,84.77444098956047,0.1295303273544448,179.93148809965635,False,True,0.003799240151969606,True
Lambda,Higgs,angular_close_deg,10.0,2009,138,0.06869089099054256,88.0781987156174,0.1093518876618873,179.87873373416812,False,False,0.0033993201359728054,True
Lambda,top,angular_close_deg,10.0,2009,110,0.0547536087605774,91.68499973889354,0.06739665539072348,179.91035701999488,False,True,0.003999200159968006,True
Sigma_plus,Xi_minus,angular_close_deg,10.0,2009,5,0.0024888003982080635,98.25353091385075,0.4888625044793571,179.9250258652262,True,True,0.01999600079984003,True
Sigma_plus,Omega_minus,angular_close_deg,10.0,2009,2,0.0009955201592832255,48.68942313380064,0.22379816982265766,179.3235395769682,True,True,0.02559488102379524,True
Sigma_plus,Delta_1232,angular_close_deg,10.0,2009,121,0.06022896963663514,84.39333044989104,0.07897112269478157,179.87056864522515,True,False,0.0061987602479504095,True
Sigma_plus,pi0,angular_close_deg,10.0,2009,68,0.033847685415629665,93.18474861938657,0.045346343449523374,179.97693836556493,False,False,0.003599280143971206,True
Sigma_plus,pi_plus,angular_close_deg,10.0,2009,339,0.16874066699850673,56.74608281933905,0.02704550345339385,179.8389470690188,False,True,0.004599080183963208,True
Sigma_plus,K_plus,angular_close_deg,10.0,2009,31,0.015430562468889995,84.26443231925295,0.23645251107814147,179.9580320827754,False,True,0.0057988402319536095,True
Sigma_plus,K_short,angular_close_deg,10.0,2009,5,0.0024888003982080635,92.47644968400434,2.5758498474468183,179.68851985244643,False,True,0.01859628074385123,True
Sigma_plus,K_long,angular_close_deg,10.0,2009,70,0.03484320557491289,112.95573781583519,0.05015345433997709,179.9865000846557,False,True,0.0027994401119776045,True
Sigma_plus,eta,angular_close_deg,10.0,2009,80,0.039820806371329016,90.2868107160174,0.014997013536287795,179.8366477716113,False,False,0.003199360127974405,True
Sigma_plus,rho_770,angular_close_deg,10.0,2009,140,0.06968641114982578,85.9924944118011,0.16417722383232558,179.87651607700553,False,False,0.003799240151969606,True
Sigma_plus,omega_782,angular_close_deg,10.0,2009,88,0.043802887008461924,95.51420092075918,0.1441734188887267,179.988166137276,False,False,0.003799240151969606,True
Sigma_plus,phi_1020,angular_close_deg,10.0,2009,146,0.07267297162767546,86.1865424143968,0.021769852357834907,179.9378064549311,False,False,0.004799040191961607,True
Sigma_plus,D0,angular_close_deg,10.0,2009,41,0.02040816326530612,111.86702606772549,0.10223814149134114,179.98809316272002,False,True,0.004599080183963208,True
Sigma_plus,D_plus,angular_close_deg,10.0,2009,250,0.12444001991040318,68.43745847575619,0.02092830075002894,179.93684752319166,False,True,0.005198960207958408,True
Sigma_plus,Ds_plus,angular_close_deg,10.0,2009,38,0.018914883026381283,103.9272108263066,0.32266924893789906,179.92530744634877,False,True,0.0065986802639472104,True
Sigma_plus,J_psi,angular_close_deg,10.0,2009,120,0.05973120955699353,83.76071243758183,0.05664247058126648,179.9944090981793,False,False,0.0013997200559888023,True
Sigma_plus,B_plus,angular_close_deg,10.0,2009,69,0.03434544549527128,92.81049561367924,0.14198836439021534,179.65294106984345,False,True,0.004399120175964807,True
Sigma_plus,B0,angular_close_deg,10.0,2009,77,0.03832752613240418,87.69649235631498,0.12673876182003596,179.46051362454767,False,True,0.003199360127974405,True
Sigma_plus,Bs0,angular_close_deg,10.0,2009,73,0.03633648581383773,88.70990366139331,0.010524353014034205,179.94963359232315,False,True,0.002999400119976005,True
Sigma_plus,Upsilon_1S,angular_close_deg,10.0,2009,90,0.04479840716774515,98.31674554287507,0.009813115822652207,179.94416509453146,False,False,0.003199360127974405,True
Sigma_plus,W,angular_close_deg,10.0,2009,102,0.0507715281234445,94.42995314193065,0.09371181003822926,179.92408693465745,False,True,0.003799240151969606,True
Sigma_plus,Z,angular_close_deg,10.0,2009,106,0.05276256844201095,93.96596660887707,0.1998411955092365,179.94180974541212,False,True,0.004799040191961607,True
Sigma_plus,Higgs,angular_close_deg,10.0,2009,125,0.06222000995520159,83.39283628183435,0.018007943026191242,179.8381550422041,False,False,0.0033993201359728054,True
Sigma_plus,top,angular_close_deg,10.0,2009,93,0.04629168740666999,95.85017434174732,0.2666150037447892,179.86747220139068,False,True,0.0033993201359728054,True
Xi_minus,Omega_minus,angular_close_deg,10.0,2009,2,0.0009955201592832255,59.59799936927789,5.8686747163420705,179.70122769540353,True,True,0.021595680863827234,True
Xi_minus,Delta_1232,angular_close_deg,10.0,2009,141,0.07018417122946739,87.2323410511634,0.0575483808250965,179.911196675837,True,False,0.003999200159968006,True
Xi_minus,pi0,angular_close_deg,10.0,2009,84,0.041811846689895474,100.04016285240009,0.09271822973579447,179.97358227687351,False,False,0.001999600079984003,True
Xi_minus,pi_plus,angular_close_deg,10.0,2009,118,0.0587356893977103,67.96399063109081,0.017585803169538394,179.73035178570456,False,True,0.004999000199960008,True
Xi_minus,K_plus,angular_close_deg,10.0,2009,232,0.11548033847685416,53.656848561094115,0.043418978168347167,179.6977407122763,False,True,0.004599080183963208,True
Xi_minus,K_short,angular_close_deg,10.0,2009,22,0.010950721752115481,142.63442104610743,0.004306767470040995,179.99162832025445,False,True,0.022595480903819236,True
Xi_minus,K_long,angular_close_deg,10.0,2009,41,0.02040816326530612,110.19409195942535,0.062332595437197824,179.93775630754698,False,True,0.0033993201359728054,True
Xi_minus,eta,angular_close_deg,10.0,2009,87,0.04330512692882031,98.13155271381667,0.08296841865222859,179.91659513392847,False,False,0.001999600079984003,True
Xi_minus,rho_770,angular_close_deg,10.0,2009,90,0.04479840716774515,93.66132049462223,0.020466317462933148,179.88880798045847,False,False,0.004199160167966407,True
Xi_minus,omega_782,angular_close_deg,10.0,2009,101,0.05027376804380289,94.93595108149664,0.19140562132992045,179.89855680395786,False,False,0.003199360127974405,True
Xi_minus,phi_1020,angular_close_deg,10.0,2009,91,0.04529616724738676,94.29242368862332,0.16874254967757452,179.98166827872467,False,False,0.003199360127974405,True
Xi_minus,D0,angular_close_deg,10.0,2009,73,0.03633648581383773,111.25671214972374,0.036186647728243315,179.9960358633139,False,True,0.003599280143971206,True
Xi_minus,D_plus,angular_close_deg,10.0,2009,40,0.019910403185664508,108.79741092207382,0.22928086973530526,179.91988316501107,False,True,0.004999000199960008,True
Xi_minus,Ds_plus,angular_close_deg,10.0,2009,61,0.030363364858138377,116.56816044484232,0.0606161186281895,179.97848361865488,False,True,0.0057988402319536095,True
Xi_minus,J_psi,angular_close_deg,10.0,2009,140,0.06968641114982578,83.68225694309992,0.07277363429437855,179.94784454711106,False,False,0.0033993201359728054,True
Xi_minus,B_plus,angular_close_deg,10.0,2009,200,0.09955201592832255,55.162070289718194,0.001148957812745266,179.67424154792303,False,True,0.0057988402319536095,True
Xi_minus,B0,angular_close_deg,10.0,2009,219,0.10900945744151319,54.014005752215354,0.022413745832750465,179.95991402659212,False,True,0.003599280143971206,True
Xi_minus,Bs0,angular_close_deg,10.0,2009,216,0.10751617720258835,54.19378925014091,0.049114462873006914,179.93851684930388,False,True,0.005398920215956809,True
Xi_minus,Upsilon_1S,angular_close_deg,10.0,2009,107,0.053260328521652564,93.78405643325861,0.06366099940834147,179.99869672670752,False,False,0.001799640071985603,True
Xi_minus,W,angular_close_deg,10.0,2009,117,0.05823792931806869,86.30181071707561,0.07743032293899432,179.87294270832194,False,True,0.0027994401119776045,True
Xi_minus,Z,angular_close_deg,10.0,2009,120,0.05973120955699353,86.30986167521772,0.17676128776571431,179.93088483609944,False,True,0.003599280143971206,True
Xi_minus,Higgs,angular_close_deg,10.0,2009,145,0.07217521154803384,84.31769399882823,0.043110111240650895,179.98324608555413,False,False,0.003999200159968006,True
Xi_minus,top,angular_close_deg,10.0,2009,101,0.05027376804380289,94.30655356749695,0.05672710690555505,179.99857569154898,False,True,0.0023995200959808036,True
Omega_minus,Delta_1232,angular_close_deg,10.0,2009,126,0.0627177700348432,84.78825274016563,0.14382632866130507,179.9318952586113,True,False,0.002999400119976005,True
Omega_minus,pi0,angular_close_deg,10.0,2009,76,0.037829766052762566,98.0342496426292,0.10207657863992381,179.92954255897513,False,False,0.003799240151969606,True
Omega_minus,pi_plus,angular_close_deg,10.0,2009,215,0.10701841712294674,54.28408738247802,0.019608091835010555,179.72681446193113,False,True,0.0033993201359728054,True
Omega_minus,K_plus,angular_close_deg,10.0,2009,408,0.203086112493778,62.75071164059205,0.007958667318121115,179.89398443725986,False,True,0.0057988402319536095,True
Omega_minus,K_short,angular_close_deg,10.0,2009,10,0.004977600796416127,123.64216825102449,0.2028045381499055,179.97201860035017,False,True,0.022795440911817635,True
Omega_minus,K_long,angular_close_deg,10.0,2009,56,0.027874564459930314,117.4560383178462,0.0015568841908475406,179.97201093690978,False,True,0.004799040191961607,True
Omega_minus,eta,angular_close_deg,10.0,2009,83,0.041314086610253854,94.91497736231732,0.0057591037000293,179.87945009562725,False,False,0.004799040191961607,True
Omega_minus,rho_770,angular_close_deg,10.0,2009,107,0.053260328521652564,89.76028443963776,0.0003048843079227481,179.88866381836954,False,False,0.004999000199960008,True
Omega_minus,omega_782,angular_close_deg,10.0,2009,98,0.04878048780487805,95.93821308056785,0.2449486641802423,179.94987877370937,False,False,0.004399120175964807,True
Omega_minus,phi_1020,angular_close_deg,10.0,2009,81,0.04031856645097063,90.65958007203048,0.020288004528197234,179.8361721800911,False,False,0.003599280143971206,True
Omega_minus,D0,angular_close_deg,10.0,2009,55,0.0273768043802887,117.51925722996934,0.2081818920586329,179.98845579481815,False,True,0.002999400119976005,True
Omega_minus,D_plus,angular_close_deg,10.0,2009,29,0.01443504230960677,89.9861269386332,0.22911390229702988,179.95495475565968,False,True,0.006998600279944011,True
Omega_minus,Ds_plus,angular_close_deg,10.0,2009,46,0.022896963663514187,114.30755210446142,0.06536086366281779,179.99776278290108,False,True,0.006798640271945611,True
Omega_minus,J_psi,angular_close_deg,10.0,2009,129,0.06421105027376804,82.4678804694842,0.16138974585351207,179.97583633852747,False,False,0.005198960207958408,True
Omega_minus,B_plus,angular_close_deg,10.0,2009,112,0.05574912891986063,70.70005286194872,0.05174837922524489,179.5709785264716,False,True,0.00639872025594881,True
Omega_minus,B0,angular_close_deg,10.0,2009,122,0.06072672971627675,66.89875835883618,0.017314173784939157,179.79731164058074,False,True,0.004999000199960008,True
Omega_minus,Bs0,angular_close_deg,10.0,2009,119,0.059233449477351915,67.67005221586896,0.025880401270370612,179.8265682378542,False,True,0.004999000199960008,True
Omega_minus,Upsilon_1S,angular_close_deg,10.0,2009,94,0.0467894474863116,97.62313565362497,0.20365111712783346,179.9986293168289,False,False,0.0021995600879824036,True
Omega_minus,W,angular_close_deg,10.0,2009,105,0.05226480836236934,91.10134754816553,0.2120109576869993,179.95750032613876,False,True,0.003599280143971206,True
Omega_minus,Z,angular_close_deg,10.0,2009,108,0.05375808860129418,90.56260844029998,0.0802393438862623,179.74524168755204,False,True,0.0027994401119776045,True
Omega_minus,Higgs,angular_close_deg,10.0,2009,135,0.06719761075161772,82.18242487698053,0.028929564647370398,179.97254497555616,False,False,0.0033993201359728054,True
Omega_minus,top,angular_close_deg,10.0,2009,96,0.047784967645594825,96.09021955308461,0.03607062093976765,179.9420683797901,False,True,0.003799240151969606,True
Delta_1232,pi0,angular_close_deg,10.0,2009,123,0.061224489795918366,81.61200057163543,0.052956393237309385,179.9326451836671,False,False,0.0021995600879824036,True
Delta_1232,pi_plus,angular_close_deg,10.0,2009,116,0.05774016923842708,86.07074678408206,0.2095861462609605,179.97057574071653,False,False,0.002999400119976005,True
Delta_1232,K_plus,angular_close_deg,10.0,2009,128,0.06371329019412643,85.158554250595,0.0775379807089962,179.96699545185513,False,False,0.0033993201359728054,True
Delta_1232,K_short,angular_close_deg,10.0,2009,112,0.05574912891986063,89.15364301769563,0.17517505924649868,179.98602743023469,False,False,0.002599480103979204,True
Delta_1232,K_long,angular_close_deg,10.0,2009,96,0.047784967645594825,94.53701669154502,0.01821477819106576,179.830540001464,False,False,0.004799040191961607,True
Delta_1232,eta,angular_close_deg,10.0,2009,134,0.0666998506719761,77.35667932782022,0.033083032826510816,179.91043667134142,False,False,0.0027994401119776045,True
Delta_1232,rho_770,angular_close_deg,10.0,2009,6,0.0029865604778496766,86.56173812314796,1.2147654891813318,179.7339237504068,False,True,0.009398120375924815,True
Delta_1232,omega_782,angular_close_deg,10.0,2009,51,0.02538576406172225,110.01960042310303,0.00810665160474855,179.27897251152672,False,True,0.00639872025594881,True
Delta_1232,phi_1020,angular_close_deg,10.0,2009,180,0.0895968143354903,56.865282200446536,0.005721504121936505,179.8352523671851,False,True,0.004399120175964807,True
Delta_1232,D0,angular_close_deg,10.0,2009,108,0.05375808860129418,90.94375575806873,0.08737507397395916,179.9407664212116,False,False,0.003599280143971206,True
Delta_1232,D_plus,angular_close_deg,10.0,2009,128,0.06371329019412643,83.8612703752542,0.07148142476626163,179.9989090553937,False,False,0.005598880223955209,True
Delta_1232,Ds_plus,angular_close_deg,10.0,2009,116,0.05774016923842708,87.90629372242545,0.047842784042643416,179.93853954773658,False,False,0.002999400119976005,True
Delta_1232,J_psi,angular_close_deg,10.0,2009,55,0.0273768043802887,90.55806137126835,0.06603903249765608,179.9572086504637,False,False,0.004599080183963208,True
Delta_1232,B_plus,angular_close_deg,10.0,2009,88,0.043802887008461924,93.82363887394361,0.015547426448904389,179.7932569751398,False,False,0.003199360127974405,True
Delta_1232,B0,angular_close_deg,10.0,2009,87,0.04330512692882031,93.0513135528683,0.14070887866819248,179.83256221178272,False,False,0.0023995200959808036,True
Delta_1232,Bs0,angular_close_deg,10.0,2009,90,0.04479840716774515,93.23595410173333,0.12150280750540787,179.98291281984166,False,False,0.003999200159968006,True
Delta_1232,Upsilon_1S,angular_close_deg,10.0,2009,96,0.047784967645594825,97.58439971649862,0.05549795442348682,179.99052891290734,False,False,0.003799240151969606,True
Delta_1232,W,angular_close_deg,10.0,2009,15,0.007466401194624191,134.35346952451943,0.6111657924186034,179.98952548273297,False,False,0.020195960807838434,True
Delta_1232,Z,angular_close_deg,10.0,2009,12,0.005973120955699353,131.51390991907596,0.44578324420459126,179.9407654231345,False,False,0.01779644071185763,True
Delta_1232,Higgs,angular_close_deg,10.0,2009,47,0.0233947237431558,87.64107369750529,0.16174785241645395,179.92931613888902,False,False,0.005198960207958408,True
Delta_1232,top,angular_close_deg,10.0,2009,45,0.022399203583872575,115.33446865533034,0.026881104946880896,179.6682150093127,False,False,0.007398520295940812,True
pi0,pi_plus,angular_close_deg,10.0,2009,112,0.05574912891986063,88.7458700229954,0.13386286864869135,179.9821435818431,True,False,0.00599880023995201,True
pi0,K_plus,angular_close_deg,10.0,2009,85,0.042309606769537086,95.89073338147684,0.09338431374231959,179.8525606875054,True,False,0.003199360127974405,True
pi0,K_short,angular_close_deg,10.0,2009,162,0.08063713290194126,80.27895225398713,0.010981473157357868,179.9561421821179,True,False,0.003199360127974405,True
pi0,K_long,angular_close_deg,10.0,2009,115,0.057242409158785465,91.14599986684738,0.0966111655978068,179.9789758235247,True,False,0.002999400119976005,True
pi0,eta,angular_close_deg,10.0,2009,375,0.1866600298656048,59.70437124524327,0.023340350009675603,179.93324895943113,True,True,0.004799040191961607,True
pi0,rho_770,angular_close_deg,10.0,2009,152,0.07565953210552513,79.25597938352846,0.101282785772014,179.86918046526466,True,False,0.001999600079984003,True
pi0,omega_782,angular_close_deg,10.0,2009,65,0.03235440517670483,95.69747078391998,0.1933271128227716,179.96006657022474,True,False,0.0023995200959808036,True
pi0,phi_1020,angular_close_deg,10.0,2009,169,0.08412145345943256,75.7143221988238,0.007884508586698757,179.8642983289634,True,False,0.0023995200959808036,True
pi0,D0,angular_close_deg,10.0,2009,165,0.0821304131408661,75.17893856968713,0.0696752561543974,179.98668289745513,True,False,0.003599280143971206,True
pi0,D_plus,angular_close_deg,10.0,2009,64,0.031856645097063215,93.32411695332999,0.17032606249824767,179.97387093293287,True,False,0.001999600079984003,True
pi0,Ds_plus,angular_close_deg,10.0,2009,181,0.09009457441513191,77.94120437351766,0.021810511263083754,179.94746670352225,True,False,0.0021995600879824036,True
pi0,J_psi,angular_close_deg,10.0,2009,111,0.055251368840219015,85.39345904815858,0.0010462362344583198,179.82808878746187,True,False,0.003199360127974405,True
pi0,B_plus,angular_close_deg,10.0,2009,96,0.047784967645594825,96.65385519313133,0.11154670948587864,179.91876505873586,True,False,0.003199360127974405,True
pi0,B0,angular_close_deg,10.0,2009,99,0.04927824788451966,98.07138181490208,0.04274332457035257,179.99987207034087,True,False,0.002999400119976005,True
pi0,Bs0,angular_close_deg,10.0,2009,99,0.04927824788451966,97.80708781336033,0.008887021208522583,179.9974666867218,True,False,0.0023995200959808036,True
pi0,Upsilon_1S,angular_close_deg,10.0,2009,42,0.020905923344947737,104.64063682764086,0.20273742664923589,179.90116359326493,True,False,0.0011997600479904018,True
pi0,W,angular_close_deg,10.0,2009,86,0.0428073668491787,102.54246243264025,0.07811974123472964,179.9202467042411,False,False,0.005398920215956809,True
pi0,Z,angular_close_deg,10.0,2009,86,0.0428073668491787,102.4399136490993,0.0385806169864793,179.98953641114372,False,False,0.003599280143971206,True
pi0,Higgs,angular_close_deg,10.0,2009,110,0.0547536087605774,82.44861198540286,0.028784920080966003,179.7367267734857,False,False,0.003599280143971206,True
pi0,top,angular_close_deg,10.0,2009,67,0.03334992533598805,96.81714140812808,0.04874269479637405,179.97641175811117,False,False,0.001999600079984003,True
pi_plus,K_plus,angular_close_deg,10.0,2009,3,0.0014932802389248383,66.92275352636149,1.4899418903075912,179.6199806790824,True,True,0.0057988402319536095,True
pi_plus,K_short,angular_close_deg,10.0,2009,32,0.015928322548531607,96.53261185121053,0.2156173957005194,179.96268483002717,True,True,0.003199360127974405,True
pi_plus,K_long,angular_close_deg,10.0,2009,36,0.017919362867098058,129.4346850465104,0.09429826642929129,179.99502538994807,True,True,0.007598480303939212,True
pi_plus,eta,angular_close_deg,10.0,2009,148,0.07366849178695868,86.69612672453624,0.11328011025898377,179.97967742464465,True,False,0.003999200159968006,True
pi_plus,rho_770,angular_close_deg,10.0,2009,132,0.06570433051269288,85.08824031936273,0.0271485815703727,179.94132375402054,True,False,0.0033993201359728054,True
pi_plus,omega_782,angular_close_deg,10.0,2009,90,0.04479840716774515,93.25283690975913,0.10044839534293715,179.97746582623037,True,False,0.003999200159968006,True
pi_plus,phi_1020,angular_close_deg,10.0,2009,130,0.06470881035340965,85.18913744371982,0.08050664924340367,179.9319749503971,True,False,0.002599480103979204,True
pi_plus,D0,angular_close_deg,10.0,2009,55,0.0273768043802887,101.72241787698184,0.2036458925856266,179.9255931036546,True,True,0.003999200159968006,True
pi_plus,D_plus,angular_close_deg,10.0,2009,227,0.11299153807864609,72.9581739048908,0.046278133989574144,179.9799991331697,True,True,0.0033993201359728054,True
pi_plus,Ds_plus,angular_close_deg,10.0,2009,53,0.026381284221005476,95.39573456517884,0.0947286803290126,179.87847862206326,True,True,0.003599280143971206,True
pi_plus,J_psi,angular_close_deg,10.0,2009,115,0.057242409158785465,86.52905430072309,0.013321203806924586,179.94968171660264,True,False,0.003199360127974405,True
pi_plus,B_plus,angular_close_deg,10.0,2009,92,0.045793927327028375,94.2616110448744,0.14143221983707122,179.86423828329106,True,True,0.001999600079984003,True
pi_plus,B0,angular_close_deg,10.0,2009,96,0.047784967645594825,91.19327930676418,0.05881393348659003,179.93454902803046,True,True,0.003199360127974405,True
pi_plus,Bs0,angular_close_deg,10.0,2009,93,0.04629168740666999,91.83554924835985,0.08551047357423158,179.9995405619764,True,True,0.003199360127974405,True
pi_plus,Upsilon_1S,angular_close_deg,10.0,2009,94,0.0467894474863116,95.9050249610635,0.09853290870452724,179.8267307566117,True,False,0.003199360127974405,True
pi_plus,W,angular_close_deg,10.0,2009,110,0.0547536087605774,95.05729566353277,0.14846571907810358,179.98559108559095,False,True,0.005198960207958408,True
pi_plus,Z,angular_close_deg,10.0,2009,105,0.05226480836236934,94.82268813611948,0.03221350408358603,179.96753877748128,False,True,0.005398920215956809,True
pi_plus,Higgs,angular_close_deg,10.0,2009,119,0.059233449477351915,85.50989429387788,0.1437091099051031,179.9015461684467,False,False,0.0023995200959808036,True
pi_plus,top,angular_close_deg,10.0,2009,95,0.04728720756595321,93.71566736517902,0.010872788057895377,179.845625669838,False,True,0.002999400119976005,True
K_plus,K_short,angular_close_deg,10.0,2009,47,0.0233947237431558,114.01214193443641,0.24308659555927647,179.946693659019,True,True,0.00599880023995201,True
K_plus,K_long,angular_close_deg,10.0,2009,16,0.007964161274265804,139.45334984533207,0.7004622784329229,179.962563292788,True,True,0.021195760847830435,True
K_plus,eta,angular_close_deg,10.0,2009,84,0.041811846689895474,93.30430955898633,0.024477321157462484,179.9347932989504,True,False,0.005398920215956809,True
K_plus,rho_770,angular_close_deg,10.0,2009,134,0.0666998506719761,88.70010470153107,0.02068659898890246,179.88165375105334,True,False,0.005198960207958408,True
K_plus,omega_782,angular_close_deg,10.0,2009,99,0.04927824788451966,95.20672780894337,0.09350993556648746,179.9937078905961,True,False,0.0021995600879824036,True
K_plus,phi_1020,angular_close_deg,10.0,2009,114,0.05674464907914385,89.23322440184002,0.1667080178376068,179.96360542799044,True,False,0.004399120175964807,True
K_plus,D0,angular_close_deg,10.0,2009,71,0.0353409656545545,107.72281051362276,0.0801947309966522,179.92533370945148,True,True,0.005198960207958408,True
K_plus,D_plus,angular_close_deg,10.0,2009,54,0.02687904430064709,90.41316788332789,0.16000651759134144,179.97936253002132,True,True,0.003599280143971206,True
K_plus,Ds_plus,angular_close_deg,10.0,2009,64,0.031856645097063215,105.964751018844,0.08708656949238502,179.9782172995125,True,True,0.003999200159968006,True
K_plus,J_psi,angular_close_deg,10.0,2009,127,0.06321553011448482,83.88160732144709,0.026222348704408205,179.97491373837153,True,False,0.004199160167966407,True
K_plus,B_plus,angular_close_deg,10.0,2009,126,0.0627177700348432,75.93773316958446,0.03279156113430304,179.94514550468335,True,True,0.0027994401119776045,True
K_plus,B0,angular_close_deg,10.0,2009,129,0.06421105027376804,74.02144372287881,0.07699103706508481,179.71537966319892,True,True,0.0013997200559888023,True
K_plus,Bs0,angular_close_deg,10.0,2009,132,0.06570433051269288,74.38013363045303,0.08902302160976205,179.9162679104993,True,True,0.002999400119976005,True
K_plus,Upsilon_1S,angular_close_deg,10.0,2009,93,0.04629168740666999,96.93411829755597,0.12122841254273453,179.96176934845198,True,False,0.0021995600879824036,True
K_plus,W,angular_close_deg,10.0,2009,108,0.05375808860129418,92.0547033361544,0.03288642351157023,179.97790471256246,False,True,0.003999200159968006,True
K_plus,Z,angular_close_deg,10.0,2009,106,0.05276256844201095,91.68132073310339,0.24182216634619635,179.9152697619586,False,True,0.004799040191961607,True
K_plus,Higgs,angular_close_deg,10.0,2009,131,0.06520657043305127,83.4995398482689,0.16311347556978717,179.93602023461227,False,False,0.004799040191961607,True
K_plus,top,angular_close_deg,10.0,2009,106,0.05276256844201095,95.32180362169576,0.09976768363770816,179.86958633568014,False,True,0.002599480103979204,True
K_short,K_long,angular_close_deg,10.0,2009,110,0.0547536087605774,82.26832036662928,0.001085471390837256,179.88632109353898,True,True,0.007798440311937612,True
K_short,eta,angular_close_deg,10.0,2009,140,0.06968641114982578,81.27269283834617,0.048876115708935686,179.92905633774672,True,False,0.004599080183963208,True
K_short,rho_770,angular_close_deg,10.0,2009,124,0.06172224987555998,84.38761132612049,0.04287181313677024,179.90738165177686,True,False,0.0023995200959808036,True
K_short,omega_782,angular_close_deg,10.0,2009,133,0.06620209059233449,87.85763872329917,0.01646772906667593,179.9539988963918,True,False,0.004799040191961607,True
K_short,phi_1020,angular_close_deg,10.0,2009,126,0.0627177700348432,83.82797726060662,0.1602062245545426,179.9733888969816,True,False,0.004999000199960008,True
K_short,D0,angular_close_deg,10.0,2009,26,0.012941762070681932,78.86539170900063,0.024095882968282467,179.91561126757432,True,True,0.0033993201359728054,True
K_short,D_plus,angular_close_deg,10.0,2009,180,0.0895968143354903,56.691067768337376,0.017509707892884308,179.84986233538064,True,True,0.005198960207958408,True
K_short,Ds_plus,angular_close_deg,10.0,2009,399,0.1986062717770035,63.43258252466162,0.004707598023742321,179.8574739702147,True,True,0.003199360127974405,True
K_short,J_psi,angular_close_deg,10.0,2009,101,0.05027376804380289,92.79877196300511,0.027078270586002873,179.99125612754165,True,False,0.001999600079984003,True
K_short,B_plus,angular_close_deg,10.0,2009,23,0.011448481831757094,142.66240357853388,0.10217588400834643,179.98524022193334,True,True,0.003799240151969606,True
K_short,B0,angular_close_deg,10.0,2009,24,0.011946241911398706,141.7498928530396,0.2547733309646105,179.9808698023142,True,True,0.002599480103979204,True
K_short,Bs0,angular_close_deg,10.0,2009,24,0.011946241911398706,142.04063063694898,0.15852344754634373,179.9873987362472,True,True,0.0023995200959808036,True
K_short,Upsilon_1S,angular_close_deg,10.0,2009,83,0.041314086610253854,91.89469920148709,0.20396877182849948,179.82791400698108,True,False,0.0033993201359728054,True
K_short,W,angular_close_deg,10.0,2009,91,0.04529616724738676,95.9480890182776,0.2040483382864693,179.8935567220457,False,True,0.004799040191961607,True
K_short,Z,angular_close_deg,10.0,2009,94,0.0467894474863116,95.91023683035853,0.08802306131872228,179.95011270221016,False,True,0.003199360127974405,True
K_short,Higgs,angular_close_deg,10.0,2009,113,0.05624688899950224,91.22772021919452,0.014136359162307599,179.96925804476638,False,False,0.0023995200959808036,True
K_short,top,angular_close_deg,10.0,2009,113,0.05624688899950224,88.9032818487367,0.0602665728173406,179.97034394148523,False,True,0.0033993201359728054,True
K_long,eta,angular_close_deg,10.0,2009,103,0.051269288203086114,93.31393688669223,0.010170088917902831,179.99613975768636,True,False,0.003999200159968006,True
K_long,rho_770,angular_close_deg,10.0,2009,101,0.05027376804380289,94.47975249654806,0.03128719310905126,179.97399233276775,True,False,0.004399120175964807,True
K_long,omega_782,angular_close_deg,10.0,2009,115,0.057242409158785465,87.09595884572965,0.1689844796293869,179.8366669476829,True,False,0.004599080183963208,True
K_long,phi_1020,angular_close_deg,10.0,2009,103,0.051269288203086114,94.7507096318193,0.04847448697449863,179.94494843050967,True,False,0.004399120175964807,True
K_long,D0,angular_close_deg,10.0,2009,128,0.06371329019412643,79.52626784420441,0.08238941252531617,179.8474613654227,True,True,0.004399120175964807,True
K_long,D_plus,angular_close_deg,10.0,2009,90,0.04479840716774515,103.31434303486648,0.05645711191220926,179.9842137651287,True,True,0.003599280143971206,True
K_long,Ds_plus,angular_close_deg,10.0,2009,112,0.05574912891986063,84.91826444152815,0.028847123324311497,179.94877967837238,True,True,0.0027994401119776045,True
K_long,J_psi,angular_close_deg,10.0,2009,87,0.04330512692882031,93.0529903956243,0.157448611706684,179.8186121750008,True,False,0.003199360127974405,True
K_long,B_plus,angular_close_deg,10.0,2009,49,0.024390243902439025,88.08505072735674,0.049746512374383656,179.93114117532832,True,True,0.0021995600879824036,True
K_long,B0,angular_close_deg,10.0,2009,55,0.0273768043802887,90.56295806011049,0.0852619285842593,179.97322598947773,True,True,0.003199360127974405,True
K_long,Bs0,angular_close_deg,10.0,2009,51,0.02538576406172225,90.04956291707512,0.013865434823316036,179.88082173891166,True,True,0.002599480103979204,True
K_long,Upsilon_1S,angular_close_deg,10.0,2009,123,0.061224489795918366,84.4187832927533,0.006081998691854551,179.9527219031571,True,False,0.0033993201359728054,True
K_long,W,angular_close_deg,10.0,2009,134,0.0666998506719761,85.22859666673328,0.13695364726629577,179.99077441240036,False,True,0.004399120175964807,True
K_long,Z,angular_close_deg,10.0,2009,131,0.06520657043305127,85.10063421830621,0.013525311275799368,179.9399621397789,False,True,0.005398920215956809,True
K_long,Higgs,angular_close_deg,10.0,2009,83,0.041314086610253854,93.90279092386491,0.05544137953478412,179.8163448354564,False,False,0.003199360127974405,True
K_long,top,angular_close_deg,10.0,2009,116,0.05774016923842708,86.74271721613331,0.01256884432325478,179.8548689721468,False,True,0.003799240151969606,True
eta,rho_770,angular_close_deg,10.0,2009,173,0.08611249377799901,76.86575624329927,0.023404064519354506,179.90624636586466,True,False,0.0033993201359728054,True
eta,omega_782,angular_close_deg,10.0,2009,57,0.028372324539571926,100.64240244277042,0.03551007181164323,179.92638400953768,True,False,0.003599280143971206,True
eta,phi_1020,angular_close_deg,10.0,2009,212,0.1055251368840219,71.48978831275325,0.023271988482747474,179.9350834389723,True,False,0.0033993201359728054,True
eta,D0,angular_close_deg,10.0,2009,146,0.07267297162767546,78.46543430809612,0.04589145502120573,179.86231479265484,True,False,0.002999400119976005,True
eta,D_plus,angular_close_deg,10.0,2009,74,0.03683424589347934,89.61821786474981,0.18470947314543196,179.9663158380526,True,False,0.003199360127974405,True
eta,Ds_plus,angular_close_deg,10.0,2009,154,0.07665505226480836,79.5922310076447,0.021897661884878517,179.9819737769419,True,False,0.0023995200959808036,True
eta,J_psi,angular_close_deg,10.0,2009,81,0.04031856645097063,84.32556655512272,0.09412298519976048,179.97866328253485,True,False,0.004999000199960008,True
eta,B_plus,angular_close_deg,10.0,2009,100,0.049776007964161276,97.2095935058117,0.10645870002747415,179.95033909192398,True,False,0.001999600079984003,True
eta,B0,angular_close_deg,10.0,2009,93,0.04629168740666999,98.13112098921462,0.017812872493493614,179.99858394102722,True,False,0.002599480103979204,True
eta,Bs0,angular_close_deg,10.0,2009,98,0.04878048780487805,97.94263325763774,0.023184353968161986,179.94879888727246,True,False,0.0015996800639872025,True
eta,Upsilon_1S,angular_close_deg,10.0,2009,5,0.0024888003982080635,102.74561841827794,1.955008908718355,179.92140951921442,True,False,0.018196360727854428,True
eta,W,angular_close_deg,10.0,2009,81,0.04031856645097063,106.28978661313118,0.045120123727031114,179.93980187969305,False,False,0.0027994401119776045,True
eta,Z,angular_close_deg,10.0,2009,83,0.041314086610253854,105.81777727089155,0.15954868452024584,179.97699787689703,False,False,0.0057988402319536095,True
eta,Higgs,angular_close_deg,10.0,2009,91,0.04529616724738676,78.6396538812074,0.05915538491947814,179.62369970920622,False,False,0.004799040191961607,True
eta,top,angular_close_deg,10.0,2009,59,0.02936784469885515,102.12339117922284,0.1431630809510125,179.9402193179488,False,False,0.0057988402319536095,True
rho_770,omega_782,angular_close_deg,10.0,2009,127,0.06321553011448482,65.3251795761252,0.07077282055121259,179.86819015524435,True,True,0.006998600279944011,True
rho_770,phi_1020,angular_close_deg,10.0,2009,365,0.18168242906918866,64.53359606106336,0.004968873848838484,179.83861523099773,True,True,0.00599880023995201,True
rho_770,D0,angular_close_deg,10.0,2009,120,0.05973120955699353,84.39939739042883,0.0066643479528352145,179.74556836052602,True,False,0.0033993201359728054,True
rho_770,D_plus,angular_close_deg,10.0,2009,139,0.06918865107018417,85.76390226848102,0.02605708935425355,179.97585336087963,True,False,0.001999600079984003,True
rho_770,Ds_plus,angular_close_deg,10.0,2009,126,0.0627177700348432,83.74798483528998,0.13434369692583914,179.76379989635063,True,False,0.0027994401119776045,True
rho_770,J_psi,angular_close_deg,10.0,2009,64,0.031856645097063215,106.36791286232733,0.047425854460982464,179.97602658600687,True,False,0.002599480103979204,True
rho_770,B_plus,angular_close_deg,10.0,2009,96,0.047784967645594825,96.17556746931226,0.022084457524556456,179.9996673725973,True,False,0.0009998000399920016,True
rho_770,B0,angular_close_deg,10.0,2009,99,0.04927824788451966,96.03836071285443,0.08534877004086638,179.8890750457233,True,False,0.002599480103979204,True
rho_770,Bs0,angular_close_deg,10.0,2009,99,0.04927824788451966,96.06227792180265,0.23817888723721126,179.95804335471217,True,False,0.003599280143971206,True
rho_770,Upsilon_1S,angular_close_deg,10.0,2009,130,0.06470881035340965,79.37034737435928,0.01914571509706775,179.77093955497003,True,False,0.0033993201359728054,True
rho_770,W,angular_close_deg,10.0,2009,44,0.021901443504230962,124.10911076727479,0.07761459985403008,179.46932126065872,False,False,0.005198960207958408,True
rho_770,Z,angular_close_deg,10.0,2009,36,0.017919362867098058,128.9878959379455,0.17903734618164435,179.99586460752232,False,False,0.004199160167966407,True
rho_770,Higgs,angular_close_deg,10.0,2009,64,0.031856645097063215,105.26491699768687,0.16434278510041622,179.93502308382955,False,False,0.0061987602479504095,True
rho_770,top,angular_close_deg,10.0,2009,119,0.059233449477351915,68.30005610147262,0.02285313588174631,179.99522361507002,False,False,0.0065986802639472104,True
omega_782,phi_1020,angular_close_deg,10.0,2009,8,0.003982080637132902,110.51346113963893,0.9020393945893375,179.94804787064072,True,True,0.021195760847830435,True
omega_782,D0,angular_close_deg,10.0,2009,148,0.07366849178695868,86.05469043517365,0.06395777208456366,179.8803205837641,True,False,0.004399120175964807,True
omega_782,D_plus,angular_close_deg,10.0,2009,95,0.04728720756595321,95.93165067758788,0.0018693273095209406,179.95309913432243,True,False,0.0021995600879824036,True
omega_782,Ds_plus,angular_close_deg,10.0,2009,105,0.05226480836236934,89.50840406562628,0.06892178315507635,179.94256883901573,True,False,0.002599480103979204,True
omega_782,J_psi,angular_close_deg,10.0,2009,83,0.041314086610253854,101.467125731476,0.10609592653457867,179.98850258319928,True,False,0.004999000199960008,True
omega_782,B_plus,angular_close_deg,10.0,2009,112,0.05574912891986063,87.93918513275418,0.05912149903315367,179.7491758697057,True,False,0.001999600079984003,True
omega_782,B0,angular_close_deg,10.0,2009,112,0.05574912891986063,88.5612183872571,0.1569783530414952,179.96953515627058,True,False,0.002599480103979204,True
omega_782,Bs0,angular_close_deg,10.0,2009,112,0.05574912891986063,88.45794637770203,0.055830526359955,179.80963249106458,True,False,0.003799240151969606,True
omega_782,Upsilon_1S,angular_close_deg,10.0,2009,229,0.11398705823792932,73.206666872799,0.00314824055584495,179.91016208045573,True,False,0.005398920215956809,True
omega_782,W,angular_close_deg,10.0,2009,6,0.0029865604778496766,102.87830026634218,1.3513241873863535,179.78231875914605,False,False,0.003999200159968006,True
omega_782,Z,angular_close_deg,10.0,2009,7,0.003484320557491289,107.6434452094003,0.20895106440099198,179.96099092389346,False,False,0.003799240151969606,True
omega_782,Higgs,angular_close_deg,10.0,2009,80,0.039820806371329016,105.74404320760333,0.020457052753926064,179.99981764737691,False,False,0.007798440311937612,True
omega_782,top,angular_close_deg,10.0,2009,1654,0.8232951717272274,9.118252825343578,5.810271430170189,124.66938030973063,False,False,0.01759648070385923,True
phi_1020,D0,angular_close_deg,10.0,2009,122,0.06072672971627675,83.31743388739278,0.08583886448587918,179.9690649881963,True,False,0.0027994401119776045,True
phi_1020,D_plus,angular_close_deg,10.0,2009,146,0.07267297162767546,85.62640546016915,0.04047337816359686,179.91135435438002,True,False,0.004399120175964807,True
phi_1020,Ds_plus,angular_close_deg,10.0,2009,129,0.06421105027376804,82.47340506289143,0.1268194214626419,179.8881805254547,True,False,0.004799040191961607,True
phi_1020,J_psi,angular_close_deg,10.0,2009,46,0.022896963663514187,114.24571781399627,0.22504857998742978,179.96261572800978,True,False,0.005598880223955209,True
phi_1020,B_plus,angular_close_deg,10.0,2009,96,0.047784967645594825,96.89382766267772,0.10726325148235105,179.9522209848816,True,False,0.002599480103979204,True
phi_1020,B0,angular_close_deg,10.0,2009,92,0.045793927327028375,96.95046892594652,0.1379012442384635,179.8687437702933,True,False,0.003999200159968006,True
phi_1020,Bs0,angular_close_deg,10.0,2009,95,0.04728720756595321,96.92116392195261,0.11795859819233101,179.99539620499462,True,False,0.0023995200959808036,True
phi_1020,Upsilon_1S,angular_close_deg,10.0,2009,130,0.06470881035340965,75.1050675700321,0.09161617759090745,179.8718356137233,True,False,0.005398920215956809,True
phi_1020,W,angular_close_deg,10.0,2009,35,0.017421602787456445,137.4759572359519,0.16872214655052176,179.9884740476191,False,False,0.003799240151969606,True
phi_1020,Z,angular_close_deg,10.0,2009,32,0.015928322548531607,134.4417326644487,0.1981264936088678,179.99243799621001,False,False,0.005398920215956809,True
phi_1020,Higgs,angular_close_deg,10.0,2009,44,0.021901443504230962,112.27341476544743,0.015429736627254442,179.9538266788466,False,False,0.010197960407918417,True
phi_1020,top,angular_close_deg,10.0,2009,8,0.003982080637132902,115.75328561866922,1.5015586438642856,179.92601219213282,False,False,0.017996400719856028,True
D0,D_plus,angular_close_deg,10.0,2009,8,0.003982080637132902,107.80038314657268,0.9149861636078072,179.94029075913187,True,True,0.026794641071785644,True
D0,Ds_plus,angular_close_deg,10.0,2009,1,0.0004977600796416127,34.94415130420093,8.866235199048447,179.6997173025099,True,True,0.020795840831833633,True
D0,J_psi,angular_close_deg,10.0,2009,101,0.05027376804380289,96.00564944470582,0.005384216727833291,179.94269907217165,True,False,0.004799040191961607,True
D0,B_plus,angular_close_deg,10.0,2009,70,0.03484320557491289,91.09153365932511,0.06079484747431252,179.76787648476716,True,True,0.0065986802639472104,True
D0,B0,angular_close_deg,10.0,2009,65,0.03235440517670483,96.64730553887145,0.13005602576839692,179.75723995922266,True,True,0.008398320335932814,True
D0,Bs0,angular_close_deg,10.0,2009,64,0.031856645097063215,95.47858215854632,0.15094438571770752,179.87459631893753,True,True,0.008998200359928014,True
D0,Upsilon_1S,angular_close_deg,10.0,2009,96,0.047784967645594825,88.57019207648165,0.01368921843848625,179.89910556867756,True,False,0.0007998400319936012,True
D0,W,angular_close_deg,10.0,2009,89,0.04430064708810354,95.78127538818727,0.05146271434611549,179.95558858224277,False,True,0.0023995200959808036,True
D0,Z,angular_close_deg,10.0,2009,95,0.04728720756595321,95.9254931216002,0.08445385301683928,179.9024960235895,False,True,0.0033993201359728054,True
D0,Higgs,angular_close_deg,10.0,2009,103,0.051269288203086114,95.0737356453325,0.028678805248972594,179.93194303119208,False,False,0.004399120175964807,True
D0,top,angular_close_deg,10.0,2009,151,0.07516177202588352,86.89693288375568,0.03737720458121885,179.9858203545606,False,True,0.0033993201359728054,True
D_plus,Ds_plus,angular_close_deg,10.0,2009,5,0.0024888003982080635,83.41988648337467,0.2567526466813774,179.86494642516266,True,True,0.021195760847830435,True
D_plus,J_psi,angular_close_deg,10.0,2009,131,0.06520657043305127,82.19137445360354,0.056768181586221544,179.9404118856546,True,False,0.004199160167966407,True
D_plus,B_plus,angular_close_deg,10.0,2009,18,0.008959681433549029,141.48601784670436,0.33694532486379103,179.99445634794228,True,True,0.011197760447910418,True
D_plus,B0,angular_close_deg,10.0,2009,16,0.007964161274265804,139.30564978362094,0.4191752739614003,179.97212778041228,True,True,0.010797840431913617,True
D_plus,Bs0,angular_close_deg,10.0,2009,17,0.008461921353907416,139.80727269401987,0.06664858765873305,179.98413367742103,True,True,0.009798040391921616,True
D_plus,Upsilon_1S,angular_close_deg,10.0,2009,86,0.0428073668491787,99.90965533490848,0.07185127894450716,179.92643827411922,True,False,0.0027994401119776045,True
D_plus,W,angular_close_deg,10.0,2009,102,0.0507715281234445,94.92649853225862,0.10008708922077858,179.88090726748084,False,True,0.002599480103979204,True
D_plus,Z,angular_close_deg,10.0,2009,102,0.0507715281234445,94.53872999131319,0.14839442020198135,179.92596124984215,False,True,0.003999200159968006,True
D_plus,Higgs,angular_close_deg,10.0,2009,130,0.06470881035340965,81.53860839800828,0.009801056269338915,179.94847509867208,False,False,0.003199360127974405,True
D_plus,top,angular_close_deg,10.0,2009,92,0.045793927327028375,96.15025699775555,0.13007918356458958,179.89660600759618,False,True,0.003999200159968006,True
Ds_plus,J_psi,angular_close_deg,10.0,2009,105,0.05226480836236934,91.67763800985105,0.04691473261328838,179.88209107509294,True,False,0.004199160167966407,True
Ds_plus,B_plus,angular_close_deg,10.0,2009,49,0.024390243902439025,110.27137808509983,0.03968310639641004,179.9820606136396,True,True,0.006798640271945611,True
Ds_plus,B0,angular_close_deg,10.0,2009,47,0.0233947237431558,116.68473792123285,0.2116151973818603,179.7125827601576,True,True,0.008198360327934412,True
Ds_plus,Bs0,angular_close_deg,10.0,2009,46,0.022896963663514187,115.39904146808055,0.16181058001336623,179.87074869942307,True,True,0.00599880023995201,True
Ds_plus,Upsilon_1S,angular_close_deg,10.0,2009,71,0.0353409656545545,93.50384213506877,0.09090550566497768,179.94269767968052,True,False,0.003199360127974405,True
Ds_plus,W,angular_close_deg,10.0,2009,93,0.04629168740666999,97.0553085745614,0.0023546625038761704,179.9086917114895,False,True,0.003599280143971206,True
Ds_plus,Z,angular_close_deg,10.0,2009,96,0.047784967645594825,97.17055120826831,0.04166029365842405,179.97983183791519,False,True,0.002999400119976005,True
Ds_plus,Higgs,angular_close_deg,10.0,2009,111,0.055251368840219015,90.09125525178402,0.016947328866649514,179.92727825202644,False,False,0.0021995600879824036,True
Ds_plus,top,angular_close_deg,10.0,2009,86,0.0428073668491787,90.48483302212685,0.0008190428261229954,179.9900614435099,False,True,0.0023995200959808036,True
J_psi,B_plus,angular_close_deg,10.0,2009,79,0.039323046291687404,92.14657674194552,0.08581604068638171,179.96963817481577,True,False,0.002599480103979204,True
J_psi,B0,angular_close_deg,10.0,2009,75,0.03733200597312095,91.17605701557082,0.03495551275892694,179.9471326755861,True,False,0.004999000199960008,True
J_psi,Bs0,angular_close_deg,10.0,2009,76,0.037829766052762566,91.39022220697113,0.04060198880179655,179.84337005886053,True,False,0.002999400119976005,True
J_psi,Upsilon_1S,angular_close_deg,10.0,2009,25,0.012444001991040319,142.5379403919307,0.29625448916991104,179.9988888984035,True,True,0.008998200359928014,True
J_psi,W,angular_close_deg,10.0,2009,141,0.07018417122946739,71.54063190818479,0.07994030603845204,179.99652683720578,False,False,0.003799240151969606,True
J_psi,Z,angular_close_deg,10.0,2009,151,0.07516177202588352,70.76206692873308,0.014205685905892551,179.86899948641502,False,False,0.002999400119976005,True
J_psi,Higgs,angular_close_deg,10.0,2009,990,0.4927824788451966,13.047224738920495,8.313864354896623,178.38827833793061,False,True,0.01879624075184963,True
J_psi,top,angular_close_deg,10.0,2009,89,0.04430064708810354,98.32437000089136,0.10803727058384993,179.96593544386076,False,False,0.005398920215956809,True
B_plus,B0,angular_close_deg,10.0,2009,1402,0.6978596316575411,11.074215192473865,7.056636548346717,151.41229048014338,True,True,0.02419516096780644,True
B_plus,Bs0,angular_close_deg,10.0,2009,1684,0.8382279741164759,8.803474705819067,5.609690644601898,120.36557410388696,True,True,0.029394121175764846,True
B_plus,Upsilon_1S,angular_close_deg,10.0,2009,122,0.06072672971627675,83.94912961728659,0.006026450880398215,179.99987349314046,True,False,0.004199160167966407,True
B_plus,W,angular_close_deg,10.0,2009,126,0.0627177700348432,83.5135158118281,0.004236054079512996,179.79485493811643,False,True,0.002999400119976005,True
B_plus,Z,angular_close_deg,10.0,2009,128,0.06371329019412643,83.66832765794744,0.031240672815499693,179.96113175714015,False,True,0.003999200159968006,True
B_plus,Higgs,angular_close_deg,10.0,2009,79,0.039323046291687404,93.22689441683825,0.014486490670094554,179.95674067315696,False,False,0.003199360127974405,True
B_plus,top,angular_close_deg,10.0,2009,113,0.05624688899950224,87.45187751803839,0.13006596933422543,179.8555743140338,False,True,0.004199160167966407,True
B0,Bs0,angular_close_deg,10.0,2009,1985,0.9880537580886013,2.270740486654767,1.4469459037447905,31.046716376256427,True,True,0.02439512097580484,True
B0,Upsilon_1S,angular_close_deg,10.0,2009,115,0.057242409158785465,84.82640869774127,0.01628394639419639,179.81808497844406,True,False,0.002999400119976005,True
B0,W,angular_close_deg,10.0,2009,130,0.06470881035340965,83.40092096343504,0.019557698667341583,179.9764216187565,False,True,0.0027994401119776045,True
B0,Z,angular_close_deg,10.0,2009,124,0.06172224987555998,83.43862823090286,0.05251165189957874,179.9714164057761,False,True,0.002999400119976005,True
B0,Higgs,angular_close_deg,10.0,2009,84,0.041811846689895474,92.29396947930792,0.1093580722930767,179.97833009452836,False,False,0.002999400119976005,True
B0,top,angular_close_deg,10.0,2009,114,0.05674464907914385,88.08181863502286,0.014288221651952426,179.8734363086873,False,True,0.0021995600879824036,True
Bs0,Upsilon_1S,angular_close_deg,10.0,2009,117,0.05823792931806869,84.64665056549539,0.0047281330466830696,179.88797464607552,True,False,0.0027994401119776045,True
Bs0,W,angular_close_deg,10.0,2009,129,0.06421105027376804,83.3871189771395,0.03647702580329337,179.98770896234782,False,True,0.0021995600879824036,True
Bs0,Z,angular_close_deg,10.0,2009,122,0.06072672971627675,83.49001269154034,0.02420296102292241,179.99561793834488,False,True,0.0021995600879824036,True
Bs0,Higgs,angular_close_deg,10.0,2009,81,0.04031856645097063,92.46201704150387,0.20826908664855637,179.96222050922484,False,False,0.0027994401119776045,True
Bs0,top,angular_close_deg,10.0,2009,115,0.057242409158785465,87.91476853863911,0.07412957946851861,179.97829658883728,False,True,0.002599480103979204,True
Upsilon_1S,W,angular_close_deg,10.0,2009,58,0.02887008461921354,100.67643507590398,0.09659717556027658,179.99456913164704,False,False,0.0015996800639872025,True
Upsilon_1S,Z,angular_close_deg,10.0,2009,57,0.028372324539571926,101.93781976757653,0.09637615480272643,179.94477713923794,False,False,0.0023995200959808036,True
Upsilon_1S,Higgs,angular_close_deg,10.0,2009,28,0.013937282229965157,140.7693618082124,0.29178155086952984,179.98329670574282,False,True,0.005198960207958408,True
Upsilon_1S,top,angular_close_deg,10.0,2009,236,0.1174713787954206,74.80633713477187,0.026352050486707412,179.9676585091811,False,False,0.003599280143971206,True
W,Z,angular_close_deg,10.0,2009,1771,0.8815331010452961,7.726392049412428,4.9233593148700265,105.63915338616187,True,True,0.01999600079984003,True
W,Higgs,angular_close_deg,10.0,2009,138,0.06869089099054256,73.21696768769064,0.05473886400491779,179.84046372858757,True,False,0.004799040191961607,True
W,top,angular_close_deg,10.0,2009,6,0.0029865604778496766,96.9986008403061,1.4845195639529436,179.8851557769517,False,True,0.010997800439912017,True
Z,Higgs,angular_close_deg,10.0,2009,142,0.070681931309109,72.17765912280947,0.08736934167222898,179.97180944558966,True,False,0.004599080183963208,True
Z,top,angular_close_deg,10.0,2009,6,0.0029865604778496766,102.00445624114478,1.1162812937002968,179.97902182086887,False,True,0.008598280343931213,True
Higgs,top,angular_close_deg,10.0,2009,83,0.041314086610253854,102.7937661771861,0.022782697892495207,179.9903536968221,False,False,0.003999200159968006,True
