variant,base,top_4_symmetry_score
finite_lifetime_only,1.2,0.03946446875784509
finite_lifetime_only,1.2488488488488487,0.01725504811051467
finite_lifetime_only,1.2976976976976977,0.037853410039338335
finite_lifetime_only,1.3465465465465465,0.0224915402947577
finite_lifetime_only,1.3953953953953953,0.030175709473935445
finite_lifetime_only,1.4442442442442442,0.020110424313094177
finite_lifetime_only,1.493093093093093,0.019159960204601402
finite_lifetime_only,1.5419419419419418,0.024721003445453294
finite_lifetime_only,1.5907907907907908,0.02788739392082017
finite_lifetime_only,1.6396396396396395,0.027714215040243267
finite_lifetime_only,1.6884884884884883,0.016476538761362285
finite_lifetime_only,1.7373373373373373,0.03812794688654559
finite_lifetime_only,1.786186186186186,0.021388155080511093
finite_lifetime_only,1.8350350350350348,0.02375440242829632
finite_lifetime_only,1.8838838838838838,0.01694527760690311
finite_lifetime_only,1.9327327327327326,0.02030160410403644
finite_lifetime_only,1.9815815815815814,0.030910370543038797
finite_lifetime_only,2.0304304304304304,0.02441826208427054
finite_lifetime_only,2.0792792792792794,0.02057581517800366
finite_lifetime_only,2.128128128128128,0.022164174614115215
finite_lifetime_only,2.176976976976977,0.015435614367110922
finite_lifetime_only,2.225825825825826,0.013657029517075392
finite_lifetime_only,2.2746746746746744,0.022003402905067616
finite_lifetime_only,2.3235235235235234,0.043993051897851194
finite_lifetime_only,2.3723723723723724,0.02004484377758618
finite_lifetime_only,2.421221221221221,0.02367273502338795
finite_lifetime_only,2.47007007007007,0.029923922751419137
finite_lifetime_only,2.518918918918919,0.06436092793466992
finite_lifetime_only,2.5677677677677675,0.023634059540619753
finite_lifetime_only,2.6166166166166165,0.029218245664938008
finite_lifetime_only,2.6654654654654655,0.024191872074155216
finite_lifetime_only,2.714314314314314,0.07083332032548403
finite_lifetime_only,2.763163163163163,0.027432968694572124
finite_lifetime_only,2.812012012012012,0.026993320924424163
finite_lifetime_only,2.8608608608608606,0.026495824471661055
finite_lifetime_only,2.9097097097097095,0.030134237697114406
finite_lifetime_only,2.9585585585585585,0.04516460873389646
finite_lifetime_only,3.007407407407407,0.04082567170785844
finite_lifetime_only,3.056256256256256,0.014355365745691837
finite_lifetime_only,3.105105105105105,0.021145957281888908
finite_lifetime_only,3.1539539539539536,0.017553318085812154
finite_lifetime_only,3.202802802802803,0.06486475150599788
finite_lifetime_only,3.2516516516516516,0.030005555105796455
finite_lifetime_only,3.3005005005005,0.03694181303325819
finite_lifetime_only,3.3493493493493496,0.04171840966522799
finite_lifetime_only,3.398198198198198,0.045578502139538846
finite_lifetime_only,3.4470470470470467,0.034170774704115774
finite_lifetime_only,3.495895895895896,0.04611148068452443
finite_lifetime_only,3.5447447447447447,0.018029399459280563
finite_lifetime_only,3.593593593593593,0.03345110737097303
finite_lifetime_only,3.6424424424424426,0.026651033238192647
finite_lifetime_only,3.691291291291291,0.034943829470279915
finite_lifetime_only,3.7401401401401397,0.02211855453145495
finite_lifetime_only,3.788988988988989,0.018819893328046972
finite_lifetime_only,3.8378378378378377,0.03186283865679887
finite_lifetime_only,3.8866866866866863,0.0159670679026511
finite_lifetime_only,3.9355355355355357,0.034128681477020376
finite_lifetime_only,3.9843843843843842,0.01839670997145036
finite_lifetime_only,4.033233233233233,0.022498732232030718
finite_lifetime_only,4.082082082082082,0.11733569699247287
finite_lifetime_only,4.130930930930931,0.036476679684689824
finite_lifetime_only,4.179779779779779,0.037016311956418434
finite_lifetime_only,4.228628628628629,0.03332249597525808
finite_lifetime_only,4.277477477477477,0.016027095217488758
finite_lifetime_only,4.326326326326326,0.019858612529605107
finite_lifetime_only,4.375175175175175,0.061677833174366634
finite_lifetime_only,4.424024024024024,0.014070124094599864
finite_lifetime_only,4.472872872872872,0.036023413037378486
finite_lifetime_only,4.521721721721722,0.03002327223167149
finite_lifetime_only,4.57057057057057,0.01707472791283696
finite_lifetime_only,4.619419419419419,0.0220189007158445
finite_lifetime_only,4.668268268268268,0.019113315456804038
finite_lifetime_only,4.717117117117117,0.028873285275835697
finite_lifetime_only,4.7659659659659654,0.016903149028711244
finite_lifetime_only,4.814814814814815,0.03064516008868173
finite_lifetime_only,4.863663663663663,0.027019931240682058
finite_lifetime_only,4.912512512512512,0.054402961144489274
finite_lifetime_only,4.961361361361361,0.029992171446261325
finite_lifetime_only,5.01021021021021,0.05316194626491423
finite_lifetime_only,5.0590590590590585,0.031653510939504276
finite_lifetime_only,5.107907907907908,0.05452982688370147
finite_lifetime_only,5.1567567567567565,0.02206295224741964
finite_lifetime_only,5.205605605605606,0.02156775118495842
finite_lifetime_only,5.2544544544544545,0.02150744919288016
finite_lifetime_only,5.303303303303303,0.022235297848950574
finite_lifetime_only,5.3521521521521525,0.0334363735166725
finite_lifetime_only,5.401001001001001,0.03860583686149577
finite_lifetime_only,5.4498498498498495,0.024372250526212207
finite_lifetime_only,5.498698698698699,0.024093996992379074
finite_lifetime_only,5.5475475475475475,0.019231624186693386
finite_lifetime_only,5.596396396396396,0.020081409733439855
finite_lifetime_only,5.6452452452452455,0.038008569012
finite_lifetime_only,5.694094094094094,0.03473779432679771
finite_lifetime_only,5.742942942942943,0.04555944795452942
finite_lifetime_only,5.791791791791792,0.02893308322972805
finite_lifetime_only,5.840640640640641,0.03859942658687727
finite_lifetime_only,5.889489489489489,0.021014522692044835
finite_lifetime_only,5.938338338338339,0.020422602762182614
finite_lifetime_only,5.987187187187187,0.055489201201235704
finite_lifetime_only,6.036036036036036,0.08716903251618174
finite_lifetime_only,6.084884884884885,0.024150031067553902
finite_lifetime_only,6.133733733733734,0.018972996770860028
finite_lifetime_only,6.182582582582582,0.015139556299098918
finite_lifetime_only,6.231431431431432,0.024017259616398
finite_lifetime_only,6.28028028028028,0.029804575581444837
finite_lifetime_only,6.329129129129129,0.030178363713200426
finite_lifetime_only,6.377977977977978,0.023475992371058414
finite_lifetime_only,6.426826826826827,0.038396027532691245
finite_lifetime_only,6.475675675675675,0.019534805448575037
finite_lifetime_only,6.524524524524525,0.04937082897240784
finite_lifetime_only,6.573373373373373,0.022247430143784414
finite_lifetime_only,6.622222222222222,0.04224291441327956
finite_lifetime_only,6.671071071071071,0.046015377307908514
finite_lifetime_only,6.71991991991992,0.031100029502404328
finite_lifetime_only,6.768768768768768,0.017490432809988816
finite_lifetime_only,6.817617617617618,0.02271111426646787
finite_lifetime_only,6.866466466466466,0.028048602061874726
finite_lifetime_only,6.915315315315315,0.02898367345788426
finite_lifetime_only,6.964164164164164,0.021792909944276163
finite_lifetime_only,7.013013013013013,0.044303106072996284
finite_lifetime_only,7.061861861861861,0.01969739062682526
finite_lifetime_only,7.110710710710711,0.027189914802540002
finite_lifetime_only,7.159559559559559,0.020538031825468633
finite_lifetime_only,7.208408408408408,0.031720831254330305
finite_lifetime_only,7.257257257257257,0.03521512570033731
finite_lifetime_only,7.306106106106106,0.02726044084581474
finite_lifetime_only,7.354954954954954,0.04440818961111459
finite_lifetime_only,7.403803803803804,0.02581804396349929
finite_lifetime_only,7.452652652652652,0.026544708902767875
finite_lifetime_only,7.501501501501501,0.02689125913122666
finite_lifetime_only,7.55035035035035,0.022544858253740422
finite_lifetime_only,7.599199199199199,0.021501839000580048
finite_lifetime_only,7.6480480480480475,0.03039107978021857
finite_lifetime_only,7.696896896896897,0.03209631365476185
finite_lifetime_only,7.7457457457457455,0.03263087135732762
finite_lifetime_only,7.794594594594594,0.031208664573624336
finite_lifetime_only,7.8434434434434435,0.02416742262441136
finite_lifetime_only,7.892292292292292,0.05497268549050865
finite_lifetime_only,7.941141141141141,0.04275144808948307
finite_lifetime_only,7.98998998998999,0.028406263494225866
finite_lifetime_only,8.038838838838839,0.023735436033519908
finite_lifetime_only,8.087687687687687,0.024285020551502792
finite_lifetime_only,8.136536536536536,0.027428435322713354
finite_lifetime_only,8.185385385385384,0.023788315416752387
finite_lifetime_only,8.234234234234233,0.020147342990505242
finite_lifetime_only,8.283083083083083,0.03174953026489743
finite_lifetime_only,8.331931931931932,0.03461791432081143
finite_lifetime_only,8.38078078078078,0.014680366380595958
finite_lifetime_only,8.429629629629629,0.016021920066331144
finite_lifetime_only,8.478478478478477,0.01562852198109083
finite_lifetime_only,8.527327327327326,0.01981817248497322
finite_lifetime_only,8.576176176176176,0.02019222901349238
finite_lifetime_only,8.625025025025025,0.02296596749382979
finite_lifetime_only,8.673873873873873,0.031137569071945558
finite_lifetime_only,8.722722722722722,0.030990240565425972
finite_lifetime_only,8.77157157157157,0.03084585595285441
finite_lifetime_only,8.820420420420419,0.01606636746195482
finite_lifetime_only,8.86926926926927,0.021404179806355353
finite_lifetime_only,8.918118118118118,0.020745766528165222
finite_lifetime_only,8.966966966966966,0.02046266296054704
finite_lifetime_only,9.015815815815815,0.03151772455030466
finite_lifetime_only,9.064664664664663,0.018939131818652574
finite_lifetime_only,9.113513513513512,0.02492125050380574
finite_lifetime_only,9.162362362362362,0.022597433709261754
finite_lifetime_only,9.21121121121121,0.02131954125500816
finite_lifetime_only,9.26006006006006,0.016332031236436933
finite_lifetime_only,9.308908908908908,0.042583073184641176
finite_lifetime_only,9.357757757757756,0.03594944000556202
finite_lifetime_only,9.406606606606605,0.016910135483951132
finite_lifetime_only,9.455455455455454,0.01815102915633113
finite_lifetime_only,9.504304304304304,0.03510069201393745
finite_lifetime_only,9.553153153153152,0.032376663084249815
finite_lifetime_only,9.602002002002001,0.03107042017935804
finite_lifetime_only,9.65085085085085,0.03971663813066045
finite_lifetime_only,9.699699699699698,0.10431571441572238
finite_lifetime_only,9.748548548548547,0.09295946158624109
finite_lifetime_only,9.797397397397397,0.02088547596557897
finite_lifetime_only,9.846246246246245,0.018953716848600248
finite_lifetime_only,9.895095095095094,0.01862066929054389
finite_lifetime_only,9.943943943943943,0.04033298632972383
finite_lifetime_only,9.992792792792791,0.02165118074464371
finite_lifetime_only,10.04164164164164,0.02079360316149592
finite_lifetime_only,10.09049049049049,0.030062317678540295
finite_lifetime_only,10.139339339339339,0.022363551547022346
finite_lifetime_only,10.188188188188187,0.02177248058043009
finite_lifetime_only,10.237037037037036,0.043901233539361276
finite_lifetime_only,10.285885885885884,0.04539544274078732
finite_lifetime_only,10.334734734734733,0.04455846625738743
finite_lifetime_only,10.383583583583583,0.03166933295150269
finite_lifetime_only,10.432432432432432,0.02535412278207995
finite_lifetime_only,10.48128128128128,0.019331072541502667
finite_lifetime_only,10.530130130130129,0.051045690599632286
finite_lifetime_only,10.578978978978977,0.02642998228287383
finite_lifetime_only,10.627827827827826,0.03931744200765012
finite_lifetime_only,10.676676676676676,0.027686341718996182
finite_lifetime_only,10.725525525525525,0.025572322053919194
finite_lifetime_only,10.774374374374373,0.024367919036811347
finite_lifetime_only,10.823223223223222,0.025146557877906473
finite_lifetime_only,10.87207207207207,0.036046233273115943
finite_lifetime_only,10.920920920920919,0.03744632086032645
finite_lifetime_only,10.96976976976977,0.03470182152201974
finite_lifetime_only,11.018618618618618,0.03211977733836037
finite_lifetime_only,11.067467467467466,0.02936089893996963
finite_lifetime_only,11.116316316316315,0.026891501217477812
finite_lifetime_only,11.165165165165163,0.03867563726998447
finite_lifetime_only,11.214014014014012,0.03539901477453255
finite_lifetime_only,11.262862862862862,0.030787729500862705
finite_lifetime_only,11.31171171171171,0.03015393875966861
finite_lifetime_only,11.36056056056056,0.02848923328343972
finite_lifetime_only,11.409409409409408,0.02151177181667511
finite_lifetime_only,11.458258258258256,0.021429529758279667
finite_lifetime_only,11.507107107107105,0.0519052554182278
finite_lifetime_only,11.555955955955955,0.04134899546014573
finite_lifetime_only,11.604804804804804,0.035832768513182074
finite_lifetime_only,11.653653653653652,0.03407774313849657
finite_lifetime_only,11.702502502502501,0.061311623626643406
finite_lifetime_only,11.75135135135135,0.01777466947949847
finite_lifetime_only,11.800200200200198,0.02558727031442786
finite_lifetime_only,11.849049049049048,0.014871247669174668
finite_lifetime_only,11.897897897897897,0.02488425150128199
finite_lifetime_only,11.946746746746745,0.023963459055195518
finite_lifetime_only,11.995595595595594,0.029457032070975428
finite_lifetime_only,12.044444444444443,0.027986882427200422
finite_lifetime_only,12.093293293293291,0.02935384387271485
finite_lifetime_only,12.142142142142141,0.030849703749132023
finite_lifetime_only,12.19099099099099,0.03860232515572688
finite_lifetime_only,12.239839839839838,0.02311913153754583
finite_lifetime_only,12.288688688688687,0.01888683524909557
finite_lifetime_only,12.337537537537536,0.019628416128686724
finite_lifetime_only,12.386386386386384,0.02039562479304098
finite_lifetime_only,12.435235235235234,0.0206169797186731
finite_lifetime_only,12.484084084084083,0.02694982399880821
finite_lifetime_only,12.532932932932932,0.01775577342226069
finite_lifetime_only,12.58178178178178,0.018096603394859984
finite_lifetime_only,12.630630630630629,0.01930240053254489
finite_lifetime_only,12.679479479479477,0.02057147846545152
finite_lifetime_only,12.728328328328328,0.021333527728792236
finite_lifetime_only,12.777177177177176,0.021723891255191204
finite_lifetime_only,12.826026026026025,0.022056223688099882
finite_lifetime_only,12.874874874874873,0.03525578442519036
finite_lifetime_only,12.923723723723722,0.026762250261528973
finite_lifetime_only,12.97257257257257,0.02688756301243671
finite_lifetime_only,13.02142142142142,0.02988250389156552
finite_lifetime_only,13.070270270270269,0.03361792502314702
finite_lifetime_only,13.119119119119118,0.03752647471347864
finite_lifetime_only,13.167967967967966,0.04216934141279996
finite_lifetime_only,13.216816816816815,0.03091276888382362
finite_lifetime_only,13.265665665665663,0.013403522388880153
finite_lifetime_only,13.314514514514514,0.013649395022538917
finite_lifetime_only,13.363363363363362,0.022923546581792006
finite_lifetime_only,13.41221221221221,0.023571033826100124
finite_lifetime_only,13.46106106106106,0.0242516308755026
finite_lifetime_only,13.509909909909908,0.015422865314987077
finite_lifetime_only,13.558758758758756,0.015311330855690367
finite_lifetime_only,13.607607607607607,0.01784588327871308
finite_lifetime_only,13.656456456456455,0.018319092268175293
finite_lifetime_only,13.705305305305304,0.02209756698602955
finite_lifetime_only,13.754154154154152,0.01787066133236394
finite_lifetime_only,13.803003003003,0.03285922971393902
finite_lifetime_only,13.851851851851851,0.0190232801916708
finite_lifetime_only,13.9007007007007,0.019493281992928355
finite_lifetime_only,13.949549549549548,0.035814881912027634
finite_lifetime_only,13.998398398398397,0.034461091185996426
finite_lifetime_only,14.047247247247245,0.040611093173954914
finite_lifetime_only,14.096096096096094,0.0418684450780776
finite_lifetime_only,14.144944944944944,0.04319776905984162
finite_lifetime_only,14.193793793793793,0.014832659616652106
finite_lifetime_only,14.242642642642641,0.014871914493915804
finite_lifetime_only,14.29149149149149,0.03721403745228428
finite_lifetime_only,14.340340340340338,0.03735813787995586
finite_lifetime_only,14.389189189189187,0.01767766289800415
finite_lifetime_only,14.438038038038037,0.017212460176983437
finite_lifetime_only,14.486886886886886,0.03770740775580263
finite_lifetime_only,14.535735735735734,0.03635491587105805
finite_lifetime_only,14.584584584584583,0.035103203102685866
finite_lifetime_only,14.633433433433432,0.03394140360821213
finite_lifetime_only,14.68228228228228,0.032961110182779085
finite_lifetime_only,14.73113113113113,0.02213273707984734
finite_lifetime_only,14.779979979979979,0.04103434995864215
finite_lifetime_only,14.828828828828827,0.04053241456697791
finite_lifetime_only,14.877677677677676,0.04004537871977668
finite_lifetime_only,14.926526526526525,0.08240786427178959
finite_lifetime_only,14.975375375375373,0.08816110744261277
finite_lifetime_only,15.024224224224223,0.0876633053930931
finite_lifetime_only,15.073073073073072,0.027639029218980215
finite_lifetime_only,15.12192192192192,0.02800338510242538
finite_lifetime_only,15.170770770770769,0.028105739856242155
finite_lifetime_only,15.219619619619618,0.01617158313118601
finite_lifetime_only,15.268468468468466,0.027167688048590724
finite_lifetime_only,15.317317317317316,0.03199448359069699
finite_lifetime_only,15.366166166166165,0.0231591575081068
finite_lifetime_only,15.415015015015014,0.01603366159242153
finite_lifetime_only,15.463863863863862,0.016220480895437553
finite_lifetime_only,15.51271271271271,0.016645987946880502
finite_lifetime_only,15.56156156156156,0.017120654896007045
finite_lifetime_only,15.61041041041041,0.06166965446630913
finite_lifetime_only,15.659259259259258,0.035445217249948466
finite_lifetime_only,15.708108108108107,0.024704097841544252
finite_lifetime_only,15.756956956956955,0.024731259575872837
finite_lifetime_only,15.805805805805804,0.024758335729243155
finite_lifetime_only,15.854654654654652,0.014666396755172027
finite_lifetime_only,15.903503503503503,0.021245547768695583
finite_lifetime_only,15.952352352352351,0.032094326207795586
finite_lifetime_only,16.0012012012012,0.032053822703946376
finite_lifetime_only,16.05005005005005,0.0332477892232218
finite_lifetime_only,16.0988988988989,0.03391727976914544
finite_lifetime_only,16.147747747747747,0.0339530045651704
finite_lifetime_only,16.196596596596596,0.03357982418078149
finite_lifetime_only,16.245445445445444,0.032714150378986
finite_lifetime_only,16.294294294294293,0.03203052462449982
finite_lifetime_only,16.34314314314314,0.03082477564561917
finite_lifetime_only,16.39199199199199,0.029712025254037554
finite_lifetime_only,16.44084084084084,0.02868190918109448
finite_lifetime_only,16.48968968968969,0.02772554808757391
finite_lifetime_only,16.53853853853854,0.0370648594468337
finite_lifetime_only,16.587387387387388,0.03663520321936746
finite_lifetime_only,16.636236236236236,0.034627692033862054
finite_lifetime_only,16.685085085085085,0.032154615176676275
finite_lifetime_only,16.733933933933933,0.03581152333735209
finite_lifetime_only,16.782782782782782,0.036703945349346026
finite_lifetime_only,16.83163163163163,0.03763720911585429
finite_lifetime_only,16.88048048048048,0.025489431104348467
finite_lifetime_only,16.929329329329327,0.026320771359987213
finite_lifetime_only,16.978178178178176,0.027473663312778042
finite_lifetime_only,17.027027027027025,0.02872573485033162
finite_lifetime_only,17.075875875875877,0.03009036524326579
finite_lifetime_only,17.124724724724725,0.03158345350538135
finite_lifetime_only,17.173573573573574,0.033224040887854876
finite_lifetime_only,17.222422422422422,0.021394255841277673
finite_lifetime_only,17.27127127127127,0.021232022072699905
finite_lifetime_only,17.32012012012012,0.021072991851481
finite_lifetime_only,17.368968968968968,0.020917070601290992
finite_lifetime_only,17.417817817817816,0.02076416743558004
finite_lifetime_only,17.466666666666665,0.018247702760541985
finite_lifetime_only,17.515515515515514,0.018148787761752636
finite_lifetime_only,17.564364364364362,0.025970066519580403
finite_lifetime_only,17.61321321321321,0.025805373655946637
finite_lifetime_only,17.66206206206206,0.02509806379602816
finite_lifetime_only,17.710910910910908,0.024431544536326934
finite_lifetime_only,17.759759759759756,0.023802383845469677
finite_lifetime_only,17.80860860860861,0.02320752421851437
finite_lifetime_only,17.857457457457457,0.022354467465266967
finite_lifetime_only,17.906306306306305,0.09608357529923486
finite_lifetime_only,17.955155155155154,0.0570953720680528
finite_lifetime_only,18.004004004004003,0.05478414859671422
finite_lifetime_only,18.05285285285285,0.051389004452586345
finite_lifetime_only,18.1017017017017,0.03526326266359363
finite_lifetime_only,18.150550550550548,0.01923076758282721
finite_lifetime_only,18.199399399399397,0.018929297987409957
finite_lifetime_only,18.248248248248245,0.03716394634575404
finite_lifetime_only,18.297097097097094,0.03159142656711953
finite_lifetime_only,18.345945945945942,0.0325970900637019
finite_lifetime_only,18.394794794794795,0.03350062923581707
finite_lifetime_only,18.443643643643643,0.022859883172742863
finite_lifetime_only,18.49249249249249,0.022954345915194168
finite_lifetime_only,18.54134134134134,0.022825387694520187
finite_lifetime_only,18.59019019019019,0.026601241104293658
finite_lifetime_only,18.639039039039037,0.026768344228621545
finite_lifetime_only,18.687887887887886,0.02693681030496548
finite_lifetime_only,18.736736736736734,0.027106656660837596
finite_lifetime_only,18.785585585585583,0.019931787386767263
finite_lifetime_only,18.83443443443443,0.020218254048035057
finite_lifetime_only,18.88328328328328,0.020395946169982995
finite_lifetime_only,18.93213213213213,0.020380619486731928
finite_lifetime_only,18.98098098098098,0.020241642938673223
finite_lifetime_only,19.02982982982983,0.01991055924796979
finite_lifetime_only,19.078678678678678,0.019591487909585772
finite_lifetime_only,19.127527527527526,0.015317500971205704
finite_lifetime_only,19.176376376376375,0.03394738952198915
finite_lifetime_only,19.225225225225223,0.03314697752692548
finite_lifetime_only,19.274074074074072,0.04096015712845696
finite_lifetime_only,19.32292292292292,0.038791739212992865
finite_lifetime_only,19.37177177177177,0.03684919904720844
finite_lifetime_only,19.420620620620618,0.03509898500346555
finite_lifetime_only,19.469469469469466,0.02360284576526597
finite_lifetime_only,19.518318318318315,0.024314272210883763
finite_lifetime_only,19.567167167167167,0.023722857604294836
finite_lifetime_only,19.616016016016015,0.02316182237361724
finite_lifetime_only,19.664864864864864,0.022628882757469194
finite_lifetime_only,19.713713713713712,0.022483197769022453
finite_lifetime_only,19.76256256256256,0.02235126738903742
finite_lifetime_only,19.81141141141141,0.06076358144379474
finite_lifetime_only,19.860260260260258,0.060673835507897886
finite_lifetime_only,19.909109109109107,0.06058472036546808
finite_lifetime_only,19.957957957957955,0.022156786542769508
finite_lifetime_only,20.006806806806804,0.022210645534984298
finite_lifetime_only,20.055655655655652,0.1251895193375356
finite_lifetime_only,20.104504504504504,0.13650756784931672
finite_lifetime_only,20.153353353353353,0.15001523854436535
finite_lifetime_only,20.2022022022022,0.163664704301302
finite_lifetime_only,20.25105105105105,0.1619580564903245
finite_lifetime_only,20.2998998998999,0.14437227231089764
finite_lifetime_only,20.348748748748747,0.13214646176744607
finite_lifetime_only,20.397597597597596,0.13161495420410865
finite_lifetime_only,20.446446446446444,0.02323618759998596
finite_lifetime_only,20.495295295295293,0.023586931103374818
finite_lifetime_only,20.54414414414414,0.02346468462452894
finite_lifetime_only,20.59299299299299,0.023194046097061452
finite_lifetime_only,20.64184184184184,0.04017796355949475
finite_lifetime_only,20.69069069069069,0.05323300895156345
finite_lifetime_only,20.73953953953954,0.05387491018040015
finite_lifetime_only,20.788388388388388,0.05452988425946901
finite_lifetime_only,20.837237237237236,0.05519833652523519
finite_lifetime_only,20.886086086086085,0.055880689237006786
finite_lifetime_only,20.934934934934933,0.05656590919498308
finite_lifetime_only,20.98378378378378,0.05705192399488645
finite_lifetime_only,21.03263263263263,0.05692289988730323
finite_lifetime_only,21.08148148148148,0.03956987027843852
finite_lifetime_only,21.130330330330327,0.03954526256055391
finite_lifetime_only,21.179179179179176,0.025305148407682637
finite_lifetime_only,21.228028028028024,0.02553014650188068
finite_lifetime_only,21.276876876876877,0.025998248490756912
finite_lifetime_only,21.325725725725725,0.026481961820126337
finite_lifetime_only,21.374574574574574,0.02697827748313012
finite_lifetime_only,21.423423423423422,0.02650352968202459
finite_lifetime_only,21.47227227227227,0.025746774655297542
finite_lifetime_only,21.52112112112112,0.025034642418016857
finite_lifetime_only,21.569969969969968,0.0243632974798649
finite_lifetime_only,21.618818818818816,0.023729331680041068
finite_lifetime_only,21.667667667667665,0.021604703792725232
finite_lifetime_only,21.716516516516513,0.021467378833013372
finite_lifetime_only,21.765365365365362,0.01941583735878819
finite_lifetime_only,21.81421421421421,0.027100630684685406
finite_lifetime_only,21.863063063063063,0.026648136879478382
finite_lifetime_only,21.91191191191191,0.019136432193622342
finite_lifetime_only,21.96076076076076,0.018868672119522888
finite_lifetime_only,22.00960960960961,0.01871553726953417
finite_lifetime_only,22.058458458458457,0.018883524846274872
finite_lifetime_only,22.107307307307305,0.019082279197355403
finite_lifetime_only,22.156156156156154,0.019331524615615273
finite_lifetime_only,22.205005005005003,0.01961180762784585
finite_lifetime_only,22.25385385385385,0.019899280123511064
finite_lifetime_only,22.3027027027027,0.022772906538042415
finite_lifetime_only,22.351551551551548,0.018213378131257653
finite_lifetime_only,22.400400400400397,0.029574088754896654
finite_lifetime_only,22.44924924924925,0.029375078491730905
finite_lifetime_only,22.498098098098097,0.016406744094994916
finite_lifetime_only,22.546946946946946,0.015923428360835427
finite_lifetime_only,22.595795795795794,0.01613508846466662
finite_lifetime_only,22.644644644644643,0.016351670984823527
finite_lifetime_only,22.69349349349349,0.016694636118321338
finite_lifetime_only,22.74234234234234,0.017034315425929286
finite_lifetime_only,22.79119119119119,0.01723636397268714
finite_lifetime_only,22.840040040040037,0.017442528614633704
finite_lifetime_only,22.888888888888886,0.02786184884807491
finite_lifetime_only,22.937737737737734,0.027904117103577042
finite_lifetime_only,22.986586586586583,0.02794636590461856
finite_lifetime_only,23.035435435435435,0.02798859536016426
finite_lifetime_only,23.084284284284283,0.027691665304748467
finite_lifetime_only,23.133133133133132,0.027274947866891625
finite_lifetime_only,23.18198198198198,0.017080855869069066
finite_lifetime_only,23.23083083083083,0.017171645286189332
finite_lifetime_only,23.279679679679678,0.017339371193409208
finite_lifetime_only,23.328528528528526,0.017634783166786037
finite_lifetime_only,23.377377377377375,0.023326429302967792
finite_lifetime_only,23.426226226226223,0.023357755786501327
finite_lifetime_only,23.475075075075072,0.045664723269857266
finite_lifetime_only,23.52392392392392,0.0452645781964803
finite_lifetime_only,23.57277277277277,0.048171341907353844
finite_lifetime_only,23.62162162162162,0.04917904166025192
finite_lifetime_only,23.67047047047047,0.02416965457250194
finite_lifetime_only,23.719319319319318,0.02407630555222567
finite_lifetime_only,23.768168168168167,0.02352842530211132
finite_lifetime_only,23.817017017017015,0.023006638648279513
finite_lifetime_only,23.865865865865864,0.02255958572336395
finite_lifetime_only,23.914714714714712,0.04213364062059361
finite_lifetime_only,23.96356356356356,0.0423733373103293
finite_lifetime_only,24.01241241241241,0.04281806393952957
finite_lifetime_only,24.061261261261258,0.042938313980914036
finite_lifetime_only,24.110110110110107,0.04218490295991227
finite_lifetime_only,24.158958958958955,0.04145983011799426
finite_lifetime_only,24.207807807807807,0.040761524731495025
finite_lifetime_only,24.256656656656656,0.040178383693659454
finite_lifetime_only,24.305505505505504,0.027502541482131625
finite_lifetime_only,24.354354354354353,0.02787612646521361
finite_lifetime_only,24.4032032032032,0.019569386375611963
finite_lifetime_only,24.45205205205205,0.019799675852597298
finite_lifetime_only,24.5009009009009,0.020034676357284918
finite_lifetime_only,24.549749749749747,0.020274534426316822
finite_lifetime_only,24.598598598598596,0.020519402735350425
finite_lifetime_only,24.647447447447444,0.02076944042396039
finite_lifetime_only,24.696296296296293,0.02102481344139424
finite_lifetime_only,24.74514514514514,0.02128569491476235
finite_lifetime_only,24.793993993993993,0.02155226554137669
finite_lifetime_only,24.842842842842842,0.021824714007109235
finite_lifetime_only,24.89169169169169,0.02210323743280372
finite_lifetime_only,24.94054054054054,0.022099764639318904
finite_lifetime_only,24.989389389389387,0.0219667296184649
finite_lifetime_only,25.038238238238236,0.021835700159112143
finite_lifetime_only,25.087087087087085,0.02170663100419462
finite_lifetime_only,25.135935935935933,0.021579478249058304
finite_lifetime_only,25.18478478478478,0.021454199291313373
finite_lifetime_only,25.23363363363363,0.021134680923255454
finite_lifetime_only,25.28248248248248,0.030476344829705643
finite_lifetime_only,25.331331331331327,0.0300022462392036
finite_lifetime_only,25.38018018018018,0.017209318952111495
finite_lifetime_only,25.429029029029028,0.017062250341727054
finite_lifetime_only,25.477877877877877,0.016918118987835
finite_lifetime_only,25.526726726726725,0.016776837508457685
finite_lifetime_only,25.575575575575574,0.016638321954615266
finite_lifetime_only,25.624424424424422,0.016502491643368707
finite_lifetime_only,25.67327327327327,0.016137061167290294
finite_lifetime_only,25.72212212212212,0.024768424106742907
finite_lifetime_only,25.770970970970968,0.024686084005382594
finite_lifetime_only,25.819819819819816,0.02460453881709366
finite_lifetime_only,25.868668668668665,0.02452377694189698
finite_lifetime_only,25.917517517517513,0.024399711798343965
finite_lifetime_only,25.966366366366366,0.024198295870593096
finite_lifetime_only,26.015215215215214,0.03579729617923587
finite_lifetime_only,26.064064064064063,0.035651861610655644
finite_lifetime_only,26.11291291291291,0.035508037771710944
finite_lifetime_only,26.16176176176176,0.03514108039130822
finite_lifetime_only,26.21061061061061,0.03444454458822162
finite_lifetime_only,26.259459459459457,0.03370999011115428
finite_lifetime_only,26.308308308308305,0.03299581894513166
finite_lifetime_only,26.357157157157154,0.031963862199854934
finite_lifetime_only,26.406006006006002,0.0309973006170056
finite_lifetime_only,26.45485485485485,0.03009010745568744
finite_lifetime_only,26.503703703703703,0.029231396471765782
finite_lifetime_only,26.55255255255255,0.02859547766657199
finite_lifetime_only,26.6014014014014,0.028005076580959062
finite_lifetime_only,26.65025025025025,0.03569007917430025
finite_lifetime_only,26.699099099099097,0.035645407769927806
finite_lifetime_only,26.747947947947946,0.03560097886364259
finite_lifetime_only,26.796796796796794,0.03555679041256807
finite_lifetime_only,26.845645645645643,0.035512840396947715
finite_lifetime_only,26.89449449449449,0.03546912681981611
finite_lifetime_only,26.94334334334334,0.02207087362911533
finite_lifetime_only,26.99219219219219,0.013324989220967821
finite_lifetime_only,27.041041041041037,0.013310308258926873
finite_lifetime_only,27.08988988988989,0.013320515563032296
finite_lifetime_only,27.138738738738738,0.013375853781061896
finite_lifetime_only,27.187587587587586,0.013431491977860094
finite_lifetime_only,27.236436436436435,0.02913627679830949
finite_lifetime_only,27.285285285285283,0.029213924725885323
finite_lifetime_only,27.334134134134132,0.029291763052365583
finite_lifetime_only,27.38298298298298,0.029369792603898826
finite_lifetime_only,27.43183183183183,0.019248888308594652
finite_lifetime_only,27.480680680680678,0.06586180412284065
finite_lifetime_only,27.529529529529526,0.06717527411901549
finite_lifetime_only,27.578378378378375,0.06853823674775732
finite_lifetime_only,27.627227227227223,0.06995354537664258
finite_lifetime_only,27.676076076076075,0.07142427700036416
finite_lifetime_only,27.724924924924924,0.03003662699694076
finite_lifetime_only,27.773773773773772,0.03879517233705115
finite_lifetime_only,27.82262262262262,0.01760821306799692
finite_lifetime_only,27.87147147147147,0.017669026792278154
finite_lifetime_only,27.920320320320318,0.017739881812262184
finite_lifetime_only,27.969169169169167,0.01790664180178558
finite_lifetime_only,28.018018018018015,0.017999760005637834
finite_lifetime_only,28.066866866866864,0.01806252564988199
finite_lifetime_only,28.115715715715712,0.018125554205523985
finite_lifetime_only,28.16456456456456,0.018188847423844356
finite_lifetime_only,28.21341341341341,0.01825240707133138
finite_lifetime_only,28.26226226226226,0.01831623492984934
finite_lifetime_only,28.31111111111111,0.018380332796807942
finite_lifetime_only,28.35995995995996,0.01844470248533472
finite_lifetime_only,28.408808808808807,0.034978746972660145
finite_lifetime_only,28.457657657657656,0.035924970340803136
finite_lifetime_only,28.506506506506504,0.036920999627699874
finite_lifetime_only,28.555355355355353,0.03761338025859325
finite_lifetime_only,28.6042042042042,0.038292845443971206
finite_lifetime_only,28.65305305305305,0.038995357474133886
finite_lifetime_only,28.7019019019019,0.03912961420970269
finite_lifetime_only,28.750750750750747,0.03921862115149896
finite_lifetime_only,28.799599599599595,0.03930779133798866
finite_lifetime_only,28.848448448448448,0.03934764433115188
finite_lifetime_only,28.897297297297296,0.03881333688421954
finite_lifetime_only,28.946146146146145,0.038294726965795084
finite_lifetime_only,28.994994994994993,0.018694995801528825
finite_lifetime_only,29.04384384384384,0.01878316388568889
finite_lifetime_only,29.09269269269269,0.018871928161947004
finite_lifetime_only,29.14154154154154,0.014286999582260469
finite_lifetime_only,29.190390390390387,0.01432601571335727
finite_lifetime_only,29.239239239239236,0.014365140812841683
finite_lifetime_only,29.288088088088085,0.014404375392782219
finite_lifetime_only,29.336936936936933,0.014443719968240221
finite_lifetime_only,29.38578578578578,0.023252721458628778
finite_lifetime_only,29.434634634634634,0.023275846775345235
finite_lifetime_only,29.483483483483482,0.040230666481485024
finite_lifetime_only,29.53233233233233,0.040036801341564676
finite_lifetime_only,29.58118118118118,0.039845297787498644
finite_lifetime_only,29.630030030030028,0.03963853637015045
finite_lifetime_only,29.678878878878876,0.038815666742952
finite_lifetime_only,29.727727727727725,0.03842026419412684
finite_lifetime_only,29.776576576576574,0.03999813957503309
finite_lifetime_only,29.825425425425422,0.04029694054223108
finite_lifetime_only,29.87427427427427,0.04059944517045773
finite_lifetime_only,29.92312312312312,0.04090572316256557
finite_lifetime_only,29.971971971971968,0.04121584598009933
finite_lifetime_only,30.02082082082082,0.041529886899124784
finite_lifetime_only,30.06966966966967,0.04141020610934759
finite_lifetime_only,30.118518518518517,0.04157693541159516
finite_lifetime_only,30.167367367367365,0.02444404477002749
finite_lifetime_only,30.216216216216214,0.024387846583745924
finite_lifetime_only,30.265065065065063,0.034017437251588505
finite_lifetime_only,30.31391391391391,0.042253071920069656
finite_lifetime_only,30.36276276276276,0.026936247808357478
finite_lifetime_only,30.411611611611608,0.02716570898461645
finite_lifetime_only,30.460460460460457,0.0272238946814077
finite_lifetime_only,30.509309309309305,0.02720505238197245
finite_lifetime_only,30.558158158158154,0.027186283808626796
finite_lifetime_only,30.607007007007006,0.016335555567722513
finite_lifetime_only,30.655855855855854,0.016455816609703345
finite_lifetime_only,30.704704704704703,0.016647468371154137
finite_lifetime_only,30.75355355355355,0.0530994790269933
finite_lifetime_only,30.8024024024024,0.05520025861078956
finite_lifetime_only,30.85125125125125,0.057468174872705585
finite_lifetime_only,30.900100100100097,0.05992400326759849
finite_lifetime_only,30.948948948948946,0.06259211131969929
finite_lifetime_only,30.997797797797794,0.06550127003022312
finite_lifetime_only,31.046646646646643,0.06868569563707602
finite_lifetime_only,31.09549549549549,0.07159961120012655
finite_lifetime_only,31.14434434434434,0.07493792931879861
finite_lifetime_only,31.193193193193192,0.07859324517047606
finite_lifetime_only,31.24204204204204,0.0826009192623751
finite_lifetime_only,31.29089089089089,0.08405349626418404
finite_lifetime_only,31.339739739739738,0.08555430154593849
finite_lifetime_only,31.388588588588586,0.08710577947806505
finite_lifetime_only,31.437437437437435,0.08871054244853054
finite_lifetime_only,31.486286286286283,0.09037138555146729
finite_lifetime_only,31.535135135135132,0.09209130284416417
finite_lifetime_only,31.58398398398398,0.018638219114235195
finite_lifetime_only,31.63283283283283,0.018632416390197592
finite_lifetime_only,31.681681681681678,0.01868233806770703
finite_lifetime_only,31.730530530530526,0.018774955975800187
finite_lifetime_only,31.779379379379378,0.01886826860458195
finite_lifetime_only,31.828228228228227,0.018962283911715564
finite_lifetime_only,31.877077077077075,0.019057009976495284
finite_lifetime_only,31.925925925925924,0.019152455002181323
finite_lifetime_only,31.974774774774772,0.019248627318388743
finite_lifetime_only,32.02362362362362,0.019345535383531145
finite_lifetime_only,32.07247247247247,0.019443187787321833
finite_lifetime_only,32.12132132132132,0.019541593253333125
finite_lifetime_only,32.17017017017017,0.019640760641616312
finite_lifetime_only,32.219019019019015,0.01974069895138273
finite_lifetime_only,32.267867867867864,0.03496897242500971
finite_lifetime_only,32.31671671671671,0.034959712488402496
finite_lifetime_only,32.36556556556557,0.034950479462426326
finite_lifetime_only,32.414414414414416,0.03494127321945619
finite_lifetime_only,32.463263263263265,0.034932093632698814
finite_lifetime_only,32.51211211211211,0.034922940576185994
finite_lifetime_only,32.56096096096096,0.03491381392476794
finite_lifetime_only,32.60980980980981,0.0346100670246198
finite_lifetime_only,32.65865865865866,0.03428040857819672
finite_lifetime_only,32.70750750750751,0.033957724099295136
finite_lifetime_only,32.756356356356356,0.016093808337754312
finite_lifetime_only,32.805205205205205,0.014173958767502822
finite_lifetime_only,32.85405405405405,0.01413763262559063
finite_lifetime_only,32.9029029029029,0.014101576403406963
finite_lifetime_only,32.95175175175175,0.014065787064293386
finite_lifetime_only,33.0006006006006,0.016490120895338377
finite_lifetime_only,33.04944944944945,0.016404290632751353
finite_lifetime_only,33.098298298298296,0.020769353960797477
finite_lifetime_only,33.147147147147145,0.020728937481130822
finite_lifetime_only,33.19599599599599,0.02068877093006455
finite_lifetime_only,33.24484484484485,0.020648851953320203
finite_lifetime_only,33.2936936936937,0.020609178226212367
finite_lifetime_only,33.342542542542546,0.02056974745318345
finite_lifetime_only,33.391391391391394,0.020530557367349926
finite_lifetime_only,33.44024024024024,0.020491605730054034
finite_lifetime_only,33.48908908908909,0.020452890330426486
finite_lifetime_only,33.53793793793794,0.027262623076662783
finite_lifetime_only,33.58678678678679,0.027245911769412007
finite_lifetime_only,33.63563563563564,0.02722925896122854
finite_lifetime_only,33.684484484484486,0.027212664327984082
finite_lifetime_only,33.733333333333334,0.027172402039362564
finite_lifetime_only,33.78218218218218,0.02692906903513879
finite_lifetime_only,33.83103103103103,0.020188317115024307
finite_lifetime_only,33.87987987987988,0.020151415221610583
finite_lifetime_only,33.92872872872873,0.0201049724590793
finite_lifetime_only,33.97757757757758,0.024389967380845885
finite_lifetime_only,34.026426426426426,0.024388756063239404
finite_lifetime_only,34.075275275275274,0.02438754758752636
finite_lifetime_only,34.12412412412412,0.024386341942478046
finite_lifetime_only,34.17297297297297,0.024368675537282735
finite_lifetime_only,34.22182182182182,0.024265668219548963
finite_lifetime_only,34.27067067067067,0.024052540455210762
finite_lifetime_only,34.31951951951952,0.0238435867768102
finite_lifetime_only,34.36836836836837,0.023638685544065664
finite_lifetime_only,34.41721721721722,0.02343771979820425
finite_lifetime_only,34.46606606606607,0.023240577038885983
finite_lifetime_only,34.51491491491492,0.02304714901376555
finite_lifetime_only,34.56376376376377,0.01910385122947151
finite_lifetime_only,34.612612612612615,0.019052558052454958
finite_lifetime_only,34.661461461461464,0.019001651787314913
finite_lifetime_only,34.71031031031031,0.022222792642341737
finite_lifetime_only,34.75915915915916,0.022231407724926867
finite_lifetime_only,34.80800800800801,0.08052963615387917
finite_lifetime_only,34.85685685685686,0.07998635319496164
finite_lifetime_only,34.90570570570571,0.021956092062758264
finite_lifetime_only,34.954554554554555,0.022050304155613706
finite_lifetime_only,35.003403403403404,0.022145120057869557
finite_lifetime_only,35.05225225225225,0.022240545686300347
finite_lifetime_only,35.1011011011011,0.022128892524253922
finite_lifetime_only,35.14994994994995,0.021949413318362032
finite_lifetime_only,35.1987987987988,0.02499822900353342
finite_lifetime_only,35.247647647647646,0.02483364870207804
finite_lifetime_only,35.296496496496495,0.02467157012477972
finite_lifetime_only,35.34534534534534,0.024358686597783816
finite_lifetime_only,35.39419419419419,0.024041221434584818
finite_lifetime_only,35.44304304304304,0.02037607979245534
finite_lifetime_only,35.49189189189189,0.022465564090858082
finite_lifetime_only,35.540740740740745,0.02225726555941913
finite_lifetime_only,35.58958958958959,0.02205322815351627
finite_lifetime_only,35.63843843843844,0.02185332225674043
finite_lifetime_only,35.68728728728729,0.021657423457361675
finite_lifetime_only,35.73613613613614,0.021465412289684852
finite_lifetime_only,35.78498498498499,0.021277173990676235
finite_lifetime_only,35.833833833833836,0.021092598270822337
finite_lifetime_only,35.882682682682685,0.018356725287693634
finite_lifetime_only,35.93153153153153,0.018346296725419504
finite_lifetime_only,35.98038038038038,0.03322968826447933
finite_lifetime_only,36.02922922922923,0.032432813729414936
finite_lifetime_only,36.07807807807808,0.0317509465009231
finite_lifetime_only,36.12692692692693,0.03115264495236184
finite_lifetime_only,36.175775775775776,0.030773990484948294
finite_lifetime_only,36.224624624624624,0.030405197459665037
finite_lifetime_only,36.27347347347347,0.03004588526762126
finite_lifetime_only,36.32232232232232,0.029695692638445858
finite_lifetime_only,36.37117117117117,0.029354276427464264
finite_lifetime_only,36.42002002002002,0.029021310493023537
finite_lifetime_only,36.46886886886887,0.02867163441190111
finite_lifetime_only,36.517717717717716,0.028288061785482176
finite_lifetime_only,36.566566566566564,0.02791538284350988
finite_lifetime_only,36.61541541541541,0.02755313968425116
finite_lifetime_only,36.66426426426426,0.028962008852604533
finite_lifetime_only,36.71311311311312,0.028833493928026567
finite_lifetime_only,36.761961961961966,0.037907921521906945
finite_lifetime_only,36.810810810810814,0.03773166109479244
finite_lifetime_only,36.85965965965966,0.037557390436731716
finite_lifetime_only,36.90850850850851,0.03738507589300127
finite_lifetime_only,36.95735735735736,0.03721468456397683
finite_lifetime_only,37.00620620620621,0.03704618428407377
finite_lifetime_only,37.05505505505506,0.03687954360138683
finite_lifetime_only,37.103903903903905,0.031678347988295025
finite_lifetime_only,37.152752752752754,0.03202190085132315
finite_lifetime_only,37.2016016016016,0.0323722629992767
finite_lifetime_only,37.25045045045045,0.03272963921208131
finite_lifetime_only,37.2992992992993,0.03309424256325813
finite_lifetime_only,37.34814814814815,0.03346629484408906
finite_lifetime_only,37.396996996997,0.03384602701407712
finite_lifetime_only,37.445845845845845,0.03389569972894711
finite_lifetime_only,37.494694694694694,0.03474260610658861
finite_lifetime_only,37.54354354354354,0.03469619294700026
finite_lifetime_only,37.59239239239239,0.034854140234259305
finite_lifetime_only,37.64124124124124,0.03512259775257834
finite_lifetime_only,37.69009009009009,0.03539467033233772
finite_lifetime_only,37.73893893893894,0.020638616792009894
finite_lifetime_only,37.787787787787785,0.020659490208136767
finite_lifetime_only,37.836636636636634,0.02229413966368722
finite_lifetime_only,37.88548548548549,0.022159777809281335
finite_lifetime_only,37.93433433433434,0.022027289298288743
finite_lifetime_only,37.983183183183186,0.02189663511552384
finite_lifetime_only,38.032032032032035,0.02176777732199597
finite_lifetime_only,38.08088088088088,0.021640679018055827
finite_lifetime_only,38.12972972972973,0.021506633058256296
finite_lifetime_only,38.17857857857858,0.021368594090798686
finite_lifetime_only,38.22742742742743,0.024706263047662935
finite_lifetime_only,38.27627627627628,0.02848696139432398
finite_lifetime_only,38.325125125125126,0.028496645528403617
finite_lifetime_only,38.373973973973975,0.028506317134339616
finite_lifetime_only,38.42282282282282,0.028515976244258386
finite_lifetime_only,38.47167167167167,0.028525622890163357
finite_lifetime_only,38.52052052052052,0.022332616793226852
finite_lifetime_only,38.56936936936937,0.02268841872294383
finite_lifetime_only,38.61821821821822,0.02305501054930887
finite_lifetime_only,38.667067067067066,0.023386973213580343
finite_lifetime_only,38.715915915915915,0.02360077072780235
finite_lifetime_only,38.76476476476476,0.023818084759941
finite_lifetime_only,38.81361361361361,0.024039002965441883
finite_lifetime_only,38.86246246246246,0.02426361593698434
finite_lifetime_only,38.91131131131131,0.024489462526260077
finite_lifetime_only,38.96016016016016,0.024590508559732705
finite_lifetime_only,39.00900900900901,0.030707007108550725
finite_lifetime_only,39.05785785785786,0.030486941497573555
finite_lifetime_only,39.10670670670671,0.03027042368710207
finite_lifetime_only,39.15555555555556,0.030057368403974646
finite_lifetime_only,39.20440440440441,0.02984769308648176
finite_lifetime_only,39.253253253253256,0.029641317777443048
finite_lifetime_only,39.302102102102104,0.029438165022305576
finite_lifetime_only,39.35095095095095,0.029238159771987886
finite_lifetime_only,39.3997997997998,0.02904122929021665
finite_lifetime_only,39.44864864864865,0.02884730306511202
finite_lifetime_only,39.4974974974975,0.02865631272480128
finite_lifetime_only,39.54634634634635,0.028531960688776368
finite_lifetime_only,39.595195195195195,0.02846764888280654
finite_lifetime_only,39.644044044044044,0.02850472719384825
finite_lifetime_only,39.69289289289289,0.028661624095288683
finite_lifetime_only,39.74174174174174,0.028819955083308063
finite_lifetime_only,39.79059059059059,0.028979740031581692
finite_lifetime_only,39.83943943943944,0.036735516447208676
finite_lifetime_only,39.88828828828829,0.03684856725534229
finite_lifetime_only,39.937137137137135,0.03689258155913286
finite_lifetime_only,39.985985985985984,0.03668228648079463
finite_lifetime_only,40.03483483483483,0.03647476439519838
finite_lifetime_only,40.08368368368368,0.025424587705207804
finite_lifetime_only,40.13253253253253,0.02543276382971388
finite_lifetime_only,40.181381381381385,0.025440929871452814
finite_lifetime_only,40.230230230230234,0.025449085855095036
finite_lifetime_only,40.27907907907908,0.0315206564183978
finite_lifetime_only,40.32792792792793,0.03179689926721628
finite_lifetime_only,40.37677677677678,0.03207749795598457
finite_lifetime_only,40.42562562562563,0.03236255653928368
finite_lifetime_only,40.474474474474476,0.03265218241204667
finite_lifetime_only,40.523323323323325,0.03294648644468728
finite_lifetime_only,40.57217217217217,0.03324558312483643
finite_lifetime_only,40.62102102102102,0.03354959070607669
finite_lifetime_only,40.66986986986987,0.03385863136407423
finite_lifetime_only,40.71871871871872,0.03417283136054387
finite_lifetime_only,40.76756756756757,0.034492321215509145
finite_lifetime_only,40.816416416416416,0.03978705918338069
finite_lifetime_only,40.865265265265265,0.03934505866602751
finite_lifetime_only,40.91411411411411,0.03891355659452923
finite_lifetime_only,40.96296296296296,0.03849218302131846
finite_lifetime_only,41.01181181181181,0.03808058517948543
finite_lifetime_only,41.06066066066066,0.03694246061766345
finite_lifetime_only,41.10950950950951,0.036661271644530306
finite_lifetime_only,41.158358358358356,0.036384832802811004
finite_lifetime_only,41.207207207207205,0.03611302454449618
finite_lifetime_only,41.25605605605605,0.03307199371450821
finite_lifetime_only,41.3049049049049,0.03338244927891899
finite_lifetime_only,41.35375375375376,0.02000196187536184
finite_lifetime_only,41.402602602602606,0.02003677902222172
finite_lifetime_only,41.451451451451454,0.020071654174262647
finite_lifetime_only,41.5003003003003,0.020106587500865938
finite_lifetime_only,41.54914914914915,0.020141579172002124
finite_lifetime_only,41.597997997998,0.020176629358233958
finite_lifetime_only,41.64684684684685,0.020268273982968384
finite_lifetime_only,41.6956956956957,0.02039732145934128
finite_lifetime_only,41.744544544544546,0.02052778623726919
finite_lifetime_only,41.793393393393394,0.020659691885486397
finite_lifetime_only,41.84224224224224,0.02075838631783936
finite_lifetime_only,41.89109109109109,0.07446509829543861
finite_lifetime_only,41.93993993993994,0.07599627039821107
finite_lifetime_only,41.98878878878879,0.07758882302779595
finite_lifetime_only,42.03763763763764,0.07924652368949966
finite_lifetime_only,42.086486486486486,0.08097345465602689
finite_lifetime_only,42.135335335335334,0.0810583426226197
finite_lifetime_only,42.18418418418418,0.08108141309328364
finite_lifetime_only,42.23303303303303,0.08110445570768333
finite_lifetime_only,42.28188188188188,0.08112747053164333
finite_lifetime_only,42.33073073073073,0.08115045763075827
finite_lifetime_only,42.37957957957958,0.08117341707039302
finite_lifetime_only,42.428428428428425,0.08119634891567937
finite_lifetime_only,42.477277277277274,0.08234444921902936
finite_lifetime_only,42.52612612612613,0.08408700075252004
finite_lifetime_only,42.57497497497498,0.08590162949657723
finite_lifetime_only,42.62382382382383,0.08779290316237225
finite_lifetime_only,42.672672672672675,0.08777480578819966
finite_lifetime_only,42.721521521521524,0.08634394075795562
finite_lifetime_only,42.77037037037037,0.08496136424786001
finite_lifetime_only,42.81921921921922,0.08362467151681095
finite_lifetime_only,42.86806806806807,0.08233161489132397
finite_lifetime_only,42.91691691691692,0.08108009114780462
finite_lifetime_only,42.96576576576577,0.07986813009194531
finite_lifetime_only,43.014614614614615,0.078693884204777
finite_lifetime_only,43.063463463463464,0.07755561924094667
finite_lifetime_only,43.11231231231231,0.07645170567860068
finite_lifetime_only,43.16116116116116,0.07538061093217818
finite_lifetime_only,43.21001001001001,0.07434089224990859
finite_lifetime_only,43.25885885885886,0.07402415921127228
finite_lifetime_only,43.307707707707706,0.07404469345810709
finite_lifetime_only,43.356556556556555,0.07406520364725758
finite_lifetime_only,43.4054054054054,0.07408568983399137
finite_lifetime_only,43.45425425425425,0.07410615207337877
finite_lifetime_only,43.5031031031031,0.07412659042030932
finite_lifetime_only,43.55195195195195,0.07414700492948041
finite_lifetime_only,43.6008008008008,0.02176774356718759
finite_lifetime_only,43.649649649649646,0.021729864985618772
finite_lifetime_only,43.6984984984985,0.02169218245120792
finite_lifetime_only,43.74734734734735,0.6520007361729975
finite_lifetime_only,43.7961961961962,0.7942600949588047
finite_lifetime_only,43.84504504504505,0.6991935495895477
finite_lifetime_only,43.893893893893896,0.5243605608748979
finite_lifetime_only,43.942742742742745,0.41961453255366626
finite_lifetime_only,43.99159159159159,0.021414316719238522
finite_lifetime_only,44.04044044044044,0.021318038460078306
finite_lifetime_only,44.08928928928929,0.021222782951891242
finite_lifetime_only,44.13813813813814,0.021128533926354023
finite_lifetime_only,44.18698698698699,0.0210352754584741
finite_lifetime_only,44.235835835835836,0.020942991957578802
finite_lifetime_only,44.284684684684684,0.020851668158587668
finite_lifetime_only,44.33353353353353,0.02076128911355669
finite_lifetime_only,44.38238238238238,0.020671840183485234
finite_lifetime_only,44.43123123123123,0.02054413602339809
finite_lifetime_only,44.48008008008008,0.020484900286466594
finite_lifetime_only,44.52892892892893,0.02048524201753164
finite_lifetime_only,44.577777777777776,0.020485583188057148
finite_lifetime_only,44.626626626626624,0.020485923799625768
finite_lifetime_only,44.67547547547547,0.02048626385381377
finite_lifetime_only,44.72432432432432,0.020486603352191123
finite_lifetime_only,44.77317317317317,0.020486942296321788
finite_lifetime_only,44.82202202202202,0.020487280687763232
finite_lifetime_only,44.870870870870874,0.020487618528066832
finite_lifetime_only,44.91971971971972,0.04365133021702756
finite_lifetime_only,44.96856856856857,0.04366325495865711
finite_lifetime_only,45.01741741741742,0.0437065488826747
finite_lifetime_only,45.06626626626627,0.0438166532996791
finite_lifetime_only,45.11511511511512,0.04392713060755311
finite_lifetime_only,45.163963963963965,0.04403798276897631
finite_lifetime_only,45.212812812812814,0.04414921176026864
finite_lifetime_only,45.26166166166166,0.044260819571512754
finite_lifetime_only,45.31051051051051,0.044372808206671374
finite_lifetime_only,45.35935935935936,0.01993240442817187
finite_lifetime_only,45.40820820820821,0.0199076860672287
finite_lifetime_only,45.45705705705706,0.0238233868610117
finite_lifetime_only,45.505905905905905,0.02380121023325293
finite_lifetime_only,45.554754754754754,0.023779111000396168
finite_lifetime_only,45.6036036036036,0.0237570887453399
finite_lifetime_only,45.65245245245245,0.023735143053999416
finite_lifetime_only,45.7013013013013,0.023713273515277942
finite_lifetime_only,45.75015015015015,0.02369147972104075
finite_lifetime_only,45.798998998999,0.02366976126608812
finite_lifetime_only,45.847847847847845,0.023648117748129287
finite_lifetime_only,45.896696696696694,0.023626548767755388
finite_lifetime_only,45.94554554554554,0.023605053928414874
finite_lifetime_only,45.9943943943944,0.023507824137558305
finite_lifetime_only,46.043243243243246,0.023431718753264583
finite_lifetime_only,46.092092092092095,0.023356226179258907
finite_lifetime_only,46.14094094094094,0.023281339001648676
finite_lifetime_only,46.18978978978979,0.023207049925737987
finite_lifetime_only,46.23863863863864,0.023133351773641887
finite_lifetime_only,46.28748748748749,0.023060237481956222
finite_lifetime_only,46.33633633633634,0.01546954733031245
finite_lifetime_only,46.385185185185186,0.015388398558107953
finite_lifetime_only,46.434034034034035,0.015314350638062484
finite_lifetime_only,46.48288288288288,0.015286735200203272
finite_lifetime_only,46.53173173173173,0.015259263044358947
finite_lifetime_only,46.58058058058058,0.015231933043255498
finite_lifetime_only,46.62942942942943,0.015204744081442338
finite_lifetime_only,46.67827827827828,0.015177695055137694
finite_lifetime_only,46.727127127127126,0.01515078487207624
finite_lifetime_only,46.775975975975975,0.01512401245135923
finite_lifetime_only,46.82482482482482,0.015097376723306974
finite_lifetime_only,46.87367367367367,0.01507087662931348
finite_lifetime_only,46.92252252252252,0.015044511121703531
finite_lifetime_only,46.97137137137137,0.015018279163591832
finite_lifetime_only,47.02022022022022,0.014992179728744353
finite_lifetime_only,47.069069069069066,0.01499546753961416
finite_lifetime_only,47.117917917917914,0.015002171687270423
finite_lifetime_only,47.16676676676677,0.015008871267758584
finite_lifetime_only,47.21561561561562,0.015015566289337028
finite_lifetime_only,47.26446446446447,0.015022256760240776
finite_lifetime_only,47.313313313313316,0.01788961351823247
finite_lifetime_only,47.362162162162164,0.01789816955069529
finite_lifetime_only,47.41101101101101,0.017906720362978787
finite_lifetime_only,47.45985985985986,0.017915265964398085
finite_lifetime_only,47.50870870870871,0.01792380636424208
finite_lifetime_only,47.55755755755756,0.017932341571773508
finite_lifetime_only,47.60640640640641,0.017940871596229056
finite_lifetime_only,47.655255255255256,0.01794939644681969
finite_lifetime_only,47.704104104104104,0.017957916132730314
finite_lifetime_only,47.75295295295295,0.017966430663120272
finite_lifetime_only,47.8018018018018,0.01797494004712319
finite_lifetime_only,47.85065065065065,0.017983444293847146
finite_lifetime_only,47.8994994994995,0.01799194341237493
finite_lifetime_only,47.94834834834835,0.018000437411763895
finite_lifetime_only,47.997197197197195,0.018008926301046186
finite_lifetime_only,48.046046046046044,0.018017410089228712
finite_lifetime_only,48.09489489489489,0.018025888785293546
finite_lifetime_only,48.14374374374374,0.01803436239819763
finite_lifetime_only,48.19259259259259,0.018042830936873085
finite_lifetime_only,48.24144144144144,0.018051294410227434
finite_lifetime_only,48.29029029029029,0.018059752827143317
finite_lifetime_only,48.33913913913914,0.018068206196478868
finite_lifetime_only,48.38798798798799,0.01807665452706784
finite_lifetime_only,48.43683683683684,0.01808509782771947
finite_lifetime_only,48.48568568568569,0.018093536107218793
finite_lifetime_only,48.53453453453454,0.018101969374326593
finite_lifetime_only,48.583383383383385,0.01811039763777956
finite_lifetime_only,48.632232232232234,0.01811882090629037
finite_lifetime_only,48.68108108108108,0.018161750158218696
finite_lifetime_only,48.72992992992993,0.03995741195359117
finite_lifetime_only,48.77877877877878,0.04006015423576874
finite_lifetime_only,48.82762762762763,0.040163269327432714
finite_lifetime_only,48.876476476476476,0.04026675931336566
finite_lifetime_only,48.925325325325325,0.04022344489309568
finite_lifetime_only,48.97417417417417,0.039991954908881015
finite_lifetime_only,49.02302302302302,0.0397634575117198
finite_lifetime_only,49.07187187187187,0.03953789493291166
finite_lifetime_only,49.12072072072072,0.039315210881348484
finite_lifetime_only,49.16956956956957,0.039095350496570515
finite_lifetime_only,49.218418418418416,0.038878260303602044
finite_lifetime_only,49.267267267267265,0.038663888169489284
finite_lifetime_only,49.31611611611611,0.04189885116193047
finite_lifetime_only,49.36496496496496,0.04186894913662912
finite_lifetime_only,49.41381381381381,0.04183913439865812
finite_lifetime_only,49.46266266266266,0.04180940655185273
finite_lifetime_only,49.511511511511515,0.041779765202468046
finite_lifetime_only,49.56036036036036,0.04175020995915961
finite_lifetime_only,49.60920920920921,0.04172074043296561
finite_lifetime_only,49.65805805805806,0.041691356237286786
finite_lifetime_only,49.70690690690691,0.041662056987872266
finite_lifetime_only,49.75575575575576,0.041632842302797714
finite_lifetime_only,49.804604604604606,0.04160371180245019
finite_lifetime_only,49.853453453453454,0.04157466510950957
finite_lifetime_only,49.9023023023023,0.041545701848931256
finite_lifetime_only,49.95115115115115,0.041516821647929816
finite_lifetime_only,50.0,0.04148802413596059
stable_truncated_1e+35,1.2,0.03946446875784509
stable_truncated_1e+35,1.2488488488488487,0.016695722785658614
stable_truncated_1e+35,1.2976976976976977,0.042037903603486394
stable_truncated_1e+35,1.3465465465465465,0.0224915402947577
stable_truncated_1e+35,1.3953953953953953,0.030175709473935445
stable_truncated_1e+35,1.4442442442442442,0.03887357933588112
stable_truncated_1e+35,1.493093093093093,0.017276042676775058
stable_truncated_1e+35,1.5419419419419418,0.03236826478072544
stable_truncated_1e+35,1.5907907907907908,0.02788739392082017
stable_truncated_1e+35,1.6396396396396395,0.02520665242891744
stable_truncated_1e+35,1.6884884884884883,0.016476538761362285
stable_truncated_1e+35,1.7373373373373373,0.03812794688654559
stable_truncated_1e+35,1.786186186186186,0.021388155080511093
stable_truncated_1e+35,1.8350350350350348,0.02375440242829632
stable_truncated_1e+35,1.8838838838838838,0.02380984668996222
stable_truncated_1e+35,1.9327327327327326,0.02030160410403644
stable_truncated_1e+35,1.9815815815815814,0.030910370543038797
stable_truncated_1e+35,2.0304304304304304,0.02441826208427054
stable_truncated_1e+35,2.0792792792792794,0.022076645913274174
stable_truncated_1e+35,2.128128128128128,0.020068013099265994
stable_truncated_1e+35,2.176976976976977,0.015435614367110918
stable_truncated_1e+35,2.225825825825826,0.013608348199040707
stable_truncated_1e+35,2.2746746746746744,0.022003402905067616
stable_truncated_1e+35,2.3235235235235234,0.06370816774999638
stable_truncated_1e+35,2.3723723723723724,0.01911238547579874
stable_truncated_1e+35,2.421221221221221,0.025999049453000817
stable_truncated_1e+35,2.47007007007007,0.029923922751419137
stable_truncated_1e+35,2.518918918918919,0.08034765267610618
stable_truncated_1e+35,2.5677677677677675,0.023634059540619753
stable_truncated_1e+35,2.6166166166166165,0.028425060898688917
stable_truncated_1e+35,2.6654654654654655,0.024315995504293014
stable_truncated_1e+35,2.714314314314314,0.02608823381749641
stable_truncated_1e+35,2.763163163163163,0.027432968694572124
stable_truncated_1e+35,2.812012012012012,0.028754433258424077
stable_truncated_1e+35,2.8608608608608606,0.02748067750367108
stable_truncated_1e+35,2.9097097097097095,0.03355434204566484
stable_truncated_1e+35,2.9585585585585585,0.06980119966178763
stable_truncated_1e+35,3.007407407407407,0.04082567170785844
stable_truncated_1e+35,3.056256256256256,0.014355365745691837
stable_truncated_1e+35,3.105105105105105,0.021145957281888908
stable_truncated_1e+35,3.1539539539539536,0.017553318085812154
stable_truncated_1e+35,3.202802802802803,0.06486475150599788
stable_truncated_1e+35,3.2516516516516516,0.030005555105796455
stable_truncated_1e+35,3.3005005005005,0.03694181303325819
stable_truncated_1e+35,3.3493493493493496,0.04338520515814581
stable_truncated_1e+35,3.398198198198198,0.04931176991163531
stable_truncated_1e+35,3.4470470470470467,0.02938020208281615
stable_truncated_1e+35,3.495895895895896,0.05289604310317018
stable_truncated_1e+35,3.5447447447447447,0.018029399459280563
stable_truncated_1e+35,3.593593593593593,0.03345110737097303
stable_truncated_1e+35,3.6424424424424426,0.026081526016071877
stable_truncated_1e+35,3.691291291291291,0.03591923587305156
stable_truncated_1e+35,3.7401401401401397,0.022497825901218467
stable_truncated_1e+35,3.788988988988989,0.018819893328046972
stable_truncated_1e+35,3.8378378378378377,0.03186283865679887
stable_truncated_1e+35,3.8866866866866863,0.01674317026890435
stable_truncated_1e+35,3.9355355355355357,0.049090749402165096
stable_truncated_1e+35,3.9843843843843842,0.01839670997145036
stable_truncated_1e+35,4.033233233233233,0.022498732232030718
stable_truncated_1e+35,4.082082082082082,0.14401725787764436
stable_truncated_1e+35,4.130930930930931,0.06806198117505899
stable_truncated_1e+35,4.179779779779779,0.02274211508261643
stable_truncated_1e+35,4.228628628628629,0.03332249597525808
stable_truncated_1e+35,4.277477477477477,0.016027095217488758
stable_truncated_1e+35,4.326326326326326,0.019858612529605107
stable_truncated_1e+35,4.375175175175175,0.061677833174366634
stable_truncated_1e+35,4.424024024024024,0.017456077440909247
stable_truncated_1e+35,4.472872872872872,0.036023413037378486
stable_truncated_1e+35,4.521721721721722,0.03002327223167149
stable_truncated_1e+35,4.57057057057057,0.02164170836786232
stable_truncated_1e+35,4.619419419419419,0.021149843053052658
stable_truncated_1e+35,4.668268268268268,0.01913739564905457
stable_truncated_1e+35,4.717117117117117,0.04763596991438778
stable_truncated_1e+35,4.7659659659659654,0.017304987546759583
stable_truncated_1e+35,4.814814814814815,0.03064516008868173
stable_truncated_1e+35,4.863663663663663,0.027019931240682058
stable_truncated_1e+35,4.912512512512512,0.054402961144489274
stable_truncated_1e+35,4.961361361361361,0.029992171446261325
stable_truncated_1e+35,5.01021021021021,0.05316194626491423
stable_truncated_1e+35,5.0590590590590585,0.031653510939504276
stable_truncated_1e+35,5.107907907907908,0.04974935049388733
stable_truncated_1e+35,5.1567567567567565,0.014566781177175516
stable_truncated_1e+35,5.205605605605606,0.050797802631674153
stable_truncated_1e+35,5.2544544544544545,0.015759445220509205
stable_truncated_1e+35,5.303303303303303,0.02181742691090699
stable_truncated_1e+35,5.3521521521521525,0.0334363735166725
stable_truncated_1e+35,5.401001001001001,0.025530644665134106
stable_truncated_1e+35,5.4498498498498495,0.027179701501200363
stable_truncated_1e+35,5.498698698698699,0.027482551105136626
stable_truncated_1e+35,5.5475475475475475,0.014657552872750989
stable_truncated_1e+35,5.596396396396396,0.020487760868906923
stable_truncated_1e+35,5.6452452452452455,0.038008569012
stable_truncated_1e+35,5.694094094094094,0.0344446156490853
stable_truncated_1e+35,5.742942942942943,0.04555944795452942
stable_truncated_1e+35,5.791791791791792,0.01781327376292577
stable_truncated_1e+35,5.840640640640641,0.03859942658687725
stable_truncated_1e+35,5.889489489489489,0.021014522692044835
stable_truncated_1e+35,5.938338338338339,0.06383301238592917
stable_truncated_1e+35,5.987187187187187,0.05548920120123568
stable_truncated_1e+35,6.036036036036036,0.08716903251618174
stable_truncated_1e+35,6.084884884884885,0.02333339864715706
stable_truncated_1e+35,6.133733733733734,0.018972996770860028
stable_truncated_1e+35,6.182582582582582,0.014948018631167742
stable_truncated_1e+35,6.231431431431432,0.024403065013328302
stable_truncated_1e+35,6.28028028028028,0.02904087001362317
stable_truncated_1e+35,6.329129129129129,0.030178363713200426
stable_truncated_1e+35,6.377977977977978,0.023475992371058414
stable_truncated_1e+35,6.426826826826827,0.038396027532691245
stable_truncated_1e+35,6.475675675675675,0.019534805448575037
stable_truncated_1e+35,6.524524524524525,0.053794673622339396
stable_truncated_1e+35,6.573373373373373,0.022247430143784414
stable_truncated_1e+35,6.622222222222222,0.03346180827386557
stable_truncated_1e+35,6.671071071071071,0.046015377307908514
stable_truncated_1e+35,6.71991991991992,0.026316287343010655
stable_truncated_1e+35,6.768768768768768,0.033067795992529146
stable_truncated_1e+35,6.817617617617618,0.02271111426646787
stable_truncated_1e+35,6.866466466466466,0.023535496420191135
stable_truncated_1e+35,6.915315315315315,0.01816811063028171
stable_truncated_1e+35,6.964164164164164,0.021792909944276163
stable_truncated_1e+35,7.013013013013013,0.04585385291136161
stable_truncated_1e+35,7.061861861861861,0.01969739062682526
stable_truncated_1e+35,7.110710710710711,0.027189914802540002
stable_truncated_1e+35,7.159559559559559,0.020538031825468633
stable_truncated_1e+35,7.208408408408408,0.0317208312543303
stable_truncated_1e+35,7.257257257257257,0.032707857209210246
stable_truncated_1e+35,7.306106106106106,0.02692555247309509
stable_truncated_1e+35,7.354954954954954,0.04440818961111459
stable_truncated_1e+35,7.403803803803804,0.02581804396349929
stable_truncated_1e+35,7.452652652652652,0.026544708902767875
stable_truncated_1e+35,7.501501501501501,0.029883695480763747
stable_truncated_1e+35,7.55035035035035,0.022631735530362546
stable_truncated_1e+35,7.599199199199199,0.021501839000580048
stable_truncated_1e+35,7.6480480480480475,0.027890802044562336
stable_truncated_1e+35,7.696896896896897,0.03209631365476185
stable_truncated_1e+35,7.7457457457457455,0.035269919333125094
stable_truncated_1e+35,7.794594594594594,0.031208664573624336
stable_truncated_1e+35,7.8434434434434435,0.02416742262441136
stable_truncated_1e+35,7.892292292292292,0.03120249516820961
stable_truncated_1e+35,7.941141141141141,0.03138921541539948
stable_truncated_1e+35,7.98998998998999,0.025157398897919566
stable_truncated_1e+35,8.038838838838839,0.023735436033519908
stable_truncated_1e+35,8.087687687687687,0.025644293102429813
stable_truncated_1e+35,8.136536536536536,0.027804904479916553
stable_truncated_1e+35,8.185385385385384,0.023788315416752387
stable_truncated_1e+35,8.234234234234233,0.02563843020638159
stable_truncated_1e+35,8.283083083083083,0.03174953026489743
stable_truncated_1e+35,8.331931931931932,0.03461791432081143
stable_truncated_1e+35,8.38078078078078,0.04325597980972519
stable_truncated_1e+35,8.429629629629629,0.016021920066331144
stable_truncated_1e+35,8.478478478478477,0.017612999406873737
stable_truncated_1e+35,8.527327327327326,0.019594299775953915
stable_truncated_1e+35,8.576176176176176,0.02108655259139398
stable_truncated_1e+35,8.625025025025025,0.02112519329960674
stable_truncated_1e+35,8.673873873873873,0.031137569071945558
stable_truncated_1e+35,8.722722722722722,0.019242306243496616
stable_truncated_1e+35,8.77157157157157,0.03084585595285441
stable_truncated_1e+35,8.820420420420419,0.0539440024876937
stable_truncated_1e+35,8.86926926926927,0.019656687565181075
stable_truncated_1e+35,8.918118118118118,0.020675143688449256
stable_truncated_1e+35,8.966966966966966,0.02046266296054704
stable_truncated_1e+35,9.015815815815815,0.024613361288629336
stable_truncated_1e+35,9.064664664664663,0.015630847083030107
stable_truncated_1e+35,9.113513513513512,0.02492125050380574
stable_truncated_1e+35,9.162362362362362,0.02088636073190699
stable_truncated_1e+35,9.21121121121121,0.021342257253246198
stable_truncated_1e+35,9.26006006006006,0.016332031236436933
stable_truncated_1e+35,9.308908908908908,0.021212054408311268
stable_truncated_1e+35,9.357757757757756,0.03594944000556202
stable_truncated_1e+35,9.406606606606605,0.016910135483951132
stable_truncated_1e+35,9.455455455455454,0.015989884530415673
stable_truncated_1e+35,9.504304304304304,0.03510069201393745
stable_truncated_1e+35,9.553153153153152,0.032376663084249815
stable_truncated_1e+35,9.602002002002001,0.03107042017935804
stable_truncated_1e+35,9.65085085085085,0.03699206764250711
stable_truncated_1e+35,9.699699699699698,0.03922962298429848
stable_truncated_1e+35,9.748548548548547,0.09295946158624105
stable_truncated_1e+35,9.797397397397397,0.02088547596557897
stable_truncated_1e+35,9.846246246246245,0.018953716848600248
stable_truncated_1e+35,9.895095095095094,0.028631873317937213
stable_truncated_1e+35,9.943943943943943,0.028701970005510224
stable_truncated_1e+35,9.992792792792791,0.02165118074464371
stable_truncated_1e+35,10.04164164164164,0.020179702747581747
stable_truncated_1e+35,10.09049049049049,0.030757681823333695
stable_truncated_1e+35,10.139339339339339,0.018997063427167168
stable_truncated_1e+35,10.188188188188187,0.023177220887564076
stable_truncated_1e+35,10.237037037037036,0.041477990882669034
stable_truncated_1e+35,10.285885885885884,0.052719941615399946
stable_truncated_1e+35,10.334734734734733,0.04455846625738743
stable_truncated_1e+35,10.383583583583583,0.03166933295150269
stable_truncated_1e+35,10.432432432432432,0.02535412278207995
stable_truncated_1e+35,10.48128128128128,0.01774064454038911
stable_truncated_1e+35,10.530130130130129,0.051045690599632286
stable_truncated_1e+35,10.578978978978977,0.033594114254031394
stable_truncated_1e+35,10.627827827827826,0.02720445087835554
stable_truncated_1e+35,10.676676676676676,0.027686341718996182
stable_truncated_1e+35,10.725525525525525,0.025572322053919194
stable_truncated_1e+35,10.774374374374373,0.013368649215296896
stable_truncated_1e+35,10.823223223223222,0.025146557877906473
stable_truncated_1e+35,10.87207207207207,0.018458002667822337
stable_truncated_1e+35,10.920920920920919,0.041100203157481606
stable_truncated_1e+35,10.96976976976977,0.03470182152201974
stable_truncated_1e+35,11.018618618618618,0.023399985034394156
stable_truncated_1e+35,11.067467467467466,0.02936089893996963
stable_truncated_1e+35,11.116316316316315,0.01921605432058051
stable_truncated_1e+35,11.165165165165163,0.04415115746668288
stable_truncated_1e+35,11.214014014014012,0.03539901477453255
stable_truncated_1e+35,11.262862862862862,0.032143410778168256
stable_truncated_1e+35,11.31171171171171,0.014194116708650055
stable_truncated_1e+35,11.36056056056056,0.03323418989924145
stable_truncated_1e+35,11.409409409409408,0.05186184921634737
stable_truncated_1e+35,11.458258258258256,0.021429529758279667
stable_truncated_1e+35,11.507107107107105,0.0519052554182278
stable_truncated_1e+35,11.555955955955955,0.03848943582272116
stable_truncated_1e+35,11.604804804804804,0.034586871409824665
stable_truncated_1e+35,11.653653653653652,0.0343420551651588
stable_truncated_1e+35,11.702502502502501,0.02527378234927962
stable_truncated_1e+35,11.75135135135135,0.01777466947949847
stable_truncated_1e+35,11.800200200200198,0.023348792383355542
stable_truncated_1e+35,11.849049049049048,0.024507518070934146
stable_truncated_1e+35,11.897897897897897,0.01718978661247808
stable_truncated_1e+35,11.946746746746745,0.023963459055195518
stable_truncated_1e+35,11.995595595595594,0.029457032070975428
stable_truncated_1e+35,12.044444444444443,0.027986882427200422
stable_truncated_1e+35,12.093293293293291,0.02702933661942319
stable_truncated_1e+35,12.142142142142141,0.031606041513993745
stable_truncated_1e+35,12.19099099099099,0.03860232515572688
stable_truncated_1e+35,12.239839839839838,0.0387492205508832
stable_truncated_1e+35,12.288688688688687,0.019915738734043988
stable_truncated_1e+35,12.337537537537536,0.019061432477833522
stable_truncated_1e+35,12.386386386386384,0.02039562479304098
stable_truncated_1e+35,12.435235235235234,0.0206169797186731
stable_truncated_1e+35,12.484084084084083,0.02694982399880821
stable_truncated_1e+35,12.532932932932932,0.01775577342226069
stable_truncated_1e+35,12.58178178178178,0.018096603394859984
stable_truncated_1e+35,12.630630630630629,0.025862327757393604
stable_truncated_1e+35,12.679479479479477,0.02126616139761824
stable_truncated_1e+35,12.728328328328328,0.021333527728792236
stable_truncated_1e+35,12.777177177177176,0.021723891255191204
stable_truncated_1e+35,12.826026026026025,0.020951718314693942
stable_truncated_1e+35,12.874874874874873,0.03525578442519036
stable_truncated_1e+35,12.923723723723722,0.03224333621614504
stable_truncated_1e+35,12.97257257257257,0.026063703211716218
stable_truncated_1e+35,13.02142142142142,0.02988250389156552
stable_truncated_1e+35,13.070270270270269,0.03361792502314702
stable_truncated_1e+35,13.119119119119118,0.037246622902859496
stable_truncated_1e+35,13.167967967967966,0.01455309396043798
stable_truncated_1e+35,13.216816816816815,0.012928400011764783
stable_truncated_1e+35,13.265665665665663,0.013403522388880153
stable_truncated_1e+35,13.314514514514514,0.013649395022538917
stable_truncated_1e+35,13.363363363363362,0.02178008649807308
stable_truncated_1e+35,13.41221221221221,0.026085002355654315
stable_truncated_1e+35,13.46106106106106,0.022584330349367104
stable_truncated_1e+35,13.509909909909908,0.016060211621407392
stable_truncated_1e+35,13.558758758758756,0.015311330855690367
stable_truncated_1e+35,13.607607607607607,0.021125453124298345
stable_truncated_1e+35,13.656456456456455,0.019815612602455304
stable_truncated_1e+35,13.705305305305304,0.024036247148030498
stable_truncated_1e+35,13.754154154154152,0.01787066133236394
stable_truncated_1e+35,13.803003003003,0.034909666138951564
stable_truncated_1e+35,13.851851851851851,0.0190232801916708
stable_truncated_1e+35,13.9007007007007,0.02607819100394932
stable_truncated_1e+35,13.949549549549548,0.034042107802084345
stable_truncated_1e+35,13.998398398398397,0.03942001536670994
stable_truncated_1e+35,14.047247247247245,0.017723154816482983
stable_truncated_1e+35,14.096096096096094,0.0418684450780776
stable_truncated_1e+35,14.144944944944944,0.04319776905984162
stable_truncated_1e+35,14.193793793793793,0.014832659616652106
stable_truncated_1e+35,14.242642642642641,0.014871914493915804
stable_truncated_1e+35,14.29149149149149,0.03721403745228428
stable_truncated_1e+35,14.340340340340338,0.0344035158955495
stable_truncated_1e+35,14.389189189189187,0.01767766289800415
stable_truncated_1e+35,14.438038038038037,0.02504158834614865
stable_truncated_1e+35,14.486886886886886,0.025144162743817363
stable_truncated_1e+35,14.535735735735734,0.03635491587105805
stable_truncated_1e+35,14.584584584584583,0.03570142053028332
stable_truncated_1e+35,14.633433433433432,0.01728961340246365
stable_truncated_1e+35,14.68228228228228,0.03177181329555186
stable_truncated_1e+35,14.73113113113113,0.02213273707984734
stable_truncated_1e+35,14.779979979979979,0.026714309967604478
stable_truncated_1e+35,14.828828828828827,0.039920137561843316
stable_truncated_1e+35,14.877677677677676,0.04004537871977668
stable_truncated_1e+35,14.926526526526525,0.08240786427178959
stable_truncated_1e+35,14.975375375375373,0.12143054084879187
stable_truncated_1e+35,15.024224224224223,0.06753720623089031
stable_truncated_1e+35,15.073073073073072,0.06165530827445664
stable_truncated_1e+35,15.12192192192192,0.027442457806803957
stable_truncated_1e+35,15.170770770770769,0.028105739856242155
stable_truncated_1e+35,15.219619619619618,0.01617158313118601
stable_truncated_1e+35,15.268468468468466,0.03256186011941265
stable_truncated_1e+35,15.317317317317316,0.021041632873139524
stable_truncated_1e+35,15.366166166166165,0.0231591575081068
stable_truncated_1e+35,15.415015015015014,0.01603366159242153
stable_truncated_1e+35,15.463863863863862,0.016220480895437553
stable_truncated_1e+35,15.51271271271271,0.01149705637142023
stable_truncated_1e+35,15.56156156156156,0.017120654896007045
stable_truncated_1e+35,15.61041041041041,0.02783463804152489
stable_truncated_1e+35,15.659259259259258,0.03496105373346885
stable_truncated_1e+35,15.708108108108107,0.026562271186078252
stable_truncated_1e+35,15.756956956956955,0.024731259575872837
stable_truncated_1e+35,15.805805805805804,0.024758335729243155
stable_truncated_1e+35,15.854654654654652,0.024785326834591698
stable_truncated_1e+35,15.903503503503503,0.021245547768695583
stable_truncated_1e+35,15.952352352352351,0.03190514840576913
stable_truncated_1e+35,16.0012012012012,0.03874645807683729
stable_truncated_1e+35,16.05005005005005,0.034667535843344054
stable_truncated_1e+35,16.0988988988989,0.03391727976914544
stable_truncated_1e+35,16.147747747747747,0.033309695044571264
stable_truncated_1e+35,16.196596596596596,0.030724889939056158
stable_truncated_1e+35,16.245445445445444,0.040865885000213986
stable_truncated_1e+35,16.294294294294293,0.027506652693623936
stable_truncated_1e+35,16.34314314314314,0.03082477564561917
stable_truncated_1e+35,16.39199199199199,0.029712025254037554
stable_truncated_1e+35,16.44084084084084,0.02868190918109448
stable_truncated_1e+35,16.48968968968969,0.02772554808757391
stable_truncated_1e+35,16.53853853853854,0.0370648594468337
stable_truncated_1e+35,16.587387387387388,0.01844488173380537
stable_truncated_1e+35,16.636236236236236,0.018515487160361905
stable_truncated_1e+35,16.685085085085085,0.032154615176676275
stable_truncated_1e+35,16.733933933933933,0.03621839656945915
stable_truncated_1e+35,16.782782782782782,0.036703945349346026
stable_truncated_1e+35,16.83163163163163,0.026437609686246054
stable_truncated_1e+35,16.88048048048048,0.025489431104348467
stable_truncated_1e+35,16.929329329329327,0.025724222971299275
stable_truncated_1e+35,16.978178178178176,0.027226262392090687
stable_truncated_1e+35,17.027027027027025,0.022201381319543162
stable_truncated_1e+35,17.075875875875877,0.0351081623126504
stable_truncated_1e+35,17.124724724724725,0.033449000929673504
stable_truncated_1e+35,17.173573573573574,0.033224040887854876
stable_truncated_1e+35,17.222422422422422,0.021394255841277673
stable_truncated_1e+35,17.27127127127127,0.021232022072699905
stable_truncated_1e+35,17.32012012012012,0.021072991851481
stable_truncated_1e+35,17.368968968968968,0.039140439494683085
stable_truncated_1e+35,17.417817817817816,0.021153556246169106
stable_truncated_1e+35,17.466666666666665,0.03487287116276094
stable_truncated_1e+35,17.515515515515514,0.017188451256245782
stable_truncated_1e+35,17.564364364364362,0.01805139929248497
stable_truncated_1e+35,17.61321321321321,0.01795550191647254
stable_truncated_1e+35,17.66206206206206,0.024854521718458367
stable_truncated_1e+35,17.710910910910908,0.024431544536326934
stable_truncated_1e+35,17.759759759759756,0.023802383845469677
stable_truncated_1e+35,17.80860860860861,0.02320752421851437
stable_truncated_1e+35,17.857457457457457,0.022354467465266967
stable_truncated_1e+35,17.906306306306305,0.09608357529923486
stable_truncated_1e+35,17.955155155155154,0.05285948786689105
stable_truncated_1e+35,18.004004004004003,0.07323722420929657
stable_truncated_1e+35,18.05285285285285,0.020129991169349725
stable_truncated_1e+35,18.1017017017017,0.03526326266359363
stable_truncated_1e+35,18.150550550550548,0.01923076758282721
stable_truncated_1e+35,18.199399399399397,0.01864794692185396
stable_truncated_1e+35,18.248248248248245,0.02117126318644769
stable_truncated_1e+35,18.297097097097094,0.03159142656711953
stable_truncated_1e+35,18.345945945945942,0.0325970900637019
stable_truncated_1e+35,18.394794794794795,0.03586756434828503
stable_truncated_1e+35,18.443643643643643,0.023142911855336016
stable_truncated_1e+35,18.49249249249249,0.022954345915194168
stable_truncated_1e+35,18.54134134134134,0.08980640026540207
stable_truncated_1e+35,18.59019019019019,0.02588292155317592
stable_truncated_1e+35,18.639039039039037,0.026768344228621545
stable_truncated_1e+35,18.687887887887886,0.026486600899050795
stable_truncated_1e+35,18.736736736736734,0.027106656660837596
stable_truncated_1e+35,18.785585585585583,0.019680174629403895
stable_truncated_1e+35,18.83443443443443,0.020218254048035057
stable_truncated_1e+35,18.88328328328328,0.020395946169982995
stable_truncated_1e+35,18.93213213213213,0.020380619486731928
stable_truncated_1e+35,18.98098098098098,0.020241642938673223
stable_truncated_1e+35,19.02982982982983,0.01991055924796979
stable_truncated_1e+35,19.078678678678678,0.019591487909585772
stable_truncated_1e+35,19.127527527527526,0.010697028747208473
stable_truncated_1e+35,19.176376376376375,0.03394738952198915
stable_truncated_1e+35,19.225225225225223,0.03314697752692548
stable_truncated_1e+35,19.274074074074072,0.04096015712845696
stable_truncated_1e+35,19.32292292292292,0.03683171941784226
stable_truncated_1e+35,19.37177177177177,0.0320597774108172
stable_truncated_1e+35,19.420620620620618,0.04043590234595532
stable_truncated_1e+35,19.469469469469466,0.02488122287442055
stable_truncated_1e+35,19.518318318318315,0.024314272210883763
stable_truncated_1e+35,19.567167167167167,0.023722857604294836
stable_truncated_1e+35,19.616016016016015,0.019018269449982174
stable_truncated_1e+35,19.664864864864864,0.018858186285824936
stable_truncated_1e+35,19.713713713713712,0.02225620267718855
stable_truncated_1e+35,19.76256256256256,0.02235126738903742
stable_truncated_1e+35,19.81141141141141,0.06076358144379474
stable_truncated_1e+35,19.860260260260258,0.060673835507897886
stable_truncated_1e+35,19.909109109109107,0.06058472036546808
stable_truncated_1e+35,19.957957957957955,0.021089603397586264
stable_truncated_1e+35,20.006806806806804,0.02013883265265391
stable_truncated_1e+35,20.055655655655652,0.07367999475880285
stable_truncated_1e+35,20.104504504504504,0.02169861750874821
stable_truncated_1e+35,20.153353353353353,0.1935034211056766
stable_truncated_1e+35,20.2022022022022,0.163664704301302
stable_truncated_1e+35,20.25105105105105,0.1619580564903245
stable_truncated_1e+35,20.2998998998999,0.14437227231089764
stable_truncated_1e+35,20.348748748748747,0.13214646176744607
stable_truncated_1e+35,20.397597597597596,0.022839608718212726
stable_truncated_1e+35,20.446446446446444,0.02384243876213585
stable_truncated_1e+35,20.495295295295293,0.020362501903509207
stable_truncated_1e+35,20.54414414414414,0.03936790694838461
stable_truncated_1e+35,20.59299299299299,0.023194046097061452
stable_truncated_1e+35,20.64184184184184,0.04017796355949475
stable_truncated_1e+35,20.69069069069069,0.05323300895156345
stable_truncated_1e+35,20.73953953953954,0.05387491018040015
stable_truncated_1e+35,20.788388388388388,0.05452988425946901
stable_truncated_1e+35,20.837237237237236,0.05519833652523519
stable_truncated_1e+35,20.886086086086085,0.055880689237006786
stable_truncated_1e+35,20.934934934934933,0.05656590919498308
stable_truncated_1e+35,20.98378378378378,0.05705192399488645
stable_truncated_1e+35,21.03263263263263,0.05692289988730323
stable_truncated_1e+35,21.08148148148148,0.041783250371530786
stable_truncated_1e+35,21.130330330330327,0.04623579666425715
stable_truncated_1e+35,21.179179179179176,0.051726912049284486
stable_truncated_1e+35,21.228028028028024,0.034471161126256915
stable_truncated_1e+35,21.276876876876877,0.025363057195981132
stable_truncated_1e+35,21.325725725725725,0.026481961820126337
stable_truncated_1e+35,21.374574574574574,0.02697827748313012
stable_truncated_1e+35,21.423423423423422,0.02650352968202459
stable_truncated_1e+35,21.47227227227227,0.025746774655297542
stable_truncated_1e+35,21.52112112112112,0.025034642418016857
stable_truncated_1e+35,21.569969969969968,0.0243632974798649
stable_truncated_1e+35,21.618818818818816,0.023729331680041068
stable_truncated_1e+35,21.667667667667665,0.021486401760564485
stable_truncated_1e+35,21.716516516516513,0.019857549302919532
stable_truncated_1e+35,21.765365365365362,0.01941583735878819
stable_truncated_1e+35,21.81421421421421,0.027100630684685406
stable_truncated_1e+35,21.863063063063063,0.026648136879478382
stable_truncated_1e+35,21.91191191191191,0.026212087787377568
stable_truncated_1e+35,21.96076076076076,0.025791601918259622
stable_truncated_1e+35,22.00960960960961,0.025584080254385626
stable_truncated_1e+35,22.058458458458457,0.025786906202680985
stable_truncated_1e+35,22.107307307307305,0.025762118653825175
stable_truncated_1e+35,22.156156156156154,0.019331524615615273
stable_truncated_1e+35,22.205005005005003,0.01961180762784585
stable_truncated_1e+35,22.25385385385385,0.019899280123511064
stable_truncated_1e+35,22.3027027027027,0.022772906538042415
stable_truncated_1e+35,22.351551551551548,0.020496932149625
stable_truncated_1e+35,22.400400400400397,0.020807719031878464
stable_truncated_1e+35,22.44924924924925,0.028862994984841697
stable_truncated_1e+35,22.498098098098097,0.016406744094994916
stable_truncated_1e+35,22.546946946946946,0.016333977866226434
stable_truncated_1e+35,22.595795795795794,0.03411763591857249
stable_truncated_1e+35,22.644644644644643,0.016351670984823527
stable_truncated_1e+35,22.69349349349349,0.016694636118321338
stable_truncated_1e+35,22.74234234234234,0.017034315425929286
stable_truncated_1e+35,22.79119119119119,0.01723636397268714
stable_truncated_1e+35,22.840040040040037,0.017497897564288063
stable_truncated_1e+35,22.888888888888886,0.02786184884807491
stable_truncated_1e+35,22.937737737737734,0.027904117103577042
stable_truncated_1e+35,22.986586586586583,0.02794636590461856
stable_truncated_1e+35,23.035435435435435,0.017232419650685893
stable_truncated_1e+35,23.084284284284283,0.026126607194549813
stable_truncated_1e+35,23.133133133133132,0.027241674060390113
stable_truncated_1e+35,23.18198198198198,0.017080855869069066
stable_truncated_1e+35,23.23083083083083,0.017171645286189332
stable_truncated_1e+35,23.279679679679678,0.029381567521457787
stable_truncated_1e+35,23.328528528528526,0.03718463828460891
stable_truncated_1e+35,23.377377377377375,0.039230432093690586
stable_truncated_1e+35,23.426226226226223,0.023357755786501327
stable_truncated_1e+35,23.475075075075072,0.045664723269857266
stable_truncated_1e+35,23.52392392392392,0.0452645781964803
stable_truncated_1e+35,23.57277277277277,0.04487270468540845
stable_truncated_1e+35,23.62162162162162,0.023933321148478685
stable_truncated_1e+35,23.67047047047047,0.02457893328740087
stable_truncated_1e+35,23.719319319319318,0.024076305552225674
stable_truncated_1e+35,23.768168168168167,0.02352842530211132
stable_truncated_1e+35,23.817017017017015,0.017592919622087155
stable_truncated_1e+35,23.865865865865864,0.018301929810064517
stable_truncated_1e+35,23.914714714714712,0.019072819256524064
stable_truncated_1e+35,23.96356356356356,0.043396842862730614
stable_truncated_1e+35,24.01241241241241,0.043721759257129664
stable_truncated_1e+35,24.061261261261258,0.042938313980914036
stable_truncated_1e+35,24.110110110110107,0.04218490295991227
stable_truncated_1e+35,24.158958958958955,0.04145983011799426
stable_truncated_1e+35,24.207807807807807,0.040761524731495025
stable_truncated_1e+35,24.256656656656656,0.040178383693659454
stable_truncated_1e+35,24.305505505505504,0.027502541482131625
stable_truncated_1e+35,24.354354354354353,0.02787612646521361
stable_truncated_1e+35,24.4032032032032,0.01240305109924615
stable_truncated_1e+35,24.45205205205205,0.012441143924349692
stable_truncated_1e+35,24.5009009009009,0.020034676357284918
stable_truncated_1e+35,24.549749749749747,0.020274534426316822
stable_truncated_1e+35,24.598598598598596,0.020519402735350425
stable_truncated_1e+35,24.647447447447444,0.02076944042396039
stable_truncated_1e+35,24.696296296296293,0.02102481344139424
stable_truncated_1e+35,24.74514514514514,0.020737415885669627
stable_truncated_1e+35,24.793993993993993,0.040245448691494684
stable_truncated_1e+35,24.842842842842842,0.04099739137194743
stable_truncated_1e+35,24.89169169169169,0.022201013722215772
stable_truncated_1e+35,24.94054054054054,0.021218742625002313
stable_truncated_1e+35,24.989389389389387,0.019209364796159242
stable_truncated_1e+35,25.038238238238236,0.01932214175909108
stable_truncated_1e+35,25.087087087087085,0.1298600296318096
stable_truncated_1e+35,25.135935935935933,0.02166555138592297
stable_truncated_1e+35,25.18478478478478,0.021454199291313373
stable_truncated_1e+35,25.23363363363363,0.021134680923255454
stable_truncated_1e+35,25.28248248248248,0.030476344829705643
stable_truncated_1e+35,25.331331331331327,0.0300022462392036
stable_truncated_1e+35,25.38018018018018,0.017209318952111495
stable_truncated_1e+35,25.429029029029028,0.017062250341727054
stable_truncated_1e+35,25.477877877877877,0.01684010484114367
stable_truncated_1e+35,25.526726726726725,0.015039192523235352
stable_truncated_1e+35,25.575575575575574,0.014994041089969181
stable_truncated_1e+35,25.624424424424422,0.01657409336371281
stable_truncated_1e+35,25.67327327327327,0.016604723320314985
stable_truncated_1e+35,25.72212212212212,0.02705641145840039
stable_truncated_1e+35,25.770970970970968,0.034320269854637535
stable_truncated_1e+35,25.819819819819816,0.018527081070270544
stable_truncated_1e+35,25.868668668668665,0.031355086381396946
stable_truncated_1e+35,25.917517517517513,0.023155050542772004
stable_truncated_1e+35,25.966366366366366,0.02379898377231881
stable_truncated_1e+35,26.015215215215214,0.03744553823360875
stable_truncated_1e+35,26.064064064064063,0.021135256800461192
stable_truncated_1e+35,26.11291291291291,0.02127495474868256
stable_truncated_1e+35,26.16176176176176,0.03172756391169709
stable_truncated_1e+35,26.21061061061061,0.03278844331839805
stable_truncated_1e+35,26.259459459459457,0.03370999011115428
stable_truncated_1e+35,26.308308308308305,0.03216970542856466
stable_truncated_1e+35,26.357157157157154,0.029542624491529675
stable_truncated_1e+35,26.406006006006002,0.029338119753023528
stable_truncated_1e+35,26.45485485485485,0.03009010745568744
stable_truncated_1e+35,26.503703703703703,0.02923697446504532
stable_truncated_1e+35,26.55255255255255,0.02859547766657199
stable_truncated_1e+35,26.6014014014014,0.028005076580959062
stable_truncated_1e+35,26.65025025025025,0.03565136563093089
stable_truncated_1e+35,26.699099099099097,0.035645407769927806
stable_truncated_1e+35,26.747947947947946,0.03560097886364259
stable_truncated_1e+35,26.796796796796794,0.0347580169159779
stable_truncated_1e+35,26.845645645645643,0.02199887311987055
stable_truncated_1e+35,26.89449449449449,0.03546912681981611
stable_truncated_1e+35,26.94334334334334,0.02207087362911533
stable_truncated_1e+35,26.99219219219219,0.013324989220967821
stable_truncated_1e+35,27.041041041041037,0.013310308258926873
stable_truncated_1e+35,27.08988988988989,0.013320515563032296
stable_truncated_1e+35,27.138738738738738,0.013375853781061896
stable_truncated_1e+35,27.187587587587586,0.013431491977860094
stable_truncated_1e+35,27.236436436436435,0.02913627679830949
stable_truncated_1e+35,27.285285285285283,0.029213924725885323
stable_truncated_1e+35,27.334134134134132,0.029291763052365583
stable_truncated_1e+35,27.38298298298298,0.029369792603898826
stable_truncated_1e+35,27.43183183183183,0.019248888308594652
stable_truncated_1e+35,27.480680680680678,0.06586180412284065
stable_truncated_1e+35,27.529529529529526,0.06717527411901549
stable_truncated_1e+35,27.578378378378375,0.06853823674775732
stable_truncated_1e+35,27.627227227227223,0.02992648805317791
stable_truncated_1e+35,27.676076076076075,0.03015812188211144
stable_truncated_1e+35,27.724924924924924,0.03323207252002938
stable_truncated_1e+35,27.773773773773772,0.03375885892123967
stable_truncated_1e+35,27.82262262262262,0.034327454489861936
stable_truncated_1e+35,27.87147147147147,0.017669026792278154
stable_truncated_1e+35,27.920320320320318,0.017739881812262184
stable_truncated_1e+35,27.969169169169167,0.01790664180178558
stable_truncated_1e+35,28.018018018018015,0.018226414640765555
stable_truncated_1e+35,28.066866866866864,0.01877501433499963
stable_truncated_1e+35,28.115715715715712,0.024534708514429304
stable_truncated_1e+35,28.16456456456456,0.024365207112494777
stable_truncated_1e+35,28.21341341341341,0.017675454449460386
stable_truncated_1e+35,28.26226226226226,0.01820187255441267
stable_truncated_1e+35,28.31111111111111,0.018380332796807942
stable_truncated_1e+35,28.35995995995996,0.01844470248533472
stable_truncated_1e+35,28.408808808808807,0.018509345824448988
stable_truncated_1e+35,28.457657657657656,0.018574264659238757
stable_truncated_1e+35,28.506506506506504,0.03860608451008255
stable_truncated_1e+35,28.555355355355353,0.03761338025859325
stable_truncated_1e+35,28.6042042042042,0.038292845443971206
stable_truncated_1e+35,28.65305305305305,0.038995357474133886
stable_truncated_1e+35,28.7019019019019,0.03912961420970269
stable_truncated_1e+35,28.750750750750747,0.03921862115149896
stable_truncated_1e+35,28.799599599599595,0.03930779133798866
stable_truncated_1e+35,28.848448448448448,0.03934764433115188
stable_truncated_1e+35,28.897297297297296,0.03891008777483277
stable_truncated_1e+35,28.946146146146145,0.04049536719322174
stable_truncated_1e+35,28.994994994994993,0.019512713540336568
stable_truncated_1e+35,29.04384384384384,0.01959107685000975
stable_truncated_1e+35,29.09269269269269,0.02353017397512388
stable_truncated_1e+35,29.14154154154154,0.03085044129644652
stable_truncated_1e+35,29.190390390390387,0.013854156345211416
stable_truncated_1e+35,29.239239239239236,0.014153927657920807
stable_truncated_1e+35,29.288088088088085,0.014404375392782219
stable_truncated_1e+35,29.336936936936933,0.014443719968240221
stable_truncated_1e+35,29.38578578578578,0.023252721458628778
stable_truncated_1e+35,29.434634634634634,0.023387819737019925
stable_truncated_1e+35,29.483483483483482,0.04276258418366333
stable_truncated_1e+35,29.53233233233233,0.043771568348461465
stable_truncated_1e+35,29.58118118118118,0.021932379379421496
stable_truncated_1e+35,29.630030030030028,0.03498226775536256
stable_truncated_1e+35,29.678878878878876,0.03625787196793764
stable_truncated_1e+35,29.727727727727725,0.03419883055937366
stable_truncated_1e+35,29.776576576576574,0.029534646966510508
stable_truncated_1e+35,29.825425425425422,0.02987406122118233
stable_truncated_1e+35,29.87427427427427,0.04397056483740771
stable_truncated_1e+35,29.92312312312312,0.04124336658045179
stable_truncated_1e+35,29.971971971971968,0.04121584598009933
stable_truncated_1e+35,30.02082082082082,0.041529886899124784
stable_truncated_1e+35,30.06966966966967,0.04141020610934759
stable_truncated_1e+35,30.118518518518517,0.04224511600334169
stable_truncated_1e+35,30.167367367367365,0.025397738474015396
stable_truncated_1e+35,30.216216216216214,0.023755226102249418
stable_truncated_1e+35,30.265065065065063,0.015340160303607681
stable_truncated_1e+35,30.31391391391391,0.015596809383895969
stable_truncated_1e+35,30.36276276276276,0.019201319729760604
stable_truncated_1e+35,30.411611611611608,0.02761467070370809
stable_truncated_1e+35,30.460460460460457,0.0272238946814077
stable_truncated_1e+35,30.509309309309305,0.02720505238197245
stable_truncated_1e+35,30.558158158158154,0.027186283808626796
stable_truncated_1e+35,30.607007007007006,0.016335555567722513
stable_truncated_1e+35,30.655855855855854,0.016455816609703345
stable_truncated_1e+35,30.704704704704703,0.016647468371154137
stable_truncated_1e+35,30.75355355355355,0.0530994790269933
stable_truncated_1e+35,30.8024024024024,0.05520025861078956
stable_truncated_1e+35,30.85125125125125,0.057468174872705585
stable_truncated_1e+35,30.900100100100097,0.05992400326759849
stable_truncated_1e+35,30.948948948948946,0.062201849688031365
stable_truncated_1e+35,30.997797797797794,0.058895799419598396
stable_truncated_1e+35,31.046646646646643,0.05593047863417908
stable_truncated_1e+35,31.09549549549549,0.08004550589776958
stable_truncated_1e+35,31.14434434434434,0.07321426070760778
stable_truncated_1e+35,31.193193193193192,0.07859324517047606
stable_truncated_1e+35,31.24204204204204,0.0826009192623751
stable_truncated_1e+35,31.29089089089089,0.08405349626418404
stable_truncated_1e+35,31.339739739739738,0.08555430154593849
stable_truncated_1e+35,31.388588588588586,0.08710577947806505
stable_truncated_1e+35,31.437437437437435,0.08871054244853054
stable_truncated_1e+35,31.486286286286283,0.09037138555146729
stable_truncated_1e+35,31.535135135135132,0.09209130284416417
stable_truncated_1e+35,31.58398398398398,0.09387350537134671
stable_truncated_1e+35,31.63283283283283,0.02531896911728556
stable_truncated_1e+35,31.681681681681678,0.024700980251696914
stable_truncated_1e+35,31.730530530530526,0.017748791781629712
stable_truncated_1e+35,31.779379379379378,0.01746894496144433
stable_truncated_1e+35,31.828228228228227,0.0172776027814816
stable_truncated_1e+35,31.877077077077075,0.021377582872303038
stable_truncated_1e+35,31.925925925925924,0.019089353907246993
stable_truncated_1e+35,31.974774774774772,0.01861167143132271
stable_truncated_1e+35,32.02362362362362,0.018589397067292936
stable_truncated_1e+35,32.07247247247247,0.018783945906459702
stable_truncated_1e+35,32.12132132132132,0.02194545514143318
stable_truncated_1e+35,32.17017017017017,0.021983381243732406
stable_truncated_1e+35,32.219019019019015,0.06099931995166649
stable_truncated_1e+35,32.267867867867864,0.06191404218891018
stable_truncated_1e+35,32.31671671671671,0.06285433590125698
stable_truncated_1e+35,32.36556556556557,0.03654336197963336
stable_truncated_1e+35,32.414414414414416,0.03503435156998483
stable_truncated_1e+35,32.463263263263265,0.0363178660547569
stable_truncated_1e+35,32.51211211211211,0.03791242453643897
stable_truncated_1e+35,32.56096096096096,0.028312665983659623
stable_truncated_1e+35,32.60980980980981,0.028262516223753795
stable_truncated_1e+35,32.65865865865866,0.0282126612847113
stable_truncated_1e+35,32.70750750750751,0.0332237316932739
stable_truncated_1e+35,32.756356356356356,0.016093808337754312
stable_truncated_1e+35,32.805205205205205,0.014173958767502822
stable_truncated_1e+35,32.85405405405405,0.01413763262559063
stable_truncated_1e+35,32.9029029029029,0.01414760696246926
stable_truncated_1e+35,32.95175175175175,0.016909234897148975
stable_truncated_1e+35,33.0006006006006,0.02047303349353902
stable_truncated_1e+35,33.04944944944945,0.02027605920515348
stable_truncated_1e+35,33.098298298298296,0.020769353960797477
stable_truncated_1e+35,33.147147147147145,0.020728937481130822
stable_truncated_1e+35,33.19599599599599,0.02068877093006455
stable_truncated_1e+35,33.24484484484485,0.020648851953320203
stable_truncated_1e+35,33.2936936936937,0.020609178226212367
stable_truncated_1e+35,33.342542542542546,0.02056974745318345
stable_truncated_1e+35,33.391391391391394,0.020530557367349926
stable_truncated_1e+35,33.44024024024024,0.020491605730054034
stable_truncated_1e+35,33.48908908908909,0.020452890330426486
stable_truncated_1e+35,33.53793793793794,0.02041440898495569
stable_truncated_1e+35,33.58678678678679,0.02037615953706502
stable_truncated_1e+35,33.63563563563564,0.02033813985669916
stable_truncated_1e+35,33.684484484484486,0.02710539921255763
stable_truncated_1e+35,33.733333333333334,0.027172402039362564
stable_truncated_1e+35,33.78218218218218,0.02692906903513879
stable_truncated_1e+35,33.83103103103103,0.020188317115024307
stable_truncated_1e+35,33.87987987987988,0.020151415221610586
stable_truncated_1e+35,33.92872872872873,0.020104972459079294
stable_truncated_1e+35,33.97757757757758,0.012166144191309023
stable_truncated_1e+35,34.026426426426426,0.0155838498010112
stable_truncated_1e+35,34.075275275275274,0.015466264561837811
stable_truncated_1e+35,34.12412412412412,0.026009217224274572
stable_truncated_1e+35,34.17297297297297,0.025270160635015953
stable_truncated_1e+35,34.22182182182182,0.024418978522019942
stable_truncated_1e+35,34.27067067067067,0.024052540455210762
stable_truncated_1e+35,34.31951951951952,0.0238435867768102
stable_truncated_1e+35,34.36836836836837,0.024722446097016366
stable_truncated_1e+35,34.41721721721722,0.024578412634407625
stable_truncated_1e+35,34.46606606606607,0.024436361823301448
stable_truncated_1e+35,34.51491491491492,0.02429625286613509
stable_truncated_1e+35,34.56376376376377,0.024182515676125824
stable_truncated_1e+35,34.612612612612615,0.019297533453837216
stable_truncated_1e+35,34.661461461461464,0.019001651787314913
stable_truncated_1e+35,34.71031031031031,0.022222792642341737
stable_truncated_1e+35,34.75915915915916,0.022231407724926867
stable_truncated_1e+35,34.80800800800801,0.08052963615387917
stable_truncated_1e+35,34.85685685685686,0.07998635319496164
stable_truncated_1e+35,34.90570570570571,0.021956092062758264
stable_truncated_1e+35,34.954554554554555,0.022050304155613706
stable_truncated_1e+35,35.003403403403404,0.022145120057869557
stable_truncated_1e+35,35.05225225225225,0.022240545686300347
stable_truncated_1e+35,35.1011011011011,0.022128892524253922
stable_truncated_1e+35,35.14994994994995,0.021949413318362032
stable_truncated_1e+35,35.1987987987988,0.021773201879228744
stable_truncated_1e+35,35.247647647647646,0.015158562592780866
stable_truncated_1e+35,35.296496496496495,0.015120259943325767
stable_truncated_1e+35,35.34534534534534,0.015082232417451779
stable_truncated_1e+35,35.39419419419419,0.015044477025516588
stable_truncated_1e+35,35.44304304304304,0.015006990821129985
stable_truncated_1e+35,35.49189189189189,0.023034643567693754
stable_truncated_1e+35,35.540740740740745,0.02232115304052151
stable_truncated_1e+35,35.58958958958959,0.02205322815351627
stable_truncated_1e+35,35.63843843843844,0.037475562463744776
stable_truncated_1e+35,35.68728728728729,0.036799548638181544
stable_truncated_1e+35,35.73613613613614,0.03614885742357712
stable_truncated_1e+35,35.78498498498499,0.019770152732085374
stable_truncated_1e+35,35.833833833833836,0.01955203293095438
stable_truncated_1e+35,35.882682682682685,0.019604956498902423
stable_truncated_1e+35,35.93153153153153,0.020505880908950606
stable_truncated_1e+35,35.98038038038038,0.032408635368562165
stable_truncated_1e+35,36.02922922922923,0.032704829004970064
stable_truncated_1e+35,36.07807807807808,0.03219734853899896
stable_truncated_1e+35,36.12692692692693,0.019877533455655322
stable_truncated_1e+35,36.175775775775776,0.01881875379713666
stable_truncated_1e+35,36.224624624624624,0.018694723109064493
stable_truncated_1e+35,36.27347347347347,0.01857257172221549
stable_truncated_1e+35,36.32232232232232,0.028462528119127015
stable_truncated_1e+35,36.37117117117117,0.029114599997782896
stable_truncated_1e+35,36.42002002002002,0.029021310493023537
stable_truncated_1e+35,36.46886886886887,0.02867163441190111
stable_truncated_1e+35,36.517717717717716,0.028288061785482176
stable_truncated_1e+35,36.566566566566564,0.02791538284350988
stable_truncated_1e+35,36.61541541541541,0.02909194469523719
stable_truncated_1e+35,36.66426426426426,0.028962008852604533
stable_truncated_1e+35,36.71311311311312,0.028833493928026567
stable_truncated_1e+35,36.761961961961966,0.037907921521906945
stable_truncated_1e+35,36.810810810810814,0.03781744911806391
stable_truncated_1e+35,36.85965965965966,0.028456244251493262
stable_truncated_1e+35,36.90850850850851,0.02817548006462221
stable_truncated_1e+35,36.95735735735736,0.027874616670753753
stable_truncated_1e+35,37.00620620620621,0.02122494152753317
stable_truncated_1e+35,37.05505505505506,0.02125294866066491
stable_truncated_1e+35,37.103903903903905,0.03167834798829502
stable_truncated_1e+35,37.152752752752754,0.03202190085132315
stable_truncated_1e+35,37.2016016016016,0.0323722629992767
stable_truncated_1e+35,37.25045045045045,0.03272963921208131
stable_truncated_1e+35,37.2992992992993,0.03309424256325813
stable_truncated_1e+35,37.34814814814815,0.03346629484408906
stable_truncated_1e+35,37.396996996997,0.03384602701407712
stable_truncated_1e+35,37.445845845845845,0.03389569972894711
stable_truncated_1e+35,37.494694694694694,0.03474260610658861
stable_truncated_1e+35,37.54354354354354,0.03469619294700026
stable_truncated_1e+35,37.59239239239239,0.034854140234259305
stable_truncated_1e+35,37.64124124124124,0.03512259775257834
stable_truncated_1e+35,37.69009009009009,0.03539467033233772
stable_truncated_1e+35,37.73893893893894,0.020638616792009894
stable_truncated_1e+35,37.787787787787785,0.020659490208136767
stable_truncated_1e+35,37.836636636636634,0.02229413966368722
stable_truncated_1e+35,37.88548548548549,0.022159777809281335
stable_truncated_1e+35,37.93433433433434,0.022027289298288743
stable_truncated_1e+35,37.983183183183186,0.01797937134064001
stable_truncated_1e+35,38.032032032032035,0.02176777732199597
stable_truncated_1e+35,38.08088088088088,0.021640679018055827
stable_truncated_1e+35,38.12972972972973,0.021506633058256296
stable_truncated_1e+35,38.17857857857858,0.017477767141429623
stable_truncated_1e+35,38.22742742742743,0.0177583771714583
stable_truncated_1e+35,38.27627627627628,0.017914419176052063
stable_truncated_1e+35,38.325125125125126,0.032256926016239085
stable_truncated_1e+35,38.373973973973975,0.031192231371402264
stable_truncated_1e+35,38.42282282282282,0.030197474992068287
stable_truncated_1e+35,38.47167167167167,0.02926598407138121
stable_truncated_1e+35,38.52052052052052,0.022332616793226852
stable_truncated_1e+35,38.56936936936937,0.02268841872294383
stable_truncated_1e+35,38.61821821821822,0.02305501054930887
stable_truncated_1e+35,38.667067067067066,0.023386973213580343
stable_truncated_1e+35,38.715915915915915,0.033022220796851874
stable_truncated_1e+35,38.76476476476476,0.032533065916297864
stable_truncated_1e+35,38.81361361361361,0.032059102365825605
stable_truncated_1e+35,38.86246246246246,0.031599632928311853
stable_truncated_1e+35,38.91131131131131,0.031158137060949203
stable_truncated_1e+35,38.96016016016016,0.03093070861688036
stable_truncated_1e+35,39.00900900900901,0.030707007108550725
stable_truncated_1e+35,39.05785785785786,0.029883504856723506
stable_truncated_1e+35,39.10670670670671,0.028989362229236974
stable_truncated_1e+35,39.15555555555556,0.03132882319012504
stable_truncated_1e+35,39.20440440440441,0.03127917679662369
stable_truncated_1e+35,39.253253253253256,0.03649259449655835
stable_truncated_1e+35,39.302102102102104,0.03640322095955794
stable_truncated_1e+35,39.35095095095095,0.03631445429957367
stable_truncated_1e+35,39.3997997997998,0.03622628828838148
stable_truncated_1e+35,39.44864864864865,0.03613871678284654
stable_truncated_1e+35,39.4974974974975,0.03605173372347802
stable_truncated_1e+35,39.54634634634635,0.03606717174081046
stable_truncated_1e+35,39.595195195195195,0.03617739216686769
stable_truncated_1e+35,39.644044044044044,0.03628807668083195
stable_truncated_1e+35,39.69289289289289,0.03639922830464271
stable_truncated_1e+35,39.74174174174174,0.028819955083308063
stable_truncated_1e+35,39.79059059059059,0.028979740031581692
stable_truncated_1e+35,39.83943943943944,0.025703174982403595
stable_truncated_1e+35,39.88828828828829,0.02563262890362881
stable_truncated_1e+35,39.937137137137135,0.025562601065609918
stable_truncated_1e+35,39.985985985985984,0.025493085726775375
stable_truncated_1e+35,40.03483483483483,0.025416401473173776
stable_truncated_1e+35,40.08368368368368,0.025424587705207804
stable_truncated_1e+35,40.13253253253253,0.02543276382971388
stable_truncated_1e+35,40.181381381381385,0.025440929871452814
stable_truncated_1e+35,40.230230230230234,0.025449085855095036
stable_truncated_1e+35,40.27907907907908,0.0315206564183978
stable_truncated_1e+35,40.32792792792793,0.03179689926721628
stable_truncated_1e+35,40.37677677677678,0.03207749795598457
stable_truncated_1e+35,40.42562562562563,0.03236255653928368
stable_truncated_1e+35,40.474474474474476,0.03265218241204667
stable_truncated_1e+35,40.523323323323325,0.03294648644468728
stable_truncated_1e+35,40.57217217217217,0.03324558312483643
stable_truncated_1e+35,40.62102102102102,0.032707611171616566
stable_truncated_1e+35,40.66986986986987,0.032164933300306994
stable_truncated_1e+35,40.71871871871872,0.031640923681924914
stable_truncated_1e+35,40.76756756756757,0.031134634957623784
stable_truncated_1e+35,40.816416416416416,0.04492076269675299
stable_truncated_1e+35,40.865265265265265,0.04570928060014168
stable_truncated_1e+35,40.91411411411411,0.024161269764871932
stable_truncated_1e+35,40.96296296296296,0.024459540794490992
stable_truncated_1e+35,41.01181181181181,0.02459252406143275
stable_truncated_1e+35,41.06066066066066,0.0181170835162241
stable_truncated_1e+35,41.10950950950951,0.017433600740740858
stable_truncated_1e+35,41.158358358358356,0.03593712186990815
stable_truncated_1e+35,41.207207207207205,0.03611302454449618
stable_truncated_1e+35,41.25605605605605,0.03307199371450821
stable_truncated_1e+35,41.3049049049049,0.03338244927891899
stable_truncated_1e+35,41.35375375375376,0.02000196187536184
stable_truncated_1e+35,41.402602602602606,0.02003677902222172
stable_truncated_1e+35,41.451451451451454,0.020071654174262647
stable_truncated_1e+35,41.5003003003003,0.020106587500865938
stable_truncated_1e+35,41.54914914914915,0.020141579172002124
stable_truncated_1e+35,41.597997997998,0.020176629358233958
stable_truncated_1e+35,41.64684684684685,0.020268273982968384
stable_truncated_1e+35,41.6956956956957,0.02039732145934128
stable_truncated_1e+35,41.744544544544546,0.02052778623726919
stable_truncated_1e+35,41.793393393393394,0.020659691885486397
stable_truncated_1e+35,41.84224224224224,0.02075838631783936
stable_truncated_1e+35,41.89109109109109,0.07446509829543861
stable_truncated_1e+35,41.93993993993994,0.07599627039821107
stable_truncated_1e+35,41.98878878878879,0.07758882302779595
stable_truncated_1e+35,42.03763763763764,0.07924652368949966
stable_truncated_1e+35,42.086486486486486,0.048464872949903114
stable_truncated_1e+35,42.135335335335334,0.04840303640103082
stable_truncated_1e+35,42.18418418418418,0.048319510185059804
stable_truncated_1e+35,42.23303303303303,0.04823641926560543
stable_truncated_1e+35,42.28188188188188,0.048153760193480236
stable_truncated_1e+35,42.33073073073073,0.04807152955595842
stable_truncated_1e+35,42.37957957957958,0.04798972397629674
stable_truncated_1e+35,42.428428428428425,0.0479083401132589
stable_truncated_1e+35,42.477277277277274,0.04821534333385442
stable_truncated_1e+35,42.52612612612613,0.08408700075252004
stable_truncated_1e+35,42.57497497497498,0.08590162949657723
stable_truncated_1e+35,42.62382382382383,0.08779290316237225
stable_truncated_1e+35,42.672672672672675,0.08777480578819966
stable_truncated_1e+35,42.721521521521524,0.08634394075795562
stable_truncated_1e+35,42.77037037037037,0.08496136424786001
stable_truncated_1e+35,42.81921921921922,0.08362467151681095
stable_truncated_1e+35,42.86806806806807,0.08233161489132397
stable_truncated_1e+35,42.91691691691692,0.08108009114780462
stable_truncated_1e+35,42.96576576576577,0.07986813009194531
stable_truncated_1e+35,43.014614614614615,0.078693884204777
stable_truncated_1e+35,43.063463463463464,0.07755561924094667
stable_truncated_1e+35,43.11231231231231,0.07645170567860068
stable_truncated_1e+35,43.16116116116116,0.07538061093217818
stable_truncated_1e+35,43.21001001001001,0.07434089224990859
stable_truncated_1e+35,43.25885885885886,0.07402415921127228
stable_truncated_1e+35,43.307707707707706,0.07404469345810709
stable_truncated_1e+35,43.356556556556555,0.07406520364725758
stable_truncated_1e+35,43.4054054054054,0.0771095460810751
stable_truncated_1e+35,43.45425425425425,0.07720212200690581
stable_truncated_1e+35,43.5031031031031,0.07186854600598969
stable_truncated_1e+35,43.55195195195195,0.06723175496865941
stable_truncated_1e+35,43.6008008008008,0.02049154672372035
stable_truncated_1e+35,43.649649649649646,0.03173166724387359
stable_truncated_1e+35,43.6984984984985,0.0319570214914843
stable_truncated_1e+35,43.74734734734735,0.032185206244098416
stable_truncated_1e+35,43.7961961961962,0.0323836743436275
stable_truncated_1e+35,43.84504504504505,0.03213295219615182
stable_truncated_1e+35,43.893893893893896,0.053887572714215584
stable_truncated_1e+35,43.942742742742745,0.052773437635627786
stable_truncated_1e+35,43.99159159159159,0.020365586766682774
stable_truncated_1e+35,44.04044044044044,0.020564899379581406
stable_truncated_1e+35,44.08928928928929,0.02076780411956226
stable_truncated_1e+35,44.13813813813814,0.020974399106844628
stable_truncated_1e+35,44.18698698698699,0.0210352754584741
stable_truncated_1e+35,44.235835835835836,0.020942991957578802
stable_truncated_1e+35,44.284684684684684,0.020851668158587668
stable_truncated_1e+35,44.33353353353353,0.02076128911355669
stable_truncated_1e+35,44.38238238238238,0.020671840183485234
stable_truncated_1e+35,44.43123123123123,0.02054413602339809
stable_truncated_1e+35,44.48008008008008,0.020484900286466594
stable_truncated_1e+35,44.52892892892893,0.02048524201753164
stable_truncated_1e+35,44.577777777777776,0.020485583188057148
stable_truncated_1e+35,44.626626626626624,0.020485923799625768
stable_truncated_1e+35,44.67547547547547,0.02048626385381377
stable_truncated_1e+35,44.72432432432432,0.020486603352191123
stable_truncated_1e+35,44.77317317317317,0.020486942296321788
stable_truncated_1e+35,44.82202202202202,0.020487280687763232
stable_truncated_1e+35,44.870870870870874,0.020487618528066832
stable_truncated_1e+35,44.91971971971972,0.020487955818778145
stable_truncated_1e+35,44.96856856856857,0.02048829256143609
stable_truncated_1e+35,45.01741741741742,0.02048862875757384
stable_truncated_1e+35,45.06626626626627,0.020488964408718485
stable_truncated_1e+35,45.11511511511512,0.04392713060755311
stable_truncated_1e+35,45.163963963963965,0.044037982768976296
stable_truncated_1e+35,45.212812812812814,0.04414921176026864
stable_truncated_1e+35,45.26166166166166,0.044260819571512754
stable_truncated_1e+35,45.31051051051051,0.044372808206671374
stable_truncated_1e+35,45.35935935935936,0.01993240442817187
stable_truncated_1e+35,45.40820820820821,0.0199076860672287
stable_truncated_1e+35,45.45705705705706,0.0198830692830026
stable_truncated_1e+35,45.505905905905905,0.019858553436512646
stable_truncated_1e+35,45.554754754754754,0.01982224570925332
stable_truncated_1e+35,45.6036036036036,0.019719100605241235
stable_truncated_1e+35,45.65245245245245,0.017603465113432352
stable_truncated_1e+35,45.7013013013013,0.017674922911301072
stable_truncated_1e+35,45.75015015015015,0.01774684553535403
stable_truncated_1e+35,45.798998998999,0.017819237577310305
stable_truncated_1e+35,45.847847847847845,0.01789210368947283
stable_truncated_1e+35,45.896696696696694,0.022860499822277166
stable_truncated_1e+35,45.94554554554554,0.023171541815846106
stable_truncated_1e+35,45.9943943943944,0.02349707815981881
stable_truncated_1e+35,46.043243243243246,0.023431718753264583
stable_truncated_1e+35,46.092092092092095,0.023356226179258907
stable_truncated_1e+35,46.14094094094094,0.023281339001648676
stable_truncated_1e+35,46.18978978978979,0.023207049925737987
stable_truncated_1e+35,46.23863863863864,0.023133351773641887
stable_truncated_1e+35,46.28748748748749,0.023060237481956222
stable_truncated_1e+35,46.33633633633634,0.01546954733031245
stable_truncated_1e+35,46.385185185185186,0.015388398558107953
stable_truncated_1e+35,46.434034034034035,0.015314350638062484
stable_truncated_1e+35,46.48288288288288,0.015286735200203272
stable_truncated_1e+35,46.53173173173173,0.015259263044358947
stable_truncated_1e+35,46.58058058058058,0.015231933043255498
stable_truncated_1e+35,46.62942942942943,0.015204744081442338
stable_truncated_1e+35,46.67827827827828,0.015177695055137694
stable_truncated_1e+35,46.727127127127126,0.01515078487207624
stable_truncated_1e+35,46.775975975975975,0.01512401245135923
stable_truncated_1e+35,46.82482482482482,0.015097376723306974
stable_truncated_1e+35,46.87367367367367,0.01507087662931348
stable_truncated_1e+35,46.92252252252252,0.015044511121703531
stable_truncated_1e+35,46.97137137137137,0.015018279163591832
stable_truncated_1e+35,47.02022022022022,0.014992179728744353
stable_truncated_1e+35,47.069069069069066,0.01499546753961416
stable_truncated_1e+35,47.117917917917914,0.015002171687270423
stable_truncated_1e+35,47.16676676676677,0.015008871267758584
stable_truncated_1e+35,47.21561561561562,0.015015566289337028
stable_truncated_1e+35,47.26446446446447,0.015022256760240776
stable_truncated_1e+35,47.313313313313316,0.01788961351823247
stable_truncated_1e+35,47.362162162162164,0.01789816955069529
stable_truncated_1e+35,47.41101101101101,0.017906720362978787
stable_truncated_1e+35,47.45985985985986,0.017915265964398085
stable_truncated_1e+35,47.50870870870871,0.01792380636424208
stable_truncated_1e+35,47.55755755755756,0.017932341571773508
stable_truncated_1e+35,47.60640640640641,0.017940871596229056
stable_truncated_1e+35,47.655255255255256,0.01794939644681969
stable_truncated_1e+35,47.704104104104104,0.017957916132730314
stable_truncated_1e+35,47.75295295295295,0.017966430663120272
stable_truncated_1e+35,47.8018018018018,0.01797494004712319
stable_truncated_1e+35,47.85065065065065,0.017983444293847146
stable_truncated_1e+35,47.8994994994995,0.01799194341237493
stable_truncated_1e+35,47.94834834834835,0.018000437411763895
stable_truncated_1e+35,47.997197197197195,0.018008926301046186
stable_truncated_1e+35,48.046046046046044,0.018017410089228712
stable_truncated_1e+35,48.09489489489489,0.018025888785293546
stable_truncated_1e+35,48.14374374374374,0.01803436239819763
stable_truncated_1e+35,48.19259259259259,0.018042830936873085
stable_truncated_1e+35,48.24144144144144,0.018051294410227434
stable_truncated_1e+35,48.29029029029029,0.018059752827143317
stable_truncated_1e+35,48.33913913913914,0.018068206196478868
stable_truncated_1e+35,48.38798798798799,0.01807665452706784
stable_truncated_1e+35,48.43683683683684,0.01808509782771947
stable_truncated_1e+35,48.48568568568569,0.018093536107218793
stable_truncated_1e+35,48.53453453453454,0.018101969374326593
stable_truncated_1e+35,48.583383383383385,0.01811039763777956
stable_truncated_1e+35,48.632232232232234,0.01811882090629037
stable_truncated_1e+35,48.68108108108108,0.018161750158218696
stable_truncated_1e+35,48.72992992992993,0.03995741195359117
stable_truncated_1e+35,48.77877877877878,0.0391689154650576
stable_truncated_1e+35,48.82762762762763,0.0382922876782356
stable_truncated_1e+35,48.876476476476476,0.037455281270826236
stable_truncated_1e+35,48.925325325325325,0.03665526903389738
stable_truncated_1e+35,48.97417417417417,0.03323294738949573
stable_truncated_1e+35,49.02302302302302,0.033394715738785184
stable_truncated_1e+35,49.07187187187187,0.03355781924956236
stable_truncated_1e+35,49.12072072072072,0.03372227460193775
stable_truncated_1e+35,49.16956956956957,0.041989084960136876
stable_truncated_1e+35,49.218418418418416,0.04195891867138768
stable_truncated_1e+35,49.267267267267265,0.04192884087316346
stable_truncated_1e+35,49.31611611611611,0.04189885116193047
stable_truncated_1e+35,49.36496496496496,0.04186894913662912
stable_truncated_1e+35,49.41381381381381,0.041844488176988395
stable_truncated_1e+35,49.46266266266266,0.04321523813503939
stable_truncated_1e+35,49.511511511511515,0.04467657752105427
stable_truncated_1e+35,49.56036036036036,0.046237794245235934
stable_truncated_1e+35,49.60920920920921,0.04790949083290052
stable_truncated_1e+35,49.65805805805806,0.04970382554561147
stable_truncated_1e+35,49.70690690690691,0.051634808593768136
stable_truncated_1e+35,49.75575575575576,0.053718668707147525
stable_truncated_1e+35,49.804604604604606,0.055974310364189823
stable_truncated_1e+35,49.853453453453454,0.03264403781041292
stable_truncated_1e+35,49.9023023023023,0.03401699677408971
stable_truncated_1e+35,49.95115115115115,0.03555033771245143
stable_truncated_1e+35,50.0,0.03722584140321084
